{
  "dim_name": "17_ai",
  "dim_id": 17,
  "reading_profile": {
    "probe_type": "reading",
    "n_layers": 35,
    "overall_mean_r2": 0.0005428664206831054,
    "overall_mean_abs_cos": 0.020304781659173647,
    "peak_layer": 30,
    "peak_cosine": -0.04218254238367081,
    "peak_abs_cosine": 0.04218254238367081,
    "peak_r2": 0.001779366881950184,
    "onset_layer": null,
    "band_stats": {
      "early": {
        "mean_cos": 0.00212149266153574,
        "mean_abs_cos": 0.015212347917258739,
        "mean_r2": 0.0002685304801624511,
        "max_r2": 0.0005896673133956032,
        "r2_fraction": 0.07066470812063307,
        "n_layers": 5
      },
      "middle": {
        "mean_cos": -0.01036623736533026,
        "mean_abs_cos": 0.016689854223902026,
        "mean_r2": 0.0003873520212610181,
        "max_r2": 0.0014271393826759127,
        "r2_fraction": 0.30579900098254736,
        "n_layers": 15
      },
      "late": {
        "mean_cos": -0.025497233832720668,
        "mean_abs_cos": 0.025617187008416902,
        "mean_r2": 0.0007898261336120773,
        "max_r2": 0.001779366881950184,
        "r2_fraction": 0.6235362908968195,
        "n_layers": 15
      }
    },
    "normalized_entropy": 0.8766072637154969,
    "near_peak_layers": [
      24,
      29,
      30,
      33,
      40
    ],
    "near_peak_fraction": 0.14285714285714285,
    "sign_consistency": 0.7714285714285715,
    "dominant_sign": "negative",
    "profile_type": "negligible",
    "per_layer": {
      "6": {
        "cosine": 0.018544266000390053,
        "abs_cosine": 0.018544266000390053,
        "r_squared": 0.0003438898014932225
      },
      "7": {
        "cosine": -0.024283066391944885,
        "abs_cosine": 0.024283066391944885,
        "r_squared": 0.0005896673133956032
      },
      "8": {
        "cosine": -0.008444071747362614,
        "abs_cosine": 0.008444071747362614,
        "r_squared": 7.13023476746075e-05
      },
      "9": {
        "cosine": 0.016301097348332405,
        "abs_cosine": 0.016301097348332405,
        "r_squared": 0.00026572577475980977
      },
      "10": {
        "cosine": 0.00848923809826374,
        "abs_cosine": 0.00848923809826374,
        "r_squared": 7.206716348901257e-05
      },
      "11": {
        "cosine": 0.029063481837511063,
        "abs_cosine": 0.029063481837511063,
        "r_squared": 0.0008446859765193354
      },
      "12": {
        "cosine": -0.009558426216244698,
        "abs_cosine": 0.009558426216244698,
        "r_squared": 9.136351173139393e-05
      },
      "13": {
        "cosine": 0.0024176861625164747,
        "abs_cosine": 0.0024176861625164747,
        "r_squared": 5.845206380423638e-06
      },
      "14": {
        "cosine": -0.005124371498823166,
        "abs_cosine": 0.005124371498823166,
        "r_squared": 2.625918325795118e-05
      },
      "15": {
        "cosine": 0.011196608655154705,
        "abs_cosine": 0.011196608655154705,
        "r_squared": 0.00012536404537668525
      },
      "16": {
        "cosine": -0.012803620658814907,
        "abs_cosine": 0.012803620658814907,
        "r_squared": 0.00016393270197483188
      },
      "17": {
        "cosine": -0.018326768651604652,
        "abs_cosine": 0.018326768651604652,
        "r_squared": 0.000335870449209439
      },
      "18": {
        "cosine": 0.004749349784106016,
        "abs_cosine": 0.004749349784106016,
        "r_squared": 2.2556323371787862e-05
      },
      "19": {
        "cosine": -0.007422763388603926,
        "abs_cosine": 0.007422763388603926,
        "r_squared": 5.5097416323198834e-05
      },
      "20": {
        "cosine": -0.019793977960944176,
        "abs_cosine": 0.019793977960944176,
        "r_squared": 0.00039180156351834375
      },
      "21": {
        "cosine": -0.012709807604551315,
        "abs_cosine": 0.012709807604551315,
        "r_squared": 0.00016153920934471044
      },
      "22": {
        "cosine": -0.02091192826628685,
        "abs_cosine": 0.02091192826628685,
        "r_squared": 0.00043730874381432694
      },
      "23": {
        "cosine": -0.026912588626146317,
        "abs_cosine": 0.026912588626146317,
        "r_squared": 0.0007242874265601801
      },
      "24": {
        "cosine": -0.03777749836444855,
        "abs_cosine": 0.03777749836444855,
        "r_squared": 0.0014271393826759127
      },
      "25": {
        "cosine": -0.03157893568277359,
        "abs_cosine": 0.03157893568277359,
        "r_squared": 0.000997229178856751
      },
      "26": {
        "cosine": -0.031380072236061096,
        "abs_cosine": 0.031380072236061096,
        "r_squared": 0.0009847089335404124
      },
      "27": {
        "cosine": -0.011750956997275352,
        "abs_cosine": 0.011750956997275352,
        "r_squared": 0.00013808499035181457
      },
      "28": {
        "cosine": -0.02375616692006588,
        "abs_cosine": 0.02375616692006588,
        "r_squared": 0.0005643554667340324
      },
      "29": {
        "cosine": -0.03807397931814194,
        "abs_cosine": 0.03807397931814194,
        "r_squared": 0.0014496279011183
      },
      "30": {
        "cosine": -0.04218254238367081,
        "abs_cosine": 0.04218254238367081,
        "r_squared": 0.001779366881950184
      },
      "31": {
        "cosine": -0.021329443901777267,
        "abs_cosine": 0.021329443901777267,
        "r_squared": 0.00045494517715906346
      },
      "32": {
        "cosine": -0.01492952648550272,
        "abs_cosine": 0.01492952648550272,
        "r_squared": 0.0002228907610813272
      },
      "33": {
        "cosine": -0.03969883546233177,
        "abs_cosine": 0.03969883546233177,
        "r_squared": 0.0015759975370652907
      },
      "34": {
        "cosine": -0.02761547453701496,
        "abs_cosine": 0.02761547453701496,
        "r_squared": 0.0007626144339045217
      },
      "35": {
        "cosine": -0.02425568550825119,
        "abs_cosine": 0.02425568550825119,
        "r_squared": 0.0005883382794751868
      },
      "36": {
        "cosine": -0.028495008125901222,
        "abs_cosine": 0.028495008125901222,
        "r_squared": 0.0008119654880951767
      },
      "37": {
        "cosine": -0.012284659780561924,
        "abs_cosine": 0.012284659780561924,
        "r_squared": 0.00015091286592415574
      },
      "38": {
        "cosine": -0.027577891945838928,
        "abs_cosine": 0.027577891945838928,
        "r_squared": 0.0007605401241763676
      },
      "39": {
        "cosine": 0.0008996488177217543,
        "abs_cosine": 0.0008996488177217543,
        "r_squared": 8.093679952281503e-07
      },
      "40": {
        "cosine": -0.040027912706136703,
        "abs_cosine": 0.040027912706136703,
        "r_squared": 0.0016022337956101002
      }
    }
  },
  "control_profile": {
    "probe_type": "control",
    "n_layers": 35,
    "overall_mean_r2": 0.0021631336302507377,
    "overall_mean_abs_cos": 0.03727154967907284,
    "peak_layer": 8,
    "peak_cosine": -0.10807280987501144,
    "peak_abs_cosine": 0.10807280987501144,
    "peak_r2": 0.011679732234280371,
    "onset_layer": 6,
    "band_stats": {
      "early": {
        "mean_cos": -0.0802632786333561,
        "mean_abs_cos": 0.0802632786333561,
        "mean_r2": 0.0067748251562968625,
        "max_r2": 0.011679732234280371,
        "r2_fraction": 0.4474213482007955,
        "n_layers": 5
      },
      "middle": {
        "mean_cos": -0.04224879263589779,
        "mean_abs_cos": 0.04224879263589779,
        "mean_r2": 0.002372990594830863,
        "max_r2": 0.008905345359973504,
        "r2_fraction": 0.47014939576125164,
        "n_layers": 15
      },
      "late": {
        "mean_cos": -0.017373969204102953,
        "mean_abs_cos": 0.017963730404153465,
        "mean_r2": 0.00041604615698857106,
        "max_r2": 0.0012197472199739767,
        "r2_fraction": 0.08242925603795297,
        "n_layers": 15
      }
    },
    "normalized_entropy": 0.7977782403903437,