{
  "dim_name": "20_sysprompt_talkto_human",
  "dim_id": 20,
  "reading_profile": {
    "probe_type": "reading",
    "n_layers": 35,
    "overall_mean_r2": 0.00031923910746571344,
    "overall_mean_abs_cos": 0.015258133768968816,
    "peak_layer": 24,
    "peak_cosine": -0.031058942899107933,
    "peak_abs_cosine": 0.031058942899107933,
    "peak_r2": 0.0009646579340100471,
    "onset_layer": null,
    "band_stats": {
      "early": {
        "mean_cos": 0.0005303050740621984,
        "mean_abs_cos": 0.011253103928174824,
        "mean_r2": 0.0001733842966598248,
        "max_r2": 0.0003914256620598522,
        "r2_fraction": 0.0775881922291681,
        "n_layers": 5
      },
      "middle": {
        "mean_cos": -0.009771616275732717,
        "mean_abs_cos": 0.014342648986106118,
        "mean_r2": 0.00028393585535988353,
        "max_r2": 0.0009646579340100471,
        "r2_fraction": 0.38117759481364627,
        "n_layers": 15
      },
      "late": {
        "mean_cos": -0.01656942265108228,
        "mean_abs_cos": 0.017508628498762845,
        "mean_r2": 0.00040316062984017286,
        "max_r2": 0.0009208867593854843,
        "r2_fraction": 0.5412342129571855,
        "n_layers": 15
      }
    },
    "normalized_entropy": 0.8682019873674738,
    "near_peak_layers": [
      24,
      25,
      29,
      30,
      33,
      38,
      40
    ],
    "near_peak_fraction": 0.2,
    "sign_consistency": 0.8,
    "dominant_sign": "negative",
    "profile_type": "negligible",
    "per_layer": {
      "6": {
        "cosine": 0.016331998631358147,
        "abs_cosine": 0.016331998631358147,
        "r_squared": 0.0002667341792946844
      },
      "7": {
        "cosine": -0.019784480333328247,
        "abs_cosine": 0.019784480333328247,
        "r_squared": 0.0003914256620598522
      },
      "8": {
        "cosine": -0.007022516801953316,
        "abs_cosine": 0.007022516801953316,
        "r_squared": 4.9315742233716625e-05
      },
      "9": {
        "cosine": 0.012616900727152824,
        "abs_cosine": 0.012616900727152824,
        "r_squared": 0.00015918618395882947
      },
      "10": {
        "cosine": 0.0005096231470815837,
        "abs_cosine": 0.0005096231470815837,
        "r_squared": 2.5971575204133753e-07
      },
      "11": {
        "cosine": 0.024323981255292892,
        "abs_cosine": 0.024323981255292892,
        "r_squared": 0.00059165606410784
      },
      "12": {
        "cosine": -0.010632033459842205,
        "abs_cosine": 0.010632033459842205,
        "r_squared": 0.00011304013549120421
      },
      "13": {
        "cosine": 0.002761418931186199,
        "abs_cosine": 0.002761418931186199,
        "r_squared": 7.625434513513531e-06
      },
      "14": {
        "cosine": -0.0017420481890439987,
        "abs_cosine": 0.0017420481890439987,
        "r_squared": 3.0347318929514755e-06
      },
      "15": {
        "cosine": 0.007197345141321421,
        "abs_cosine": 0.007197345141321421,
        "r_squared": 5.180177708330306e-05
      },
      "16": {
        "cosine": -0.019301963970065117,
        "abs_cosine": 0.019301963970065117,
        "r_squared": 0.00037256581310169193
      },
      "17": {
        "cosine": -0.023375991731882095,
        "abs_cosine": 0.023375991731882095,
        "r_squared": 0.0005464369894490201
      },
      "18": {
        "cosine": -0.003403786337003112,
        "abs_cosine": 0.003403786337003112,
        "r_squared": 1.1585761427969062e-05
      },
      "19": {
        "cosine": -0.006831003352999687,
        "abs_cosine": 0.006831003352999687,
        "r_squared": 4.666260680869297e-05
      },
      "20": {
        "cosine": -0.01747399941086769,
        "abs_cosine": 0.01747399941086769,
        "r_squared": 0.0003053406554110044
      },
      "21": {
        "cosine": -0.010017488151788712,
        "abs_cosine": 0.010017488151788712,
        "r_squared": 0.00010035006887122722
      },
      "22": {
        "cosine": -0.015294437296688557,
        "abs_cosine": 0.015294437296688557,
        "r_squared": 0.00023391981222233797
      },
      "23": {
        "cosine": -0.016398347914218903,
        "abs_cosine": 0.016398347914218903,
        "r_squared": 0.00026890581431576743
      },
      "24": {
        "cosine": -0.031058942899107933,
        "abs_cosine": 0.031058942899107933,
        "r_squared": 0.0009646579340100471
      },
      "25": {
        "cosine": -0.02532694675028324,
        "abs_cosine": 0.02532694675028324,
        "r_squared": 0.0006414542316916828
      },
      "26": {
        "cosine": -0.018186360597610474,
        "abs_cosine": 0.018186360597610474,
        "r_squared": 0.0003307437117863188
      },
      "27": {
        "cosine": 0.007044043857604265,
        "abs_cosine": 0.007044043857604265,
        "r_squared": 4.961855386785238e-05
      },
      "28": {
        "cosine": -0.012960188090801239,
        "abs_cosine": 0.012960188090801239,
        "r_squared": 0.00016796647534894626
      },
      "29": {
        "cosine": -0.02576093003153801,
        "abs_cosine": 0.02576093003153801,
        "r_squared": 0.0006636255160897969
      },
      "30": {
        "cosine": -0.029153240844607353,
        "abs_cosine": 0.029153240844607353,
        "r_squared": 0.0008499114517436825
      },
      "31": {
        "cosine": -0.002741084201261401,
        "abs_cosine": 0.002741084201261401,
        "r_squared": 7.513542598404854e-06
      },
      "32": {
        "cosine": -0.006720924749970436,
        "abs_cosine": 0.006720924749970436,
        "r_squared": 4.517082949476517e-05
      },
      "33": {
        "cosine": -0.028342843055725098,
        "abs_cosine": 0.028342843055725098,
        "r_squared": 0.0008033167524814644
      },
      "34": {
        "cosine": -0.0205753892660141,
        "abs_cosine": 0.0205753892660141,
        "r_squared": 0.0004233466434480082
      },
      "35": {
        "cosine": -0.013045440427958965,
        "abs_cosine": 0.013045440427958965,
        "r_squared": 0.0001701835159594262
      },
      "36": {
        "cosine": -0.021688250824809074,
        "abs_cosine": 0.021688250824809074,
        "r_squared": 0.0004703802238398315
      },
      "37": {
        "cosine": -0.015149497427046299,
        "abs_cosine": 0.015149497427046299,
        "r_squared": 0.00022950727229208243
      },
      "38": {
        "cosine": -0.030346116051077843,
        "abs_cosine": 0.030346116051077843,
        "r_squared": 0.0009208867593854843
      },
      "39": {
        "cosine": -0.0006696258205920458,
        "abs_cosine": 0.0006696258205920458,
        "r_squared": 4.483987396035707e-07
      },
      "40": {
        "cosine": -0.030245492234826088,
        "abs_cosine": 0.030245492234826088,
        "r_squared": 0.0009147898005269252
      }
    }
  },
  "control_profile": {
    "probe_type": "control",
    "n_layers": 35,
    "overall_mean_r2": 0.0010891800883655871,
    "overall_mean_abs_cos": 0.026326192140446177,
    "peak_layer": 11,
    "peak_cosine": -0.07524456083774567,
    "peak_abs_cosine": 0.07524456083774567,
    "peak_r2": 0.005661743935665209,
    "onset_layer": 8,
    "band_stats": {
      "early": {
        "mean_cos": -0.04729531742632389,
        "mean_abs_cos": 0.04729531742632389,
        "mean_r2": 0.0024282255817602164,
        "max_r2": 0.004062939585836256,
        "r2_fraction": 0.3184866970377936,
        "n_layers": 5
      },
      "middle": {
        "mean_cos": -0.03158761910162866,
        "mean_abs_cos": 0.031984598670775695,
        "mean_r2": 0.0014501785337300364,
        "max_r2": 0.005661743935665209,
        "r2_fraction": 0.5706173777165957,
        "n_layers": 15
      },
      "late": {
        "mean_cos": -0.012792867880004147,
        "mean_abs_cos": 0.013678077181490758,
        "mean_r2": 0.0002818331452029281,
        "max_r2": 0.0008998904395665953,
        "r2_fraction": 0.11089592524561064,
        "n_layers": 15
      }
    },
    "normalized_entropy": 0.8001212381913775,