{
  "dim_name": "21_sysprompt_talkto_ai",
  "dim_id": 21,
  "reading_profile": {
    "probe_type": "reading",
    "n_layers": 35,
    "overall_mean_r2": 0.0004239054452035652,
    "overall_mean_abs_cos": 0.017871616514249972,
    "peak_layer": 24,
    "peak_cosine": -0.035630106925964355,
    "peak_abs_cosine": 0.035630106925964355,
    "peak_r2": 0.0012695045195556531,
    "onset_layer": null,
    "band_stats": {
      "early": {
        "mean_cos": -0.0013836809841450304,
        "mean_abs_cos": 0.012483934179181233,
        "mean_r2": 0.00022281356713589593,
        "max_r2": 0.0006239688182960723,
        "r2_fraction": 0.0750887018579269,
        "n_layers": 5
      },
      "middle": {
        "mean_cos": -0.013516790869956215,
        "mean_abs_cos": 0.0176255415348957,
        "mean_r2": 0.00040608886768102466,
        "max_r2": 0.0012695045195556531,
        "r2_fraction": 0.41055874162087047,
        "n_layers": 15
      },
      "late": {
        "mean_cos": -0.019700016000812563,
        "mean_abs_cos": 0.019913585605293823,
        "mean_r2": 0.000508752648748662,
        "max_r2": 0.0011279677917820502,
        "r2_fraction": 0.5143525565212026,
        "n_layers": 15
      }
    },
    "normalized_entropy": 0.8835863243455028,
    "near_peak_layers": [
      17,
      24,
      25,
      29,
      30,
      33,
      38,
      40
    ],
    "near_peak_fraction": 0.22857142857142856,
    "sign_consistency": 0.8,
    "dominant_sign": "negative",
    "profile_type": "negligible",
    "per_layer": {
      "6": {
        "cosine": 0.016977792605757713,
        "abs_cosine": 0.016977792605757713,
        "r_squared": 0.0002882454417641213
      },
      "7": {
        "cosine": -0.024979367852211,
        "abs_cosine": 0.024979367852211,
        "r_squared": 0.0006239688182960723
      },
      "8": {
        "cosine": -0.00968967005610466,
        "abs_cosine": 0.00968967005610466,
        "r_squared": 9.388970579617129e-05
      },
      "9": {
        "cosine": 0.010383260436356068,
        "abs_cosine": 0.010383260436356068,
        "r_squared": 0.0001078120972891972
      },
      "10": {
        "cosine": 0.0003895799454767257,
        "abs_cosine": 0.0003895799454767257,
        "r_squared": 1.5177253391764857e-07
      },
      "11": {
        "cosine": 0.023245161399245262,
        "abs_cosine": 0.023245161399245262,
        "r_squared": 0.000540337528476962
      },
      "12": {
        "cosine": -0.011786642484366894,
        "abs_cosine": 0.011786642484366894,
        "r_squared": 0.00013892494105428258
      },
      "13": {
        "cosine": 0.00429164245724678,
        "abs_cosine": 0.00429164245724678,
        "r_squared": 1.8418194980843183e-05
      },
      "14": {
        "cosine": -0.005661195144057274,
        "abs_cosine": 0.005661195144057274,
        "r_squared": 3.204913045909766e-05
      },
      "15": {
        "cosine": 0.00327882613055408,
        "abs_cosine": 0.00327882613055408,
        "r_squared": 1.0750700794404241e-05
      },
      "16": {
        "cosine": -0.024011356756091118,
        "abs_cosine": 0.024011356756091118,
        "r_squared": 0.0005765452532682826
      },
      "17": {
        "cosine": -0.029996247962117195,
        "abs_cosine": 0.029996247962117195,
        "r_squared": 0.00089977489180482
      },
      "18": {
        "cosine": -0.008868818171322346,
        "abs_cosine": 0.008868818171322346,
        "r_squared": 7.865593575597744e-05
      },
      "19": {
        "cosine": -0.012291220016777515,
        "abs_cosine": 0.012291220016777515,
        "r_squared": 0.00015107408950083227
      },
      "20": {
        "cosine": -0.022811805829405785,
        "abs_cosine": 0.022811805829405785,
        "r_squared": 0.0005203784851985117
      },
      "21": {
        "cosine": -0.012137635610997677,
        "abs_cosine": 0.012137635610997677,
        "r_squared": 0.00014732219822535895
      },
      "22": {
        "cosine": -0.01927388831973076,
        "abs_cosine": 0.01927388831973076,
        "r_squared": 0.00037148277096145377
      },
      "23": {
        "cosine": -0.021638907492160797,
        "abs_cosine": 0.021638907492160797,
        "r_squared": 0.0004682423174542927
      },
      "24": {
        "cosine": -0.035630106925964355,
        "abs_cosine": 0.035630106925964355,
        "r_squared": 0.0012695045195556531
      },
      "25": {
        "cosine": -0.029459668323397636,
        "abs_cosine": 0.029459668323397636,
        "r_squared": 0.0008678720577245981
      },
      "26": {
        "cosine": -0.022190196439623833,
        "abs_cosine": 0.022190196439623833,
        "r_squared": 0.0004924048180290942
      },
      "27": {
        "cosine": 0.0016017720336094499,
        "abs_cosine": 0.0016017720336094499,
        "r_squared": 2.5656736476533526e-06
      },
      "28": {
        "cosine": -0.018508968874812126,
        "abs_cosine": 0.018508968874812126,
        "r_squared": 0.00034258192880876406
      },
      "29": {
        "cosine": -0.030504070222377777,
        "abs_cosine": 0.030504070222377777,
        "r_squared": 0.0009304983001317546
      },
      "30": {
        "cosine": -0.03358523175120354,
        "abs_cosine": 0.03358523175120354,
        "r_squared": 0.0011279677917820502
      },
      "31": {
        "cosine": -0.006961119826883078,
        "abs_cosine": 0.006961119826883078,
        "r_squared": 4.845718924422469e-05
      },
      "32": {
        "cosine": -0.011622077785432339,
        "abs_cosine": 0.011622077785432339,
        "r_squared": 0.00013507269205063985
      },
      "33": {
        "cosine": -0.032295484095811844,
        "abs_cosine": 0.032295484095811844,
        "r_squared": 0.0010429982929828358
      },
      "34": {
        "cosine": -0.024869084358215332,
        "abs_cosine": 0.024869084358215332,
        "r_squared": 0.0006184713568160305
      },
      "35": {
        "cosine": -0.017164049670100212,
        "abs_cosine": 0.017164049670100212,
        "r_squared": 0.0002946046010776672
      },
      "36": {
        "cosine": -0.024177001789212227,
        "abs_cosine": 0.024177001789212227,
        "r_squared": 0.0005845274155155712
      },
      "37": {
        "cosine": -0.01578422635793686,
        "abs_cosine": 0.01578422635793686,
        "r_squared": 0.0002491418017185887
      },
      "38": {
        "cosine": -0.028862925246357918,
        "abs_cosine": 0.028862925246357918,
        "r_squared": 0.0008330684537768453
      },
      "39": {
        "cosine": -9.939431038219482e-05,
        "abs_cosine": 9.939431038219482e-05,
        "r_squared": 9.87922893635208e-09
      },
      "40": {
        "cosine": -0.030478181317448616,
        "abs_cosine": 0.030478181317448616,
        "r_squared": 0.0009289195364192739
      }
    }
  },
  "control_profile": {
    "probe_type": "control",
    "n_layers": 35,
    "overall_mean_r2": 0.0017234747808069783,
    "overall_mean_abs_cos": 0.03297319300140121,
    "peak_layer": 8,
    "peak_cosine": -0.08921482414007187,
    "peak_abs_cosine": 0.08921482414007187,
    "peak_r2": 0.00795928484634395,
    "onset_layer": 7,
    "band_stats": {
      "early": {
        "mean_cos": -0.06823787838220596,
        "mean_abs_cos": 0.06823787838220596,
        "mean_r2": 0.004971268224612702,
        "max_r2": 0.00795928484634395,
        "r2_fraction": 0.4120635722979046,
        "n_layers": 5
      },
      "middle": {
        "mean_cos": -0.03762832341017201,
        "mean_abs_cos": 0.03762832341017201,
        "mean_r2": 0.001965574246041637,
        "max_r2": 0.007331501602295454,
        "r2_fraction": 0.4887735938873694,
        "n_layers": 15
      },
      "late": {
        "mean_cos": -0.01656316746569549,
        "mean_abs_cos": 0.01656316746569549,
        "mean_r2": 0.0003987775009704121,
        "max_r2": 0.0012437068387721184,
        "r2_fraction": 0.09916283381472601,
        "n_layers": 15
      }
    },
    "normalized_entropy": 0.7976206511190701,