{
  "dim_name": "22_sysprompt_bare_human",
  "dim_id": 22,
  "reading_profile": {
    "probe_type": "reading",
    "n_layers": 35,
    "overall_mean_r2": 0.0003498489069469863,
    "overall_mean_abs_cos": 0.01580519165644156,
    "peak_layer": 40,
    "peak_cosine": -0.036922965198755264,
    "peak_abs_cosine": 0.036922965198755264,
    "peak_r2": 0.0013633053590684924,
    "onset_layer": null,
    "band_stats": {
      "early": {
        "mean_cos": -0.0008986703585833311,
        "mean_abs_cos": 0.01049543428234756,
        "mean_r2": 0.0001576492409265434,
        "max_r2": 0.0004604774173327386,
        "r2_fraction": 0.06437441902820086,
        "n_layers": 5
      },
      "middle": {
        "mean_cos": -0.008849577396176755,
        "mean_abs_cos": 0.013513140077702702,
        "mean_r2": 0.0002527661238279474,
        "max_r2": 0.0008436835864722748,
        "r2_fraction": 0.30964321063270134,
        "n_layers": 15
      },
      "late": {
        "mean_cos": -0.01907911926197509,
        "mean_abs_cos": 0.01986716235987842,
        "mean_r2": 0.0005109982454061728,
        "max_r2": 0.0013633053590684924,
        "r2_fraction": 0.6259823703390979,
        "n_layers": 15
      }
    },
    "normalized_entropy": 0.8530142273770325,
    "near_peak_layers": [
      30,
      33,
      40
    ],
    "near_peak_fraction": 0.08571428571428572,
    "sign_consistency": 0.8,
    "dominant_sign": "negative",
    "profile_type": "negligible",
    "per_layer": {
      "6": {
        "cosine": 0.014638528227806091,
        "abs_cosine": 0.014638528227806091,
        "r_squared": 0.00021428650867627574
      },
      "7": {
        "cosine": -0.021458737552165985,
        "abs_cosine": 0.021458737552165985,
        "r_squared": 0.0004604774173327386
      },
      "8": {
        "cosine": -0.004322740714997053,
        "abs_cosine": 0.004322740714997053,
        "r_squared": 1.8686087289093234e-05
      },
      "9": {
        "cosine": 0.00935338158160448,
        "abs_cosine": 0.00935338158160448,
        "r_squared": 8.748574701109794e-05
      },
      "10": {
        "cosine": -0.0027037833351641893,
        "abs_cosine": 0.0027037833351641893,
        "r_squared": 7.310444323511587e-06
      },
      "11": {
        "cosine": 0.021655457094311714,
        "abs_cosine": 0.021655457094311714,
        "r_squared": 0.00046895882196357555
      },
      "12": {
        "cosine": -0.019394362345337868,
        "abs_cosine": 0.019394362345337868,
        "r_squared": 0.00037614129078225936
      },
      "13": {
        "cosine": -0.001400519977323711,
        "abs_cosine": 0.001400519977323711,
        "r_squared": 1.9614562068828077e-06
      },
      "14": {
        "cosine": -0.005495373625308275,
        "abs_cosine": 0.005495373625308275,
        "r_squared": 3.0199131281733816e-05
      },
      "15": {
        "cosine": 0.01054726168513298,
        "abs_cosine": 0.01054726168513298,
        "r_squared": 0.0001112447290546742
      },
      "16": {
        "cosine": -0.010032817721366882,
        "abs_cosine": 0.010032817721366882,
        "r_squared": 0.00010065743143017336
      },
      "17": {
        "cosine": -0.01706358604133129,
        "abs_cosine": 0.01706358604133129,
        "r_squared": 0.0002911659685899161
      },
      "18": {
        "cosine": 0.002774001331999898,
        "abs_cosine": 0.002774001331999898,
        "r_squared": 7.695083389937208e-06
      },
      "19": {
        "cosine": -0.004448472522199154,
        "abs_cosine": 0.004448472522199154,
        "r_squared": 1.9788907780760902e-05
      },
      "20": {
        "cosine": -0.012695515528321266,
        "abs_cosine": 0.012695515528321266,
        "r_squared": 0.0001611761145298464
      },
      "21": {
        "cosine": -0.006242634262889624,
        "abs_cosine": 0.006242634262889624,
        "r_squared": 3.8970482540203475e-05
      },
      "22": {
        "cosine": -0.018539797514677048,
        "abs_cosine": 0.018539797514677048,
        "r_squared": 0.00034372409188522524
      },
      "23": {
        "cosine": -0.016387445852160454,
        "abs_cosine": 0.016387445852160454,
        "r_squared": 0.00026854838155749086
      },
      "24": {
        "cosine": -0.026973623782396317,
        "abs_cosine": 0.026973623782396317,
        "r_squared": 0.0007275763799542562
      },
      "25": {
        "cosine": -0.029046231880784035,
        "abs_cosine": 0.029046231880784035,
        "r_squared": 0.0008436835864722748
      },
      "26": {
        "cosine": -0.01924959011375904,
        "abs_cosine": 0.01924959011375904,
        "r_squared": 0.0003705467195477298
      },
      "27": {
        "cosine": 0.002174811437726021,
        "abs_cosine": 0.002174811437726021,
        "r_squared": 4.729804789663922e-06
      },
      "28": {
        "cosine": -0.01472331304103136,
        "abs_cosine": 0.01472331304103136,
        "r_squared": 0.00021677594690420413
      },
      "29": {
        "cosine": -0.028604961931705475,
        "abs_cosine": 0.028604961931705475,
        "r_squared": 0.0008182438471143194
      },
      "30": {
        "cosine": -0.03233681246638298,
        "abs_cosine": 0.03233681246638298,
        "r_squared": 0.0010456694404860217
      },
      "31": {
        "cosine": -0.011210296303033829,
        "abs_cosine": 0.011210296303033829,
        "r_squared": 0.00012567074320181393
      },
      "32": {
        "cosine": -0.006650037132203579,
        "abs_cosine": 0.006650037132203579,
        "r_squared": 4.42229938596864e-05
      },
      "33": {
        "cosine": -0.03381839394569397,
        "abs_cosine": 0.03381839394569397,
        "r_squared": 0.0011436837690661505
      },
      "34": {
        "cosine": -0.02571726031601429,
        "abs_cosine": 0.02571726031601429,
        "r_squared": 0.0006613774781616434
      },
      "35": {
        "cosine": -0.013130048289895058,
        "abs_cosine": 0.013130048289895058,
        "r_squared": 0.00017239816809497613
      },
      "36": {
        "cosine": -0.021902544423937798,
        "abs_cosine": 0.021902544423937798,
        "r_squared": 0.0004797214522425687
      },
      "37": {
        "cosine": -0.01840287074446678,
        "abs_cosine": 0.01840287074446678,
        "r_squared": 0.00033866565163755136
      },
      "38": {
        "cosine": -0.029428018257021904,
        "abs_cosine": 0.029428018257021904,
        "r_squared": 0.0008660082585356145
      },
      "39": {
        "cosine": 0.0037355117965489626,
        "abs_cosine": 0.0037355117965489626,
        "r_squared": 1.3954048382156458e-05
      },
      "40": {
        "cosine": -0.036922965198755264,
        "abs_cosine": 0.036922965198755264,
        "r_squared": 0.0013633053590684924
      }
    }
  },
  "control_profile": {
    "probe_type": "control",
    "n_layers": 35,
    "overall_mean_r2": 0.0011891556878772423,
    "overall_mean_abs_cos": 0.02688686568872072,
    "peak_layer": 11,
    "peak_cosine": -0.0805642232298851,
    "peak_abs_cosine": 0.0805642232298851,
    "peak_r2": 0.006490594064634758,
    "onset_layer": 8,
    "band_stats": {
      "early": {
        "mean_cos": -0.05084665417671204,
        "mean_abs_cos": 0.05084665417671204,
        "mean_r2": 0.00280124856898713,
        "max_r2": 0.0051799319774312735,
        "r2_fraction": 0.33652310717406436,
        "n_layers": 5
      },
      "middle": {
        "mean_cos": -0.0304758641247948,
        "mean_abs_cos": 0.03114012535661459,
        "mean_r2": 0.001508875981826813,
        "max_r2": 0.006490594064634758,
        "r2_fraction": 0.5437985468689862,
        "n_layers": 15
      },
      "late": {
        "mean_cos": -0.014647009858163074,
        "mean_abs_cos": 0.014647009858163074,
        "mean_r2": 0.00033207110022437565,
        "max_r2": 0.0011250210147430023,
        "r2_fraction": 0.11967834595694937,
        "n_layers": 15
      }
    },
    "normalized_entropy": 0.7839156499166658,