{
  "dim_name": "12_expertise",
  "dim_id": 12,
  "reading_profile": {
    "probe_type": "reading",
    "n_layers": 35,
    "overall_mean_r2": 0.0002831190344257718,
    "overall_mean_abs_cos": 0.014059285386714951,
    "peak_layer": 9,
    "peak_cosine": 0.03271162509918213,
    "peak_abs_cosine": 0.03271162509918213,
    "peak_r2": 0.0010700504166294422,
    "onset_layer": null,
    "band_stats": {
      "early": {
        "mean_cos": 0.0012987188063561916,
        "mean_abs_cos": 0.02027083868160844,
        "mean_r2": 0.0005480568566488004,
        "max_r2": 0.0010700504166294422,
        "r2_fraction": 0.2765403492665607,
        "n_layers": 5
      },
      "middle": {
        "mean_cos": -0.003793554411580165,
        "mean_abs_cos": 0.01327156253779928,
        "mean_r2": 0.0002406296062880448,
        "max_r2": 0.0010540756221786296,
        "r2_fraction": 0.3642530581972779,
        "n_layers": 15
      },
      "late": {
        "mean_cos": -0.011292836115656731,
        "mean_abs_cos": 0.012776490470666127,
        "mean_r2": 0.0002372958551558226,
        "max_r2": 0.0010197482713648759,
        "r2_fraction": 0.3592065925361615,
        "n_layers": 15
      }
    },
    "normalized_entropy": 0.8395650137991368,
    "near_peak_layers": [
      9,
      10,
      11,
      33
    ],
    "near_peak_fraction": 0.11428571428571428,
    "sign_consistency": 0.7714285714285715,
    "dominant_sign": "negative",
    "profile_type": "negligible",
    "per_layer": {
      "6": {
        "cosine": 0.021212268620729446,
        "abs_cosine": 0.021212268620729446,
        "r_squared": 0.00044996034003798313
      },
      "7": {
        "cosine": -0.014451568946242332,
        "abs_cosine": 0.014451568946242332,
        "r_squared": 0.00020884784500799572
      },
      "8": {
        "cosine": -0.0011983984149992466,
        "abs_cosine": 0.0011983984149992466,
        "r_squared": 1.4361587610727065e-06
      },
      "9": {
        "cosine": 0.03271162509918213,
        "abs_cosine": 0.03271162509918213,
        "r_squared": 0.0010700504166294422
      },
      "10": {
        "cosine": -0.03178033232688904,
        "abs_cosine": 0.03178033232688904,
        "r_squared": 0.0010099895228075084
      },
      "11": {
        "cosine": 0.03246653079986572,
        "abs_cosine": 0.03246653079986572,
        "r_squared": 0.0010540756221786296
      },
      "12": {
        "cosine": -0.010089414194226265,
        "abs_cosine": 0.010089414194226265,
        "r_squared": 0.00010179627878265443
      },
      "13": {
        "cosine": 0.011942068114876747,
        "abs_cosine": 0.011942068114876747,
        "r_squared": 0.00014261299086035586
      },
      "14": {
        "cosine": 0.006091529503464699,
        "abs_cosine": 0.006091529503464699,
        "r_squared": 3.710673169158088e-05
      },
      "15": {
        "cosine": 0.011685870587825775,
        "abs_cosine": 0.011685870587825775,
        "r_squared": 0.00013655957139541153
      },
      "16": {
        "cosine": -0.015189713798463345,
        "abs_cosine": 0.015189713798463345,
        "r_squared": 0.00023072740527922773
      },
      "17": {
        "cosine": -0.011045634746551514,
        "abs_cosine": 0.011045634746551514,
        "r_squared": 0.00012200604695422612
      },
      "18": {
        "cosine": 0.008899061940610409,
        "abs_cosine": 0.008899061940610409,
        "r_squared": 7.91933034228207e-05
      },
      "19": {
        "cosine": -0.02353537268936634,
        "abs_cosine": 0.02353537268936634,
        "r_squared": 0.000553913767627371
      },
      "20": {
        "cosine": -0.02169075235724449,
        "abs_cosine": 0.02169075235724449,
        "r_squared": 0.00047048873782330747
      },
      "21": {
        "cosine": -0.003906478639692068,
        "abs_cosine": 0.003906478639692068,
        "r_squared": 1.526057536237039e-05
      },
      "22": {
        "cosine": -0.01398072112351656,
        "abs_cosine": 0.01398072112351656,
        "r_squared": 0.00019546056313354213
      },
      "23": {
        "cosine": -0.005695444066077471,
        "abs_cosine": 0.005695444066077471,
        "r_squared": 3.243808310981707e-05
      },
      "24": {
        "cosine": -0.020825093612074852,
        "abs_cosine": 0.020825093612074852,
        "r_squared": 0.0004336845239516808
      },
      "25": {
        "cosine": -0.002029751893132925,
        "abs_cosine": 0.002029751893132925,
        "r_squared": 4.119892747676693e-06
      },
      "26": {
        "cosine": -0.006749292369931936,
        "abs_cosine": 0.006749292369931936,
        "r_squared": 4.555294749482145e-05
      },
      "27": {
        "cosine": -0.00012617265747394413,
        "abs_cosine": 0.00012617265747394413,
        "r_squared": 1.591953949403723e-08
      },
      "28": {
        "cosine": -0.0015388572355732322,
        "abs_cosine": 0.0015388572355732322,
        "r_squared": 2.36808159147609e-06
      },
      "29": {
        "cosine": -0.010901453904807568,
        "abs_cosine": 0.010901453904807568,
        "r_squared": 0.00011884169723864416
      },
      "30": {
        "cosine": -0.022433657199144363,
        "abs_cosine": 0.022433657199144363,
        "r_squared": 0.0005032689753287217
      },
      "31": {
        "cosine": -0.006782171316444874,
        "abs_cosine": 0.006782171316444874,
        "r_squared": 4.599784776560759e-05
      },
      "32": {
        "cosine": -0.0077093676663935184,
        "abs_cosine": 0.0077093676663935184,
        "r_squared": 5.9434349815633844e-05
      },
      "33": {
        "cosine": -0.0319334976375103,
        "abs_cosine": 0.0319334976375103,
        "r_squared": 0.0010197482713648759
      },
      "34": {
        "cosine": -0.013685552403330803,
        "abs_cosine": 0.013685552403330803,
        "r_squared": 0.00018729434458431352
      },
      "35": {
        "cosine": -0.017978694289922714,
        "abs_cosine": 0.017978694289922714,
        "r_squared": 0.0003232334483704996
      },
      "36": {
        "cosine": -0.016979839652776718,
        "abs_cosine": 0.016979839652776718,
        "r_squared": 0.0002883149546340086
      },
      "37": {
        "cosine": -0.004956912714987993,
        "abs_cosine": 0.004956912714987993,
        "r_squared": 2.4570983664009638e-05
      },
      "38": {
        "cosine": -0.013609887100756168,
        "abs_cosine": 0.013609887100756168,
        "r_squared": 0.00018522902689532914
      },
      "39": {
        "cosine": 0.011127407662570477,
        "abs_cosine": 0.011127407662570477,
        "r_squared": 0.00012381920128903216
      },
      "40": {
        "cosine": -0.02513459324836731,
        "abs_cosine": 0.02513459324836731,
        "r_squared": 0.0006317477777608715
      }
    }
  },
  "control_profile": {
    "probe_type": "control",
    "n_layers": 35,
    "overall_mean_r2": 0.00016797478616532873,
    "overall_mean_abs_cos": 0.010202411467409028,
    "peak_layer": 22,
    "peak_cosine": 0.02795138768851757,
    "peak_abs_cosine": 0.02795138768851757,
    "peak_r2": 0.0007812800737138116,
    "onset_layer": null,
    "band_stats": {
      "early": {
        "mean_cos": -0.005695544276386499,
        "mean_abs_cos": 0.007945815753191709,
        "mean_r2": 9.070329296372308e-05,
        "max_r2": 0.00027300152231118924,
        "r2_fraction": 0.07714022786597491,
        "n_layers": 5
      },
      "middle": {
        "mean_cos": 0.013970482718044271,
        "mean_abs_cos": 0.014864053138686965,
        "mean_r2": 0.00031233249167107805,
        "max_r2": 0.0007812800737138116,
        "r2_fraction": 0.7968861589322075,
        "n_layers": 15
      },
      "late": {
        "mean_cos": 0.003120192481825749,
        "mean_abs_cos": 0.006292968367536862,
        "mean_r2": 4.937424506011462e-05,
        "max_r2": 0.00015697826076367747,
        "r2_fraction": 0.12597361320181746,
        "n_layers": 15
      }
    },
    "normalized_entropy": 0.7831392535871602,