{
  "dim_name": "13_helpfulness",
  "dim_id": 13,
  "reading_profile": {
    "probe_type": "reading",
    "n_layers": 35,
    "overall_mean_r2": 0.0002842488013422409,
    "overall_mean_abs_cos": 0.014074407621852256,
    "peak_layer": 11,
    "peak_cosine": 0.03276640921831131,
    "peak_abs_cosine": 0.03276640921831131,
    "peak_r2": 0.0010736375730618364,
    "onset_layer": null,
    "band_stats": {
      "early": {
        "mean_cos": 0.0009178021224215627,
        "mean_abs_cos": 0.02026800054591149,
        "mean_r2": 0.0005394783558855718,
        "max_r2": 0.0010602915301850674,
        "r2_fraction": 0.27112985592607636,
        "n_layers": 5
      },
      "middle": {
        "mean_cos": -0.004408243236442407,
        "mean_abs_cos": 0.013521295165022214,
        "mean_r2": 0.00025316306540417057,
        "max_r2": 0.0010736375730618364,
        "r2_fraction": 0.3817024243882499,
        "n_layers": 15
      },
      "late": {
        "mean_cos": -0.01080056683664831,
        "mean_abs_cos": 0.012562989103995885,
        "mean_r2": 0.00023025801909920098,
        "max_r2": 0.0010127722038086873,
        "r2_fraction": 0.3471677196856737,
        "n_layers": 15
      }
    },
    "normalized_entropy": 0.8393754575495009,
    "near_peak_layers": [
      9,
      10,
      11,
      33
    ],
    "near_peak_fraction": 0.11428571428571428,
    "sign_consistency": 0.7428571428571429,
    "dominant_sign": "negative",
    "profile_type": "negligible",
    "per_layer": {
      "6": {
        "cosine": 0.020402388647198677,
        "abs_cosine": 0.020402388647198677,
        "r_squared": 0.00041625746251134146
      },
      "7": {
        "cosine": -0.01515884604305029,
        "abs_cosine": 0.01515884604305029,
        "r_squared": 0.0002297906133569014
      },
      "8": {
        "cosine": -0.0017863943940028548,
        "abs_cosine": 0.0017863943940028548,
        "r_squared": 3.191204930924827e-06
      },
      "9": {
        "cosine": 0.03256211802363396,
        "abs_cosine": 0.03256211802363396,
        "r_squared": 0.0010602915301850674
      },
      "10": {
        "cosine": -0.03143025562167168,
        "abs_cosine": 0.03143025562167168,
        "r_squared": 0.000987860968443624
      },
      "11": {
        "cosine": 0.03276640921831131,
        "abs_cosine": 0.03276640921831131,
        "r_squared": 0.0010736375730618364
      },
      "12": {
        "cosine": -0.006973826326429844,
        "abs_cosine": 0.006973826326429844,
        "r_squared": 4.863425363120597e-05
      },
      "13": {
        "cosine": 0.011552577838301659,
        "abs_cosine": 0.011552577838301659,
        "r_squared": 0.00013346205471001862
      },
      "14": {
        "cosine": 0.00461265305057168,
        "abs_cosine": 0.00461265305057168,
        "r_squared": 2.1276568164948226e-05
      },
      "15": {
        "cosine": 0.009344321675598621,
        "abs_cosine": 0.009344321675598621,
        "r_squared": 8.731634757706223e-05
      },
      "16": {
        "cosine": -0.017293378710746765,
        "abs_cosine": 0.017293378710746765,
        "r_squared": 0.00029906094723330945
      },
      "17": {
        "cosine": -0.012010306119918823,
        "abs_cosine": 0.012010306119918823,
        "r_squared": 0.00014424745309415954
      },
      "18": {
        "cosine": 0.010071927681565285,
        "abs_cosine": 0.010071927681565285,
        "r_squared": 0.00010144372722268105
      },
      "19": {
        "cosine": -0.022735673934221268,
        "abs_cosine": 0.022735673934221268,
        "r_squared": 0.0005169108692432284
      },
      "20": {
        "cosine": -0.022763924673199654,
        "abs_cosine": 0.022763924673199654,
        "r_squared": 0.000518196266527108
      },
      "21": {
        "cosine": -0.00479210214689374,
        "abs_cosine": 0.00479210214689374,
        "r_squared": 2.296424298626359e-05
      },
      "22": {
        "cosine": -0.01467131357640028,
        "abs_cosine": 0.01467131357640028,
        "r_squared": 0.00021524744205706717
      },
      "23": {
        "cosine": -0.006604634691029787,
        "abs_cosine": 0.006604634691029787,
        "r_squared": 4.362119940195413e-05
      },
      "24": {
        "cosine": -0.023728203028440475,
        "abs_cosine": 0.023728203028440475,
        "r_squared": 0.0005630276189588918
      },
      "25": {
        "cosine": -0.0028981748037040234,
        "abs_cosine": 0.0028981748037040234,
        "r_squared": 8.399417192824854e-06
      },
      "26": {
        "cosine": -0.007069801911711693,
        "abs_cosine": 0.007069801911711693,
        "r_squared": 4.9982099070842306e-05
      },
      "27": {
        "cosine": 0.0006024099420756102,
        "abs_cosine": 0.0006024099420756102,
        "r_squared": 3.6289773831154e-07
      },
      "28": {
        "cosine": -0.00025025338982231915,
        "abs_cosine": 0.00025025338982231915,
        "r_squared": 6.262675911756163e-08
      },
      "29": {
        "cosine": -0.010422750376164913,
        "abs_cosine": 0.010422750376164913,
        "r_squared": 0.00010863372540384584
      },
      "30": {
        "cosine": -0.022962406277656555,
        "abs_cosine": 0.022962406277656555,
        "r_squared": 0.0005272721020601612
      },
      "31": {
        "cosine": -0.00804152712225914,
        "abs_cosine": 0.00804152712225914,
        "r_squared": 6.466615845802937e-05
      },
      "32": {
        "cosine": -0.009649407118558884,
        "abs_cosine": 0.009649407118558884,
        "r_squared": 9.311105773969486e-05
      },
      "33": {
        "cosine": -0.031824082136154175,
        "abs_cosine": 0.031824082136154175,
        "r_squared": 0.0010127722038086873
      },
      "34": {
        "cosine": -0.011966874822974205,
        "abs_cosine": 0.011966874822974205,
        "r_squared": 0.0001432060930287339
      },
      "35": {
        "cosine": -0.017453713342547417,
        "abs_cosine": 0.017453713342547417,
        "r_squared": 0.0003046321094438177
      },
      "36": {
        "cosine": -0.016483068466186523,
        "abs_cosine": 0.016483068466186523,
        "r_squared": 0.00027169154606099255
      },
      "37": {
        "cosine": -0.0034325544256716967,
        "abs_cosine": 0.0034325544256716967,
        "r_squared": 1.1782429885198351e-05
      },
      "38": {
        "cosine": -0.011904042214155197,
        "abs_cosine": 0.011904042214155197,
        "r_squared": 0.00014170622103638897
      },
      "39": {
        "cosine": 0.012615757063031197,
        "abs_cosine": 0.012615757063031197,
        "r_squared": 0.00015915732627342152
      },
      "40": {
        "cosine": -0.023766187950968742,
        "abs_cosine": 0.023766187950968742,
        "r_squared": 0.0005648316897207718
      }
    }
  },
  "control_profile": {
    "probe_type": "control",
    "n_layers": 35,
    "overall_mean_r2": 0.00016533946078903903,
    "overall_mean_abs_cos": 0.0100611434703751,
    "peak_layer": 22,
    "peak_cosine": 0.027168340981006622,
    "peak_abs_cosine": 0.027168340981006622,
    "peak_r2": 0.0007381187516602439,
    "onset_layer": null,
    "band_stats": {
      "early": {
        "mean_cos": -0.007311298535205424,
        "mean_abs_cos": 0.008901582122780383,
        "mean_r2": 0.00011638408098422755,
        "max_r2": 0.0003227968463501464,
        "r2_fraction": 0.10055855513327824,
        "n_layers": 5
      },
      "middle": {
        "mean_cos": 0.013481584245649476,
        "mean_abs_cos": 0.014655243535526098,
        "mean_r2": 0.00030127666933498827,
        "max_r2": 0.0007381187516602439,
        "r2_fraction": 0.780930166071387,
        "n_layers": 15
      },
      "late": {
        "mean_cos": 0.002313394374262619,
        "mean_abs_cos": 0.005853563854422343,
        "mean_r2": 4.572071217802692e-05,
        "max_r2": 0.00013503866384174338,
        "r2_fraction": 0.11851127879533467,
        "n_layers": 15
      }
    },
    "normalized_entropy": 0.7870647399141653,