{
  "dim_name": "20_sysprompt_talkto_human",
  "dim_id": 20,
  "reading_profile": {
    "probe_type": "reading",
    "n_layers": 35,
    "overall_mean_r2": 0.00031271502913541823,
    "overall_mean_abs_cos": 0.014698775868133193,
    "peak_layer": 10,
    "peak_cosine": -0.03522860258817673,
    "peak_abs_cosine": 0.03522860258817673,
    "peak_r2": 0.001241054440315692,
    "onset_layer": null,
    "band_stats": {
      "early": {
        "mean_cos": 0.005047605186700821,
        "mean_abs_cos": 0.021289162710309027,
        "mean_r2": 0.0006174156955164805,
        "max_r2": 0.001241054440315692,
        "r2_fraction": 0.2820530962662653,
        "n_layers": 5
      },
      "middle": {
        "mean_cos": -0.003198661056497561,
        "mean_abs_cos": 0.013571501097491516,
        "mean_r2": 0.00025521035673641354,
        "max_r2": 0.0008162089312344634,
        "r2_fraction": 0.349762106014369,
        "n_layers": 15
      },
      "late": {
        "mean_cos": -0.009946793861066302,
        "mean_abs_cos": 0.013629255024716258,
        "mean_r2": 0.0002686528127407356,
        "max_r2": 0.0011807211508352844,
        "r2_fraction": 0.3681847977193658,
        "n_layers": 15
      }
    },
    "normalized_entropy": 0.8364540628713434,
    "near_peak_layers": [
      9,
      10,
      19,
      40
    ],
    "near_peak_fraction": 0.11428571428571428,
    "sign_consistency": 0.6571428571428571,
    "dominant_sign": "negative",
    "profile_type": "negligible",
    "per_layer": {
      "6": {
        "cosine": 0.02584296278655529,
        "abs_cosine": 0.02584296278655529,
        "r_squared": 0.0006678587255872816
      },
      "7": {
        "cosine": -0.005375291220843792,
        "abs_cosine": 0.005375291220843792,
        "r_squared": 2.8893755708880343e-05
      },
      "8": {
        "cosine": 0.00678370613604784,
        "abs_cosine": 0.00678370613604784,
        "r_squared": 4.601866894025312e-05
      },
      "9": {
        "cosine": 0.033215250819921494,
        "abs_cosine": 0.033215250819921494,
        "r_squared": 0.0011032528870302954
      },
      "10": {
        "cosine": -0.03522860258817673,
        "abs_cosine": 0.03522860258817673,
        "r_squared": 0.001241054440315692
      },
      "11": {
        "cosine": 0.027208130806684494,
        "abs_cosine": 0.027208130806684494,
        "r_squared": 0.0007402823819936538
      },
      "12": {
        "cosine": -0.012574966996908188,
        "abs_cosine": 0.012574966996908188,
        "r_squared": 0.00015812979497333013
      },
      "13": {
        "cosine": 0.010656618513166904,
        "abs_cosine": 0.010656618513166904,
        "r_squared": 0.0001135635181351716
      },
      "14": {
        "cosine": 0.016506990417838097,
        "abs_cosine": 0.016506990417838097,
        "r_squared": 0.00027248073265459874
      },
      "15": {
        "cosine": 0.02341047115623951,
        "abs_cosine": 0.02341047115623951,
        "r_squared": 0.000548050159757122
      },
      "16": {
        "cosine": -0.015128731727600098,
        "abs_cosine": 0.015128731727600098,
        "r_squared": 0.00022887852368569384
      },
      "17": {
        "cosine": -0.011889111250638962,
        "abs_cosine": 0.011889111250638962,
        "r_squared": 0.00014135096633006994
      },
      "18": {
        "cosine": 1.4089413525653072e-05,
        "abs_cosine": 1.4089413525653072e-05,
        "r_squared": 1.9851157349685572e-10
      },
      "19": {
        "cosine": -0.02856937050819397,
        "abs_cosine": 0.02856937050819397,
        "r_squared": 0.0008162089312344634
      },
      "20": {
        "cosine": -0.021226052194833755,
        "abs_cosine": 0.021226052194833755,
        "r_squared": 0.0004505452917778069
      },
      "21": {
        "cosine": -0.00644428888335824,
        "abs_cosine": 0.00644428888335824,
        "r_squared": 4.1528859212174593e-05
      },
      "22": {
        "cosine": -0.009935032576322556,
        "abs_cosine": 0.009935032576322556,
        "r_squared": 9.87048722925904e-05
      },
      "23": {
        "cosine": -0.0025053611025214195,
        "abs_cosine": 0.0025053611025214195,
        "r_squared": 6.276834254027343e-06
      },
      "24": {
        "cosine": -0.014181729406118393,
        "abs_cosine": 0.014181729406118393,
        "r_squared": 0.00020112144894836315
      },
      "25": {
        "cosine": -0.003321571508422494,
        "abs_cosine": 0.003321571508422494,
        "r_squared": 1.1032837285564082e-05
      },
      "26": {
        "cosine": -0.0011871722526848316,
        "abs_cosine": 0.0011871722526848316,
        "r_squared": 1.4093779575447777e-06
      },
      "27": {
        "cosine": 0.011492257937788963,
        "abs_cosine": 0.011492257937788963,
        "r_squared": 0.00013207199250867344
      },
      "28": {
        "cosine": 0.005635767709463835,
        "abs_cosine": 0.005635767709463835,
        "r_squared": 3.176187767503524e-05
      },
      "29": {
        "cosine": -0.00793652143329382,
        "abs_cosine": 0.00793652143329382,
        "r_squared": 6.298837246113218e-05
      },
      "30": {
        "cosine": -0.021797416731715202,
        "abs_cosine": 0.021797416731715202,
        "r_squared": 0.00047512737617605785
      },
      "31": {
        "cosine": 0.007192739751189947,
        "abs_cosine": 0.007192739751189947,
        "r_squared": 5.173550512834802e-05
      },
      "32": {
        "cosine": -0.006096350494772196,
        "abs_cosine": 0.006096350494772196,
        "r_squared": 3.71654893551092e-05
      },
      "33": {
        "cosine": -0.025808222591876984,
        "abs_cosine": 0.025808222591876984,
        "r_squared": 0.0006660643533518695
      },
      "34": {
        "cosine": -0.015102219767868519,
        "abs_cosine": 0.015102219767868519,
        "r_squared": 0.00022807704191699866
      },
      "35": {
        "cosine": -0.016128046438097954,
        "abs_cosine": 0.016128046438097954,
        "r_squared": 0.0002601138819094441
      },
      "36": {
        "cosine": -0.016169114038348198,
        "abs_cosine": 0.016169114038348198,
        "r_squared": 0.00026144024878510877
      },
      "37": {
        "cosine": -0.00867588259279728,
        "abs_cosine": 0.00867588259279728,
        "r_squared": 7.527093876400284e-05
      },
      "38": {
        "cosine": -0.023557797074317932,
        "abs_cosine": 0.023557797074317932,
        "r_squared": 0.0005549698029947425
      },
      "39": {
        "cosine": 0.0032976933289319277,
        "abs_cosine": 0.0032976933289319277,
        "r_squared": 1.0874781291682139e-05
      },
      "40": {
        "cosine": -0.03436162322759628,
        "abs_cosine": 0.03436162322759628,
        "r_squared": 0.0011807211508352844
      }
    }
  },
  "control_profile": {
    "probe_type": "control",
    "n_layers": 35,
    "overall_mean_r2": 0.00033482390751388196,
    "overall_mean_abs_cos": 0.014468446437136403,
    "peak_layer": 22,
    "peak_cosine": 0.038418542593717575,
    "peak_abs_cosine": 0.038418542593717575,
    "peak_r2": 0.0014759844150252915,
    "onset_layer": null,
    "band_stats": {
      "early": {
        "mean_cos": -0.0012730590300634504,
        "mean_abs_cos": 0.006431607971899211,
        "mean_r2": 5.135058337403294e-05,
        "max_r2": 0.00012478048544776413,
        "r2_fraction": 0.021909420027175636,
        "n_layers": 5
      },
      "middle": {
        "mean_cos": 0.02255329447798431,
        "mean_abs_cos": 0.02255329447798431,
        "mean_r2": 0.0006534745676586812,
        "max_r2": 0.0014759844150252915,
        "r2_fraction": 0.8364412537804403,
        "n_layers": 15
      },
      "late": {
        "mean_cos": 0.008857806166633963,
        "mean_abs_cos": 0.009062544551367561,
        "mean_r2": 0.00011066435541569886,
        "max_r2": 0.0003693975935764038,
        "r2_fraction": 0.14164932619238366,
        "n_layers": 15
      }
    },
    "normalized_entropy": 0.7898063472921365,