{
  "dim_name": "9_roles",
  "dim_id": 9,
  "reading_profile": {
    "probe_type": "reading",
    "n_layers": 35,
    "overall_mean_r2": 0.0003110164412560327,
    "overall_mean_abs_cos": 0.015023100512787225,
    "peak_layer": 33,
    "peak_cosine": -0.03431542590260506,
    "peak_abs_cosine": 0.03431542590260506,
    "peak_r2": 0.001177548454877178,
    "onset_layer": null,
    "band_stats": {
      "early": {
        "mean_cos": 0.0016503452430697506,
        "mean_abs_cos": 0.019223986483666522,
        "mean_r2": 0.0005053199844145249,
        "max_r2": 0.0009645961492883749,
        "r2_fraction": 0.2321053154313744,
        "n_layers": 5
      },
      "middle": {
        "mean_cos": -0.004188626973579327,
        "mean_abs_cos": 0.014789881774534781,
        "mean_r2": 0.00028090382780637183,
        "max_r2": 0.0009314685542350376,
        "r2_fraction": 0.3870771406423976,
        "n_layers": 15
      },
      "late": {
        "mean_cos": -0.012455359841502893,
        "mean_abs_cos": 0.013856023927413237,
        "mean_r2": 0.00027636120698619623,
        "max_r2": 0.001177548454877178,
        "r2_fraction": 0.38081754392622813,
        "n_layers": 15
      }
    },
    "normalized_entropy": 0.8579747777362134,
    "near_peak_layers": [
      9,
      10,
      11,
      33
    ],
    "near_peak_fraction": 0.11428571428571428,
    "sign_consistency": 0.7142857142857143,
    "dominant_sign": "negative",
    "profile_type": "negligible",
    "per_layer": {
      "6": {
        "cosine": 0.021117987111210823,
        "abs_cosine": 0.021117987111210823,
        "r_squared": 0.00044596937962926644
      },
      "7": {
        "cosine": -0.013279946520924568,
        "abs_cosine": 0.013279946520924568,
        "r_squared": 0.00017635697959861654
      },
      "8": {
        "cosine": 9.89395903161494e-06,
        "abs_cosine": 9.89395903161494e-06,
        "r_squared": 9.789042531927485e-11
      },
      "9": {
        "cosine": 0.031057948246598244,
        "abs_cosine": 0.031057948246598244,
        "r_squared": 0.0009645961492883749
      },
      "10": {
        "cosine": -0.03065415658056736,
        "abs_cosine": 0.03065415658056736,
        "r_squared": 0.0009396773156659412
      },
      "11": {
        "cosine": 0.030519969761371613,
        "abs_cosine": 0.030519969761371613,
        "r_squared": 0.0009314685542350376
      },
      "12": {
        "cosine": -0.012266726233065128,
        "abs_cosine": 0.012266726233065128,
        "r_squared": 0.0001504725724769682
      },
      "13": {
        "cosine": 0.012230432592332363,
        "abs_cosine": 0.012230432592332363,
        "r_squared": 0.00014958348139558573
      },
      "14": {
        "cosine": 0.01026895921677351,
        "abs_cosine": 0.01026895921677351,
        "r_squared": 0.00010545152339575762
      },
      "15": {
        "cosine": 0.014656281098723412,
        "abs_cosine": 0.014656281098723412,
        "r_squared": 0.00021480657564479713
      },
      "16": {
        "cosine": -0.01499984785914421,
        "abs_cosine": 0.01499984785914421,
        "r_squared": 0.00022499543579747316
      },
      "17": {
        "cosine": -0.00976943876594305,
        "abs_cosine": 0.00976943876594305,
        "r_squared": 9.544193380151087e-05
      },
      "18": {
        "cosine": 0.011833768337965012,
        "abs_cosine": 0.011833768337965012,
        "r_squared": 0.0001400380730766232
      },
      "19": {
        "cosine": -0.025994354858994484,
        "abs_cosine": 0.025994354858994484,
        "r_squared": 0.0006757064845353301
      },
      "20": {
        "cosine": -0.021381748840212822,
        "abs_cosine": 0.021381748840212822,
        "r_squared": 0.00045717918346594236
      },
      "21": {
        "cosine": -0.003490591887384653,
        "abs_cosine": 0.003490591887384653,
        "r_squared": 1.2184231724275555e-05
      },
      "22": {
        "cosine": -0.015367125160992146,
        "abs_cosine": 0.015367125160992146,
        "r_squared": 0.00023614853571359787
      },
      "23": {
        "cosine": -0.005636868067085743,
        "abs_cosine": 0.005636868067085743,
        "r_squared": 3.177428160573096e-05
      },
      "24": {
        "cosine": -0.02742711268365383,
        "abs_cosine": 0.02742711268365383,
        "r_squared": 0.0007522465101618449
      },
      "25": {
        "cosine": -0.006005001254379749,
        "abs_cosine": 0.006005001254379749,
        "r_squared": 3.606004006510236e-05
      },
      "26": {
        "cosine": -0.011086280457675457,
        "abs_cosine": 0.011086280457675457,
        "r_squared": 0.00012290561438623674
      },
      "27": {
        "cosine": -0.002094401977956295,
        "abs_cosine": 0.002094401977956295,
        "r_squared": 4.386519645267241e-06
      },
      "28": {
        "cosine": 0.00023438695643562824,
        "abs_cosine": 0.00023438695643562824,
        "r_squared": 5.493724534715709e-08
      },
      "29": {
        "cosine": -0.010713611729443073,
        "abs_cosine": 0.010713611729443073,
        "r_squared": 0.0001147814762892602
      },
      "30": {
        "cosine": -0.02523089200258255,
        "abs_cosine": 0.02523089200258255,
        "r_squared": 0.0006365979112459841
      },
      "31": {
        "cosine": -0.012285851873457432,
        "abs_cosine": 0.012285851873457432,
        "r_squared": 0.0001509421562565375
      },
      "32": {
        "cosine": -0.012177200056612492,
        "abs_cosine": 0.012177200056612492,
        "r_squared": 0.00014828420121876327
      },
      "33": {
        "cosine": -0.03431542590260506,
        "abs_cosine": 0.03431542590260506,
        "r_squared": 0.001177548454877178
      },
      "34": {
        "cosine": -0.00798211432993412,
        "abs_cosine": 0.00798211432993412,
        "r_squared": 6.371414917613963e-05
      },
      "35": {
        "cosine": -0.01975233107805252,
        "abs_cosine": 0.01975233107805252,
        "r_squared": 0.00039015458301699946
      },
      "36": {
        "cosine": -0.019003313034772873,
        "abs_cosine": 0.019003313034772873,
        "r_squared": 0.0003611259062975686
      },
      "37": {
        "cosine": -0.003271988593041897,
        "abs_cosine": 0.003271988593041897,
        "r_squared": 1.0705909352996291e-05
      },
      "38": {
        "cosine": -0.013320152647793293,
        "abs_cosine": 0.013320152647793293,
        "r_squared": 0.00017742646656051467
      },
      "39": {
        "cosine": 0.01027059368789196,
        "abs_cosine": 0.01027059368789196,
        "r_squared": 0.00010548509470176617
      },
      "40": {
        "cosine": -0.026101814582943916,
        "abs_cosine": 0.026101814582943916,
        "r_squared": 0.0006813047245223837
      }
    }
  },
  "control_profile": {
    "probe_type": "control",
    "n_layers": 35,
    "overall_mean_r2": 0.00011853353011600712,
    "overall_mean_abs_cos": 0.008358951134557304,
    "peak_layer": 14,
    "peak_cosine": 0.027977442368865013,
    "peak_abs_cosine": 0.027977442368865013,
    "peak_r2": 0.0007827372815031632,
    "onset_layer": null,
    "band_stats": {
      "early": {
        "mean_cos": -0.00558764541929122,
        "mean_abs_cos": 0.007562207072624005,
        "mean_r2": 9.619900860403986e-05,
        "max_r2": 0.00035350526586203426,
        "r2_fraction": 0.11593947722144976,
        "n_layers": 5
      },
      "middle": {
        "mean_cos": 0.009912052378058433,
        "mean_abs_cos": 0.011867408423374097,
        "mean_r2": 0.00020747809743107762,
        "max_r2": 0.0007827372815031632,
        "r2_fraction": 0.75016060456729,
        "n_layers": 15
      },
      "late": {
        "mean_cos": 0.0017649596401800713,
        "mean_abs_cos": 0.005116075199718277,
        "mean_r2": 3.7033803304925735e-05,
        "max_r2": 0.00022776788469344115,
        "r2_fraction": 0.13389991821126032,
        "n_layers": 15
      }
    },
    "normalized_entropy": 0.7609906659225748,