{
  "dim_name": "12_expertise",
  "dim_id": 12,
  "reading_profile": {
    "probe_type": "reading",
    "n_layers": 35,
    "overall_mean_r2": 0.000288179109498033,
    "overall_mean_abs_cos": 0.01390903771306122,
    "peak_layer": 34,
    "peak_cosine": -0.037081096321344376,
    "peak_abs_cosine": 0.037081096321344376,
    "peak_r2": 0.0013750077043928194,
    "onset_layer": null,
    "band_stats": {
      "early": {
        "mean_cos": -0.0017680487304460256,
        "mean_abs_cos": 0.005266505730105564,
        "mean_r2": 5.495151672679128e-05,
        "max_r2": 0.00019158646592588868,
        "r2_fraction": 0.02724075554584737,
        "n_layers": 5
      },
      "middle": {
        "mean_cos": 0.0022331465346117816,
        "mean_abs_cos": 0.012938417649517456,
        "mean_r2": 0.00021986237813641094,
        "max_r2": 0.0006475377605200429,
        "r2_fraction": 0.32697281094095554,
        "n_layers": 15
      },
      "late": {
        "mean_cos": -0.009314283262938261,
        "mean_abs_cos": 0.017760501770923535,
        "mean_r2": 0.0004342383717834023,
        "max_r2": 0.0013750077043928194,
        "r2_fraction": 0.6457864335131971,
        "n_layers": 15
      }
    },
    "normalized_entropy": 0.8246921361899323,
    "near_peak_layers": [
      31,
      34
    ],
    "near_peak_fraction": 0.05714285714285714,
    "sign_consistency": 0.6285714285714286,
    "dominant_sign": "negative",
    "profile_type": "negligible",
    "per_layer": {
      "6": {
        "cosine": -0.013841476291418076,
        "abs_cosine": 0.013841476291418076,
        "r_squared": 0.00019158646592588868
      },
      "7": {
        "cosine": -0.002034437609836459,
        "abs_cosine": 0.002034437609836459,
        "r_squared": 4.138936388317085e-06
      },
      "8": {
        "cosine": 0.008746142499148846,
        "abs_cosine": 0.008746142499148846,
        "r_squared": 7.649500861541762e-05
      },
      "9": {
        "cosine": -0.00158814643509686,
        "abs_cosine": 0.00158814643509686,
        "r_squared": 2.5222090993108647e-06
      },
      "10": {
        "cosine": -0.00012232581502757967,
        "abs_cosine": 0.00012232581502757967,
        "r_squared": 1.4963605022161635e-08
      },
      "11": {
        "cosine": -0.02437245287001133,
        "abs_cosine": 0.02437245287001133,
        "r_squared": 0.0005940164589009235
      },
      "12": {
        "cosine": -0.003654966363683343,
        "abs_cosine": 0.003654966363683343,
        "r_squared": 1.3358779119656639e-05
      },
      "13": {
        "cosine": 0.014939850196242332,
        "abs_cosine": 0.014939850196242332,
        "r_squared": 0.00022319912388616206
      },
      "14": {
        "cosine": -0.007996845990419388,
        "abs_cosine": 0.007996845990419388,
        "r_squared": 6.394954579448664e-05
      },
      "15": {
        "cosine": 0.02037453092634678,
        "abs_cosine": 0.02037453092634678,
        "r_squared": 0.00041512151046866133
      },
      "16": {
        "cosine": 0.020348967984318733,
        "abs_cosine": 0.020348967984318733,
        "r_squared": 0.0004140804980268288
      },
      "17": {
        "cosine": 0.013025978580117226,
        "abs_cosine": 0.013025978580117226,
        "r_squared": 0.00016967611796967277
      },
      "18": {
        "cosine": -0.025446763262152672,
        "abs_cosine": 0.025446763262152672,
        "r_squared": 0.0006475377605200429
      },
      "19": {
        "cosine": -0.004388625267893076,
        "abs_cosine": 0.004388625267893076,
        "r_squared": 1.9260031741989573e-05
      },
      "20": {
        "cosine": 0.005444303620606661,
        "abs_cosine": 0.005444303620606661,
        "r_squared": 2.9640441913350796e-05
      },
      "21": {
        "cosine": -0.00196268898434937,
        "abs_cosine": 0.00196268898434937,
        "r_squared": 3.8521480492863616e-06
      },
      "22": {
        "cosine": -0.012467190623283386,
        "abs_cosine": 0.012467190623283386,
        "r_squared": 0.0001554308420372852
      },
      "23": {
        "cosine": 0.013878018595278263,
        "abs_cosine": 0.013878018595278263,
        "r_squared": 0.00019259940013088925
      },
      "24": {
        "cosine": 0.016354210674762726,
        "abs_cosine": 0.016354210674762726,
        "r_squared": 0.0002674602067945231
      },
      "25": {
        "cosine": 0.009420870803296566,
        "abs_cosine": 0.009420870803296566,
        "r_squared": 8.875280669240568e-05
      },
      "26": {
        "cosine": -0.012292186729609966,
        "abs_cosine": 0.012292186729609966,
        "r_squared": 0.00015109785459559936
      },
      "27": {
        "cosine": 0.019292866811156273,
        "abs_cosine": 0.019292866811156273,
        "r_squared": 0.0003722147097930152
      },
      "28": {
        "cosine": -0.014657373540103436,
        "abs_cosine": 0.014657373540103436,
        "r_squared": 0.00021483859909412432
      },
      "29": {
        "cosine": -0.02843731828033924,
        "abs_cosine": 0.02843731828033924,
        "r_squared": 0.0008086810709773164
      },
      "30": {
        "cosine": -0.026755766943097115,
        "abs_cosine": 0.026755766943097115,
        "r_squared": 0.0007158710647133283
      },
      "31": {
        "cosine": 0.03604549169540405,
        "abs_cosine": 0.03604549169540405,
        "r_squared": 0.0012992774715634425
      },
      "32": {
        "cosine": 0.003919261507689953,
        "abs_cosine": 0.003919261507689953,
        "r_squared": 1.5360610765660122e-05
      },
      "33": {
        "cosine": 0.0040890187956392765,
        "abs_cosine": 0.0040890187956392765,
        "r_squared": 1.672007471109128e-05
      },
      "34": {
        "cosine": -0.037081096321344376,
        "abs_cosine": 0.037081096321344376,
        "r_squared": 0.0013750077043928194
      },
      "35": {
        "cosine": -0.0044729020446538925,
        "abs_cosine": 0.0044729020446538925,
        "r_squared": 2.0006852701068972e-05
      },
      "36": {
        "cosine": -0.02279960736632347,
        "abs_cosine": 0.02279960736632347,
        "r_squared": 0.0005198220960585115
      },
      "37": {
        "cosine": -0.025453031063079834,
        "abs_cosine": 0.025453031063079834,
        "r_squared": 0.0006478567902981069
      },
      "38": {
        "cosine": -0.01411762461066246,
        "abs_cosine": 0.01411762461066246,
        "r_squared": 0.00019930732464758238
      },
      "39": {
        "cosine": -0.0059361644089221954,
        "abs_cosine": 0.0059361644089221954,
        "r_squared": 3.52380478897546e-05
      },
      "40": {
        "cosine": -0.011057816445827484,
        "abs_cosine": 0.011057816445827484,
        "r_squared": 0.00012227530454961277
      }
    }
  },
  "control_profile": {
    "probe_type": "control",
    "n_layers": 35,
    "overall_mean_r2": 0.0002286968573928016,
    "overall_mean_abs_cos": 0.013048989332414098,
    "peak_layer": 16,
    "peak_cosine": 0.042283982038497925,
    "peak_abs_cosine": 0.042283982038497925,
    "peak_r2": 0.0017879351370320151,
    "onset_layer": null,
    "band_stats": {
      "early": {
        "mean_cos": 0.00666746161878109,
        "mean_abs_cos": 0.011600397899746895,
        "mean_r2": 0.00014283578388754915,
        "max_r2": 0.0002554841678082398,
        "r2_fraction": 0.08922340348948694,
        "n_layers": 5
      },
      "middle": {
        "mean_cos": 0.0015243990191568932,
        "mean_abs_cos": 0.013107196164006988,
        "mean_r2": 0.0002742629720784897,
        "max_r2": 0.0017879351370320151,
        "r2_fraction": 0.5139610359666614,
        "n_layers": 15
      },
      "late": {
        "mean_cos": -0.0052155953831970695,
        "mean_abs_cos": 0.013473646311710278,
        "mean_r2": 0.0002117511005421976,
        "max_r2": 0.0004784047062531688,
        "r2_fraction": 0.3968155605438515,
        "n_layers": 15
      }
    },
    "normalized_entropy": 0.8394742903169756,