{
  "dim_name": "15_shapes",
  "dim_id": 15,
  "reading_profile": {
    "probe_type": "reading",
    "n_layers": 35,
    "overall_mean_r2": 0.0004766423312052683,
    "overall_mean_abs_cos": 0.01845037648579039,
    "peak_layer": 40,
    "peak_cosine": -0.042165495455265045,
    "peak_abs_cosine": 0.042165495455265045,
    "peak_r2": 0.0017779290069879772,
    "onset_layer": null,
    "band_stats": {
      "early": {
        "mean_cos": 0.008105942406109535,
        "mean_abs_cos": 0.012663374267867766,
        "mean_r2": 0.00021642860335646013,
        "max_r2": 0.0005390401629071229,
        "r2_fraction": 0.06486702897303216,
        "n_layers": 5
      },
      "middle": {
        "mean_cos": -0.008312414734003444,
        "mean_abs_cos": 0.014111482840962707,
        "mean_r2": 0.0002914102107536073,
        "max_r2": 0.0011409135632498707,
        "r2_fraction": 0.2620205595402521,
        "n_layers": 15
      },
      "late": {
        "mean_cos": -0.024226588088398178,
        "mean_abs_cos": 0.024718270869925618,
        "mean_r2": 0.0007486123609398652,
        "max_r2": 0.0017779290069879772,
        "r2_fraction": 0.6731124114867155,
        "n_layers": 15
      }
    },
    "normalized_entropy": 0.852623498574601,
    "near_peak_layers": [
      24,
      29,
      30,
      33,
      40
    ],
    "near_peak_fraction": 0.14285714285714285,
    "sign_consistency": 0.7428571428571429,
    "dominant_sign": "negative",
    "profile_type": "negligible",
    "per_layer": {
      "6": {
        "cosine": 0.02321723848581314,
        "abs_cosine": 0.02321723848581314,
        "r_squared": 0.0005390401629071229
      },
      "7": {
        "cosine": -0.01139357965439558,
        "abs_cosine": 0.01139357965439558,
        "r_squared": 0.0001298136573410569
      },
      "8": {
        "cosine": 0.0001690051722107455,
        "abs_cosine": 0.0001690051722107455,
        "r_squared": 2.8562748233983748e-08
      },
      "9": {
        "cosine": 0.016011951491236687,
        "abs_cosine": 0.016011951491236687,
        "r_squared": 0.00025638259055771676
      },
      "10": {
        "cosine": 0.012525096535682678,
        "abs_cosine": 0.012525096535682678,
        "r_squared": 0.00015687804322817023
      },
      "11": {
        "cosine": 0.024524066597223282,
        "abs_cosine": 0.024524066597223282,
        "r_squared": 0.0006014298424650427
      },
      "12": {
        "cosine": -0.006941139232367277,
        "abs_cosine": 0.006941139232367277,
        "r_squared": 4.8179413843108193e-05
      },
      "13": {
        "cosine": 0.0025535712484270334,
        "abs_cosine": 0.0025535712484270334,
        "r_squared": 6.520726120793198e-06
      },
      "14": {
        "cosine": -0.0008341759676113725,
        "abs_cosine": 0.0008341759676113725,
        "r_squared": 6.958495449403695e-07
      },
      "15": {
        "cosine": 0.004416219424456358,
        "abs_cosine": 0.004416219424456358,
        "r_squared": 1.9502994004945646e-05
      },
      "16": {
        "cosine": -0.01043180376291275,
        "abs_cosine": 0.01043180376291275,
        "r_squared": 0.00010882252974792062
      },
      "17": {
        "cosine": -0.010515711270272732,
        "abs_cosine": 0.010515711270272732,
        "r_squared": 0.00011058018351974095
      },
      "18": {
        "cosine": 0.011999153532087803,
        "abs_cosine": 0.011999153532087803,
        "r_squared": 0.0001439796854866152
      },
      "19": {
        "cosine": -0.00885957945138216,
        "abs_cosine": 0.00885957945138216,
        "r_squared": 7.849214805535302e-05
      },
      "20": {
        "cosine": -0.016614098101854324,
        "abs_cosine": 0.016614098101854324,
        "r_squared": 0.00027602825573803946
      },
      "21": {
        "cosine": -0.008627189323306084,
        "abs_cosine": 0.008627189323306084,
        "r_squared": 7.442839562016648e-05
      },
      "22": {
        "cosine": -0.018054071813821793,
        "abs_cosine": 0.018054071813821793,
        "r_squared": 0.0003259495090586345
      },
      "23": {
        "cosine": -0.025493551045656204,
        "abs_cosine": 0.025493551045656204,
        "r_squared": 0.0006499211449174785
      },
      "24": {
        "cosine": -0.03377741202712059,
        "abs_cosine": 0.03377741202712059,
        "r_squared": 0.0011409135632498707
      },
      "25": {
        "cosine": -0.028030499815940857,
        "abs_cosine": 0.028030499815940857,
        "r_squared": 0.0007857089199314604
      },
      "26": {
        "cosine": -0.030691754072904587,
        "abs_cosine": 0.030691754072904587,
        "r_squared": 0.0009419837680716553
      },
      "27": {
        "cosine": -0.0076300520449876785,
        "abs_cosine": 0.0076300520449876785,
        "r_squared": 5.8217694209220655e-05
      },
      "28": {
        "cosine": -0.02193196304142475,
        "abs_cosine": 0.02193196304142475,
        "r_squared": 0.0004810110028504212
      },
      "29": {
        "cosine": -0.03730679303407669,
        "abs_cosine": 0.03730679303407669,
        "r_squared": 0.001391796806487433
      },
      "30": {
        "cosine": -0.04043477401137352,
        "abs_cosine": 0.04043477401137352,
        "r_squared": 0.0016349709493508474
      },
      "31": {
        "cosine": -0.02004398964345455,
        "abs_cosine": 0.02004398964345455,
        "r_squared": 0.0004017615208269133
      },
      "32": {
        "cosine": -0.012212450616061687,
        "abs_cosine": 0.012212450616061687,
        "r_squared": 0.0001491439500497455
      },
      "33": {
        "cosine": -0.03924858197569847,
        "abs_cosine": 0.03924858197569847,
        "r_squared": 0.001540451187103123
      },
      "34": {
        "cosine": -0.022105686366558075,
        "abs_cosine": 0.022105686366558075,
        "r_squared": 0.0004886613697366315
      },
      "35": {
        "cosine": -0.022601105272769928,
        "abs_cosine": 0.022601105272769928,
        "r_squared": 0.0005108099595508286
      },
      "36": {
        "cosine": -0.028873983770608902,
        "abs_cosine": 0.028873983770608902,
        "r_squared": 0.0008337069387853863
      },
      "37": {
        "cosine": -0.012862061150372028,
        "abs_cosine": 0.012862061150372028,
        "r_squared": 0.00016543261703590943
      },
      "38": {
        "cosine": -0.02897775173187256,
        "abs_cosine": 0.02897775173187256,
        "r_squared": 0.0008397100954340431
      },
      "39": {
        "cosine": 0.003687620861455798,
        "abs_cosine": 0.003687620861455798,
        "r_squared": 1.3598547617844003e-05
      },
      "40": {
        "cosine": -0.042165495455265045,
        "abs_cosine": 0.042165495455265045,
        "r_squared": 0.0017779290069879772
      }
    }
  },
  "control_profile": {
    "probe_type": "control",
    "n_layers": 35,
    "overall_mean_r2": 0.0018072571366129747,
    "overall_mean_abs_cos": 0.03345596489775094,
    "peak_layer": 11,
    "peak_cosine": -0.09071175754070282,
    "peak_abs_cosine": 0.09071175754070282,
    "peak_r2": 0.008228622956123255,
    "onset_layer": 7,
    "band_stats": {
      "early": {
        "mean_cos": -0.06631014347076417,
        "mean_abs_cos": 0.06631014347076417,
        "mean_r2": 0.0046719357639929794,
        "max_r2": 0.00750993324897703,
        "r2_fraction": 0.3692996316545011,
        "n_layers": 5
      },
      "middle": {
        "mean_cos": -0.04034423877989563,
        "mean_abs_cos": 0.04034423877989563,
        "mean_r2": 0.002313629346756216,
        "max_r2": 0.008228622956123255,
        "r2_fraction": 0.5486521061316106,
        "n_layers": 15
      },
      "late": {
        "mean_cos": -0.014334598182176705,
        "mean_abs_cos": 0.015616298157935186,
        "mean_r2": 0.00034599205067639883,
        "max_r2": 0.0012413087902094638,
        "r2_fraction": 0.08204826221388833,
        "n_layers": 15
      }
    },
    "normalized_entropy": 0.7959739593625644,