{
  "dim_name": "16_human",
  "dim_id": 16,
  "reading_profile": {
    "probe_type": "reading",
    "n_layers": 35,
    "overall_mean_r2": 0.000593119174991784,
    "overall_mean_abs_cos": 0.021182423357718756,
    "peak_layer": 30,
    "peak_cosine": -0.04373737797141075,
    "peak_abs_cosine": 0.04373737797141075,
    "peak_r2": 0.0019129582318140465,
    "onset_layer": null,
    "band_stats": {
      "early": {
        "mean_cos": 0.005077192466706038,
        "mean_abs_cos": 0.012941706832498312,
        "mean_r2": 0.00020981696503599836,
        "max_r2": 0.0004514578628441769,
        "r2_fraction": 0.05053596884372348,
        "n_layers": 5
      },
      "middle": {
        "mean_cos": -0.012164554217209418,
        "mean_abs_cos": 0.017868602368980645,
        "mean_r2": 0.0004384224655226267,
        "max_r2": 0.0014541778970351832,
        "r2_fraction": 0.3167918865031514,
        "n_layers": 15
      },
      "late": {
        "mean_cos": -0.027243149854863685,
        "mean_abs_cos": 0.027243149854863685,
        "mean_r2": 0.0008755832877795363,
        "max_r2": 0.0019129582318140465,
        "r2_fraction": 0.632672144653125,
        "n_layers": 15
      }
    },
    "normalized_entropy": 0.8776977915993062,
    "near_peak_layers": [
      24,
      29,
      30,
      33,
      40
    ],
    "near_peak_fraction": 0.14285714285714285,
    "sign_consistency": 0.8,
    "dominant_sign": "negative",
    "profile_type": "negligible",
    "per_layer": {
      "6": {
        "cosine": 0.021247537806630135,
        "abs_cosine": 0.021247537806630135,
        "r_squared": 0.0004514578628441769
      },
      "7": {
        "cosine": -0.0161444079130888,
        "abs_cosine": 0.0161444079130888,
        "r_squared": 0.0002606419068642042
      },
      "8": {
        "cosine": -0.0035168780013918877,
        "abs_cosine": 0.0035168780013918877,
        "r_squared": 1.2368430876674198e-05
      },
      "9": {
        "cosine": 0.01644977368414402,
        "abs_cosine": 0.01644977368414402,
        "r_squared": 0.00027059505425955713
      },
      "10": {
        "cosine": 0.007349936757236719,
        "abs_cosine": 0.007349936757236719,
        "r_squared": 5.402157033537942e-05
      },
      "11": {
        "cosine": 0.027709510177373886,
        "abs_cosine": 0.027709510177373886,
        "r_squared": 0.000767816954269987
      },
      "12": {
        "cosine": -0.009313058108091354,
        "abs_cosine": 0.009313058108091354,
        "r_squared": 8.673305132468612e-05
      },
      "13": {
        "cosine": 0.002976790303364396,
        "abs_cosine": 0.002976790303364396,
        "r_squared": 8.861280510204293e-06
      },
      "14": {
        "cosine": -0.004575188737362623,
        "abs_cosine": 0.004575188737362623,
        "r_squared": 2.0932351982489794e-05
      },
      "15": {
        "cosine": 0.009166310541331768,
        "abs_cosine": 0.009166310541331768,
        "r_squared": 8.402124894012989e-05
      },
      "16": {
        "cosine": -0.017504815012216568,
        "abs_cosine": 0.017504815012216568,
        "r_squared": 0.0003064185486119225
      },
      "17": {
        "cosine": -0.02109416574239731,
        "abs_cosine": 0.02109416574239731,
        "r_squared": 0.0004449638283677282
      },
      "18": {
        "cosine": 0.002927750116214156,
        "abs_cosine": 0.002927750116214156,
        "r_squared": 8.571720742992005e-06
      },
      "19": {
        "cosine": -0.011656081303954124,
        "abs_cosine": 0.011656081303954124,
        "r_squared": 0.00013586423136438888
      },
      "20": {
        "cosine": -0.021365009248256683,
        "abs_cosine": 0.021365009248256683,
        "r_squared": 0.0004564636201780936
      },
      "21": {
        "cosine": -0.014623480848968029,
        "abs_cosine": 0.014623480848968029,
        "r_squared": 0.0002138461921401347
      },
      "22": {
        "cosine": -0.022785240784287453,
        "abs_cosine": 0.022785240784287453,
        "r_squared": 0.0005191671975979563
      },
      "23": {
        "cosine": -0.03012280911207199,
        "abs_cosine": 0.03012280911207199,
        "r_squared": 0.0009073836288023274
      },
      "24": {
        "cosine": -0.038133684545755386,
        "abs_cosine": 0.038133684545755386,
        "r_squared": 0.0014541778970351832
      },
      "25": {
        "cosine": -0.034075140953063965,
        "abs_cosine": 0.034075140953063965,
        "r_squared": 0.001161115230971177
      },
      "26": {
        "cosine": -0.033375173807144165,
        "abs_cosine": 0.033375173807144165,
        "r_squared": 0.001113902226657082
      },
      "27": {
        "cosine": -0.010390146635472775,
        "abs_cosine": 0.010390146635472775,
        "r_squared": 0.00010795514710662622
      },
      "28": {
        "cosine": -0.02451809123158455,
        "abs_cosine": 0.02451809123158455,
        "r_squared": 0.0006011367976403031
      },
      "29": {
        "cosine": -0.040297094732522964,
        "abs_cosine": 0.040297094732522964,
        "r_squared": 0.00162385584388193
      },
      "30": {
        "cosine": -0.04373737797141075,
        "abs_cosine": 0.04373737797141075,
        "r_squared": 0.0019129582318140465
      },
      "31": {
        "cosine": -0.02009829878807068,
        "abs_cosine": 0.02009829878807068,
        "r_squared": 0.0004039416141745633
      },
      "32": {
        "cosine": -0.01759450137615204,
        "abs_cosine": 0.01759450137615204,
        "r_squared": 0.000309566478675416
      },
      "33": {
        "cosine": -0.04068925976753235,
        "abs_cosine": 0.04068925976753235,
        "r_squared": 0.0016556158604297266
      },
      "34": {
        "cosine": -0.030166422948241234,
        "abs_cosine": 0.030166422948241234,
        "r_squared": 0.0009100130734921753
      },
      "35": {
        "cosine": -0.02846647799015045,
        "abs_cosine": 0.02846647799015045,
        "r_squared": 0.0008103403691637201
      },
      "36": {
        "cosine": -0.030801231041550636,
        "abs_cosine": 0.030801231041550636,
        "r_squared": 0.0009487158336749825
      },
      "37": {
        "cosine": -0.01676691696047783,
        "abs_cosine": 0.01676691696047783,
        "r_squared": 0.0002811295043595591
      },
      "38": {
        "cosine": -0.028608623892068863,
        "abs_cosine": 0.028608623892068863,
        "r_squared": 0.0008184533609978534
      },
      "39": {
        "cosine": -0.002784015843644738,
        "abs_cosine": 0.002784015843644738,
        "r_squared": 7.750744217664923e-06
      },
      "40": {
        "cosine": -0.04035361483693123,
        "abs_cosine": 0.04035361483693123,
        "r_squared": 0.0016284142304073962
      }
    }
  },
  "control_profile": {
    "probe_type": "control",
    "n_layers": 35,
    "overall_mean_r2": 0.0017206594285576122,
    "overall_mean_abs_cos": 0.03371025309232729,
    "peak_layer": 8,
    "peak_cosine": -0.08784884214401245,
    "peak_abs_cosine": 0.08784884214401245,
    "peak_r2": 0.007717419066043618,
    "onset_layer": 7,
    "band_stats": {
      "early": {
        "mean_cos": -0.06549140140414238,
        "mean_abs_cos": 0.06549140140414238,
        "mean_r2": 0.0045329214241767194,
        "max_r2": 0.007717419066043618,
        "r2_fraction": 0.3763442042662977,
        "n_layers": 5
      },
      "middle": {
        "mean_cos": -0.03997731607717772,
        "mean_abs_cos": 0.03997731607717772,
        "mean_r2": 0.002138968820095539,
        "max_r2": 0.007564416184593137,
        "r2_fraction": 0.5327613981498575,
        "n_layers": 15
      },
      "late": {
        "mean_cos": -0.015579144020254414,
        "mean_abs_cos": 0.01684947400353849,
        "mean_r2": 0.00036492937181331685,
        "max_r2": 0.00115058316385043,
        "r2_fraction": 0.09089439758384504,
        "n_layers": 15
      }
    },
    "normalized_entropy": 0.8122426504175697,