{
  "dim_name": "3_agency",
  "dim_id": 3,
  "reading_profile": {
    "probe_type": "reading",
    "n_layers": 35,
    "overall_mean_r2": 0.0004931353156515748,
    "overall_mean_abs_cos": 0.019026153682664568,
    "peak_layer": 30,
    "peak_cosine": -0.041146308183670044,
    "peak_abs_cosine": 0.041146308183670044,
    "peak_r2": 0.0016930186771455524,
    "onset_layer": null,
    "band_stats": {
      "early": {
        "mean_cos": 0.0072477929177694024,
        "mean_abs_cos": 0.011969865870196373,
        "mean_r2": 0.00020018515857585906,
        "max_r2": 0.0005305693102464516,
        "r2_fraction": 0.05799195249029204,
        "n_layers": 5
      },
      "middle": {
        "mean_cos": -0.008971505317216117,
        "mean_abs_cos": 0.01564821394470831,
        "mean_r2": 0.00033510265711326115,
        "max_r2": 0.001212268815182549,
        "r2_fraction": 0.2912292426012002,
        "n_layers": 15
      },
      "late": {
        "mean_cos": -0.02441649662020306,
        "mean_abs_cos": 0.02475618935811023,
        "mean_r2": 0.0007488180265484603,
        "max_r2": 0.0016930186771455524,
        "r2_fraction": 0.6507788049085077,
        "n_layers": 15
      }
    },
    "normalized_entropy": 0.8648011191468549,
    "near_peak_layers": [
      24,
      29,
      30,
      33,
      40
    ],
    "near_peak_fraction": 0.14285714285714285,
    "sign_consistency": 0.7428571428571429,
    "dominant_sign": "negative",
    "profile_type": "negligible",
    "per_layer": {
      "6": {
        "cosine": 0.02303409017622471,
        "abs_cosine": 0.02303409017622471,
        "r_squared": 0.0005305693102464516
      },
      "7": {
        "cosine": -0.01146264560520649,
        "abs_cosine": 0.01146264560520649,
        "r_squared": 0.00013139224427055965
      },
      "8": {
        "cosine": -0.00034253677586093545,
        "abs_cosine": 0.00034253677586093545,
        "r_squared": 1.1733144281720473e-07
      },
      "9": {
        "cosine": 0.016117190942168236,
        "abs_cosine": 0.016117190942168236,
        "r_squared": 0.0002597638438663098
      },
      "10": {
        "cosine": 0.008892865851521492,
        "abs_cosine": 0.008892865851521492,
        "r_squared": 7.908306305315707e-05
      },
      "11": {
        "cosine": 0.027094682678580284,
        "abs_cosine": 0.027094682678580284,
        "r_squared": 0.0007341218294529585
      },
      "12": {
        "cosine": -0.009407415986061096,
        "abs_cosine": 0.009407415986061096,
        "r_squared": 8.849947553479787e-05
      },
      "13": {
        "cosine": 0.0026328745298087597,
        "abs_cosine": 0.0026328745298087597,
        "r_squared": 6.932028289715697e-06
      },
      "14": {
        "cosine": 0.0023842707742005587,
        "abs_cosine": 0.0023842707742005587,
        "r_squared": 5.684747124706931e-06
      },
      "15": {
        "cosine": 0.011013422161340714,
        "abs_cosine": 0.011013422161340714,
        "r_squared": 0.00012129546770391075
      },
      "16": {
        "cosine": -0.012252919375896454,
        "abs_cosine": 0.012252919375896454,
        "r_squared": 0.00015013403323221874
      },
      "17": {
        "cosine": -0.01919926330447197,
        "abs_cosine": 0.01919926330447197,
        "r_squared": 0.00036861171143444393
      },
      "18": {
        "cosine": 0.006950064562261105,
        "abs_cosine": 0.006950064562261105,
        "r_squared": 4.830339741959764e-05
      },
      "19": {
        "cosine": -0.008737116120755672,
        "abs_cosine": 0.008737116120755672,
        "r_squared": 7.633719810756865e-05
      },
      "20": {
        "cosine": -0.018566090613603592,
        "abs_cosine": 0.018566090613603592,
        "r_squared": 0.0003446997206725394
      },
      "21": {
        "cosine": -0.009198350831866264,
        "abs_cosine": 0.009198350831866264,
        "r_squared": 8.46096580260948e-05
      },
      "22": {
        "cosine": -0.0200396366417408,
        "abs_cosine": 0.0200396366417408,
        "r_squared": 0.00040158703673300045
      },
      "23": {
        "cosine": -0.024089744314551353,
        "abs_cosine": 0.024089744314551353,
        "r_squared": 0.0005803157811404593
      },
      "24": {
        "cosine": -0.0348176509141922,
        "abs_cosine": 0.0348176509141922,
        "r_squared": 0.001212268815182549
      },
      "25": {
        "cosine": -0.028339706361293793,
        "abs_cosine": 0.028339706361293793,
        "r_squared": 0.0008031389566443559
      },
      "26": {
        "cosine": -0.028893720358610153,
        "abs_cosine": 0.028893720358610153,
        "r_squared": 0.0008348470761615628
      },
      "27": {
        "cosine": -0.005844155792146921,
        "abs_cosine": 0.005844155792146921,
        "r_squared": 3.415415692288441e-05
      },
      "28": {
        "cosine": -0.02254478819668293,
        "abs_cosine": 0.02254478819668293,
        "r_squared": 0.000508267474833294
      },
      "29": {
        "cosine": -0.037837058305740356,
        "abs_cosine": 0.037837058305740356,
        "r_squared": 0.0014316429812319953
      },
      "30": {
        "cosine": -0.041146308183670044,
        "abs_cosine": 0.041146308183670044,
        "r_squared": 0.0016930186771455524
      },
      "31": {
        "cosine": -0.019828546792268753,
        "abs_cosine": 0.019828546792268753,
        "r_squared": 0.00039317126789319146
      },
      "32": {
        "cosine": -0.01363337878137827,
        "abs_cosine": 0.01363337878137827,
        "r_squared": 0.00018586901699653522
      },
      "33": {
        "cosine": -0.03953156620264053,
        "abs_cosine": 0.03953156620264053,
        "r_squared": 0.0015627447264337513
      },
      "34": {
        "cosine": -0.02494192309677601,
        "abs_cosine": 0.02494192309677601,
        "r_squared": 0.0006220995277654885
      },
      "35": {
        "cosine": -0.022218063473701477,
        "abs_cosine": 0.022218063473701477,
        "r_squared": 0.0004936423445214277
      },
      "36": {
        "cosine": -0.02997945062816143,
        "abs_cosine": 0.02997945062816143,
        "r_squared": 0.0008987674599663688
      },
      "37": {
        "cosine": -0.014594076201319695,
        "abs_cosine": 0.014594076201319695,
        "r_squared": 0.00021298706016992588
      },
      "38": {
        "cosine": -0.028609320521354675,
        "abs_cosine": 0.028609320521354675,
        "r_squared": 0.0008184932206936057
      },
      "39": {
        "cosine": 0.0025476955343037844,
        "abs_cosine": 0.0025476955343037844,
        "r_squared": 6.490752535511445e-06
      },
      "40": {
        "cosine": -0.03919278830289841,
        "abs_cosine": 0.03919278830289841,
        "r_squared": 0.0015360746549558102
      }
    }
  },
  "control_profile": {
    "probe_type": "control",
    "n_layers": 35,
    "overall_mean_r2": 0.001607308642132319,
    "overall_mean_abs_cos": 0.032424434929686996,
    "peak_layer": 11,
    "peak_cosine": -0.08524522930383682,
    "peak_abs_cosine": 0.08524522930383682,
    "peak_r2": 0.00726674911906372,
    "onset_layer": 7,
    "band_stats": {
      "early": {
        "mean_cos": -0.061712858825922014,
        "mean_abs_cos": 0.061712858825922014,
        "mean_r2": 0.004075761520906954,
        "max_r2": 0.007040652339165343,
        "r2_fraction": 0.3622525447703762,
        "n_layers": 5
      },
      "middle": {
        "mean_cos": -0.03889509964113434,
        "mean_abs_cos": 0.03889509964113434,
        "mean_r2": 0.0020443083755992976,
        "max_r2": 0.00726674911906372,
        "r2_fraction": 0.545092671068337,
        "n_layers": 15
      },
      "late": {
        "mean_cos": -0.014446835786414643,
        "mean_abs_cos": 0.01619096225282798,
        "mean_r2": 0.00034749128240712927,
        "max_r2": 0.001076435155815736,
        "r2_fraction": 0.09265478416128688,
        "n_layers": 15
      }
    },
    "normalized_entropy": 0.8111809454971979,