{
  "dim_name": "7_social",
  "dim_id": 7,
  "reading_profile": {
    "probe_type": "reading",
    "n_layers": 35,
    "overall_mean_r2": 0.0004112343110102589,
    "overall_mean_abs_cos": 0.017393767670728266,
    "peak_layer": 30,
    "peak_cosine": -0.035341087728738785,
    "peak_abs_cosine": 0.035341087728738785,
    "peak_r2": 0.0012489924818504111,
    "onset_layer": null,
    "band_stats": {
      "early": {
        "mean_cos": 0.007474069762974977,
        "mean_abs_cos": 0.011992094572633505,
        "mean_r2": 0.00019933585380432794,
        "max_r2": 0.00045544240451013407,
        "r2_fraction": 0.06924653362098725,
        "n_layers": 5
      },
      "middle": {
        "mean_cos": -0.008286393883948525,
        "mean_abs_cos": 0.015409852548812827,
        "mean_r2": 0.00032796899096666174,
        "max_r2": 0.0012309206356242997,
        "r2_fraction": 0.3417957481232779,
        "n_layers": 15
      },
      "late": {
        "mean_cos": -0.02073095553399374,
        "mean_abs_cos": 0.021178240492008626,
        "mean_r2": 0.0005651324501224998,
        "max_r2": 0.0012489924818504111,
        "r2_fraction": 0.588957718255735,
        "n_layers": 15
      }
    },
    "normalized_entropy": 0.8683840221762962,
    "near_peak_layers": [
      11,
      24,
      29,
      30,
      33,
      36,
      40
    ],
    "near_peak_fraction": 0.2,
    "sign_consistency": 0.7428571428571429,
    "dominant_sign": "negative",
    "profile_type": "negligible",
    "per_layer": {
      "6": {
        "cosine": 0.021341096609830856,
        "abs_cosine": 0.021341096609830856,
        "r_squared": 0.00045544240451013407
      },
      "7": {
        "cosine": -0.010628677904605865,
        "abs_cosine": 0.010628677904605865,
        "r_squared": 0.00011296879399985693
      },
      "8": {
        "cosine": -0.000666384119540453,
        "abs_cosine": 0.000666384119540453,
        "r_squared": 4.440677947757047e-07
      },
      "9": {
        "cosine": 0.018883025273680687,
        "abs_cosine": 0.018883025273680687,
        "r_squared": 0.0003565686434864636
      },
      "10": {
        "cosine": 0.008441288955509663,
        "abs_cosine": 0.008441288955509663,
        "r_squared": 7.125535923040941e-05
      },
      "11": {
        "cosine": 0.028847696259617805,
        "abs_cosine": 0.028847696259617805,
        "r_squared": 0.0008321895794871671
      },
      "12": {
        "cosine": -0.009160539135336876,
        "abs_cosine": 0.009160539135336876,
        "r_squared": 8.391547725003848e-05
      },
      "13": {
        "cosine": 0.004347571171820164,
        "abs_cosine": 0.004347571171820164,
        "r_squared": 1.890137509404175e-05
      },
      "14": {
        "cosine": 0.004371344111859798,
        "abs_cosine": 0.004371344111859798,
        "r_squared": 1.910864934429133e-05
      },
      "15": {
        "cosine": 0.012957020662724972,
        "abs_cosine": 0.012957020662724972,
        "r_squared": 0.00016788438445428187
      },
      "16": {
        "cosine": -0.011185680516064167,
        "abs_cosine": 0.011185680516064167,
        "r_squared": 0.00012511944860745753
      },
      "17": {
        "cosine": -0.0205080546438694,
        "abs_cosine": 0.0205080546438694,
        "r_squared": 0.00042058030527593326
      },
      "18": {
        "cosine": 0.002902307780459523,
        "abs_cosine": 0.002902307780459523,
        "r_squared": 8.423390452515884e-06
      },
      "19": {
        "cosine": -0.006449828390032053,
        "abs_cosine": 0.006449828390032053,
        "r_squared": 4.1600286260863465e-05
      },
      "20": {
        "cosine": -0.01789879985153675,
        "abs_cosine": 0.01789879985153675,
        "r_squared": 0.000320367036125372
      },
      "21": {
        "cosine": -0.009728662669658661,
        "abs_cosine": 0.009728662669658661,
        "r_squared": 9.464687734000998e-05
      },
      "22": {
        "cosine": -0.020346270874142647,
        "abs_cosine": 0.020346270874142647,
        "r_squared": 0.0004139707384839854
      },
      "23": {
        "cosine": -0.020482582971453667,
        "abs_cosine": 0.020482582971453667,
        "r_squared": 0.0004195362051824837
      },
      "24": {
        "cosine": -0.03508447855710983,
        "abs_cosine": 0.03508447855710983,
        "r_squared": 0.0012309206356242997
      },
      "25": {
        "cosine": -0.02687695063650608,
        "abs_cosine": 0.02687695063650608,
        "r_squared": 0.0007223704755171846
      },
      "26": {
        "cosine": -0.02497035451233387,
        "abs_cosine": 0.02497035451233387,
        "r_squared": 0.0006235186044716325
      },
      "27": {
        "cosine": -0.0019430139800533652,
        "abs_cosine": 0.0019430139800533652,
        "r_squared": 3.775303326682819e-06
      },
      "28": {
        "cosine": -0.01844431646168232,
        "abs_cosine": 0.01844431646168232,
        "r_squared": 0.0003401928097386854
      },
      "29": {
        "cosine": -0.03234107047319412,
        "abs_cosine": 0.03234107047319412,
        "r_squared": 0.0010459448393521087
      },
      "30": {
        "cosine": -0.035341087728738785,
        "abs_cosine": 0.035341087728738785,
        "r_squared": 0.0012489924818504111
      },
      "31": {
        "cosine": -0.014050411991775036,
        "abs_cosine": 0.014050411991775036,
        "r_squared": 0.00019741407713861573
      },
      "32": {
        "cosine": -0.009112086147069931,
        "abs_cosine": 0.009112086147069931,
        "r_squared": 8.303011395162374e-05
      },
      "33": {
        "cosine": -0.0338350348174572,
        "abs_cosine": 0.0338350348174572,
        "r_squared": 0.001144809581098541
      },
      "34": {
        "cosine": -0.025370869785547256,
        "abs_cosine": 0.025370869785547256,
        "r_squared": 0.0006436810336751947
      },
      "35": {
        "cosine": -0.019195102155208588,
        "abs_cosine": 0.019195102155208588,
        "r_squared": 0.00036845194674889337
      },
      "36": {
        "cosine": -0.030445527285337448,
        "abs_cosine": 0.030445527285337448,
        "r_squared": 0.000926930131682227
      },
      "37": {
        "cosine": -0.010734764859080315,
        "abs_cosine": 0.010734764859080315,
        "r_squared": 0.00011523517657974561
      },
      "38": {
        "cosine": -0.026969335973262787,
        "abs_cosine": 0.026969335973262787,
        "r_squared": 0.0007273450828387262
      },
      "39": {
        "cosine": 0.003354637185111642,
        "abs_cosine": 0.003354637185111642,
        "r_squared": 1.125359064373376e-05
      },
      "40": {
        "cosine": -0.03156599402427673,
        "abs_cosine": 0.03156599402427673,
        "r_squared": 0.0009964119787406744
      }
    }
  },
  "control_profile": {
    "probe_type": "control",
    "n_layers": 35,
    "overall_mean_r2": 0.0014303063270022013,
    "overall_mean_abs_cos": 0.030512305249326997,
    "peak_layer": 8,
    "peak_cosine": -0.082008957862854,
    "peak_abs_cosine": 0.082008957862854,
    "peak_r2": 0.0067254691697513636,
    "onset_layer": 7,
    "band_stats": {
      "early": {
        "mean_cos": -0.058955267816781995,
        "mean_abs_cos": 0.058955267816781995,
        "mean_r2": 0.00372355431770853,
        "max_r2": 0.0067254691697513636,
        "r2_fraction": 0.3719037810705286,
        "n_layers": 5
      },
      "middle": {
        "mean_cos": -0.03583891183758776,
        "mean_abs_cos": 0.03583891183758776,
        "mean_r2": 0.0017554762243016072,
        "max_r2": 0.006140672402879022,
        "r2_fraction": 0.5260040727422157,
        "n_layers": 15
      },
      "late": {
        "mean_cos": -0.014815931937967737,
        "mean_abs_cos": 0.015704711138581236,
        "mean_r2": 0.000340720432800686,
        "max_r2": 0.0010587059608924282,
        "r2_fraction": 0.10209214618725565,
        "n_layers": 15
      }
    },
    "normalized_entropy": 0.809105081101643,