{
  "0_baseline": {
    "dim_id": 0,
    "reading_mean_r2": 0.0007602973389052555,
    "control_mean_r2": 0.009654007099766819,
    "reading_boot_ci95": [
      0.0005621020906731913,
      0.0008935725035641418
    ],
    "control_boot_ci95": [
      0.007706652140187688,
      0.009957114618923072
    ]
  },
  "1_phenomenology": {
    "dim_id": 1,
    "reading_mean_r2": 0.0003757673174393155,
    "control_mean_r2": 0.004541177742996505,
    "reading_boot_ci95": [
      0.00030131397019799426,
      0.00045337432806777454
    ],
    "control_boot_ci95": [
      0.0037013593176866222,
      0.005051925684814725
    ]
  },
  "2_emotions": {
    "dim_id": 2,
    "reading_mean_r2": 0.0003656822552556432,
    "control_mean_r2": 0.003947394387117578,
    "reading_boot_ci95": [
      0.00030226432309316074,
      0.00042985981049863727
    ],
    "control_boot_ci95": [
      0.0034556303570429216,
      0.004207442639886855
    ]
  },
  "3_agency": {
    "dim_id": 3,
    "reading_mean_r2": 0.00044416166275976075,
    "control_mean_r2": 0.005253227182198501,
    "reading_boot_ci95": [
      0.0003639551522717029,
      0.0005255942338189694
    ],
    "control_boot_ci95": [
      0.004440598767262799,
      0.005610329325615744
    ]
  },
  "4_intentions": {
    "dim_id": 4,
    "reading_mean_r2": 0.0005596709404185572,
    "control_mean_r2": 0.004651563098785057,
    "reading_boot_ci95": [
      0.00043503585851549135,
      0.0006504875829717692
    ],
    "control_boot_ci95": [
      0.0038146503666466984,
      0.005190205351962135
    ]
  },
  "5_prediction": {
    "dim_id": 5,
    "reading_mean_r2": 0.0004635768463452658,
    "control_mean_r2": 0.005611916162107558,
    "reading_boot_ci95": [
      0.0003636665174050395,
      0.0005876123349402425
    ],
    "control_boot_ci95": [
      0.004646590236564641,
      0.006192827305222164
    ]
  },
  "6_cognitive": {
    "dim_id": 6,
    "reading_mean_r2": 0.0005245338803729097,
    "control_mean_r2": 0.004322798747293959,
    "reading_boot_ci95": [
      0.00043354236206577187,
      0.0005785101423373751
    ],
    "control_boot_ci95": [
      0.0035866950485469026,
      0.004829883754862289
    ]
  },
  "7_social": {
    "dim_id": 7,
    "reading_mean_r2": 0.000564232570372657,
    "control_mean_r2": 0.005812864633271364,
    "reading_boot_ci95": [
      0.00044896261487080956,
      0.0006702932174653903
    ],
    "control_boot_ci95": [
      0.0048109442535381585,
      0.006371308588247284
    ]
  },
  "8_embodiment": {
    "dim_id": 8,
    "reading_mean_r2": 0.00034954974219393055,
    "control_mean_r2": 0.005092010024575035,
    "reading_boot_ci95": [
      0.0002953058971941108,
      0.0004046562803031378
    ],
    "control_boot_ci95": [
      0.004077524935064629,
      0.005674017224591696
    ]
  },
  "9_roles": {
    "dim_id": 9,
    "reading_mean_r2": 0.0004594338868535459,
    "control_mean_r2": 0.006366501486166931,
    "reading_boot_ci95": [
      0.00038252459727607167,
      0.0005335031498107445
    ],
    "control_boot_ci95": [
      0.004975499882347515,
      0.0071397042046736185
    ]
  },
  "10_animacy": {
    "dim_id": 10,
    "reading_mean_r2": 0.00044075150601546897,
    "control_mean_r2": 0.0061671227553904955,
    "reading_boot_ci95": [
      0.00036320734243668425,
      0.0005006494429107581
    ],
    "control_boot_ci95": [
      0.004991875244160474,
      0.006597695944951392
    ]
  },
  "11_formality": {
    "dim_id": 11,
    "reading_mean_r2": 0.0002388180928399293,
    "control_mean_r2": 0.0002844014024715431,
    "reading_boot_ci95": [
      0.00017203690994101406,
      0.0003289538749777275
    ],
    "control_boot_ci95": [
      0.00021429665381103845,
      0.0004455820104361007
    ]
  },
  "12_expertise": {
    "dim_id": 12,
    "reading_mean_r2": 0.0004393062005917256,
    "control_mean_r2": 0.0005687100625318553,
    "reading_boot_ci95": [
      0.00038528359391658637,
      0.0004904411685389513
    ],
    "control_boot_ci95": [
      0.00045246692398242947,
      0.0007378878200523273
    ]
  },
  "13_helpfulness": {
    "dim_id": 13,
    "reading_mean_r2": 0.00043717958852976425,
    "control_mean_r2": 0.00031708158833049026,
    "reading_boot_ci95": [
      0.00026151285121836656,
      0.0005142311595733639
    ],
    "control_boot_ci95": [
      0.00020819049953701597,
      0.0006614664117437542
    ]
  },
  "14_biological": {
    "dim_id": 14,
    "reading_mean_r2": 0.00026472767817968665,
    "control_mean_r2": 0.004084473160041472,
    "reading_boot_ci95": [
      0.00023040290423346845,
      0.00030681767593573314
    ],
    "control_boot_ci95": [
      0.003527023621616541,
      0.00443785384596029
    ]
  },
  "15_shapes": {
    "dim_id": 15,
    "reading_mean_r2": 0.0004746646735921447,
    "control_mean_r2": 0.0006406140373648462,
    "reading_boot_ci95": [
      0.00028725491542739407,
      0.0005830618183408001
    ],
    "control_boot_ci95": [
      0.0003276374964212732,
      0.0010574285254270578
    ]
  },
  "16_mind": {
    "dim_id": 16,
    "reading_mean_r2": 0.0004247886311302191,
    "control_mean_r2": 0.0057320742610065725,
    "reading_boot_ci95": [
      0.0003949583195435895,
      0.0004545608256130248
    ],
    "control_boot_ci95": [
      0.0053885336812852245,
      0.005998708530370697
    ]
  },
  "17_attention": {
    "dim_id": 17,
    "reading_mean_r2": 0.0004965680274562206,
    "control_mean_r2": 0.005106952726281588,
    "reading_boot_ci95": [
      0.00041141357006940446,
      0.0005576186522710977
    ],
    "control_boot_ci95": [
      0.004237509189020258,
      0.005636602750499273
    ]
  },
  "18_sysprompt_labeled": {
    "dim_id": 18,
    "reading_mean_r2": 0.0005685937819734959,
    "control_mean_r2": 0.003794620081217103,
    "reading_boot_ci95": [
      0.0005163245628468479,
      0.0006137466142171856
    ],
    "control_boot_ci95": [
      0.003265355334397969,
      0.004229465188092634
    ]
  }
}