{
  "dim_name": "10_animacy",
  "dim_id": 10,
  "reading_profile": {
    "probe_type": "reading",
    "n_layers": 35,
    "overall_mean_r2": 0.00044075150601546897,
    "overall_mean_abs_cos": 0.016026824993813145,
    "peak_layer": 7,
    "peak_cosine": 0.048271551728248596,
    "peak_abs_cosine": 0.048271551728248596,
    "peak_r2": 0.00233014270625298,
    "onset_layer": null,
    "band_stats": {
      "early": {
        "mean_cos": 0.02784266956150532,
        "mean_abs_cos": 0.0311385877430439,
        "mean_r2": 0.0012482782075410083,
        "max_r2": 0.00233014270625298,
        "r2_fraction": 0.40459409845756805,
        "n_layers": 5
      },
      "middle": {
        "mean_cos": -0.003952396032400429,
        "mean_abs_cos": 0.01378618108574301,
        "mean_r2": 0.00033429972346949767,
        "max_r2": 0.001294527774012233,
        "r2_fraction": 0.325061419196439,
        "n_layers": 15
      },
      "late": {
        "mean_cos": -0.00675032112825041,
        "mean_abs_cos": 0.013230214652139693,
        "mean_r2": 0.00027802772138626043,
        "max_r2": 0.0013827407285313953,
        "r2_fraction": 0.27034448234599295,
        "n_layers": 15
      }
    },
    "normalized_entropy": 0.7715839222569726,
    "near_peak_layers": [
      6,
      7,
      8
    ],
    "near_peak_fraction": 0.08571428571428572,
    "sign_consistency": 0.5142857142857142,
    "dominant_sign": "negative",
    "profile_type": "negligible",
    "per_layer": {
      "6": {
        "cosine": 0.04546869918704033,
        "abs_cosine": 0.04546869918704033,
        "r_squared": 0.002067402605761562
      },
      "7": {
        "cosine": 0.048271551728248596,
        "abs_cosine": 0.048271551728248596,
        "r_squared": 0.00233014270625298
      },
      "8": {
        "cosine": 0.039767954498529434,
        "abs_cosine": 0.039767954498529434,
        "r_squared": 0.0015814902049971075
      },
      "9": {
        "cosine": -0.008239795453846455,
        "abs_cosine": 0.008239795453846455,
        "r_squared": 6.78942291212287e-05
      },
      "10": {
        "cosine": 0.013944937847554684,
        "abs_cosine": 0.013944937847554684,
        "r_squared": 0.00019446129157216305
      },
      "11": {
        "cosine": 0.030797844752669334,
        "abs_cosine": 0.030797844752669334,
        "r_squared": 0.0009485072414095221
      },
      "12": {
        "cosine": -0.0010808316292241216,
        "abs_cosine": 0.0010808316292241216,
        "r_squared": 1.168197010731269e-06
      },
      "13": {
        "cosine": 0.0030349805019795895,
        "abs_cosine": 0.0030349805019795895,
        "r_squared": 9.21110664739628e-06
      },
      "14": {
        "cosine": 0.004756818991154432,
        "abs_cosine": 0.004756818991154432,
        "r_squared": 2.262732691460747e-05
      },
      "15": {
        "cosine": -0.024303054437041283,
        "abs_cosine": 0.024303054437041283,
        "r_squared": 0.000590638454969792
      },
      "16": {
        "cosine": -0.03597954660654068,
        "abs_cosine": 0.03597954660654068,
        "r_squared": 0.001294527774012233
      },
      "17": {
        "cosine": -0.029101479798555374,
        "abs_cosine": 0.029101479798555374,
        "r_squared": 0.0008468961264657265
      },
      "18": {
        "cosine": 0.0021578322630375624,
        "abs_cosine": 0.0021578322630375624,
        "r_squared": 4.656240075405808e-06
      },
      "19": {
        "cosine": 0.002825844334438443,
        "abs_cosine": 0.002825844334438443,
        "r_squared": 7.985396202477848e-06
      },
      "20": {
        "cosine": 0.01449061743915081,
        "abs_cosine": 0.01449061743915081,
        "r_squared": 0.00020997799376782159
      },
      "21": {
        "cosine": 0.0028600951191037893,
        "abs_cosine": 0.0028600951191037893,
        "r_squared": 8.180144090321319e-06
      },
      "22": {
        "cosine": 0.0050737010315060616,
        "abs_cosine": 0.0050737010315060616,
        "r_squared": 2.5742442157105673e-05
      },
      "23": {
        "cosine": -0.0150447404012084,
        "abs_cosine": 0.0150447404012084,
        "r_squared": 0.0002263442137397523
      },
      "24": {
        "cosine": 0.007755653467029333,
        "abs_cosine": 0.007755653467029333,
        "r_squared": 6.0150160700644115e-05
      },
      "25": {
        "cosine": -0.027529675513505936,
        "abs_cosine": 0.027529675513505936,
        "r_squared": 0.0007578830338789283
      },
      "26": {
        "cosine": -0.016288280487060547,
        "abs_cosine": 0.016288280487060547,
        "r_squared": 0.00026530808122515737
      },
      "27": {
        "cosine": -0.0014908965677022934,
        "abs_cosine": 0.0014908965677022934,
        "r_squared": 2.222772575586479e-06
      },
      "28": {
        "cosine": 0.007784474641084671,
        "abs_cosine": 0.007784474641084671,
        "r_squared": 6.059804543769032e-05
      },
      "29": {
        "cosine": -0.016155686229467392,
        "abs_cosine": 0.016155686229467392,
        "r_squared": 0.0002610061975450023
      },
      "30": {
        "cosine": 0.014758997596800327,
        "abs_cosine": 0.014758997596800327,
        "r_squared": 0.00021782801006235784
      },
      "31": {
        "cosine": 0.00047864409862086177,
        "abs_cosine": 0.00047864409862086177,
        "r_squared": 2.2910017314457725e-07
      },
      "32": {
        "cosine": -0.00981773529201746,
        "abs_cosine": 0.00981773529201746,
        "r_squared": 9.638792626412516e-05
      },
      "33": {
        "cosine": -0.004596958868205547,
        "abs_cosine": 0.004596958868205547,
        "r_squared": 2.1132030835973627e-05
      },
      "34": {
        "cosine": 0.025577085092663765,
        "abs_cosine": 0.025577085092663765,
        "r_squared": 0.000654187281837363
      },
      "35": {
        "cosine": -0.006396456155925989,
        "abs_cosine": 0.006396456155925989,
        "r_squared": 4.091465135468348e-05
      },
      "36": {
        "cosine": -0.014101613312959671,
        "abs_cosine": 0.014101613312959671,
        "r_squared": 0.00019885549802824143
      },
      "37": {
        "cosine": -0.029125304892659187,
        "abs_cosine": 0.029125304892659187,
        "r_squared": 0.0008482833850903572
      },
      "38": {
        "cosine": -0.009871609508991241,
        "abs_cosine": 0.009871609508991241,
        "r_squared": 9.74486742980063e-05
      },
      "39": {
        "cosine": -0.037185221910476685,
        "abs_cosine": 0.037185221910476685,
        "r_squared": 0.0013827407285313953
      },
      "40": {
        "cosine": -0.0048242551274597645,
        "abs_cosine": 0.0048242551274597645,
        "r_squared": 2.327343753482183e-05
      }
    }
  },
  "control_profile": {
    "probe_type": "control",
    "n_layers": 35,
    "overall_mean_r2": 0.006167122755390495,
    "overall_mean_abs_cos": 0.04585635094637317,
    "peak_layer": 6,
    "peak_cosine": 0.25900474190711975,
    "peak_abs_cosine": 0.25900474190711975,
    "peak_r2": 0.06708345633037371,
    "onset_layer": 6,
    "band_stats": {
      "early": {
        "mean_cos": 0.1714687541127205,
        "mean_abs_cos": 0.1714687541127205,
        "mean_r2": 0.03339018124697183,
        "max_r2": 0.06708345633037371,
        "r2_fraction": 0.7734605068879506,
        "n_layers": 5
      },
      "middle": {
        "mean_cos": 0.03320801069494337,
        "mean_abs_cos": 0.0388474556695049,
        "mean_r2": 0.003091917414003519,
        "max_r2": 0.017334347618103374,
        "r2_fraction": 0.21486639973010577,
        "n_layers": 15
      },
      "late": {
        "mean_cos": 0.0018341092470412453,
        "mean_abs_cos": 0.01099444516779234,
        "mean_r2": 0.00016797526625036177,
        "max_r2": 0.0008534190719794478,
        "r2_fraction": 0.011673093381943769,
        "n_layers": 15
      }
    },
    "normalized_entropy": 0.578276033577204,
    "near_peak_layers": [
      6
    ],