{
  "dim_name": "4_intentions",
  "dim_id": 4,
  "reading_profile": {
    "probe_type": "reading",
    "n_layers": 35,
    "overall_mean_r2": 0.0005596709404185572,
    "overall_mean_abs_cos": 0.02017691670251744,
    "peak_layer": 6,
    "peak_cosine": 0.05439596250653267,
    "peak_abs_cosine": 0.05439596250653267,
    "peak_r2": 0.002958920737012108,
    "onset_layer": 6,
    "band_stats": {
      "early": {
        "mean_cos": 0.02170161996036768,
        "mean_abs_cos": 0.03137832600623369,
        "mean_r2": 0.0012526705042615724,
        "max_r2": 0.002958920737012108,
        "r2_fraction": 0.31974668730592365,
        "n_layers": 5
      },
      "middle": {
        "mean_cos": 0.019972121715545653,
        "mean_abs_cos": 0.02187892161309719,
        "mean_r2": 0.0005684903077070274,
        "max_r2": 0.0021370179061345335,
        "r2_fraction": 0.4353249127439123,
        "n_layers": 15
      },
      "late": {
        "mean_cos": 0.008515893605848153,
        "mean_abs_cos": 0.014741108690698942,
        "mean_r2": 0.0003198517185157486,
        "max_r2": 0.0013399050612929037,
        "r2_fraction": 0.24492839995016405,
        "n_layers": 15
      }
    },
    "normalized_entropy": 0.8484660733917054,
    "near_peak_layers": [
      6,
      15
    ],
    "near_peak_fraction": 0.05714285714285714,
    "sign_consistency": 0.7714285714285715,
    "dominant_sign": "positive",
    "profile_type": "mixed",
    "per_layer": {
      "6": {
        "cosine": 0.05439596250653267,
        "abs_cosine": 0.05439596250653267,
        "r_squared": 0.002958920737012108
      },
      "7": {
        "cosine": 0.03917019069194794,
        "abs_cosine": 0.03917019069194794,
        "r_squared": 0.0015343038388435648
      },
      "8": {
        "cosine": 0.03404378145933151,
        "abs_cosine": 0.03404378145933151,
        "r_squared": 0.001158979056050724
      },
      "9": {
        "cosine": 0.005089930258691311,
        "abs_cosine": 0.005089930258691311,
        "r_squared": 2.5907390038341395e-05
      },
      "10": {
        "cosine": -0.02419176511466503,
        "abs_cosine": 0.02419176511466503,
        "r_squared": 0.000585241499363124
      },
      "11": {
        "cosine": 0.027859682217240334,
        "abs_cosine": 0.027859682217240334,
        "r_squared": 0.0007761618932456173
      },
      "12": {
        "cosine": -0.014300999231636524,
        "abs_cosine": 0.014300999231636524,
        "r_squared": 0.00020451857902326846
      },
      "13": {
        "cosine": 0.012662742286920547,
        "abs_cosine": 0.012662742286920547,
        "r_squared": 0.00016034504222496582
      },
      "14": {
        "cosine": 0.028378596529364586,
        "abs_cosine": 0.028378596529364586,
        "r_squared": 0.0008053447409764637
      },
      "15": {
        "cosine": 0.046227890998125076,
        "abs_cosine": 0.046227890998125076,
        "r_squared": 0.0021370179061345335
      },
      "16": {
        "cosine": 0.03530188649892807,
        "abs_cosine": 0.03530188649892807,
        "r_squared": 0.0012462231903832
      },
      "17": {
        "cosine": 0.023110052570700645,
        "abs_cosine": 0.023110052570700645,
        "r_squared": 0.0005340745298205475
      },
      "18": {
        "cosine": 0.022196641191840172,
        "abs_cosine": 0.022196641191840172,
        "r_squared": 0.0004926908801992959
      },
      "19": {
        "cosine": 0.011383864097297192,
        "abs_cosine": 0.011383864097297192,
        "r_squared": 0.000129592361785732
      },
      "20": {
        "cosine": 0.017443472519516945,
        "abs_cosine": 0.017443472519516945,
        "r_squared": 0.00030427473353914283
      },
      "21": {
        "cosine": 0.025524115189909935,
        "abs_cosine": 0.025524115189909935,
        "r_squared": 0.0006514804562277911
      },
      "22": {
        "cosine": 0.01802496239542961,
        "abs_cosine": 0.01802496239542961,
        "r_squared": 0.0003248992693566516
      },
      "23": {
        "cosine": 0.020911049097776413,
        "abs_cosine": 0.020911049097776413,
        "r_squared": 0.00043727197436961573
      },
      "24": {
        "cosine": 0.009736145846545696,
        "abs_cosine": 0.009736145846545696,
        "r_squared": 9.479253594520901e-05
      },
      "25": {
        "cosine": 0.015121723525226116,
        "abs_cosine": 0.015121723525226116,
        "r_squared": 0.00022866652237337696
      },
      "26": {
        "cosine": 0.012069884687662125,
        "abs_cosine": 0.012069884687662125,
        "r_squared": 0.00014568211637346062
      },
      "27": {
        "cosine": 0.03660471364855766,
        "abs_cosine": 0.03660471364855766,
        "r_squared": 0.0013399050612929037
      },
      "28": {
        "cosine": 0.02859881892800331,
        "abs_cosine": 0.02859881892800331,
        "r_squared": 0.0008178924440767205
      },
      "29": {
        "cosine": -0.009125715121626854,
        "abs_cosine": 0.009125715121626854,
        "r_squared": 8.327867648108903e-05
      },
      "30": {
        "cosine": -0.004406244959682226,
        "abs_cosine": 0.004406244959682226,
        "r_squared": 1.9414994644725023e-05
      },
      "31": {
        "cosine": 0.02881830744445324,
        "abs_cosine": 0.02881830744445324,
        "r_squared": 0.000830494843963029
      },
      "32": {
        "cosine": 0.0177298691123724,
        "abs_cosine": 0.0177298691123724,
        "r_squared": 0.0003143482587418568
      },
      "33": {
        "cosine": 0.011655755341053009,
        "abs_cosine": 0.011655755341053009,
        "r_squared": 0.00013585663257048575
      },
      "34": {
        "cosine": 0.01582905650138855,
        "abs_cosine": 0.01582905650138855,
        "r_squared": 0.0002505590297241511
      },
      "35": {
        "cosine": 0.017453661188483238,
        "abs_cosine": 0.017453661188483238,
        "r_squared": 0.0003046302888823661
      },
      "36": {
        "cosine": -0.021945392712950706,
        "abs_cosine": 0.021945392712950706,
        "r_squared": 0.00048160026132562997
      },
      "37": {
        "cosine": -0.003957311622798443,
        "abs_cosine": 0.003957311622798443,
        "r_squared": 1.5660315279935645e-05
      },
      "38": {
        "cosine": -0.003725579706951976,
        "abs_cosine": 0.003725579706951976,
        "r_squared": 1.387994415285237e-05
      },
      "39": {
        "cosine": -0.0035288690123707056,
        "abs_cosine": 0.0035288690123707056,
        "r_squared": 1.24529165064702e-05
      },
      "40": {
        "cosine": 0.005667450372129679,
        "abs_cosine": 0.005667450372129679,
        "r_squared": 3.2119993720552834e-05
      }
    }
  },
  "control_profile": {
    "probe_type": "control",
    "n_layers": 35,
    "overall_mean_r2": 0.004651563098785057,
    "overall_mean_abs_cos": 0.04678220695984367,
    "peak_layer": 6,
    "peak_cosine": 0.2082037478685379,
    "peak_abs_cosine": 0.2082037478685379,
    "peak_r2": 0.0433488006265057,
    "onset_layer": 6,
    "band_stats": {
      "early": {
        "mean_cos": 0.13414995446801187,
        "mean_abs_cos": 0.13414995446801187,
        "mean_r2": 0.02064210633867464,
        "max_r2": 0.0433488006265057,
        "r2_fraction": 0.6339529898813141,
        "n_layers": 5
      },
      "middle": {
        "mean_cos": 0.04605615516193211,
        "mean_abs_cos": 0.04887541173957288,
        "mean_r2": 0.0035875826889601456,
        "max_r2": 0.010933334816798868,
        "r2_fraction": 0.3305416707186808,
        "n_layers": 15
      },
      "late": {
        "mean_cos": 0.012028679491534907,
        "mean_abs_cos": 0.015566419677391726,
        "mean_r2": 0.00038536242864677415,
        "max_r2": 0.0015107540597725788,
        "r2_fraction": 0.035505339400005165,
        "n_layers": 15
      }
    },
    "normalized_entropy": 0.6799452338234683,
    "near_peak_layers": [
      6
    ],
    "near_peak_fraction": 0.02857142857142857,