{
  "dim_name": "5_prediction",
  "dim_id": 5,
  "reading_profile": {
    "probe_type": "reading",
    "n_layers": 35,
    "overall_mean_r2": 0.0004635768463452658,
    "overall_mean_abs_cos": 0.017935168171035392,
    "peak_layer": 6,
    "peak_cosine": 0.05750970169901848,
    "peak_abs_cosine": 0.05750970169901848,
    "peak_r2": 0.003307365789510089,
    "onset_layer": 6,
    "band_stats": {
      "early": {
        "mean_cos": 0.025225028023123743,
        "mean_abs_cos": 0.030150406062602997,
        "mean_r2": 0.001237689213656185,
        "max_r2": 0.003307365789510089,
        "r2_fraction": 0.38140978394839564,
        "n_layers": 5
      },
      "middle": {
        "mean_cos": 0.01573046602619191,
        "mean_abs_cos": 0.01704986618521313,
        "mean_r2": 0.0003991679709729693,
        "max_r2": 0.0013158463910498686,
        "r2_fraction": 0.36902616881869005,
        "n_layers": 15
      },
      "late": {
        "mean_cos": 0.0022003650510062775,
        "mean_abs_cos": 0.014748724193001788,
        "mean_r2": 0.0002699482659472558,
        "max_r2": 0.001033339169596706,
        "r2_fraction": 0.24956404723291428,
        "n_layers": 15
      }
    },
    "normalized_entropy": 0.818338330228677,
    "near_peak_layers": [
      6
    ],
    "near_peak_fraction": 0.02857142857142857,
    "sign_consistency": 0.7142857142857143,
    "dominant_sign": "positive",
    "profile_type": "mixed",
    "per_layer": {
      "6": {
        "cosine": 0.05750970169901848,
        "abs_cosine": 0.05750970169901848,
        "r_squared": 0.003307365789510089
      },
      "7": {
        "cosine": 0.03866581246256828,
        "abs_cosine": 0.03866581246256828,
        "r_squared": 0.0014950450533905008
      },
      "8": {
        "cosine": 0.0341954305768013,
        "abs_cosine": 0.0341954305768013,
        "r_squared": 0.0011693274723328373
      },
      "9": {
        "cosine": 0.008067640475928783,
        "abs_cosine": 0.008067640475928783,
        "r_squared": 6.508682284884441e-05
      },
      "10": {
        "cosine": -0.01231344509869814,
        "abs_cosine": 0.01231344509869814,
        "r_squared": 0.00015162093019865323
      },
      "11": {
        "cosine": 0.033880267292261124,
        "abs_cosine": 0.033880267292261124,
        "r_squared": 0.001147872511795059
      },
      "12": {
        "cosine": -0.007009025663137436,
        "abs_cosine": 0.007009025663137436,
        "r_squared": 4.912644074651917e-05
      },
      "13": {
        "cosine": 0.017743660137057304,
        "abs_cosine": 0.017743660137057304,
        "r_squared": 0.00031483747505939644
      },
      "14": {
        "cosine": 0.03627459704875946,
        "abs_cosine": 0.03627459704875946,
        "r_squared": 0.0013158463910498686
      },
      "15": {
        "cosine": 0.029504913836717606,
        "abs_cosine": 0.029504913836717606,
        "r_squared": 0.00087053994051213
      },
      "16": {
        "cosine": 0.007544797845184803,
        "abs_cosine": 0.007544797845184803,
        "r_squared": 5.692397452470525e-05
      },
      "17": {
        "cosine": 0.007007439620792866,
        "abs_cosine": 0.007007439620792866,
        "r_squared": 4.910421003905766e-05
      },
      "18": {
        "cosine": 0.026029743254184723,
        "abs_cosine": 0.026029743254184723,
        "r_squared": 0.0006775475338787751
      },
      "19": {
        "cosine": 0.012228110805153847,
        "abs_cosine": 0.012228110805153847,
        "r_squared": 0.00014952669386312026
      },
      "20": {
        "cosine": 0.019014500081539154,
        "abs_cosine": 0.019014500081539154,
        "r_squared": 0.0003615512133508525
      },
      "21": {
        "cosine": 0.022432519122958183,
        "abs_cosine": 0.022432519122958183,
        "r_squared": 0.0005032179142018846
      },
      "22": {
        "cosine": 0.016444547101855278,
        "abs_cosine": 0.016444547101855278,
        "r_squared": 0.0002704231293851368
      },
      "23": {
        "cosine": 0.014126571826636791,
        "abs_cosine": 0.014126571826636791,
        "r_squared": 0.00019956003157312833
      },
      "24": {
        "cosine": 0.003620823612436652,
        "abs_cosine": 0.003620823612436652,
        "r_squared": 1.3110363632378808e-05
      },
      "25": {
        "cosine": -0.0028864755295217037,
        "abs_cosine": 0.0028864755295217037,
        "r_squared": 8.3317409825276e-06
      },
      "26": {
        "cosine": -0.013722211122512817,
        "abs_cosine": 0.013722211122512817,
        "r_squared": 0.00018829907809081448
      },
      "27": {
        "cosine": 0.03214559331536293,
        "abs_cosine": 0.03214559331536293,
        "r_squared": 0.001033339169596706
      },
      "28": {
        "cosine": 0.018060559406876564,
        "abs_cosine": 0.018060559406876564,
        "r_squared": 0.00032618380608931755
      },
      "29": {
        "cosine": -0.018970729783177376,
        "abs_cosine": 0.018970729783177376,
        "r_squared": 0.0003598885885063331
      },
      "30": {
        "cosine": -0.008097662590444088,
        "abs_cosine": 0.008097662590444088,
        "r_squared": 6.557213942867766e-05
      },
      "31": {
        "cosine": 0.019228914752602577,
        "abs_cosine": 0.019228914752602577,
        "r_squared": 0.00036975116256285703
      },
      "32": {
        "cosine": 0.014708657748997211,
        "abs_cosine": 0.014708657748997211,
        "r_squared": 0.00021634461277713572
      },
      "33": {
        "cosine": 0.007468508556485176,
        "abs_cosine": 0.007468508556485176,
        "r_squared": 5.577862005829229e-05
      },
      "34": {
        "cosine": 0.020030753687024117,
        "abs_cosine": 0.020030753687024117,
        "r_squared": 0.00040123109327023024
      },
      "35": {
        "cosine": 0.010478045791387558,
        "abs_cosine": 0.010478045791387558,
        "r_squared": 0.00010978944360641452
      },
      "36": {
        "cosine": -0.020976103842258453,
        "abs_cosine": 0.020976103842258453,
        "r_squared": 0.00043999693240120985
      },
      "37": {
        "cosine": -0.014425062574446201,
        "abs_cosine": 0.014425062574446201,
        "r_squared": 0.00020808243027668847
      },
      "38": {
        "cosine": -0.015646858140826225,
        "abs_cosine": 0.015646858140826225,
        "r_squared": 0.0002448241696791399
      },
      "39": {
        "cosine": 0.0049971360713243484,
        "abs_cosine": 0.0049971360713243484,
        "r_squared": 2.4971368915330944e-05
      },
      "40": {
        "cosine": -0.00227406551130116,
        "abs_cosine": 0.00227406551130116,
        "r_squared": 5.171373949689406e-06
      }
    }
  },
  "control_profile": {
    "probe_type": "control",
    "n_layers": 35,
    "overall_mean_r2": 0.005611916162107558,
    "overall_mean_abs_cos": 0.048186407333040346,
    "peak_layer": 6,
    "peak_cosine": 0.22322119772434235,
    "peak_abs_cosine": 0.22322119772434235,
    "peak_r2": 0.04982770311348994,
    "onset_layer": 6,
    "band_stats": {
      "early": {
        "mean_cos": 0.15088890120387077,
        "mean_abs_cos": 0.15088890120387077,
        "mean_r2": 0.026305620569514875,
        "max_r2": 0.04982770311348994,
        "r2_fraction": 0.6696368383083049,
        "n_layers": 5
      },
      "middle": {
        "mean_cos": 0.04364411300048232,
        "mean_abs_cos": 0.04979692737882336,
        "mean_r2": 0.004052635971320356,
        "max_r2": 0.01624869627507053,
        "r2_fraction": 0.30949214805383896,
        "n_layers": 15
      },
      "late": {
        "mean_cos": 0.0057613771059550345,
        "mean_abs_cos": 0.012341722663647185,
        "mean_r2": 0.0002732948837589885,
        "max_r2": 0.001641744004846013,
        "r2_fraction": 0.020871013637856154,
        "n_layers": 15
      }
    },
    "normalized_entropy": 0.6425748680728381,
    "near_peak_layers": [
      6,
      8
    ],
    "near_peak_fraction": 0.05714285714285714,