{
  "dim_name": "6_cognitive",
  "dim_id": 6,
  "reading_profile": {
    "probe_type": "reading",
    "n_layers": 35,
    "overall_mean_r2": 0.0005245338803729098,
    "overall_mean_abs_cos": 0.01859841594289589,
    "peak_layer": 6,
    "peak_cosine": 0.06317446380853653,
    "peak_abs_cosine": 0.06317446380853653,
    "peak_r2": 0.003991012877496092,
    "onset_layer": 6,
    "band_stats": {
      "early": {
        "mean_cos": 0.027382338605821132,
        "mean_abs_cos": 0.03497487809509039,
        "mean_r2": 0.0015371668184945455,
        "max_r2": 0.003991012877496092,
        "r2_fraction": 0.41864838097553775,
        "n_layers": 5
      },
      "middle": {
        "mean_cos": 0.012296322017209604,
        "mean_abs_cos": 0.014049462634526813,
        "mean_r2": 0.00027417343368665127,
        "max_r2": 0.0014836590259827975,
        "r2_fraction": 0.2240139379898301,
        "n_layers": 15
      },
      "late": {
        "mean_cos": 0.0044439899114271,
        "mean_abs_cos": 0.017688548533866803,
        "mean_r2": 0.00043735001435195607,
        "max_r2": 0.0017241983739319094,
        "r2_fraction": 0.3573376810346319,
        "n_layers": 15
      }
    },
    "normalized_entropy": 0.7894069336721298,
    "near_peak_layers": [
      6
    ],
    "near_peak_fraction": 0.02857142857142857,
    "sign_consistency": 0.7142857142857143,
    "dominant_sign": "positive",
    "profile_type": "mixed",
    "per_layer": {
      "6": {
        "cosine": 0.06317446380853653,
        "abs_cosine": 0.06317446380853653,
        "r_squared": 0.003991012877496092
      },
      "7": {
        "cosine": 0.04105912521481514,
        "abs_cosine": 0.04105912521481514,
        "r_squared": 0.0016858517634058684
      },
      "8": {
        "cosine": 0.03836623951792717,
        "abs_cosine": 0.03836623951792717,
        "r_squared": 0.0014719683347469564
      },
      "9": {
        "cosine": 0.013293213210999966,
        "abs_cosine": 0.013293213210999966,
        "r_squared": 0.00017670951747310402
      },
      "10": {
        "cosine": -0.01898134872317314,
        "abs_cosine": 0.01898134872317314,
        "r_squared": 0.00036029159935070665
      },
      "11": {
        "cosine": 0.02167307585477829,
        "abs_cosine": 0.02167307585477829,
        "r_squared": 0.0004697222170069737
      },
      "12": {
        "cosine": -0.010455497540533543,
        "abs_cosine": 0.010455497540533543,
        "r_squared": 0.00010931742882010296
      },
      "13": {
        "cosine": 0.011657647788524628,
        "abs_cosine": 0.011657647788524628,
        "r_squared": 0.00013590075196129314
      },
      "14": {
        "cosine": 0.015541110187768936,
        "abs_cosine": 0.015541110187768936,
        "r_squared": 0.00024152610586837542
      },
      "15": {
        "cosine": 0.03851829469203949,
        "abs_cosine": 0.03851829469203949,
        "r_squared": 0.0014836590259827975
      },
      "16": {
        "cosine": 0.017951074987649918,
        "abs_cosine": 0.017951074987649918,
        "r_squared": 0.0003222410932122305
      },
      "17": {
        "cosine": 0.013227391056716442,
        "abs_cosine": 0.013227391056716442,
        "r_squared": 0.00017496387416730212
      },
      "18": {
        "cosine": -0.0003462226886767894,
        "abs_cosine": 0.0003462226886767894,
        "r_squared": 1.1987015015458504e-07
      },
      "19": {
        "cosine": -0.0023468344006687403,
        "abs_cosine": 0.0023468344006687403,
        "r_squared": 5.507631704162205e-06
      },
      "20": {
        "cosine": 0.010747316293418407,
        "abs_cosine": 0.010747316293418407,
        "r_squared": 0.00011550480751077678
      },
      "21": {
        "cosine": 0.015995129942893982,
        "abs_cosine": 0.015995129942893982,
        "r_squared": 0.00025584418189006364
      },
      "22": {
        "cosine": 0.006591611076146364,
        "abs_cosine": 0.006591611076146364,
        "r_squared": 4.344933657917543e-05
      },
      "23": {
        "cosine": 0.011602381244301796,
        "abs_cosine": 0.011602381244301796,
        "r_squared": 0.0001346152505381261
      },
      "24": {
        "cosine": 0.012615741230547428,
        "abs_cosine": 0.012615741230547428,
        "r_squared": 0.00015915692679613434
      },
      "25": {
        "cosine": 0.021472610533237457,
        "abs_cosine": 0.021472610533237457,
        "r_squared": 0.0004610730031121002
      },
      "26": {
        "cosine": 0.018842551857233047,
        "abs_cosine": 0.018842551857233047,
        "r_squared": 0.00035504176049251657
      },
      "27": {
        "cosine": 0.040881551802158356,
        "abs_cosine": 0.040881551802158356,
        "r_squared": 0.001671301277752557
      },
      "28": {
        "cosine": 0.012516381219029427,
        "abs_cosine": 0.012516381219029427,
        "r_squared": 0.00015665979882007255
      },
      "29": {
        "cosine": -0.019431497901678085,
        "abs_cosine": 0.019431497901678085,
        "r_squared": 0.00037758311070291983
      },
      "30": {
        "cosine": -0.012599451467394829,
        "abs_cosine": 0.012599451467394829,
        "r_squared": 0.0001587461772792377
      },
      "31": {
        "cosine": 0.041523467749357224,
        "abs_cosine": 0.041523467749357224,
        "r_squared": 0.0017241983739319094
      },
      "32": {
        "cosine": 0.010511878877878189,
        "abs_cosine": 0.010511878877878189,
        "r_squared": 0.00011049959754318162
      },
      "33": {
        "cosine": 0.019210083410143852,
        "abs_cosine": 0.019210083410143852,
        "r_squared": 0.00036902730462468405
      },
      "34": {
        "cosine": -0.009263763204216957,
        "abs_cosine": 0.009263763204216957,
        "r_squared": 8.581730870380402e-05
      },
      "35": {
        "cosine": 0.009993601590394974,
        "abs_cosine": 0.009993601590394974,
        "r_squared": 9.987207274754495e-05
      },
      "36": {
        "cosine": -0.03137945011258125,
        "abs_cosine": 0.03137945011258125,
        "r_squared": 0.0009846698893679756
      },
      "37": {
        "cosine": -0.01713523454964161,
        "abs_cosine": 0.01713523454964161,
        "r_squared": 0.0002936162630712315
      },
      "38": {
        "cosine": -0.009524792432785034,
        "abs_cosine": 0.009524792432785034,
        "r_squared": 9.072167088763905e-05
      },
      "39": {
        "cosine": 0.007704496383666992,
        "abs_cosine": 0.007704496383666992,
        "r_squared": 5.935926452593776e-05
      },
      "40": {
        "cosine": 0.004810025449842215,
        "abs_cosine": 0.004810025449842215,
        "r_squared": 2.31363448281298e-05
      }
    }
  },
  "control_profile": {
    "probe_type": "control",
    "n_layers": 35,
    "overall_mean_r2": 0.004322798747293959,
    "overall_mean_abs_cos": 0.044780553963833625,
    "peak_layer": 6,
    "peak_cosine": 0.21139240264892578,
    "peak_abs_cosine": 0.21139240264892578,
    "peak_r2": 0.044686747897685564,
    "onset_layer": 6,
    "band_stats": {
      "early": {
        "mean_cos": 0.1395218312740326,
        "mean_abs_cos": 0.1395218312740326,
        "mean_r2": 0.022975969255453865,
        "max_r2": 0.044686747897685564,
        "r2_fraction": 0.7592954273576534,
        "n_layers": 5
      },
      "middle": {
        "mean_cos": 0.0371723687586685,
        "mean_abs_cos": 0.0371723687586685,
        "mean_r2": 0.0017726734994265069,
        "max_r2": 0.0064400413675183565,
        "r2_fraction": 0.17574660733755168,
        "n_layers": 15
      },
      "late": {
        "mean_cos": 0.01901365591523548,
        "mean_abs_cos": 0.020808313398932417,
        "mean_r2": 0.0006552004924414404,
        "max_r2": 0.00225412879621302,
        "r2_fraction": 0.06495796530479485,
        "n_layers": 15
      }
    },
    "normalized_entropy": 0.634004808202806,
    "near_peak_layers": [
      6,
      8
    ],
    "near_peak_fraction": 0.05714285714285714,