{
  "dim_name": "9_roles",
  "dim_id": 9,
  "reading_profile": {
    "probe_type": "reading",
    "n_layers": 35,
    "overall_mean_r2": 0.0004594338868535459,
    "overall_mean_abs_cos": 0.016510043029640136,
    "peak_layer": 6,
    "peak_cosine": 0.05876195803284645,
    "peak_abs_cosine": 0.05876195803284645,
    "peak_r2": 0.0034529677118540075,
    "onset_layer": 6,
    "band_stats": {
      "early": {
        "mean_cos": 0.031151837017387152,
        "mean_abs_cos": 0.03489882303401828,
        "mean_r2": 0.0017591682183086606,
        "max_r2": 0.0034529677118540075,
        "r2_fraction": 0.546998714426078,
        "n_layers": 5
      },
      "middle": {
        "mean_cos": 0.010629047449522961,
        "mean_abs_cos": 0.014198408838516722,
        "mean_r2": 0.0002811941612494735,
        "max_r2": 0.0010453372271266304,
        "r2_fraction": 0.26230495146529564,
        "n_layers": 15
      },
      "late": {
        "mean_cos": 0.003353734964427228,
        "mean_abs_cos": 0.012692083885970836,
        "mean_r2": 0.00020442883530591343,
        "max_r2": 0.0007749239160581567,
        "r2_fraction": 0.19069633410862633,
        "n_layers": 15
      }
    },
    "normalized_entropy": 0.7423834404648615,
    "near_peak_layers": [
      6,
      7
    ],
    "near_peak_fraction": 0.05714285714285714,
    "sign_consistency": 0.6285714285714286,
    "dominant_sign": "positive",
    "profile_type": "early-concentrated",
    "per_layer": {
      "6": {
        "cosine": 0.05876195803284645,
        "abs_cosine": 0.05876195803284645,
        "r_squared": 0.0034529677118540075
      },
      "7": {
        "cosine": 0.05514686554670334,
        "abs_cosine": 0.05514686554670334,
        "r_squared": 0.0030411767796261757
      },
      "8": {
        "cosine": 0.04684937372803688,
        "abs_cosine": 0.04684937372803688,
        "r_squared": 0.0021948638187092723
      },
      "9": {
        "cosine": 0.004368452820926905,
        "abs_cosine": 0.004368452820926905,
        "r_squared": 1.908338004866423e-05
      },
      "10": {
        "cosine": -0.009367465041577816,
        "abs_cosine": 0.009367465041577816,
        "r_squared": 8.774940130518247e-05
      },
      "11": {
        "cosine": 0.0323316752910614,
        "abs_cosine": 0.0323316752910614,
        "r_squared": 0.0010453372271266304
      },
      "12": {
        "cosine": -0.012154130265116692,
        "abs_cosine": 0.012154130265116692,
        "r_squared": 0.00014772288250142554
      },
      "13": {
        "cosine": -0.0023341074120253325,
        "abs_cosine": 0.0023341074120253325,
        "r_squared": 5.448057410871595e-06
      },
      "14": {
        "cosine": 0.023986974731087685,
        "abs_cosine": 0.023986974731087685,
        "r_squared": 0.0005753749567498391
      },
      "15": {
        "cosine": 0.015328820794820786,
        "abs_cosine": 0.015328820794820786,
        "r_squared": 0.00023497274695973014
      },
      "16": {
        "cosine": -0.0005812711897306144,
        "abs_cosine": 0.0005812711897306144,
        "r_squared": 3.3787619601084395e-07
      },
      "17": {
        "cosine": -0.0019453285494819283,
        "abs_cosine": 0.0019453285494819283,
        "r_squared": 3.7843031654294634e-06
      },
      "18": {
        "cosine": 0.020983861759305,
        "abs_cosine": 0.020983861759305,
        "r_squared": 0.00044032245433362274
      },
      "19": {
        "cosine": 0.01899109221994877,
        "abs_cosine": 0.01899109221994877,
        "r_squared": 0.00036066158370659865
      },
      "20": {
        "cosine": 0.022484423592686653,
        "abs_cosine": 0.022484423592686653,
        "r_squared": 0.0005055493042953642
      },
      "21": {
        "cosine": 0.02171730063855648,
        "abs_cosine": 0.02171730063855648,
        "r_squared": 0.0004716411470254457
      },
      "22": {
        "cosine": 0.010199732147157192,
        "abs_cosine": 0.010199732147157192,
        "r_squared": 0.00010403453587375187
      },
      "23": {
        "cosine": 0.013547944836318493,
        "abs_cosine": 0.013547944836318493,
        "r_squared": 0.00018354680928792892
      },
      "24": {
        "cosine": 0.006634096149355173,
        "abs_cosine": 0.006634096149355173,
        "r_squared": 4.4011231718889135e-05
      },
      "25": {
        "cosine": -0.009755373001098633,
        "abs_cosine": 0.009755373001098633,
        "r_squared": 9.516730239056415e-05
      },
      "26": {
        "cosine": -0.006942457519471645,
        "abs_cosine": 0.006942457519471645,
        "r_squared": 4.819771640966839e-05
      },
      "27": {
        "cosine": 0.014403634704649448,
        "abs_cosine": 0.014403634704649448,
        "r_squared": 0.000207464692704982
      },
      "28": {
        "cosine": 0.02483750693500042,
        "abs_cosine": 0.02483750693500042,
        "r_squared": 0.0006169017507461939
      },
      "29": {
        "cosine": -0.011434477753937244,
        "abs_cosine": 0.011434477753937244,
        "r_squared": 0.00013074728150528573
      },
      "30": {
        "cosine": 0.012632511556148529,
        "abs_cosine": 0.012632511556148529,
        "r_squared": 0.00015958034821622613
      },
      "31": {
        "cosine": 0.009350915439426899,
        "abs_cosine": 0.009350915439426899,
        "r_squared": 8.743961955531235e-05
      },
      "32": {
        "cosine": 0.011461597867310047,
        "abs_cosine": 0.011461597867310047,
        "r_squared": 0.00013136822567192622
      },
      "33": {
        "cosine": 0.010751373134553432,
        "abs_cosine": 0.010751373134553432,
        "r_squared": 0.0001155920242783973
      },
      "34": {
        "cosine": 0.02783745527267456,
        "abs_cosine": 0.02783745527267456,
        "r_squared": 0.0007749239160581567
      },
      "35": {
        "cosine": 0.009068646468222141,
        "abs_cosine": 0.009068646468222141,
        "r_squared": 8.224034876559792e-05
      },
      "36": {
        "cosine": -0.006793834734708071,
        "abs_cosine": 0.006793834734708071,
        "r_squared": 4.615619040252588e-05
      },
      "37": {
        "cosine": -0.013621185906231403,
        "abs_cosine": 0.013621185906231403,
        "r_squared": 0.00018553670549211702
      },
      "38": {
        "cosine": -0.013917375355958939,
        "abs_cosine": 0.013917375355958939,
        "r_squared": 0.0001936933367986532
      },
      "39": {
        "cosine": -0.01692415587604046,
        "abs_cosine": 0.01692415587604046,
        "r_squared": 0.0002864270521165148
      },
      "40": {
        "cosine": -0.00040412976522929966,
        "abs_cosine": 0.00040412976522929966,
        "r_squared": 1.6332086714428886e-07
      }
    }
  },
  "control_profile": {
    "probe_type": "control",
    "n_layers": 35,
    "overall_mean_r2": 0.006366501486166931,
    "overall_mean_abs_cos": 0.04913531562446483,
    "peak_layer": 6,
    "peak_cosine": 0.24775980412960052,
    "peak_abs_cosine": 0.24775980412960052,
    "peak_r2": 0.06138492054233802,
    "onset_layer": 6,
    "band_stats": {
      "early": {
        "mean_cos": 0.1659730702638626,
        "mean_abs_cos": 0.1659730702638626,
        "mean_r2": 0.031242777411318867,
        "max_r2": 0.06138492054233802,
        "r2_fraction": 0.7010528349990035,
        "n_layers": 5
      },
      "middle": {
        "mean_cos": 0.0373309107342114,
        "mean_abs_cos": 0.047143953992053865,
        "mean_r2": 0.004206443948157309,
        "max_r2": 0.019396462916168256,
        "r2_fraction": 0.28316363327401095,
        "n_layers": 15
      },
      "late": {
        "mean_cos": 0.0008225517657895882,
        "mean_abs_cos": 0.012180759043743213,
        "mean_r2": 0.00023446704912590533,
        "max_r2": 0.0008065888936746902,
        "r2_fraction": 0.015783531726985576,
        "n_layers": 15
      }
    },
    "normalized_entropy": 0.6184969478274838,
    "near_peak_layers": [
      6,
      8
    ],