{
  "dim_name": "15_shapes",
  "dim_id": 15,
  "reading_profile": {
    "probe_type": "reading",
    "n_layers": 35,
    "overall_mean_r2": 0.00027208716513810736,
    "overall_mean_abs_cos": 0.01387409620469303,
    "peak_layer": 8,
    "peak_cosine": -0.039164528250694275,
    "peak_abs_cosine": 0.039164528250694275,
    "peak_r2": 0.00153386027309943,
    "onset_layer": null,
    "band_stats": {
      "early": {
        "mean_cos": -0.014784103259444237,
        "mean_abs_cos": 0.019764622673392296,
        "mean_r2": 0.0005233870321487873,
        "max_r2": 0.00153386027309943,
        "r2_fraction": 0.2748000846835366,
        "n_layers": 5
      },
      "middle": {
        "mean_cos": 0.004770009343822797,
        "mean_abs_cos": 0.015372869744896888,
        "mean_r2": 0.00030462502084357805,
        "max_r2": 0.0011456877812015542,
        "r2_fraction": 0.47982263439463013,
        "n_layers": 15
      },
      "late": {
        "mean_cos": -0.0007517056675472607,
        "mean_abs_cos": 0.010411813841589417,
        "mean_r2": 0.0001557826870957436,
        "max_r2": 0.000567605110129446,
        "r2_fraction": 0.2453772809218335,
        "n_layers": 15
      }
    },
    "normalized_entropy": 0.8378341412499328,
    "near_peak_layers": [
      8,
      12
    ],
    "near_peak_fraction": 0.05714285714285714,
    "sign_consistency": 0.5142857142857142,
    "dominant_sign": "negative",
    "profile_type": "negligible",
    "per_layer": {
      "6": {
        "cosine": -0.02159060537815094,
        "abs_cosine": 0.02159060537815094,
        "r_squared": 0.0004661542405950403
      },
      "7": {
        "cosine": 0.012451298534870148,
        "abs_cosine": 0.012451298534870148,
        "r_squared": 0.0001550348352044595
      },
      "8": {
        "cosine": -0.039164528250694275,
        "abs_cosine": 0.039164528250694275,
        "r_squared": 0.00153386027309943
      },
      "9": {
        "cosine": -0.020986929535865784,
        "abs_cosine": 0.020986929535865784,
        "r_squared": 0.0004404512113433956
      },
      "10": {
        "cosine": -0.004629751667380333,
        "abs_cosine": 0.004629751667380333,
        "r_squared": 2.1434600501610973e-05
      },
      "11": {
        "cosine": -0.00751304579898715,
        "abs_cosine": 0.00751304579898715,
        "r_squared": 5.6445857177678466e-05
      },
      "12": {
        "cosine": -0.03384801000356674,
        "abs_cosine": 0.03384801000356674,
        "r_squared": 0.0011456877812015542
      },
      "13": {
        "cosine": -0.007709521800279617,
        "abs_cosine": 0.007709521800279617,
        "r_squared": 5.943672638898667e-05
      },
      "14": {
        "cosine": -0.007321907673031092,
        "abs_cosine": 0.007321907673031092,
        "r_squared": 5.3610331972391576e-05
      },
      "15": {
        "cosine": 0.017643548548221588,
        "abs_cosine": 0.017643548548221588,
        "r_squared": 0.0003112948053734521
      },
      "16": {
        "cosine": 0.020677216351032257,
        "abs_cosine": 0.020677216351032257,
        "r_squared": 0.00042754727602739573
      },
      "17": {
        "cosine": 0.012425070628523827,
        "abs_cosine": 0.012425070628523827,
        "r_squared": 0.00015438238012380548
      },
      "18": {
        "cosine": 0.007207968272268772,
        "abs_cosine": 0.007207968272268772,
        "r_squared": 5.195480661403327e-05
      },
      "19": {
        "cosine": -0.00585770420730114,
        "abs_cosine": 0.00585770420730114,
        "r_squared": 3.4312698580233475e-05
      },
      "20": {
        "cosine": 0.009281090460717678,
        "abs_cosine": 0.009281090460717678,
        "r_squared": 8.613864014002468e-05
      },
      "21": {
        "cosine": 0.0136161670088768,
        "abs_cosine": 0.0136161670088768,
        "r_squared": 0.000185400004013625
      },
      "22": {
        "cosine": 0.0173301100730896,
        "abs_cosine": 0.0173301100730896,
        "r_squared": 0.0003003327151454016
      },
      "23": {
        "cosine": 0.02815348282456398,
        "abs_cosine": 0.02815348282456398,
        "r_squared": 0.000792618595153019
      },
      "24": {
        "cosine": -0.017271263524889946,
        "abs_cosine": 0.017271263524889946,
        "r_squared": 0.0002982965437461939
      },
      "25": {
        "cosine": 0.024736938998103142,
        "abs_cosine": 0.024736938998103142,
        "r_squared": 0.0006119161509958761
      },
      "26": {
        "cosine": -0.006854272913187742,
        "abs_cosine": 0.006854272913187742,
        "r_squared": 4.698105716845918e-05
      },
      "27": {
        "cosine": 0.0003970528778154403,
        "abs_cosine": 0.0003970528778154403,
        "r_squared": 1.5765098778152296e-07
      },
      "28": {
        "cosine": -0.01303821336477995,
        "abs_cosine": 0.01303821336477995,
        "r_squared": 0.00016999500774552648
      },
      "29": {
        "cosine": -0.010154916904866695,
        "abs_cosine": 0.010154916904866695,
        "r_squared": 0.00010312233734474738
      },
      "30": {
        "cosine": -0.02382446452975273,
        "abs_cosine": 0.02382446452975273,
        "r_squared": 0.000567605110129446
      },
      "31": {
        "cosine": 0.02090948075056076,
        "abs_cosine": 0.02090948075056076,
        "r_squared": 0.000437206385258071
      },
      "32": {
        "cosine": 0.0008577392436563969,
        "abs_cosine": 0.0008577392436563969,
        "r_squared": 7.357166101082478e-07
      },
      "33": {
        "cosine": 0.015831978991627693,
        "abs_cosine": 0.015831978991627693,
        "r_squared": 0.00025065155879134063
      },
      "34": {
        "cosine": -0.012264402583241463,
        "abs_cosine": 0.012264402583241463,
        "r_squared": 0.00015041557072381986
      },
      "35": {
        "cosine": -0.0010917396284639835,
        "abs_cosine": 0.0010917396284639835,
        "r_squared": 1.1918954163586768e-06
      },
      "36": {
        "cosine": -0.005297825206071138,
        "abs_cosine": 0.005297825206071138,
        "r_squared": 2.80669519140827e-05
      },
      "37": {
        "cosine": 0.014717072248458862,
        "abs_cosine": 0.014717072248458862,
        "r_squared": 0.000216592215566358
      },
      "38": {
        "cosine": 0.005189957562834024,
        "abs_cosine": 0.005189957562834024,
        "r_squared": 2.6935659504018087e-05
      },
      "39": {
        "cosine": 0.014547529630362988,
        "abs_cosine": 0.014547529630362988,
        "r_squared": 0.00021163061834628908
      },
      "40": {
        "cosine": -0.011200561188161373,
        "abs_cosine": 0.011200561188161373,
        "r_squared": 0.0001254525709297469
      }
    }
  },
  "control_profile": {
    "probe_type": "control",
    "n_layers": 35,
    "overall_mean_r2": 0.0005197807426442545,
    "overall_mean_abs_cos": 0.019034514416541373,
    "peak_layer": 17,
    "peak_cosine": 0.04341306909918785,
    "peak_abs_cosine": 0.04341306909918785,
    "peak_r2": 0.001884694568610859,
    "onset_layer": null,
    "band_stats": {
      "early": {
        "mean_cos": 0.000991445127874613,
        "mean_abs_cos": 0.019718618225306274,
        "mean_r2": 0.0005696075814716655,
        "max_r2": 0.0018817939924711258,
        "r2_fraction": 0.15655160909741875,
        "n_layers": 5
      },
      "middle": {
        "mean_cos": 0.021978095142791667,
        "mean_abs_cos": 0.02257617230837544,
        "mean_r2": 0.0006417470565264818,
        "max_r2": 0.001884694568610859,
        "r2_fraction": 0.5291355185609505,
        "n_layers": 15
      },
      "late": {
        "mean_cos": 0.012582243296007316,
        "mean_abs_cos": 0.015264821921785672,
        "mean_r2": 0.0003812054824862238,
        "max_r2": 0.0016215481439596502,
        "r2_fraction": 0.3143128723416308,
        "n_layers": 15
      }
    },
    "normalized_entropy": 0.8397391525153082,