{
  "dim_name": "2_emotions",
  "dim_id": 2,
  "reading_profile": {
    "probe_type": "reading",
    "n_layers": 35,
    "overall_mean_r2": 0.00024734565775964693,
    "overall_mean_abs_cos": 0.013488496740215591,
    "peak_layer": 14,
    "peak_cosine": 0.031871311366558075,
    "peak_abs_cosine": 0.031871311366558075,
    "peak_r2": 0.001015780488224094,
    "onset_layer": null,
    "band_stats": {
      "early": {
        "mean_cos": 0.00486450637690723,
        "mean_abs_cos": 0.009262739168480038,
        "mean_r2": 0.0001025229309427284,
        "max_r2": 0.00018321857293169055,
        "r2_fraction": 0.05921322057753858,
        "n_layers": 5
      },
      "middle": {
        "mean_cos": 0.011472811922430992,
        "mean_abs_cos": 0.015606309038897355,
        "mean_r2": 0.0003368611232983175,
        "max_r2": 0.001015780488224094,
        "r2_fraction": 0.5836732859989147,
        "n_layers": 15
      },
      "late": {
        "mean_cos": -0.0002683141268789768,
        "mean_abs_cos": 0.01277927029877901,
        "mean_r2": 0.00020610443449328258,
        "max_r2": 0.0006834764869584481,
        "r2_fraction": 0.3571134934235468,
        "n_layers": 15
      }
    },
    "normalized_entropy": 0.8547607005357724,
    "near_peak_layers": [
      12,
      14,
      15,
      34
    ],
    "near_peak_fraction": 0.11428571428571428,
    "sign_consistency": 0.6571428571428571,
    "dominant_sign": "positive",
    "profile_type": "negligible",
    "per_layer": {
      "6": {
        "cosine": 0.013535825535655022,
        "abs_cosine": 0.013535825535655022,
        "r_squared": 0.00018321857293169055
      },
      "7": {
        "cosine": 0.008325755596160889,
        "abs_cosine": 0.008325755596160889,
        "r_squared": 6.931820624700435e-05
      },
      "8": {
        "cosine": 0.01345653273165226,
        "abs_cosine": 0.01345653273165226,
        "r_squared": 0.00018107827315802863
      },
      "9": {
        "cosine": -0.0024524510372430086,
        "abs_cosine": 0.0024524510372430086,
        "r_squared": 6.014516090074309e-06
      },
      "10": {
        "cosine": -0.008543130941689014,
        "abs_cosine": 0.008543130941689014,
        "r_squared": 7.298508628684423e-05
      },
      "11": {
        "cosine": -0.0017921379767358303,
        "abs_cosine": 0.0017921379767358303,
        "r_squared": 3.2117585276587955e-06
      },
      "12": {
        "cosine": -0.029209090396761894,
        "abs_cosine": 0.029209090396761894,
        "r_squared": 0.0008531709618062079
      },
      "13": {
        "cosine": 0.002664554864168167,
        "abs_cosine": 0.002664554864168167,
        "r_squared": 7.0998526241622395e-06
      },
      "14": {
        "cosine": 0.031871311366558075,
        "abs_cosine": 0.031871311366558075,
        "r_squared": 0.001015780488224094
      },
      "15": {
        "cosine": 0.031853388994932175,
        "abs_cosine": 0.031853388994932175,
        "r_squared": 0.0010146383904624662
      },
      "16": {
        "cosine": 0.021482141688466072,
        "abs_cosine": 0.021482141688466072,
        "r_squared": 0.00046148241152333194
      },
      "17": {
        "cosine": 0.010628140531480312,
        "abs_cosine": 0.010628140531480312,
        "r_squared": 0.00011295737115689462
      },
      "18": {
        "cosine": 0.02287219651043415,
        "abs_cosine": 0.02287219651043415,
        "r_squared": 0.0005231373732119161
      },
      "19": {
        "cosine": 0.011814656667411327,
        "abs_cosine": 0.011814656667411327,
        "r_squared": 0.00013958611216880693
      },
      "20": {
        "cosine": 0.009604783728718758,
        "abs_cosine": 0.009604783728718758,
        "r_squared": 9.22518704754606e-05
      },
      "21": {
        "cosine": 0.019312381744384766,
        "abs_cosine": 0.019312381744384766,
        "r_squared": 0.00037296808864084596
      },
      "22": {
        "cosine": 0.00847384613007307,
        "abs_cosine": 0.00847384613007307,
        "r_squared": 7.180606823615435e-05
      },
      "23": {
        "cosine": 0.013582667335867882,
        "abs_cosine": 0.013582667335867882,
        "r_squared": 0.0001844888519568523
      },
      "24": {
        "cosine": 0.01271486934274435,
        "abs_cosine": 0.01271486934274435,
        "r_squared": 0.00016166790240306015
      },
      "25": {
        "cosine": 0.006218468304723501,
        "abs_cosine": 0.006218468304723501,
        "r_squared": 3.8669348056850775e-05
      },
      "26": {
        "cosine": -0.016754718497395515,
        "abs_cosine": 0.016754718497395515,
        "r_squared": 0.00028072059192696744
      },
      "27": {
        "cosine": 0.012572459876537323,
        "abs_cosine": 0.012572459876537323,
        "r_squared": 0.00015806674734714088
      },
      "28": {
        "cosine": 0.02055664174258709,
        "abs_cosine": 0.02055664174258709,
        "r_squared": 0.000422575519733074
      },
      "29": {
        "cosine": -0.008459017612040043,
        "abs_cosine": 0.008459017612040043,
        "r_squared": 7.155497896080363e-05
      },
      "30": {
        "cosine": -0.002769195707514882,
        "abs_cosine": 0.002769195707514882,
        "r_squared": 7.668444866518848e-06
      },
      "31": {
        "cosine": 0.004142191261053085,
        "abs_cosine": 0.004142191261053085,
        "r_squared": 1.715774844314455e-05
      },
      "32": {
        "cosine": 0.0035532282199710608,
        "abs_cosine": 0.0035532282199710608,
        "r_squared": 1.2625430783198713e-05
      },
      "33": {
        "cosine": 0.008292087353765965,
        "abs_cosine": 0.008292087353765965,
        "r_squared": 6.875871268248544e-05
      },
      "34": {
        "cosine": 0.026143383234739304,
        "abs_cosine": 0.026143383234739304,
        "r_squared": 0.0006834764869584481
      },
      "35": {
        "cosine": 0.018572179600596428,
        "abs_cosine": 0.018572179600596428,
        "r_squared": 0.0003449258551168101
      },
      "36": {
        "cosine": -0.014609900303184986,
        "abs_cosine": 0.014609900303184986,
        "r_squared": 0.00021344918686900475
      },
      "37": {
        "cosine": -0.008362564258277416,
        "abs_cosine": 0.008362564258277416,
        "r_squared": 6.993248097381891e-05
      },
      "38": {
        "cosine": -0.017209559679031372,
        "abs_cosine": 0.017209559679031372,
        "r_squared": 0.0002961689443461424
      },
      "39": {
        "cosine": -0.016202451661229134,
        "abs_cosine": 0.016202451661229134,
        "r_squared": 0.0002625194398344667
      },
      "40": {
        "cosine": -0.013489475473761559,
        "abs_cosine": 0.013489475473761559,
        "r_squared": 0.00018196594855721462
      }
    }
  },
  "control_profile": {
    "probe_type": "control",
    "n_layers": 35,
    "overall_mean_r2": 0.002678987916523266,
    "overall_mean_abs_cos": 0.03563882737487022,
    "peak_layer": 6,
    "peak_cosine": 0.18072070181369781,
    "peak_abs_cosine": 0.18072070181369781,
    "peak_r2": 0.03265997206403548,
    "onset_layer": 6,
    "band_stats": {
      "early": {
        "mean_cos": 0.10093639120459556,
        "mean_abs_cos": 0.10093639120459556,
        "mean_r2": 0.012572541190633104,
        "max_r2": 0.03265997206403548,
        "r2_fraction": 0.6704312855873189,
        "n_layers": 5
      },
      "middle": {
        "mean_cos": 0.032260850879053275,
        "mean_abs_cos": 0.03569919789830844,
        "mean_r2": 0.0017816316316912888,
        "max_r2": 0.006519890448393684,
        "r2_fraction": 0.28501674414900247,
        "n_layers": 15
      },
      "late": {
        "mean_cos": 0.005476057537210485,
        "mean_abs_cos": 0.013812602241523564,
        "mean_r2": 0.000278493109985297,
        "max_r2": 0.001176509897385325,
        "r2_fraction": 0.044551970263678554,
        "n_layers": 15
      }
    },
    "normalized_entropy": 0.6468649891010583,
    "near_peak_layers": [
      6
    ],