{
  "dim_name": "4_intentions",
  "dim_id": 4,
  "reading_profile": {
    "probe_type": "reading",
    "n_layers": 35,
    "overall_mean_r2": 0.0003022777292077622,
    "overall_mean_abs_cos": 0.014528995336565589,
    "peak_layer": 15,
    "peak_cosine": 0.035579849034547806,
    "peak_abs_cosine": 0.035579849034547806,
    "peak_r2": 0.0012659256573212124,
    "onset_layer": null,
    "band_stats": {
      "early": {
        "mean_cos": 0.010737203992903233,
        "mean_abs_cos": 0.017931006290018557,
        "mean_r2": 0.0003765530263591272,
        "max_r2": 0.0009053189042960291,
        "r2_fraction": 0.17795981735360328,
        "n_layers": 5
      },
      "middle": {
        "mean_cos": 0.010786440107040107,
        "mean_abs_cos": 0.014862366261271139,
        "mean_r2": 0.00032453002120132613,
        "max_r2": 0.0012659256573212124,
        "r2_fraction": 0.4601208801094725,
        "n_layers": 15
      },
      "late": {
        "mean_cos": 0.004699356729785601,
        "mean_abs_cos": 0.013061620760709047,
        "mean_r2": 0.00025526700483040983,
        "max_r2": 0.0012091622773530292,
        "r2_fraction": 0.3619193025369241,
        "n_layers": 15
      }
    },
    "normalized_entropy": 0.8376620961842978,
    "near_peak_layers": [
      6,
      12,
      15,
      27
    ],
    "near_peak_fraction": 0.11428571428571428,
    "sign_consistency": 0.7142857142857143,
    "dominant_sign": "positive",
    "profile_type": "negligible",
    "per_layer": {
      "6": {
        "cosine": 0.03008851781487465,
        "abs_cosine": 0.03008851781487465,
        "r_squared": 0.0009053189042960291
      },
      "7": {
        "cosine": 0.017658781260252,
        "abs_cosine": 0.017658781260252,
        "r_squared": 0.0003118325555974272
      },
      "8": {
        "cosine": 0.017253628000617027,
        "abs_cosine": 0.017253628000617027,
        "r_squared": 0.0002976876791836759
      },
      "9": {
        "cosine": 0.0066695986315608025,
        "abs_cosine": 0.0066695986315608025,
        "r_squared": 4.448354590611773e-05
      },
      "10": {
        "cosine": -0.017984505742788315,
        "abs_cosine": 0.017984505742788315,
        "r_squared": 0.0003234424468123859
      },
      "11": {
        "cosine": 0.0003739600069820881,
        "abs_cosine": 0.0003739600069820881,
        "r_squared": 1.3984608682204337e-07
      },
      "12": {
        "cosine": -0.028658444061875343,
        "abs_cosine": 0.028658444061875343,
        "r_squared": 0.0008213064160476381
      },
      "13": {
        "cosine": -0.0019110020948573947,
        "abs_cosine": 0.0019110020948573947,
        "r_squared": 3.651929006549351e-06
      },
      "14": {
        "cosine": 0.010874299332499504,
        "abs_cosine": 0.010874299332499504,
        "r_squared": 0.00011825038597279916
      },
      "15": {
        "cosine": 0.035579849034547806,
        "abs_cosine": 0.035579849034547806,
        "r_squared": 0.0012659256573212124
      },
      "16": {
        "cosine": 0.027629297226667404,
        "abs_cosine": 0.027629297226667404,
        "r_squared": 0.0007633780652395311
      },
      "17": {
        "cosine": 0.018977129831910133,
        "abs_cosine": 0.018977129831910133,
        "r_squared": 0.0003601314566571735
      },
      "18": {
        "cosine": 0.013610074296593666,
        "abs_cosine": 0.013610074296593666,
        "r_squared": 0.00018523412235879957
      },
      "19": {
        "cosine": 0.004002676345407963,
        "abs_cosine": 0.004002676345407963,
        "r_squared": 1.6021417926088445e-05
      },
      "20": {
        "cosine": 0.010921918787062168,
        "abs_cosine": 0.010921918787062168,
        "r_squared": 0.00011928830999118154
      },
      "21": {
        "cosine": 0.023902224376797676,
        "abs_cosine": 0.023902224376797676,
        "r_squared": 0.0005713163301587811
      },
      "22": {
        "cosine": 0.0068254610523581505,
        "abs_cosine": 0.0068254610523581505,
        "r_squared": 4.658691857725803e-05
      },
      "23": {
        "cosine": 0.019227338954806328,
        "abs_cosine": 0.019227338954806328,
        "r_squared": 0.0003696905632830129
      },
      "24": {
        "cosine": 0.007213009055703878,
        "abs_cosine": 0.007213009055703878,
        "r_squared": 5.2027499637666156e-05
      },
      "25": {
        "cosine": 0.013228809460997581,
        "abs_cosine": 0.013228809460997581,
        "r_squared": 0.00017500139975537912
      },
      "26": {
        "cosine": 0.0034494090359658003,
        "abs_cosine": 0.0034494090359658003,
        "r_squared": 1.1898422697402512e-05
      },
      "27": {
        "cosine": 0.03477301076054573,
        "abs_cosine": 0.03477301076054573,
        "r_squared": 0.0012091622773530292
      },
      "28": {
        "cosine": 0.02514140121638775,
        "abs_cosine": 0.02514140121638775,
        "r_squared": 0.0006320900551233834
      },
      "29": {
        "cosine": -0.005733259953558445,
        "abs_cosine": 0.005733259953558445,
        "r_squared": 3.287026969507698e-05
      },
      "30": {
        "cosine": -0.00722631486132741,
        "abs_cosine": 0.00722631486132741,
        "r_squared": 5.221962647504138e-05
      },
      "31": {
        "cosine": 0.023253513500094414,
        "abs_cosine": 0.023253513500094414,
        "r_squared": 0.0005407258900990732
      },
      "32": {
        "cosine": 0.011273140087723732,
        "abs_cosine": 0.011273140087723732,
        "r_squared": 0.00012708368743744383
      },
      "33": {
        "cosine": 0.011146234348416328,
        "abs_cosine": 0.011146234348416328,
        "r_squared": 0.00012423854014981597
      },
      "34": {
        "cosine": 0.01206784974783659,
        "abs_cosine": 0.01206784974783659,
        "r_squared": 0.00014563299753635964
      },
      "35": {
        "cosine": 0.012102772481739521,
        "abs_cosine": 0.012102772481739521,
        "r_squared": 0.0001464771017447514
      },
      "36": {
        "cosine": -0.02483792044222355,
        "abs_cosine": 0.02483792044222355,
        "r_squared": 0.0006169222918942265
      },
      "37": {
        "cosine": -0.006577339954674244,
        "abs_cosine": 0.006577339954674244,
        "r_squared": 4.3261400879354185e-05
      },
      "38": {
        "cosine": -0.0033919683191925287,
        "abs_cosine": 0.0033919683191925287,
        "r_squared": 1.1505449078405788e-05
      },
      "39": {
        "cosine": -0.010878261178731918,
        "abs_cosine": 0.010878261178731918,
        "r_squared": 0.00011833656627270595
      },
      "40": {
        "cosine": -0.0040719155222177505,
        "abs_cosine": 0.0040719155222177505,
        "r_squared": 1.6580496020077856e-05
      }
    }
  },
  "control_profile": {
    "probe_type": "control",
    "n_layers": 35,
    "overall_mean_r2": 0.00284580220153814,
    "overall_mean_abs_cos": 0.038206272372709855,
    "peak_layer": 6,
    "peak_cosine": 0.1877870410680771,
    "peak_abs_cosine": 0.1877870410680771,
    "peak_r2": 0.03526397279310367,
    "onset_layer": 6,
    "band_stats": {
      "early": {
        "mean_cos": 0.1011787235736847,
        "mean_abs_cos": 0.1011787235736847,
        "mean_r2": 0.01282257994732403,
        "max_r2": 0.03526397279310367,
        "r2_fraction": 0.6436839265715405,
        "n_layers": 5
      },
      "middle": {
        "mean_cos": 0.03447280398880442,
        "mean_abs_cos": 0.038772992820789415,
        "mean_r2": 0.001990879851852979,
        "max_r2": 0.007325224243502293,
        "r2_fraction": 0.2998220402533728,
        "n_layers": 15
      },
      "late": {
        "mean_cos": 0.011140642253061135,
        "mean_abs_cos": 0.016648734857638677,
        "mean_r2": 0.00037513196929467215,
        "max_r2": 0.0012643303152499868,
        "r2_fraction": 0.05649403317508686,
        "n_layers": 15
      }
    },
    "normalized_entropy": 0.6673991085539034,
    "near_peak_layers": [
      6
    ],