{
  "dim_name": "13_helpfulness",
  "dim_id": 13,
  "reading_profile": {
    "probe_type": "reading",
    "n_layers": 35,
    "overall_mean_r2": 0.00030135629239425466,
    "overall_mean_abs_cos": 0.014562440382256422,
    "peak_layer": 33,
    "peak_cosine": 0.03858843445777893,
    "peak_abs_cosine": 0.03858843445777893,
    "peak_r2": 0.0014890672739023003,
    "onset_layer": null,
    "band_stats": {
      "early": {
        "mean_cos": -0.0030724177002412036,
        "mean_abs_cos": 0.008634651252577896,
        "mean_r2": 9.849718289871995e-05,
        "max_r2": 0.0001933652630671254,
        "r2_fraction": 0.04669232560765613,
        "n_layers": 5
      },
      "middle": {
        "mean_cos": 0.005286169859270255,
        "mean_abs_cos": 0.012235883095612129,
        "mean_r2": 0.0002174338302656436,
        "max_r2": 0.0008341051881564088,
        "r2_fraction": 0.30922177372288706,
        "n_layers": 15
      },
      "late": {
        "mean_cos": 0.015825324319303037,
        "mean_abs_cos": 0.01886492737879356,
        "mean_r2": 0.00045289845768804385,
        "max_r2": 0.0014890672739023003,
        "r2_fraction": 0.6440859006694567,
        "n_layers": 15
      }
    },
    "normalized_entropy": 0.8416235783430284,
    "near_peak_layers": [
      27,
      33
    ],
    "near_peak_fraction": 0.05714285714285714,
    "sign_consistency": 0.6857142857142857,
    "dominant_sign": "positive",
    "profile_type": "negligible",
    "per_layer": {
      "6": {
        "cosine": 0.013905583880841732,
        "abs_cosine": 0.013905583880841732,
        "r_squared": 0.0001933652630671254
      },
      "7": {
        "cosine": -0.008452371694147587,
        "abs_cosine": 0.008452371694147587,
        "r_squared": 7.144258725602735e-05
      },
      "8": {
        "cosine": -2.364155625400599e-05,
        "abs_cosine": 2.364155625400599e-05,
        "r_squared": 5.589231821113298e-10
      },
      "9": {
        "cosine": -0.007994688116014004,
        "abs_cosine": 0.007994688116014004,
        "r_squared": 6.391503807233554e-05
      },
      "10": {
        "cosine": -0.012796971015632153,
        "abs_cosine": 0.012796971015632153,
        "r_squared": 0.0001637624671749294
      },
      "11": {
        "cosine": -0.0023436504416167736,
        "abs_cosine": 0.0023436504416167736,
        "r_squared": 5.492697392490498e-06
      },
      "12": {
        "cosine": -0.013739939779043198,
        "abs_cosine": 0.013739939779043198,
        "r_squared": 0.00018878594513173363
      },
      "13": {
        "cosine": -0.018503699451684952,
        "abs_cosine": 0.018503699451684952,
        "r_squared": 0.000342386893398286
      },
      "14": {
        "cosine": 0.02825799584388733,
        "abs_cosine": 0.02825799584388733,
        "r_squared": 0.0007985143291131536
      },
      "15": {
        "cosine": 0.016959495842456818,
        "abs_cosine": 0.016959495842456818,
        "r_squared": 0.0002876244992303101
      },
      "16": {
        "cosine": 0.010922194458544254,
        "abs_cosine": 0.010922194458544254,
        "r_squared": 0.00011929433179025482
      },
      "17": {
        "cosine": 0.012478764168918133,
        "abs_cosine": 0.012478764168918133,
        "r_squared": 0.00015571955518347506
      },
      "18": {
        "cosine": 0.010228081606328487,
        "abs_cosine": 0.010228081606328487,
        "r_squared": 0.00010461365334571513
      },
      "19": {
        "cosine": 0.0006364886648952961,
        "abs_cosine": 0.0006364886648952961,
        "r_squared": 4.0511782054019653e-07
      },
      "20": {
        "cosine": 0.028880879282951355,
        "abs_cosine": 0.028880879282951355,
        "r_squared": 0.0008341051881564088
      },
      "21": {
        "cosine": 0.010648981668055058,
        "abs_cosine": 0.010648981668055058,
        "r_squared": 0.00011340081056657268
      },
      "22": {
        "cosine": 0.009943634271621704,
        "abs_cosine": 0.009943634271621704,
        "r_squared": 9.88758625277697e-05
      },
      "23": {
        "cosine": -0.0036445704754441977,
        "abs_cosine": 0.0036445704754441977,
        "r_squared": 1.3282893950479545e-05
      },
      "24": {
        "cosine": -0.013890989124774933,
        "abs_cosine": 0.013890989124774933,
        "r_squared": 0.00019295957886461546
      },
      "25": {
        "cosine": 0.002458881353959441,
        "abs_cosine": 0.002458881353959441,
        "r_squared": 6.046097512849415e-06
      },
      "26": {
        "cosine": -0.005127268843352795,
        "abs_cosine": 0.005127268843352795,
        "r_squared": 2.6288885792016305e-05
      },
      "27": {
        "cosine": 0.03256908431649208,
        "abs_cosine": 0.03256908431649208,
        "r_squared": 0.0010607452532147704
      },
      "28": {
        "cosine": 0.0188644677400589,
        "abs_cosine": 0.0188644677400589,
        "r_squared": 0.0003558681431157229
      },
      "29": {
        "cosine": 0.0092996247112751,
        "abs_cosine": 0.0092996247112751,
        "r_squared": 8.64830197705585e-05
      },
      "30": {
        "cosine": 0.009722516871988773,
        "abs_cosine": 0.009722516871988773,
        "r_squared": 9.452733432610636e-05
      },
      "31": {
        "cosine": 0.02882378175854683,
        "abs_cosine": 0.02882378175854683,
        "r_squared": 0.0008308103948643369
      },
      "32": {
        "cosine": 0.02904238924384117,
        "abs_cosine": 0.02904238924384117,
        "r_squared": 0.0008434603729907814
      },
      "33": {
        "cosine": 0.03858843445777893,
        "abs_cosine": 0.03858843445777893,
        "r_squared": 0.0014890672739023003
      },
      "34": {
        "cosine": 0.0029158955439925194,
        "abs_cosine": 0.0029158955439925194,
        "r_squared": 8.50244682347543e-06
      },
      "35": {
        "cosine": 0.015604689717292786,
        "abs_cosine": 0.015604689717292786,
        "r_squared": 0.0002435063411729832
      },
      "36": {
        "cosine": 0.023095572367310524,
        "abs_cosine": 0.023095572367310524,
        "r_squared": 0.0005334054629736774
      },
      "37": {
        "cosine": 0.014141038060188293,
        "abs_cosine": 0.014141038060188293,
        "r_squared": 0.0001999689574196939
      },
      "38": {
        "cosine": 0.020358674228191376,
        "abs_cosine": 0.020358674228191376,
        "r_squared": 0.0004144756163296237
      },
      "39": {
        "cosine": 0.017150718718767166,
        "abs_cosine": 0.017150718718767166,
        "r_squared": 0.00029414715257027046
      },
      "40": {
        "cosine": -0.01766975410282612,
        "abs_cosine": 0.01766975410282612,
        "r_squared": 0.00031222021005434045
      }
    }
  },
  "control_profile": {
    "probe_type": "control",
    "n_layers": 35,
    "overall_mean_r2": 0.00032745296660518933,
    "overall_mean_abs_cos": 0.014589359783011397,
    "peak_layer": 14,
    "peak_cosine": 0.04766765609383583,
    "peak_abs_cosine": 0.04766765609383583,
    "peak_r2": 0.002272205437480204,
    "onset_layer": null,
    "band_stats": {
      "early": {
        "mean_cos": -0.0006536923348903656,
        "mean_abs_cos": 0.013585852086544037,
        "mean_r2": 0.0002212611183149419,
        "max_r2": 0.0003796558815993868,
        "r2_fraction": 0.09652907260406515,
        "n_layers": 5
      },
      "middle": {
        "mean_cos": 0.01454699997169276,
        "mean_abs_cos": 0.017831423987324038,
        "mean_r2": 0.0004941345519731153,
        "max_r2": 0.002272205437480204,
        "r2_fraction": 0.6467247893373178,
        "n_layers": 15
      },
      "late": {
        "mean_cos": 0.007378841328378864,
        "mean_abs_cos": 0.011681798144187875,
        "mean_r2": 0.00019616866400067918,
        "max_r2": 0.0007765598574834311,
        "r2_fraction": 0.256746138058617,
        "n_layers": 15
      }
    },
    "normalized_entropy": 0.7890038739813007,
    "near_peak_layers": [
      14,
      15
    ],