{
  "dim_name": "14_biological",
  "dim_id": 14,
  "reading_profile": {
    "probe_type": "reading",
    "n_layers": 35,
    "overall_mean_r2": 0.0003125107599404521,
    "overall_mean_abs_cos": 0.013931379365801279,
    "peak_layer": 9,
    "peak_cosine": -0.04685492813587189,
    "peak_abs_cosine": 0.04685492813587189,
    "peak_r2": 0.002195384290617719,
    "onset_layer": null,
    "band_stats": {
      "early": {
        "mean_cos": -0.022651910316199064,
        "mean_abs_cos": 0.025634337682276964,
        "mean_r2": 0.0008298623340638036,
        "max_r2": 0.002195384290617719,
        "r2_fraction": 0.3793525766335356,
        "n_layers": 5
      },
      "middle": {
        "mean_cos": 0.007224748044245643,
        "mean_abs_cos": 0.015381488066486782,
        "mean_r2": 0.0003260050910277224,
        "max_r2": 0.001076960046700673,
        "r2_fraction": 0.44707730258610007,
        "n_layers": 15
      },
      "late": {
        "mean_cos": 0.005643741004314506,
        "mean_abs_cos": 0.00858028455962388,
        "mean_r2": 0.00012656590414539788,
        "max_r2": 0.0005264296826790749,
        "r2_fraction": 0.17357012078036418,
        "n_layers": 15
      }
    },
    "normalized_entropy": 0.7947582840534703,
    "near_peak_layers": [
      9
    ],
    "near_peak_fraction": 0.02857142857142857,
    "sign_consistency": 0.6,
    "dominant_sign": "positive",
    "profile_type": "negligible",
    "per_layer": {
      "6": {
        "cosine": 0.00745606841519475,
        "abs_cosine": 0.00745606841519475,
        "r_squared": 5.559295621206475e-05
      },
      "7": {
        "cosine": -0.018708115443587303,
        "abs_cosine": 0.018708115443587303,
        "r_squared": 0.00034999358345058976
      },
      "8": {
        "cosine": -0.023872405290603638,
        "abs_cosine": 0.023872405290603638,
        "r_squared": 0.0005698917343588406
      },
      "9": {
        "cosine": -0.04685492813587189,
        "abs_cosine": 0.04685492813587189,
        "r_squared": 0.002195384290617719
      },
      "10": {
        "cosine": -0.03128017112612724,
        "abs_cosine": 0.03128017112612724,
        "r_squared": 0.0009784491056798045
      },
      "11": {
        "cosine": -0.029903333634138107,
        "abs_cosine": 0.029903333634138107,
        "r_squared": 0.0008942093624345754
      },
      "12": {
        "cosine": -0.012474813498556614,
        "abs_cosine": 0.012474813498556614,
        "r_squared": 0.0001556209718237703
      },
      "13": {
        "cosine": -0.013872518204152584,
        "abs_cosine": 0.013872518204152584,
        "r_squared": 0.00019244676132454484
      },
      "14": {
        "cosine": -0.00010592194303171709,
        "abs_cosine": 0.00010592194303171709,
        "r_squared": 1.1219458015614321e-08
      },
      "15": {
        "cosine": 0.02199585922062397,
        "abs_cosine": 0.02199585922062397,
        "r_squared": 0.0004838178228535085
      },
      "16": {
        "cosine": 0.017322368919849396,
        "abs_cosine": 0.017322368919849396,
        "r_squared": 0.0003000644649953643
      },
      "17": {
        "cosine": 0.021126611158251762,
        "abs_cosine": 0.021126611158251762,
        "r_squared": 0.0004463336990319679
      },
      "18": {
        "cosine": 0.03281706944108009,
        "abs_cosine": 0.03281706944108009,
        "r_squared": 0.001076960046700673
      },
      "19": {
        "cosine": 1.745574627420865e-05,
        "abs_cosine": 1.745574627420865e-05,
        "r_squared": 3.0470307798954917e-10
      },
      "20": {
        "cosine": 0.018616029992699623,
        "abs_cosine": 0.018616029992699623,
        "r_squared": 0.00034655657268909193
      },
      "21": {
        "cosine": 0.012939023785293102,
        "abs_cosine": 0.012939023785293102,
        "r_squared": 0.00016741833651638064
      },
      "22": {
        "cosine": 0.019503172487020493,
        "abs_cosine": 0.019503172487020493,
        "r_squared": 0.0003803737370584731
      },
      "23": {
        "cosine": 0.005348927341401577,
        "abs_cosine": 0.005348927341401577,
        "r_squared": 2.8611023703593343e-05
      },
      "24": {
        "cosine": 0.019860252737998962,
        "abs_cosine": 0.019860252737998962,
        "r_squared": 0.0003944296388171953
      },
      "25": {
        "cosine": -0.004818962886929512,
        "abs_cosine": 0.004818962886929512,
        "r_squared": 2.3222403305604017e-05
      },
      "26": {
        "cosine": -0.003949946723878384,
        "abs_cosine": 0.003949946723878384,
        "r_squared": 1.5602079121477576e-05
      },
      "27": {
        "cosine": 0.021890390664339066,
        "abs_cosine": 0.021890390664339066,
        "r_squared": 0.0004791892034373829
      },
      "28": {
        "cosine": 0.02101857401430607,
        "abs_cosine": 0.02101857401430607,
        "r_squared": 0.0004417804535948623
      },
      "29": {
        "cosine": 0.006555568892508745,
        "abs_cosine": 0.006555568892508745,
        "r_squared": 4.2975483504428336e-05
      },
      "30": {
        "cosine": -0.007315896917134523,
        "abs_cosine": 0.007315896917134523,
        "r_squared": 5.3522347702138423e-05
      },
      "31": {
        "cosine": 0.008671274408698082,
        "abs_cosine": 0.008671274408698082,
        "r_squared": 7.519099987094227e-05
      },
      "32": {
        "cosine": 0.004128186963498592,
        "abs_cosine": 0.004128186963498592,
        "r_squared": 1.704192760559973e-05
      },
      "33": {
        "cosine": 0.007928816601634026,
        "abs_cosine": 0.007928816601634026,
        "r_squared": 6.286613270234734e-05
      },
      "34": {
        "cosine": 0.022944055497646332,
        "abs_cosine": 0.022944055497646332,
        "r_squared": 0.0005264296826790749
      },
      "35": {
        "cosine": -0.004010702483355999,
        "abs_cosine": 0.004010702483355999,
        "r_squared": 1.6085734409997977e-05
      },
      "36": {
        "cosine": 0.0015843623550608754,
        "abs_cosine": 0.0015843623550608754,
        "r_squared": 2.5102040721340435e-06
      },
      "37": {
        "cosine": -0.0027075267862528563,
        "abs_cosine": 0.0027075267862528563,
        "r_squared": 7.33070129827672e-06
      },
      "38": {
        "cosine": 5.7758788898354396e-05,
        "abs_cosine": 5.7758788898354396e-05,
        "r_squared": 3.336077695004667e-09
      },
      "39": {
        "cosine": 0.01190120354294777,
        "abs_cosine": 0.01190120354294777,
        "r_squared": 0.00014163864577067253
      },
      "40": {
        "cosine": -0.004040003754198551,
        "abs_cosine": 0.004040003754198551,
        "r_squared": 1.6321630333938388e-05
      }
    }
  },
  "control_profile": {
    "probe_type": "control",
    "n_layers": 35,
    "overall_mean_r2": 0.0004730405975980221,
    "overall_mean_abs_cos": 0.01738067532590191,
    "peak_layer": 9,
    "peak_cosine": -0.06186160072684288,
    "peak_abs_cosine": 0.06186160072684288,
    "peak_r2": 0.0038268576444873276,
    "onset_layer": 9,
    "band_stats": {
      "early": {
        "mean_cos": -0.020385774224996565,
        "mean_abs_cos": 0.02702256441116333,
        "mean_r2": 0.0012043368963172703,
        "max_r2": 0.0038268576444873276,
        "r2_fraction": 0.36370689729156497,
        "n_layers": 5
      },
      "middle": {
        "mean_cos": 0.0042146552548122905,
        "mean_abs_cos": 0.01958581852959469,
        "mean_r2": 0.0005131971638058048,
        "max_r2": 0.0016467210395776366,
        "r2_fraction": 0.46495299293097886,
        "n_layers": 15
      },
      "late": {
        "mean_cos": 0.010175276749456922,
        "mean_abs_cos": 0.011961569093788664,
        "mean_r2": 0.00018911859848382318,
        "max_r2": 0.0008803248208275605,
        "r2_fraction": 0.171340109777456,
        "n_layers": 15
      }
    },
    "normalized_entropy": 0.7789625854403323,
    "near_peak_layers": [
      9
    ],