{
  "dim_name": "1_phenomenology",
  "dim_id": 1,
  "reading_profile": {
    "probe_type": "reading",
    "n_layers": 35,
    "overall_mean_r2": 0.00032432047975661536,
    "overall_mean_abs_cos": 0.01393232956886225,
    "peak_layer": 15,
    "peak_cosine": 0.04173197224736214,
    "peak_abs_cosine": 0.04173197224736214,
    "peak_r2": 0.0017415575076546036,
    "onset_layer": null,
    "band_stats": {
      "early": {
        "mean_cos": -0.011994064785540104,
        "mean_abs_cos": 0.01506371032446623,
        "mean_r2": 0.0002629512345528171,
        "max_r2": 0.0005223414301271934,
        "r2_fraction": 0.11582513107764249,
        "n_layers": 5
      },
      "middle": {
        "mean_cos": 0.012204753519229901,
        "mean_abs_cos": 0.013244239375732528,
        "mean_r2": 0.00038244074127612176,
        "max_r2": 0.0017415575076546036,
        "r2_fraction": 0.5053741131476616,
        "n_layers": 15
      },
      "late": {
        "mean_cos": 0.01213868127282088,
        "mean_abs_cos": 0.014243292843457312,
        "mean_r2": 0.00028665663330504164,
        "max_r2": 0.0010435041377657855,
        "r2_fraction": 0.37880075577469585,
        "n_layers": 15
      }
    },
    "normalized_entropy": 0.7837731639293907,
    "near_peak_layers": [
      14,
      15,
      17
    ],
    "near_peak_fraction": 0.08571428571428572,
    "sign_consistency": 0.7428571428571429,
    "dominant_sign": "positive",
    "profile_type": "negligible",
    "per_layer": {
      "6": {
        "cosine": 0.007674113847315311,
        "abs_cosine": 0.007674113847315311,
        "r_squared": 5.889202334155661e-05
      },
      "7": {
        "cosine": -0.022854790091514587,
        "abs_cosine": 0.022854790091514587,
        "r_squared": 0.0005223414301271934
      },
      "8": {
        "cosine": -0.012092743068933487,
        "abs_cosine": 0.012092743068933487,
        "r_squared": 0.0001462344349312389
      },
      "9": {
        "cosine": -0.02148384414613247,
        "abs_cosine": 0.02148384414613247,
        "r_squared": 0.00046155555929531036
      },
      "10": {
        "cosine": -0.011213060468435287,
        "abs_cosine": 0.011213060468435287,
        "r_squared": 0.0001257327250687862
      },
      "11": {
        "cosine": -0.007676564622670412,
        "abs_cosine": 0.007676564622670412,
        "r_squared": 5.8929644406034926e-05
      },
      "12": {
        "cosine": -0.00011957930109929293,
        "abs_cosine": 0.00011957930109929293,
        "r_squared": 1.429920925139536e-08
      },
      "13": {
        "cosine": 0.005641579627990723,
        "abs_cosine": 0.005641579627990723,
        "r_squared": 3.182742069895994e-05
      },
      "14": {
        "cosine": 0.03346538171172142,
        "abs_cosine": 0.03346538171172142,
        "r_squared": 0.0011199317731112185
      },
      "15": {
        "cosine": 0.04173197224736214,
        "abs_cosine": 0.04173197224736214,
        "r_squared": 0.0017415575076546036
      },
      "16": {
        "cosine": 0.024658530950546265,
        "abs_cosine": 0.024658530950546265,
        "r_squared": 0.0006080431486390481
      },
      "17": {
        "cosine": 0.03877589851617813,
        "abs_cosine": 0.03877589851617813,
        "r_squared": 0.0015035703057369454
      },
      "18": {
        "cosine": 0.021838955581188202,
        "abs_cosine": 0.021838955581188202,
        "r_squared": 0.0004769399808771113
      },
      "19": {
        "cosine": 0.0015364178689196706,
        "abs_cosine": 0.0015364178689196706,
        "r_squared": 2.360579867935662e-06
      },
      "20": {
        "cosine": 0.0007158456137403846,
        "abs_cosine": 0.0007158456137403846,
        "r_squared": 5.124349427113479e-07
      },
      "21": {
        "cosine": 0.0029535244684666395,
        "abs_cosine": 0.0029535244684666395,
        "r_squared": 8.723306785831145e-06
      },
      "22": {
        "cosine": 0.0016609822632744908,
        "abs_cosine": 0.0016609822632744908,
        "r_squared": 2.75886207891245e-06
      },
      "23": {
        "cosine": 0.00222480995580554,
        "abs_cosine": 0.00222480995580554,
        "r_squared": 4.949779339451449e-06
      },
      "24": {
        "cosine": 0.013019196689128876,
        "abs_cosine": 0.013019196689128876,
        "r_squared": 0.00016949948243022428
      },
      "25": {
        "cosine": 0.0026443512178957462,
        "abs_cosine": 0.0026443512178957462,
        "r_squared": 6.992593363586716e-06
      },
      "26": {
        "cosine": 0.0006665546097792685,
        "abs_cosine": 0.0006665546097792685,
        "r_squared": 4.442950478179929e-07
      },
      "27": {
        "cosine": 0.013316606171429157,
        "abs_cosine": 0.013316606171429157,
        "r_squared": 0.00017733199992494512
      },
      "28": {
        "cosine": 0.03230331465601921,
        "abs_cosine": 0.03230331465601921,
        "r_squared": 0.0010435041377657855
      },
      "29": {
        "cosine": 0.02583673782646656,
        "abs_cosine": 0.02583673782646656,
        "r_squared": 0.000667537021513568
      },
      "30": {
        "cosine": 0.007994785904884338,
        "abs_cosine": 0.007994785904884338,
        "r_squared": 6.391660166493729e-05
      },
      "31": {
        "cosine": 0.029337512329220772,
        "abs_cosine": 0.029337512329220772,
        "r_squared": 0.0008606896296671808
      },
      "32": {
        "cosine": 0.014100823551416397,
        "abs_cosine": 0.014100823551416397,
        "r_squared": 0.00019883322482817933
      },
      "33": {
        "cosine": 0.011898118071258068,
        "abs_cosine": 0.011898118071258068,
        "r_squared": 0.0001415652136375978
      },
      "34": {
        "cosine": 0.01747484691441059,
        "abs_cosine": 0.01747484691441059,
        "r_squared": 0.00030537027468208536
      },
      "35": {
        "cosine": 0.021242810413241386,
        "abs_cosine": 0.021242810413241386,
        "r_squared": 0.0004512569942529167
      },
      "36": {
        "cosine": 0.008450947701931,
        "abs_cosine": 0.008450947701931,
        "r_squared": 7.141851706077285e-05
      },
      "37": {
        "cosine": -0.003949410747736692,
        "abs_cosine": 0.003949410747736692,
        "r_squared": 1.55978452543381e-05
      },
      "38": {
        "cosine": -0.0060539236292243,
        "abs_cosine": 0.0060539236292243,
        "r_squared": 3.6649991308480324e-05
      },
      "39": {
        "cosine": 0.015241747722029686,
        "abs_cosine": 0.015241747722029686,
        "r_squared": 0.00023231087362199712
      },
      "40": {
        "cosine": -0.0057812524028122425,
        "abs_cosine": 0.0057812524028122425,
        "r_squared": 3.342287934502233e-05
      }
    }
  },
  "control_profile": {
    "probe_type": "control",
    "n_layers": 35,
    "overall_mean_r2": 0.0005421713234217847,
    "overall_mean_abs_cos": 0.019291766875955674,
    "peak_layer": 15,
    "peak_cosine": 0.05263860151171684,
    "peak_abs_cosine": 0.05263860151171684,
    "peak_r2": 0.0027708223691093187,
    "onset_layer": 15,
    "band_stats": {
      "early": {
        "mean_cos": 0.008997285598888993,
        "mean_abs_cos": 0.015104509750381112,
        "mean_r2": 0.0003488734242329734,
        "max_r2": 0.0010943026952359297,
        "r2_fraction": 0.09192492935657896,
        "n_layers": 5
      },
      "middle": {
        "mean_cos": 0.019176030911815665,
        "mean_abs_cos": 0.02189772732090205,
        "mean_r2": 0.0007606428937354614,
        "max_r2": 0.0027708223691093187,
        "r2_fraction": 0.6012671595087421,
        "n_layers": 15
      },
      "late": {
        "mean_cos": 0.018081558806200822,
        "mean_abs_cos": 0.018081558806200822,
        "mean_r2": 0.0003881323861710449,
        "max_r2": 0.0011386225830912894,
        "r2_fraction": 0.30680791113467876,
        "n_layers": 15
      }
    },
    "normalized_entropy": 0.8223189759117114,