{
  "dim_name": "4_intentions",
  "dim_id": 4,
  "reading_profile": {
    "probe_type": "reading",
    "n_layers": 35,
    "overall_mean_r2": 0.0005400024491493167,
    "overall_mean_abs_cos": 0.020176158186846545,
    "peak_layer": 28,
    "peak_cosine": 0.04514428228139877,
    "peak_abs_cosine": 0.04514428228139877,
    "peak_r2": 0.0020380062227026152,
    "onset_layer": null,
    "band_stats": {
      "early": {
        "mean_cos": -0.007084275223314762,
        "mean_abs_cos": 0.013722429983317852,
        "mean_r2": 0.00023999231649249244,
        "max_r2": 0.0006958470432119647,
        "r2_fraction": 0.06348974286282275,
        "n_layers": 5
      },
      "middle": {
        "mean_cos": 0.018460024086137613,
        "mean_abs_cos": 0.021731847835083803,
        "mean_r2": 0.0005790476348027066,
        "max_r2": 0.0017141333930617564,
        "r2_fraction": 0.4595595306081342,
        "n_layers": 15
      },
      "late": {
        "mean_cos": 0.020393153823291262,
        "mean_abs_cos": 0.020771711273118852,
        "mean_r2": 0.0006009606410482013,
        "max_r2": 0.0020380062227026152,
        "r2_fraction": 0.47695072652904286,
        "n_layers": 15
      }
    },
    "normalized_entropy": 0.8689294061975565,
    "near_peak_layers": [
      15,
      17,
      27,
      28
    ],
    "near_peak_fraction": 0.11428571428571428,
    "sign_consistency": 0.8285714285714286,
    "dominant_sign": "positive",
    "profile_type": "negligible",
    "per_layer": {
      "6": {
        "cosine": 0.012486772611737251,
        "abs_cosine": 0.012486772611737251,
        "r_squared": 0.00015591949025723154
      },
      "7": {
        "cosine": -0.013973190449178219,
        "abs_cosine": 0.013973190449178219,
        "r_squared": 0.0001952500513290054
      },
      "8": {
        "cosine": 0.0041086142882704735,
        "abs_cosine": 0.0041086142882704735,
        "r_squared": 1.688071136978029e-05
      },
      "9": {
        "cosine": -0.011664659716188908,
        "abs_cosine": 0.011664659716188908,
        "r_squared": 0.0001360642862944803
      },
      "10": {
        "cosine": -0.02637891285121441,
        "abs_cosine": 0.02637891285121441,
        "r_squared": 0.0006958470432119647
      },
      "11": {
        "cosine": -0.011668859049677849,
        "abs_cosine": 0.011668859049677849,
        "r_squared": 0.00013616227152124863
      },
      "12": {
        "cosine": 0.003953954204916954,
        "abs_cosine": 0.003953954204916954,
        "r_squared": 1.5633753854580462e-05
      },
      "13": {
        "cosine": -0.012869819067418575,
        "abs_cosine": 0.012869819067418575,
        "r_squared": 0.00016563224282809073
      },
      "14": {
        "cosine": 0.01645798608660698,
        "abs_cosine": 0.01645798608660698,
        "r_squared": 0.0002708653060269489
      },
      "15": {
        "cosine": 0.036532700061798096,
        "abs_cosine": 0.036532700061798096,
        "r_squared": 0.0013346381738053026
      },
      "16": {
        "cosine": 0.03322054073214531,
        "abs_cosine": 0.03322054073214531,
        "r_squared": 0.0011036043265361256
      },
      "17": {
        "cosine": 0.041402094066143036,
        "abs_cosine": 0.041402094066143036,
        "r_squared": 0.0017141333930617564
      },
      "18": {
        "cosine": 0.03260202705860138,
        "abs_cosine": 0.03260202705860138,
        "r_squared": 0.0010628921683297765
      },
      "19": {
        "cosine": 0.013253854587674141,
        "abs_cosine": 0.013253854587674141,
        "r_squared": 0.00017566466143121087
      },
      "20": {
        "cosine": 0.023131519556045532,
        "abs_cosine": 0.023131519556045532,
        "r_squared": 0.0005350671969717169
      },
      "21": {
        "cosine": 0.01824099011719227,
        "abs_cosine": 0.01824099011719227,
        "r_squared": 0.000332733720455506
      },
      "22": {
        "cosine": 0.022409772500395775,
        "abs_cosine": 0.022409772500395775,
        "r_squared": 0.0005021979035194947
      },
      "23": {
        "cosine": 0.026909565553069115,
        "abs_cosine": 0.026909565553069115,
        "r_squared": 0.0007241247182549239
      },
      "24": {
        "cosine": 0.011317906901240349,
        "abs_cosine": 0.011317906901240349,
        "r_squared": 0.00012809501662514391
      },
      "25": {
        "cosine": 0.02200612798333168,
        "abs_cosine": 0.02200612798333168,
        "r_squared": 0.00048426966881877365
      },
      "26": {
        "cosine": 0.019897591322660446,
        "abs_cosine": 0.019897591322660446,
        "r_squared": 0.0003959141404436123
      },
      "27": {
        "cosine": 0.041969284415245056,
        "abs_cosine": 0.041969284415245056,
        "r_squared": 0.0017614208343277316
      },
      "28": {
        "cosine": 0.04514428228139877,
        "abs_cosine": 0.04514428228139877,
        "r_squared": 0.0020380062227026152
      },
      "29": {
        "cosine": 0.03145405650138855,
        "abs_cosine": 0.03145405650138855,
        "r_squared": 0.0009893576703925433
      },
      "30": {
        "cosine": 0.01934695988893509,
        "abs_cosine": 0.01934695988893509,
        "r_squared": 0.00037430485694406324
      },
      "31": {
        "cosine": 0.03345246985554695,
        "abs_cosine": 0.03345246985554695,
        "r_squared": 0.0011190677394362775
      },
      "32": {
        "cosine": 0.028918826952576637,
        "abs_cosine": 0.028918826952576637,
        "r_squared": 0.000836298552313073
      },
      "33": {
        "cosine": 0.021228870376944542,
        "abs_cosine": 0.021228870376944542,
        "r_squared": 0.0004506649374811135
      },
      "34": {
        "cosine": 0.01461302675306797,
        "abs_cosine": 0.01461302675306797,
        "r_squared": 0.00021354055088588023
      },
      "35": {
        "cosine": 0.024899177253246307,
        "abs_cosine": 0.024899177253246307,
        "r_squared": 0.0006199690278885783
      },
      "36": {
        "cosine": 0.004596523009240627,
        "abs_cosine": 0.004596523009240627,
        "r_squared": 2.1128023774478512e-05
      },
      "37": {
        "cosine": 0.005646355450153351,
        "abs_cosine": 0.005646355450153351,
        "r_squared": 3.188132986947645e-05
      },
      "38": {
        "cosine": -0.002839180873706937,
        "abs_cosine": 0.002839180873706937,
        "r_squared": 8.060948033623285e-06
      },
      "39": {
        "cosine": 0.008305588737130165,
        "abs_cosine": 0.008305588737130165,
        "r_squared": 6.898280427034345e-05
      },
      "40": {
        "cosine": 0.009263475425541401,
        "abs_cosine": 0.009263475425541401,
        "r_squared": 8.581197695960944e-05
      }
    }
  },
  "control_profile": {
    "probe_type": "control",
    "n_layers": 35,
    "overall_mean_r2": 0.0010730473368441755,
    "overall_mean_abs_cos": 0.029196009742320582,
    "peak_layer": 16,
    "peak_cosine": 0.05670766904950142,
    "peak_abs_cosine": 0.05670766904950142,
    "peak_r2": 0.003215759729027781,
    "onset_layer": 6,
    "band_stats": {
      "early": {
        "mean_cos": 0.030763537622988224,
        "mean_abs_cos": 0.030763537622988224,
        "mean_r2": 0.0011781888979699765,
        "max_r2": 0.0025827743025019917,
        "r2_fraction": 0.156854869240907,
        "n_layers": 5
      },
      "middle": {
        "mean_cos": 0.032905601579598924,
        "mean_abs_cos": 0.032905601579598924,
        "mean_r2": 0.0013375746110569039,
        "max_r2": 0.003215759729027781,
        "r2_fraction": 0.5342227152507953,
        "n_layers": 15
      },
      "late": {
        "mean_cos": 0.024701942410320043,
        "mean_abs_cos": 0.024963908611486355,
        "mean_r2": 0.0007734728755895141,
        "max_r2": 0.002287290600711478,
        "r2_fraction": 0.30892241550829785,
        "n_layers": 15
      }
    },
    "normalized_entropy": 0.8977015605234773,