{
  "dim_name": "5_prediction",
  "dim_id": 5,
  "reading_profile": {
    "probe_type": "reading",
    "n_layers": 35,
    "overall_mean_r2": 0.00044459768611675957,
    "overall_mean_abs_cos": 0.016447994289254503,
    "peak_layer": 15,
    "peak_cosine": 0.053227782249450684,
    "peak_abs_cosine": 0.053227782249450684,
    "peak_r2": 0.0028331968031949373,
    "onset_layer": 15,
    "band_stats": {
      "early": {
        "mean_cos": 0.001832025870680809,
        "mean_abs_cos": 0.014534158259630203,
        "mean_r2": 0.0003304649484472392,
        "max_r2": 0.0009803076723114423,
        "r2_fraction": 0.10618426461447567,
        "n_layers": 5
      },
      "middle": {
        "mean_cos": 0.018789012132522962,
        "mean_abs_cos": 0.02157554302830249,
        "mean_r2": 0.0007478959044464133,
        "max_r2": 0.0028331968031949373,
        "r2_fraction": 0.7209367619316482,
        "n_layers": 15
      },
      "late": {
        "mean_cos": 0.0025939311366528273,
        "mean_abs_cos": 0.011958390893414616,
        "mean_r2": 0.00017934371367694598,
        "max_r2": 0.0005482686445846957,
        "r2_fraction": 0.17287897345387604,
        "n_layers": 15
      }
    },
    "normalized_entropy": 0.7667850775108422,
    "near_peak_layers": [
      15,
      17
    ],
    "near_peak_fraction": 0.05714285714285714,
    "sign_consistency": 0.6857142857142857,
    "dominant_sign": "positive",
    "profile_type": "middle-concentrated",
    "per_layer": {
      "6": {
        "cosine": 0.03130986541509628,
        "abs_cosine": 0.03130986541509628,
        "r_squared": 0.0009803076723114423
      },
      "7": {
        "cosine": 0.004465704318135977,
        "abs_cosine": 0.004465704318135977,
        "r_squared": 1.994251505701831e-05
      },
      "8": {
        "cosine": 0.005139890592545271,
        "abs_cosine": 0.005139890592545271,
        "r_squared": 2.6418475303335376e-05
      },
      "9": {
        "cosine": -0.008084862492978573,
        "abs_cosine": 0.008084862492978573,
        "r_squared": 6.53650015303717e-05
      },
      "10": {
        "cosine": -0.023670468479394913,
        "abs_cosine": 0.023670468479394913,
        "r_squared": 0.0005602910780340281
      },
      "11": {
        "cosine": 0.0013822960900142789,
        "abs_cosine": 0.0013822960900142789,
        "r_squared": 1.9107424804687634e-06
      },
      "12": {
        "cosine": 0.008656451478600502,
        "abs_cosine": 0.008656451478600502,
        "r_squared": 7.493415220136482e-05
      },
      "13": {
        "cosine": -0.008681010454893112,
        "abs_cosine": 0.008681010454893112,
        "r_squared": 7.535994251796352e-05
      },
      "14": {
        "cosine": 0.03820905461907387,
        "abs_cosine": 0.03820905461907387,
        "r_squared": 0.00145993185488337
      },
      "15": {
        "cosine": 0.053227782249450684,
        "abs_cosine": 0.053227782249450684,
        "r_squared": 0.0028331968031949373
      },
      "16": {
        "cosine": 0.04029121994972229,
        "abs_cosine": 0.04029121994972229,
        "r_squared": 0.0016233824050368995
      },
      "17": {
        "cosine": 0.04691772162914276,
        "abs_cosine": 0.04691772162914276,
        "r_squared": 0.0022012726028697305
      },
      "18": {
        "cosine": 0.040153201669454575,
        "abs_cosine": 0.040153201669454575,
        "r_squared": 0.0016122796043078896
      },
      "19": {
        "cosine": 0.01487836241722107,
        "abs_cosine": 0.01487836241722107,
        "r_squared": 0.00022136566821817638
      },
      "20": {
        "cosine": 0.02231079712510109,
        "abs_cosine": 0.02231079712510109,
        "r_squared": 0.000497771668357419
      },
      "21": {
        "cosine": 0.014643007889389992,
        "abs_cosine": 0.014643007889389992,
        "r_squared": 0.00021441768004873754
      },
      "22": {
        "cosine": 0.015187498182058334,
        "abs_cosine": 0.015187498182058334,
        "r_squared": 0.0002306601010300252
      },
      "23": {
        "cosine": 0.006876770406961441,
        "abs_cosine": 0.006876770406961441,
        "r_squared": 4.7289971230060623e-05
      },
      "24": {
        "cosine": -0.0011076878290623426,
        "abs_cosine": 0.0011076878290623426,
        "r_squared": 1.2269723266528456e-06
      },
      "25": {
        "cosine": -0.011110283434391022,
        "abs_cosine": 0.011110283434391022,
        "r_squared": 0.00012343839799250356
      },
      "26": {
        "cosine": -0.013722333125770092,
        "abs_cosine": 0.013722333125770092,
        "r_squared": 0.00018830242641460718
      },
      "27": {
        "cosine": 0.01478055864572525,
        "abs_cosine": 0.01478055864572525,
        "r_squared": 0.00021846491387972344
      },
      "28": {
        "cosine": 0.013043377548456192,
        "abs_cosine": 0.013043377548456192,
        "r_squared": 0.00017012969787157106
      },
      "29": {
        "cosine": 0.0019993972964584827,
        "abs_cosine": 0.0019993972964584827,
        "r_squared": 3.99758954908549e-06
      },
      "30": {
        "cosine": -0.011033155024051666,
        "abs_cosine": 0.011033155024051666,
        "r_squared": 0.00012173050978475652
      },
      "31": {
        "cosine": 0.011496995575726032,
        "abs_cosine": 0.011496995575726032,
        "r_squared": 0.00013218090726826396
      },
      "32": {
        "cosine": 0.023415137082338333,
        "abs_cosine": 0.023415137082338333,
        "r_squared": 0.0005482686445846957
      },
      "33": {
        "cosine": 0.0071627916768193245,
        "abs_cosine": 0.0071627916768193245,
        "r_squared": 5.130558460551219e-05
      },
      "34": {
        "cosine": 0.014637838117778301,
        "abs_cosine": 0.014637838117778301,
        "r_squared": 0.0002142663047622834
      },
      "35": {
        "cosine": 0.014843025244772434,
        "abs_cosine": 0.014843025244772434,
        "r_squared": 0.00022031539841695178
      },
      "36": {
        "cosine": -0.00980327371507883,
        "abs_cosine": 0.00980327371507883,
        "r_squared": 9.61041755327555e-05
      },
      "37": {
        "cosine": -0.011664357967674732,
        "abs_cosine": 0.011664357967674732,
        "r_squared": 0.000136057246798057
      },
      "38": {
        "cosine": -0.02297137677669525,
        "abs_cosine": 0.02297137677669525,
        "r_squared": 0.0005276841510168939
      },
      "39": {
        "cosine": 0.0077632940374314785,
        "abs_cosine": 0.0077632940374314785,
        "r_squared": 6.0268734311619146e-05
      },
      "40": {
        "cosine": -0.0010389515664428473,
        "abs_cosine": 0.0010389515664428473,
        "r_squared": 1.079420357414046e-06
      }
    }
  },
  "control_profile": {
    "probe_type": "control",
    "n_layers": 35,
    "overall_mean_r2": 0.0009360420862479422,
    "overall_mean_abs_cos": 0.02370648783066177,
    "peak_layer": 6,
    "peak_cosine": 0.06581761687994003,
    "peak_abs_cosine": 0.06581761687994003,
    "peak_r2": 0.004331958691754567,
    "onset_layer": 6,
    "band_stats": {
      "early": {
        "mean_cos": 0.04163883924484253,
        "mean_abs_cos": 0.04163883924484253,
        "mean_r2": 0.00197795557487898,
        "max_r2": 0.004331958691754567,
        "r2_fraction": 0.3018721981382381,
        "n_layers": 5
      },
      "middle": {
        "mean_cos": 0.03156159936528032,
        "mean_abs_cos": 0.03169159572183465,
        "mean_r2": 0.0013874985139164823,
        "max_r2": 0.0039984164399451405,
        "r2_fraction": 0.6352729529860157,
        "n_layers": 15
      },
      "late": {
        "mean_cos": 0.0064996468524138136,
        "mean_abs_cos": 0.009743929468095302,
        "mean_r2": 0.000137281162369056,
        "max_r2": 0.0007286572917939195,
        "r2_fraction": 0.06285484887574617,
        "n_layers": 15
      }
    },
    "normalized_entropy": 0.7779625598781935,