{
  "dim_name": "9_roles",
  "dim_id": 9,
  "reading_profile": {
    "probe_type": "reading",
    "n_layers": 35,
    "overall_mean_r2": 0.0003795945515446385,
    "overall_mean_abs_cos": 0.015227739250985906,
    "peak_layer": 15,
    "peak_cosine": 0.048336539417505264,
    "peak_abs_cosine": 0.048336539417505264,
    "peak_r2": 0.00233642104286004,
    "onset_layer": null,
    "band_stats": {
      "early": {
        "mean_cos": -0.005237957352073863,
        "mean_abs_cos": 0.012409456522436812,
        "mean_r2": 0.00023043509993820845,
        "max_r2": 0.0006553207714610765,
        "r2_fraction": 0.08672226684291987,
        "n_layers": 5
      },
      "middle": {
        "mean_cos": 0.012902136472985149,
        "mean_abs_cos": 0.020548520749434827,
        "mean_r2": 0.0006324236877000288,
        "max_r2": 0.00233642104286004,
        "r2_fraction": 0.7140216375527705,
        "n_layers": 15
      },
      "late": {
        "mean_cos": 0.007693044189363718,
        "mean_abs_cos": 0.010846385328720013,
        "mean_r2": 0.00017648523259139129,
        "max_r2": 0.00101421243457267,
        "r2_fraction": 0.19925609560430932,
        "n_layers": 15
      }
    },
    "normalized_entropy": 0.7724344479125623,
    "near_peak_layers": [
      14,
      15,
      17
    ],
    "near_peak_fraction": 0.08571428571428572,
    "sign_consistency": 0.7428571428571429,
    "dominant_sign": "positive",
    "profile_type": "negligible",
    "per_layer": {
      "6": {
        "cosine": 0.010356015525758266,
        "abs_cosine": 0.010356015525758266,
        "r_squared": 0.00010724705756974626
      },
      "7": {
        "cosine": -0.0002936272940132767,
        "abs_cosine": 0.0002936272940132767,
        "r_squared": 8.621698778955924e-08
      },
      "8": {
        "cosine": 0.007572732400149107,
        "abs_cosine": 0.007572732400149107,
        "r_squared": 5.7346276004268055e-05
      },
      "9": {
        "cosine": -0.018225673586130142,
        "abs_cosine": 0.018225673586130142,
        "r_squared": 0.00033217517766816196
      },
      "10": {
        "cosine": -0.02559923380613327,
        "abs_cosine": 0.02559923380613327,
        "r_squared": 0.0006553207714610765
      },
      "11": {
        "cosine": -0.028529848903417587,
        "abs_cosine": 0.028529848903417587,
        "r_squared": 0.0008139522784518377
      },
      "12": {
        "cosine": -0.007793927099555731,
        "abs_cosine": 0.007793927099555731,
        "r_squared": 6.074529963318921e-05
      },
      "13": {
        "cosine": -0.021024106070399284,
        "abs_cosine": 0.021024106070399284,
        "r_squared": 0.00044201303605940004
      },
      "14": {
        "cosine": 0.0390164740383625,
        "abs_cosine": 0.0390164740383625,
        "r_squared": 0.0015222852463862152
      },
      "15": {
        "cosine": 0.048336539417505264,
        "abs_cosine": 0.048336539417505264,
        "r_squared": 0.00233642104286004
      },
      "16": {
        "cosine": 0.03611261397600174,
        "abs_cosine": 0.03611261397600174,
        "r_squared": 0.0013041208881797162
      },
      "17": {
        "cosine": 0.042863693088293076,
        "abs_cosine": 0.042863693088293076,
        "r_squared": 0.0018372961851673836
      },
      "18": {
        "cosine": 0.02281157299876213,
        "abs_cosine": 0.02281157299876213,
        "r_squared": 0.0005203678626778535
      },
      "19": {
        "cosine": 0.011161789298057556,
        "abs_cosine": 0.011161789298057556,
        "r_squared": 0.0001245855403342322
      },
      "20": {
        "cosine": 0.007129378151148558,
        "abs_cosine": 0.007129378151148558,
        "r_squared": 5.0828032822074426e-05
      },
      "21": {
        "cosine": 0.009693426080048084,
        "abs_cosine": 0.009693426080048084,
        "r_squared": 9.396250916935637e-05
      },
      "22": {
        "cosine": 0.01221515890210867,
        "abs_cosine": 0.01221515890210867,
        "r_squared": 0.00014921010700376467
      },
      "23": {
        "cosine": 0.014207755215466022,
        "abs_cosine": 0.014207755215466022,
        "r_squared": 0.00020186030826260196
      },
      "24": {
        "cosine": 0.004622667096555233,
        "abs_cosine": 0.004622667096555233,
        "r_squared": 2.1369051085574388e-05
      },
      "25": {
        "cosine": 0.002708860905840993,
        "abs_cosine": 0.002708860905840993,
        "r_squared": 7.337927407193685e-06
      },
      "26": {
        "cosine": -0.00012261327356100082,
        "abs_cosine": 0.00012261327356100082,
        "r_squared": 1.5034014853344824e-08
      },
      "27": {
        "cosine": 0.012715914286673069,
        "abs_cosine": 0.012715914286673069,
        "r_squared": 0.00016169447614601627
      },
      "28": {
        "cosine": 0.031846702098846436,
        "abs_cosine": 0.031846702098846436,
        "r_squared": 0.00101421243457267
      },
      "29": {
        "cosine": 0.009288136847317219,
        "abs_cosine": 0.009288136847317219,
        "r_squared": 8.626948609449184e-05
      },
      "30": {
        "cosine": 0.007921451702713966,
        "abs_cosine": 0.007921451702713966,
        "r_squared": 6.274939707843e-05
      },
      "31": {
        "cosine": 0.007717498112469912,
        "abs_cosine": 0.007717498112469912,
        "r_squared": 5.955977711597665e-05
      },
      "32": {
        "cosine": 0.013755179941654205,
        "abs_cosine": 0.013755179941654205,
        "r_squared": 0.0001892049752272862
      },
      "33": {
        "cosine": 0.007395771332085133,
        "abs_cosine": 0.007395771332085133,
        "r_squared": 5.46974335964923e-05
      },
      "34": {
        "cosine": 0.018513891845941544,
        "abs_cosine": 0.018513891845941544,
        "r_squared": 0.0003427641912832208
      },
      "35": {
        "cosine": 0.015816472470760345,
        "abs_cosine": 0.015816472470760345,
        "r_squared": 0.00025016080141831987
      },
      "36": {
        "cosine": 0.004549902398139238,
        "abs_cosine": 0.004549902398139238,
        "r_squared": 2.0701611832593192e-05
      },
      "37": {
        "cosine": -0.005832696333527565,
        "abs_cosine": 0.005832696333527565,
        "r_squared": 3.40203465191459e-05
      },
      "38": {
        "cosine": -0.01769474893808365,
        "abs_cosine": 0.01769474893808365,
        "r_squared": 0.0003131041399818124
      },
      "39": {
        "cosine": 0.0072886100970208645,
        "abs_cosine": 0.0072886100970208645,
        "r_squared": 5.3123837146394496e-05
      },
      "40": {
        "cosine": 0.002236190252006054,
        "abs_cosine": 0.002236190252006054,
        "r_squared": 5.000546843166899e-06
      }
    }
  },
  "control_profile": {
    "probe_type": "control",
    "n_layers": 35,
    "overall_mean_r2": 0.0005835627916948391,
    "overall_mean_abs_cos": 0.018601307848335375,
    "peak_layer": 15,
    "peak_cosine": 0.06500126421451569,
    "peak_abs_cosine": 0.06500126421451569,
    "peak_r2": 0.0042251643494852775,
    "onset_layer": 15,
    "band_stats": {
      "early": {
        "mean_cos": 0.025843582884408533,
        "mean_abs_cos": 0.025843582884408533,
        "mean_r2": 0.0009878900995053629,
        "max_r2": 0.0024806297239336056,
        "r2_fraction": 0.24183714088816335,
        "n_layers": 5
      },
      "middle": {
        "mean_cos": 0.021811567805707456,
        "mean_abs_cos": 0.02376996191839377,
        "mean_r2": 0.0008635600783577462,
        "max_r2": 0.0042251643494852775,
        "r2_fraction": 0.6342028342214252,
        "n_layers": 15
      },
      "late": {
        "mean_cos": 0.005517622549086809,
        "mean_abs_cos": 0.01101856209958593,
        "mean_r2": 0.0001687897357617575,
        "max_r2": 0.0007388543263770059,
        "r2_fraction": 0.12396002489041166,
        "n_layers": 15
      }
    },
    "normalized_entropy": 0.7572802673874998,
    "near_peak_layers": [
      15
    ],