{
  "1_phenomenology": {
    "dim_id": 1,
    "reading_mean_r2": 0.0003167995338421847,
    "control_mean_r2": 0.0017893434828013244,
    "reading_boot_ci95": [
      0.000312735323852901,
      0.0003207864668086662
    ],
    "control_boot_ci95": [
      0.001782464431092041,
      0.001795802376054022
    ]
  },
  "2_emotions": {
    "dim_id": 2,
    "reading_mean_r2": 0.0003191631889130561,
    "control_mean_r2": 0.0017795458145796286,
    "reading_boot_ci95": [
      0.0003166460768288004,
      0.00032198170115615966
    ],
    "control_boot_ci95": [
      0.0017743077548229426,
      0.0017851745500202722
    ]
  },
  "3_agency": {
    "dim_id": 3,
    "reading_mean_r2": 0.0003100903697764834,
    "control_mean_r2": 0.001781443363168101,
    "reading_boot_ci95": [
      0.000305992890691528,
      0.0003144307921383933
    ],
    "control_boot_ci95": [
      0.0017746262250034517,
      0.0017876138251628657
    ]
  },
  "4_intentions": {
    "dim_id": 4,
    "reading_mean_r2": 0.0003113579554844342,
    "control_mean_r2": 0.0017882200030397571,
    "reading_boot_ci95": [
      0.0003077962728952622,
      0.0003148281782435577
    ],
    "control_boot_ci95": [
      0.001782248212782975,
      0.0017942746052214084
    ]
  },
  "5_prediction": {
    "dim_id": 5,
    "reading_mean_r2": 0.00032034511728504104,
    "control_mean_r2": 0.0017806544340326033,
    "reading_boot_ci95": [
      0.0003174034365859506,
      0.0003232148702610672
    ],
    "control_boot_ci95": [
      0.0017747164524323127,
      0.0017862628750591756
    ]
  },
  "6_cognitive": {
    "dim_id": 6,
    "reading_mean_r2": 0.0003058205505373512,
    "control_mean_r2": 0.0017727176220966462,
    "reading_boot_ci95": [
      0.0003024059488175849,
      0.00030940225131268194
    ],
    "control_boot_ci95": [
      0.001767117918650266,
      0.0017790001793773435
    ]
  },
  "7_social": {
    "dim_id": 7,
    "reading_mean_r2": 0.00031549627211252404,
    "control_mean_r2": 0.0017781178914693476,
    "reading_boot_ci95": [
      0.0003120956798429876,
      0.0003189277987664364
    ],
    "control_boot_ci95": [
      0.0017729185115446203,
      0.0017833826901916467
    ]
  },
  "8_embodiment": {
    "dim_id": 8,
    "reading_mean_r2": 0.00030811513853599276,
    "control_mean_r2": 0.0017823023770361054,
    "reading_boot_ci95": [
      0.0003041100874205443,
      0.0003118985084605848
    ],
    "control_boot_ci95": [
      0.0017767687227860504,
      0.0017874479641682155
    ]
  },
  "9_roles": {
    "dim_id": 9,
    "reading_mean_r2": 0.00030677433821521956,
    "control_mean_r2": 0.0017807735969690404,
    "reading_boot_ci95": [
      0.0003031421895714708,
      0.00031064262095087104
    ],
    "control_boot_ci95": [
      0.0017754482043039787,
      0.0017859390628688424
    ]
  },
  "10_animacy": {
    "dim_id": 10,
    "reading_mean_r2": 0.0003022642622492029,
    "control_mean_r2": 0.0017758943185649711,
    "reading_boot_ci95": [
      0.0002984780303698209,
      0.0003058212962896158
    ],
    "control_boot_ci95": [
      0.0017694316133394202,
      0.0017818580509418975
    ]
  },
  "11_formality": {
    "dim_id": 11,
    "reading_mean_r2": 0.00032084748172909794,
    "control_mean_r2": 0.0017806944628909098,
    "reading_boot_ci95": [
      0.0003166081664033231,
      0.000324917704983785
    ],
    "control_boot_ci95": [
      0.0017678147567113812,
      0.001793188996950519
    ]
  },
  "12_expertise": {
    "dim_id": 12,
    "reading_mean_r2": 0.00031017971018071046,
    "control_mean_r2": 0.001763724450583882,
    "reading_boot_ci95": [
      0.0003059279407859388,
      0.0003140964258198719
    ],
    "control_boot_ci95": [
      0.0017572516207977052,
      0.001770873047269187
    ]
  },
  "13_helpfulness": {
    "dim_id": 13,
    "reading_mean_r2": 0.0003148253489182827,
    "control_mean_r2": 0.0017710603660721384,
    "reading_boot_ci95": [
      0.00031151960440552336,
      0.00031817094718103586
    ],
    "control_boot_ci95": [
      0.0017628814389092388,
      0.0017787715420628546
    ]
  },
  "14_biological": {
    "dim_id": 14,
    "reading_mean_r2": 0.0003018181147751318,
    "control_mean_r2": 0.0017803180205238646,
    "reading_boot_ci95": [
      0.00029743704545425674,
      0.0003060456741229951
    ],
    "control_boot_ci95": [
      0.0017733025577867584,
      0.0017869690273325939
    ]
  },
  "15_shapes": {
    "dim_id": 15,
    "reading_mean_r2": 0.00031707629410252354,
    "control_mean_r2": 0.001790132208048315,
    "reading_boot_ci95": [
      0.0003132060618145689,
      0.00032062435252243663
    ],
    "control_boot_ci95": [
      0.0017843077111896516,
      0.0017959673109072824
    ]
  },
  "16_human": {
    "dim_id": 16,
    "reading_mean_r2": 0.0003172373758833584,
    "control_mean_r2": 0.0017717240979002857,
    "reading_boot_ci95": [
      0.00031370931218646745,
      0.0003208340307735378
    ],
    "control_boot_ci95": [
      0.0017662514065887992,
      0.0017775145258036263
    ]
  },
  "17_ai": {
    "dim_id": 17,
    "reading_mean_r2": 0.00032218762477784354,
    "control_mean_r2": 0.0017860247976539878,
    "reading_boot_ci95": [
      0.00031852184830484683,
      0.0003259620370243318
    ],
    "control_boot_ci95": [
      0.001780082495357593,
      0.0017919237387495936
    ]
  },
  "18_attention": {
    "dim_id": 18,
    "reading_mean_r2": 0.0003106097528727506,
    "control_mean_r2": 0.0017752890791048765,
    "reading_boot_ci95": [
      0.0003069736422388101,
      0.00031389785967624474
    ],
    "control_boot_ci95": [
      0.0017680944565520663,
      0.00178167812033468
    ]
  },
  "20_sysprompt_talkto_human": {
    "dim_id": 20,
    "reading_mean_r2": 0.00035170464828982454,
    "control_mean_r2": 0.0017994842247113533,
    "reading_boot_ci95": [
      0.0003501952619736382,
      0.00035329731640931013
    ],
    "control_boot_ci95": [
      0.0017960186257033493,
      0.0018033253154866279
    ]
  },
  "21_sysprompt_talkto_ai": {
    "dim_id": 21,
    "reading_mean_r2": 0.0003408976941139278,
    "control_mean_r2": 0.0017842178320482006,
    "reading_boot_ci95": [
      0.00033528105902987993,
      0.00034527442203888763
    ],
    "control_boot_ci95": [
      0.001778273659103344,
      0.0017897024774489974
    ]
  },
  "22_sysprompt_bare_human": {
    "dim_id": 22,
    "reading_mean_r2": 0.00032210707563673995,
    "control_mean_r2": 0.0017760253162717725,
    "reading_boot_ci95": [
      0.00032018554081325297,
      0.0003243680531826618
    ],
    "control_boot_ci95": [
      0.0017687647716317881,
      0.001784177798818182
    ]
  },
  "23_sysprompt_bare_ai": {
    "dim_id": 23,
    "reading_mean_r2": 0.0003108360982064196,
    "control_mean_r2": 0.001763623268086499,
    "reading_boot_ci95": [
      0.00030529787575549417,
      0.0003157242868318742
    ],
    "control_boot_ci95": [
      0.0017553521993342034,
      0.0017719978825767823
    ]
  }
}