{
  "dim_name": "13_helpfulness",
  "dim_id": 13,
  "reading_profile": {
    "probe_type": "reading",
    "n_layers": 35,
    "overall_mean_r2": 0.00045010240801442446,
    "overall_mean_abs_cos": 0.017650626706225532,
    "peak_layer": 40,
    "peak_cosine": -0.05229438096284866,
    "peak_abs_cosine": 0.05229438096284866,
    "peak_r2": 0.0027347022802875487,
    "onset_layer": 40,
    "band_stats": {
      "early": {
        "mean_cos": -0.01034235032275319,
        "mean_abs_cos": 0.015855978708714247,
        "mean_r2": 0.00036853249887173984,
        "max_r2": 0.001269247297017509,
        "r2_fraction": 0.11696782532461542,
        "n_layers": 5
      },
      "middle": {
        "mean_cos": -0.008191979513503611,
        "mean_abs_cos": 0.01165937864376853,
        "mean_r2": 0.00019201444160010632,
        "max_r2": 0.0006056982023814328,
        "r2_fraction": 0.1828292896852609,
        "n_layers": 15
      },
      "late": {
        "mean_cos": -0.024021891496765115,
        "mean_abs_cos": 0.02424009076785296,
        "mean_r2": 0.0007353803441429706,
        "max_r2": 0.0027347022802875487,
        "r2_fraction": 0.7002028849901235,
        "n_layers": 15
      }
    },
    "normalized_entropy": 0.8326074246083071,
    "near_peak_layers": [
      40
    ],
    "near_peak_fraction": 0.02857142857142857,
    "sign_consistency": 0.8285714285714286,
    "dominant_sign": "negative",
    "profile_type": "late-concentrated",
    "per_layer": {
      "6": {
        "cosine": -0.010931411758065224,
        "abs_cosine": 0.010931411758065224,
        "r_squared": 0.00011949576302436662
      },
      "7": {
        "cosine": -0.035626497119665146,
        "abs_cosine": 0.035626497119665146,
        "r_squared": 0.001269247297017509
      },
      "8": {
        "cosine": -0.018937913700938225,
        "abs_cosine": 0.018937913700938225,
        "r_squared": 0.00035864457534418373
      },
      "9": {
        "cosine": 0.0065215271897614,
        "abs_cosine": 0.0065215271897614,
        "r_squared": 4.2530316886797226e-05
      },
      "10": {
        "cosine": 0.007262543775141239,
        "abs_cosine": 0.007262543775141239,
        "r_squared": 5.274454208584276e-05
      },
      "11": {
        "cosine": 0.016049804165959358,
        "abs_cosine": 0.016049804165959358,
        "r_squared": 0.00025759621376564637
      },
      "12": {
        "cosine": -0.005480378400534391,
        "abs_cosine": 0.005480378400534391,
        "r_squared": 3.0034547413043894e-05
      },
      "13": {
        "cosine": 0.0016700848937034607,
        "abs_cosine": 0.0016700848937034607,
        "r_squared": 2.7891835521764996e-06
      },
      "14": {
        "cosine": -0.0011611952213570476,
        "abs_cosine": 0.0011611952213570476,
        "r_squared": 1.3483743421024427e-06
      },
      "15": {
        "cosine": 0.008285604417324066,
        "abs_cosine": 0.008285604417324066,
        "r_squared": 6.865124056038008e-05
      },
      "16": {
        "cosine": -0.0045737773180007935,
        "abs_cosine": 0.0045737773180007935,
        "r_squared": 2.091943895465853e-05
      },
      "17": {
        "cosine": -0.02082865498960018,
        "abs_cosine": 0.02082865498960018,
        "r_squared": 0.00043383286867579654
      },
      "18": {
        "cosine": -0.005864881910383701,
        "abs_cosine": 0.005864881910383701,
        "r_squared": 3.4396839822745974e-05
      },
      "19": {
        "cosine": -0.014686191454529762,
        "abs_cosine": 0.014686191454529762,
        "r_squared": 0.00021568421943910301
      },
      "20": {
        "cosine": -0.024610936641693115,
        "abs_cosine": 0.024610936641693115,
        "r_squared": 0.0006056982023814328
      },
      "21": {
        "cosine": -0.012227615341544151,
        "abs_cosine": 0.012227615341544151,
        "r_squared": 0.0001495145769407659
      },
      "22": {
        "cosine": -0.01103590615093708,
        "abs_cosine": 0.01103590615093708,
        "r_squared": 0.00012179122457229088
      },
      "23": {
        "cosine": -0.020188026130199432,
        "abs_cosine": 0.020188026130199432,
        "r_squared": 0.00040755639903361507
      },
      "24": {
        "cosine": -0.022237971425056458,
        "abs_cosine": 0.022237971425056458,
        "r_squared": 0.0004945273731016275
      },
      "25": {
        "cosine": -0.005989651195704937,
        "abs_cosine": 0.005989651195704937,
        "r_squared": 3.587592144620958e-05
      },
      "26": {
        "cosine": -0.015360994264483452,
        "abs_cosine": 0.015360994264483452,
        "r_squared": 0.0002359601447934935
      },
      "27": {
        "cosine": -0.015552731230854988,
        "abs_cosine": 0.015552731230854988,
        "r_squared": 0.0002418874487392121
      },
      "28": {
        "cosine": -0.029380515217781067,
        "abs_cosine": 0.029380515217781067,
        "r_squared": 0.0008632146744622649
      },
      "29": {
        "cosine": -0.030152693390846252,
        "abs_cosine": 0.030152693390846252,
        "r_squared": 0.0009091849187223833
      },
      "30": {
        "cosine": -0.03864239901304245,
        "abs_cosine": 0.03864239901304245,
        "r_squared": 0.0014932350014831841
      },
      "31": {
        "cosine": -0.027752531692385674,
        "abs_cosine": 0.027752531692385674,
        "r_squared": 0.0007702030153368712
      },
      "32": {
        "cosine": -0.029657214879989624,
        "abs_cosine": 0.029657214879989624,
        "r_squared": 0.000879550394437878
      },
      "33": {
        "cosine": -0.030723460018634796,
        "abs_cosine": 0.030723460018634796,
        "r_squared": 0.0009439309955166508
      },
      "34": {
        "cosine": -0.027142317965626717,
        "abs_cosine": 0.027142317965626717,
        "r_squared": 0.0007367054245471828
      },
      "35": {
        "cosine": -0.019386690109968185,
        "abs_cosine": 0.019386690109968185,
        "r_squared": 0.00037584375341993825
      },
      "36": {
        "cosine": -0.02175050973892212,
        "abs_cosine": 0.02175050973892212,
        "r_squared": 0.00047308467390294595
      },
      "37": {
        "cosine": -0.005820515099912882,
        "abs_cosine": 0.005820515099912882,
        "r_squared": 3.3878396028313865e-05
      },
      "38": {
        "cosine": -0.018347913399338722,
        "abs_cosine": 0.018347913399338722,
        "r_squared": 0.0003366459261096334
      },
      "39": {
        "cosine": 0.0016364945331588387,
        "abs_cosine": 0.0016364945331588387,
        "r_squared": 2.6781143570587656e-06
      },
      "40": {
        "cosine": -0.05229438096284866,
        "abs_cosine": 0.05229438096284866,
        "r_squared": 0.0027347022802875487
      }
    }
  },
  "control_profile": {
    "probe_type": "control",
    "n_layers": 35,
    "overall_mean_r2": 0.002322613621325195,
    "overall_mean_abs_cos": 0.04196213193769966,
    "peak_layer": 8,
    "peak_cosine": -0.09894372522830963,
    "peak_abs_cosine": 0.09894372522830963,
    "peak_r2": 0.009789860762055236,
    "onset_layer": 7,
    "band_stats": {
      "early": {
        "mean_cos": -0.06993742063641548,
        "mean_abs_cos": 0.06993742063641548,
        "mean_r2": 0.005370707599795912,
        "max_r2": 0.009789860762055236,
        "r2_fraction": 0.33033645191068295,
        "n_layers": 5
      },
      "middle": {
        "mean_cos": -0.04831581003963947,
        "mean_abs_cos": 0.04831581003963947,
        "mean_r2": 0.0028386266156700756,
        "max_r2": 0.009774089816871945,
        "r2_fraction": 0.5237867601777364,
        "n_layers": 15
      },
      "late": {
        "mean_cos": -0.02628335760285457,
        "mean_abs_cos": 0.02628335760285457,
        "mean_r2": 0.000790569300823409,
        "max_r2": 0.001724765812422327,
        "r2_fraction": 0.14587678791158068,
        "n_layers": 15
      }
    },
    "normalized_entropy": 0.8558896988623965,