{
  "dim_name": "21_sysprompt_talkto_ai",
  "dim_id": 21,
  "reading_profile": {
    "probe_type": "reading",
    "n_layers": 35,
    "overall_mean_r2": 0.00041916931561803203,
    "overall_mean_abs_cos": 0.017083518227030123,
    "peak_layer": 40,
    "peak_cosine": -0.049213021993637085,
    "peak_abs_cosine": 0.049213021993637085,
    "peak_r2": 0.0024219215337462074,
    "onset_layer": null,
    "band_stats": {
      "early": {
        "mean_cos": -0.01938015203922987,
        "mean_abs_cos": 0.01938015203922987,
        "mean_r2": 0.0006352986149825811,
        "max_r2": 0.002318691492848704,
        "r2_fraction": 0.21651619432996339,
        "n_layers": 5
      },
      "middle": {
        "mean_cos": -0.013051260899131497,
        "mean_abs_cos": 0.01410980368964374,
        "mean_r2": 0.00027219308402295813,
        "max_r2": 0.0011275149218954589,
        "r2_fraction": 0.27829846918776646,
        "n_layers": 15
      },
      "late": {
        "mean_cos": -0.019291688160349926,
        "mean_abs_cos": 0.019291688160349926,
        "mean_r2": 0.0004941024474249229,
        "max_r2": 0.0024219215337462074,
        "r2_fraction": 0.5051853364822702,
        "n_layers": 15
      }
    },
    "normalized_entropy": 0.8221475533670297,
    "near_peak_layers": [
      7,
      40
    ],
    "near_peak_fraction": 0.05714285714285714,
    "sign_consistency": 0.9428571428571428,
    "dominant_sign": "negative",
    "profile_type": "negligible",
    "per_layer": {
      "6": {
        "cosine": -0.012604199349880219,
        "abs_cosine": 0.012604199349880219,
        "r_squared": 0.00015886584125152092
      },
      "7": {
        "cosine": -0.04815279319882393,
        "abs_cosine": 0.04815279319882393,
        "r_squared": 0.002318691492848704
      },
      "8": {
        "cosine": -0.02530108205974102,
        "abs_cosine": 0.02530108205974102,
        "r_squared": 0.0006401447533937489
      },
      "9": {
        "cosine": -0.005353992804884911,
        "abs_cosine": 0.005353992804884911,
        "r_squared": 2.8665238954759392e-05
      },
      "10": {
        "cosine": -0.005488692782819271,
        "abs_cosine": 0.005488692782819271,
        "r_squared": 3.0125748464172354e-05
      },
      "11": {
        "cosine": 0.004393828567117453,
        "abs_cosine": 0.004393828567117453,
        "r_squared": 1.9305729477217407e-05
      },
      "12": {
        "cosine": -0.008431957103312016,
        "abs_cosine": 0.008431957103312016,
        "r_squared": 7.109790059209396e-05
      },
      "13": {
        "cosine": 0.0035452423617243767,
        "abs_cosine": 0.0035452423617243767,
        "r_squared": 1.2568743403365036e-05
      },
      "14": {
        "cosine": -0.015892688184976578,
        "abs_cosine": 0.015892688184976578,
        "r_squared": 0.0002525775377448941
      },
      "15": {
        "cosine": -0.00389425759203732,
        "abs_cosine": 0.00389425759203732,
        "r_squared": 1.5165242193140307e-05
      },
      "16": {
        "cosine": -0.01936016045510769,
        "abs_cosine": 0.01936016045510769,
        "r_squared": 0.00037481581284751556
      },
      "17": {
        "cosine": -0.03357848897576332,
        "abs_cosine": 0.03357848897576332,
        "r_squared": 0.0011275149218954589
      },
      "18": {
        "cosine": -0.018538542091846466,
        "abs_cosine": 0.018538542091846466,
        "r_squared": 0.00034367754289116315
      },
      "19": {
        "cosine": -0.016461839899420738,
        "abs_cosine": 0.016461839899420738,
        "r_squared": 0.0002709921728741606
      },
      "20": {
        "cosine": -0.026427557691931725,
        "abs_cosine": 0.026427557691931725,
        "r_squared": 0.0006984158055603797
      },
      "21": {
        "cosine": -0.010764788836240768,
        "abs_cosine": 0.010764788836240768,
        "r_squared": 0.00011588067868885388
      },
      "22": {
        "cosine": -0.00930215697735548,
        "abs_cosine": 0.00930215697735548,
        "r_squared": 8.653012443136324e-05
      },
      "23": {
        "cosine": -0.01822165958583355,
        "abs_cosine": 0.01822165958583355,
        "r_squared": 0.0003320288780619997
      },
      "24": {
        "cosine": -0.018545476719737053,
        "abs_cosine": 0.018545476719737053,
        "r_squared": 0.000343934706762309
      },
      "25": {
        "cosine": -0.004288410302251577,
        "abs_cosine": 0.004288410302251577,
        "r_squared": 1.8390462920457465e-05
      },
      "26": {
        "cosine": -0.009773890487849712,
        "abs_cosine": 0.009773890487849712,
        "r_squared": 9.552893526847909e-05
      },
      "27": {
        "cosine": -0.008925366215407848,
        "abs_cosine": 0.008925366215407848,
        "r_squared": 7.966216207914382e-05
      },
      "28": {
        "cosine": -0.023309996351599693,
        "abs_cosine": 0.023309996351599693,
        "r_squared": 0.000543355929911591
      },
      "29": {
        "cosine": -0.023040568456053734,
        "abs_cosine": 0.023040568456053734,
        "r_squared": 0.0005308677947780983
      },
      "30": {
        "cosine": -0.03176305815577507,
        "abs_cosine": 0.03176305815577507,
        "r_squared": 0.0010088918634071492
      },
      "31": {
        "cosine": -0.016832634806632996,
        "abs_cosine": 0.016832634806632996,
        "r_squared": 0.0002833375945334726
      },
      "32": {
        "cosine": -0.019132113084197044,
        "abs_cosine": 0.019132113084197044,
        "r_squared": 0.00036603775106650374
      },
      "33": {
        "cosine": -0.021888814866542816,
        "abs_cosine": 0.021888814866542816,
        "r_squared": 0.0004791202162617858
      },
      "34": {
        "cosine": -0.02701137587428093,
        "abs_cosine": 0.02701137587428093,
        "r_squared": 0.0007296144266216859
      },
      "35": {
        "cosine": -0.013887065462768078,
        "abs_cosine": 0.013887065462768078,
        "r_squared": 0.00019285058716720597
      },
      "36": {
        "cosine": -0.015871811658143997,
        "abs_cosine": 0.015871811658143997,
        "r_squared": 0.0002519144053115957
      },
      "37": {
        "cosine": -0.004965170752257109,
        "abs_cosine": 0.004965170752257109,
        "r_squared": 2.4652920599069423e-05
      },
      "38": {
        "cosine": -0.01967449299991131,
        "abs_cosine": 0.01967449299991131,
        "r_squared": 0.00038708567480355907
      },
      "39": {
        "cosine": -0.00408594124019146,
        "abs_cosine": 0.00408594124019146,
        "r_squared": 1.6694915818297323e-05
      },
      "40": {
        "cosine": -0.049213021993637085,
        "abs_cosine": 0.049213021993637085,
        "r_squared": 0.0024219215337462074
      }
    }
  },
  "control_profile": {
    "probe_type": "control",
    "n_layers": 35,
    "overall_mean_r2": 0.0028315688064037255,
    "overall_mean_abs_cos": 0.0460312052629888,
    "peak_layer": 12,
    "peak_cosine": -0.10741741955280304,
    "peak_abs_cosine": 0.10741741955280304,
    "peak_r2": 0.011538502023382913,
    "onset_layer": 7,
    "band_stats": {
      "early": {
        "mean_cos": -0.07680768705904484,
        "mean_abs_cos": 0.07680768705904484,
        "mean_r2": 0.006556036183388575,
        "max_r2": 0.010530250838663102,
        "r2_fraction": 0.3307624365365332,
        "n_layers": 5
      },
      "middle": {
        "mean_cos": -0.05422741795579592,
        "mean_abs_cos": 0.05422741795579592,
        "mean_r2": 0.003530095663883841,
        "max_r2": 0.011538502023382913,
        "r2_fraction": 0.5342967962646761,
        "n_layers": 15
      },
      "late": {
        "mean_cos": -0.02757616530482968,
        "mean_abs_cos": 0.02757616530482968,
        "mean_r2": 0.0008915528232619933,
        "max_r2": 0.0019056101158219096,
        "r2_fraction": 0.13494076719879072,
        "n_layers": 15
      }
    },
    "normalized_entropy": 0.8533203803631231,