{
  "dim_name": "8_embodiment",
  "dim_id": 8,
  "reading_profile": {
    "probe_type": "reading",
    "n_layers": 35,
    "overall_mean_r2": 0.000616277794509022,
    "overall_mean_abs_cos": 0.02085322512845908,
    "peak_layer": 40,
    "peak_cosine": -0.060115355998277664,
    "peak_abs_cosine": 0.060115355998277664,
    "peak_r2": 0.0036138560267996583,
    "onset_layer": 40,
    "band_stats": {
      "early": {
        "mean_cos": -0.012302582571282982,
        "mean_abs_cos": 0.014445024123415352,
        "mean_r2": 0.0003893091447419627,
        "max_r2": 0.0014747916059260208,
        "r2_fraction": 0.09024435506442784,
        "n_layers": 5
      },
      "middle": {
        "mean_cos": -0.014319424284622073,
        "mean_abs_cos": 0.015262283959115545,
        "mean_r2": 0.000314354438564646,
        "max_r2": 0.0008997261717614037,
        "r2_fraction": 0.21860812123005585,
        "n_layers": 15
      },
      "late": {
        "mean_cos": -0.028580233299483854,
        "mean_abs_cos": 0.028580233299483854,
        "mean_r2": 0.0009938573670424176,
        "max_r2": 0.0036138560267996583,
        "r2_fraction": 0.6911475237055164,
        "n_layers": 15
      }
    },
    "normalized_entropy": 0.8416829084896409,
    "near_peak_layers": [
      40
    ],
    "near_peak_fraction": 0.02857142857142857,
    "sign_consistency": 0.9142857142857143,
    "dominant_sign": "negative",
    "profile_type": "late-concentrated",
    "per_layer": {
      "6": {
        "cosine": -0.009333319962024689,
        "abs_cosine": 0.009333319962024689,
        "r_squared": 8.711086151352854e-05
      },
      "7": {
        "cosine": -0.038403015583753586,
        "abs_cosine": 0.038403015583753586,
        "r_squared": 0.0014747916059260208
      },
      "8": {
        "cosine": -0.01913268119096756,
        "abs_cosine": 0.01913268119096756,
        "r_squared": 0.00036605948955520384
      },
      "9": {
        "cosine": 0.0012220570351928473,
        "abs_cosine": 0.0012220570351928473,
        "r_squared": 1.493423397264332e-06
      },
      "10": {
        "cosine": 0.004134046845138073,
        "abs_cosine": 0.004134046845138073,
        "r_squared": 1.7090343317796054e-05
      },
      "11": {
        "cosine": 0.007071447558701038,
        "abs_cosine": 0.007071447558701038,
        "r_squared": 5.0005370575458875e-05
      },
      "12": {
        "cosine": -0.010297970846295357,
        "abs_cosine": 0.010297970846295357,
        "r_squared": 0.0001060482035511491
      },
      "13": {
        "cosine": -0.0042589642107486725,
        "abs_cosine": 0.0042589642107486725,
        "r_squared": 1.8138776148438063e-05
      },
      "14": {
        "cosine": -0.007786219008266926,
        "abs_cosine": 0.007786219008266926,
        "r_squared": 6.062520644469719e-05
      },
      "15": {
        "cosine": -0.0026380743365734816,
        "abs_cosine": 0.0026380743365734816,
        "r_squared": 6.959436205287615e-06
      },
      "16": {
        "cosine": -0.012959020212292671,
        "abs_cosine": 0.012959020212292671,
        "r_squared": 0.00016793620486261
      },
      "17": {
        "cosine": -0.02280282974243164,
        "abs_cosine": 0.02280282974243164,
        "r_squared": 0.000519969044262325
      },
      "18": {
        "cosine": -0.003983048256486654,
        "abs_cosine": 0.003983048256486654,
        "r_squared": 1.5864673413501377e-05
      },
      "19": {
        "cosine": -0.020777633413672447,
        "abs_cosine": 0.020777633413672447,
        "r_squared": 0.00043171005027295775
      },
      "20": {
        "cosine": -0.02999543584883213,
        "abs_cosine": 0.02999543584883213,
        "r_squared": 0.0008997261717614037
      },
      "21": {
        "cosine": -0.015418161638081074,
        "abs_cosine": 0.015418161638081074,
        "r_squared": 0.00023771970829799486
      },
      "22": {
        "cosine": -0.016885705292224884,
        "abs_cosine": 0.016885705292224884,
        "r_squared": 0.00028512704321587146
      },
      "23": {
        "cosine": -0.029134051874279976,
        "abs_cosine": 0.029134051874279976,
        "r_squared": 0.0008487929786132366
      },
      "24": {
        "cosine": -0.02782636322081089,
        "abs_cosine": 0.02782636322081089,
        "r_squared": 0.000774306490096497
      },
      "25": {
        "cosine": -0.01709933392703533,
        "abs_cosine": 0.01709933392703533,
        "r_squared": 0.00029238722074826154
      },
      "26": {
        "cosine": -0.02373490296304226,
        "abs_cosine": 0.02373490296304226,
        "r_squared": 0.0005633456186650322
      },
      "27": {
        "cosine": -0.02512173540890217,
        "abs_cosine": 0.02512173540890217,
        "r_squared": 0.000631101589954889
      },
      "28": {
        "cosine": -0.03441203013062477,
        "abs_cosine": 0.03441203013062477,
        "r_squared": 0.001184187817711027
      },
      "29": {
        "cosine": -0.037581659853458405,
        "abs_cosine": 0.037581659853458405,
        "r_squared": 0.0014123811573410472
      },
      "30": {
        "cosine": -0.04538239166140556,
        "abs_cosine": 0.04538239166140556,
        "r_squared": 0.002059561472909213
      },
      "31": {
        "cosine": -0.03348638117313385,
        "abs_cosine": 0.03348638117313385,
        "r_squared": 0.0011213377240724132
      },
      "32": {
        "cosine": -0.03308609873056412,
        "abs_cosine": 0.03308609873056412,
        "r_squared": 0.0010946899292086365
      },
      "33": {
        "cosine": -0.03624517470598221,
        "abs_cosine": 0.03624517470598221,
        "r_squared": 0.0013137126894671725
      },
      "34": {
        "cosine": -0.020266041159629822,
        "abs_cosine": 0.020266041159629822,
        "r_squared": 0.00041071242428381005
      },
      "35": {
        "cosine": -0.02194829098880291,
        "abs_cosine": 0.02194829098880291,
        "r_squared": 0.000481727477329167
      },
      "36": {
        "cosine": -0.021011149510741234,
        "abs_cosine": 0.021011149510741234,
        "r_squared": 0.0004414684037627216
      },
      "37": {
        "cosine": -0.011826926842331886,
        "abs_cosine": 0.011826926842331886,
        "r_squared": 0.00013987619853387048
      },
      "38": {
        "cosine": -0.020613329485058784,
        "abs_cosine": 0.020613329485058784,
        "r_squared": 0.00042490935245959385
      },
      "39": {
        "cosine": -0.0038720308803021908,
        "abs_cosine": 0.0038720308803021908,
        "r_squared": 1.4992623138013758e-05
      },
      "40": {
        "cosine": -0.060115355998277664,
        "abs_cosine": 0.060115355998277664,
        "r_squared": 0.0036138560267996583
      }
    }
  },
  "control_profile": {
    "probe_type": "control",
    "n_layers": 35,
    "overall_mean_r2": 0.0029267139131779634,
    "overall_mean_abs_cos": 0.04675377280052219,
    "peak_layer": 11,
    "peak_cosine": -0.11065438389778137,
    "peak_abs_cosine": 0.11065438389778137,
    "peak_r2": 0.012244392675797577,
    "onset_layer": 7,
    "band_stats": {
      "early": {
        "mean_cos": -0.0750768706202507,
        "mean_abs_cos": 0.0750768706202507,
        "mean_r2": 0.006241201444211797,
        "max_r2": 0.01028689602095767,
        "r2_fraction": 0.3046420773487319,
        "n_layers": 5
      },
      "middle": {
        "mean_cos": -0.05729479690392812,
        "mean_abs_cos": 0.05729479690392812,
        "mean_r2": 0.0038928649420511396,
        "max_r2": 0.012244392675797577,
        "r2_fraction": 0.570049119573458,
        "n_layers": 15
      },
      "late": {
        "mean_cos": -0.02677171609054009,
        "mean_abs_cos": 0.02677171609054009,
        "mean_r2": 0.0008557337072935103,
        "max_r2": 0.0015460931225587254,
        "r2_fraction": 0.1253088030778101,
        "n_layers": 15
      }
    },
    "normalized_entropy": 0.856626466334945,
    "near_peak_layers": [
      8,
      10,
      11,
      12
    ],