{
  "dim_name": "9_roles",
  "dim_id": 9,
  "reading_profile": {
    "probe_type": "reading",
    "n_layers": 35,
    "overall_mean_r2": 0.0005069797140089078,
    "overall_mean_abs_cos": 0.01871590157638171,
    "peak_layer": 40,
    "peak_cosine": -0.056412819772958755,
    "peak_abs_cosine": 0.056412819772958755,
    "peak_r2": 0.0031824062347363263,
    "onset_layer": 40,
    "band_stats": {
      "early": {
        "mean_cos": -0.012136970227584244,
        "mean_abs_cos": 0.014297635713592171,
        "mean_r2": 0.00037355642665203346,
        "max_r2": 0.0013985195187489335,
        "r2_fraction": 0.10526102392825862,
        "n_layers": 5
      },
      "middle": {
        "mean_cos": -0.011207215759592751,
        "mean_abs_cos": 0.013149233030465743,
        "mean_r2": 0.00023734507835931047,
        "max_r2": 0.0007747674367318581,
        "r2_fraction": 0.20063784898316483,
        "n_layers": 15
      },
      "late": {
        "mean_cos": -0.025755325409894187,
        "mean_abs_cos": 0.025755325409894187,
        "mean_r2": 0.0008210887787774635,
        "max_r2": 0.0031824062347363263,
        "r2_fraction": 0.6941011270885767,
        "n_layers": 15
      }
    },
    "normalized_entropy": 0.8323560300203549,
    "near_peak_layers": [
      40
    ],
    "near_peak_fraction": 0.02857142857142857,
    "sign_consistency": 0.8857142857142857,
    "dominant_sign": "negative",
    "profile_type": "late-concentrated",
    "per_layer": {
      "6": {
        "cosine": -0.009740033186972141,
        "abs_cosine": 0.009740033186972141,
        "r_squared": 9.486824648331869e-05
      },
      "7": {
        "cosine": -0.037396784871816635,
        "abs_cosine": 0.037396784871816635,
        "r_squared": 0.0013985195187489335
      },
      "8": {
        "cosine": -0.01894969679415226,
        "abs_cosine": 0.01894969679415226,
        "r_squared": 0.00035909100859030443
      },
      "9": {
        "cosine": 0.0021031806245446205,
        "abs_cosine": 0.0021031806245446205,
        "r_squared": 4.4233687394599e-06
      },
      "10": {
        "cosine": 0.0032984830904752016,
        "abs_cosine": 0.0032984830904752016,
        "r_squared": 1.0879990698150837e-05
      },
      "11": {
        "cosine": 0.01110101118683815,
        "abs_cosine": 0.01110101118683815,
        "r_squared": 0.00012323244937030575
      },
      "12": {
        "cosine": -0.008145018480718136,
        "abs_cosine": 0.008145018480718136,
        "r_squared": 6.634132605123997e-05
      },
      "13": {
        "cosine": -0.0005615815753117204,
        "abs_cosine": 0.0005615815753117204,
        "r_squared": 3.1537386572959346e-07
      },
      "14": {
        "cosine": -0.006192496046423912,
        "abs_cosine": 0.006192496046423912,
        "r_squared": 3.834700728497578e-05
      },
      "15": {
        "cosine": 0.003464118344709277,
        "abs_cosine": 0.003464118344709277,
        "r_squared": 1.2000115906151342e-05
      },
      "16": {
        "cosine": -0.00901596900075674,
        "abs_cosine": 0.00901596900075674,
        "r_squared": 8.12876970226065e-05
      },
      "17": {
        "cosine": -0.022476686164736748,
        "abs_cosine": 0.022476686164736748,
        "r_squared": 0.0005052014209480683
      },
      "18": {
        "cosine": -0.005936899688094854,
        "abs_cosine": 0.005936899688094854,
        "r_squared": 3.524677790650078e-05
      },
      "19": {
        "cosine": -0.01886579394340515,
        "abs_cosine": 0.01886579394340515,
        "r_squared": 0.0003559181811150225
      },
      "20": {
        "cosine": -0.02783464454114437,
        "abs_cosine": 0.02783464454114437,
        "r_squared": 0.0007747674367318581
      },
      "21": {
        "cosine": -0.013229520991444588,
        "abs_cosine": 0.013229520991444588,
        "r_squared": 0.000175020225663073
      },
      "22": {
        "cosine": -0.013120575807988644,
        "abs_cosine": 0.013120575807988644,
        "r_squared": 0.00017214950953317685
      },
      "23": {
        "cosine": -0.02300778403878212,
        "abs_cosine": 0.02300778403878212,
        "r_squared": 0.0005293581263752373
      },
      "24": {
        "cosine": -0.024326931685209274,
        "abs_cosine": 0.024326931685209274,
        "r_squared": 0.0005917996052168389
      },
      "25": {
        "cosine": -0.009959463961422443,
        "abs_cosine": 0.009959463961422443,
        "r_squared": 9.919092239887243e-05
      },
      "26": {
        "cosine": -0.018343035131692886,
        "abs_cosine": 0.018343035131692886,
        "r_squared": 0.00033646693784251946
      },
      "27": {
        "cosine": -0.01898598112165928,
        "abs_cosine": 0.01898598112165928,
        "r_squared": 0.00036046747915200253
      },
      "28": {
        "cosine": -0.030618619173765182,
        "abs_cosine": 0.030618619173765182,
        "r_squared": 0.0009374998401080609
      },
      "29": {
        "cosine": -0.031967613846063614,
        "abs_cosine": 0.031967613846063614,
        "r_squared": 0.001021928335011038
      },
      "30": {
        "cosine": -0.041395120322704315,
        "abs_cosine": 0.041395120322704315,
        "r_squared": 0.0017135559865311678
      },
      "31": {
        "cosine": -0.02955777943134308,
        "abs_cosine": 0.02955777943134308,
        "r_squared": 0.000873662324911928
      },
      "32": {
        "cosine": -0.02984629012644291,
        "abs_cosine": 0.02984629012644291,
        "r_squared": 0.0008908010343118035
      },
      "33": {
        "cosine": -0.032323651015758514,
        "abs_cosine": 0.032323651015758514,
        "r_squared": 0.0010448184149885464
      },
      "34": {
        "cosine": -0.02377905696630478,
        "abs_cosine": 0.02377905696630478,
        "r_squared": 0.0005654435502067678
      },
      "35": {
        "cosine": -0.019379612058401108,
        "abs_cosine": 0.019379612058401108,
        "r_squared": 0.0003755693635341256
      },
      "36": {
        "cosine": -0.023038605228066444,
        "abs_cosine": 0.023038605228066444,
        "r_squared": 0.0005307773308546905
      },
      "37": {
        "cosine": -0.008574221283197403,
        "abs_cosine": 0.008574221283197403,
        "r_squared": 7.351727061323532e-05
      },
      "38": {
        "cosine": -0.02013799175620079,
        "abs_cosine": 0.02013799175620079,
        "r_squared": 0.000405538711972811
      },
      "39": {
        "cosine": -0.0019694839138537645,
        "abs_cosine": 0.0019694839138537645,
        "r_squared": 3.878866886928743e-06
      },
      "40": {
        "cosine": -0.056412819772958755,
        "abs_cosine": 0.056412819772958755,
        "r_squared": 0.0031824062347363263
      }
    }
  },
  "control_profile": {
    "probe_type": "control",
    "n_layers": 35,
    "overall_mean_r2": 0.00264344751052949,
    "overall_mean_abs_cos": 0.044876034637647014,
    "peak_layer": 11,
    "peak_cosine": -0.10553281754255295,
    "peak_abs_cosine": 0.10553281754255295,
    "peak_r2": 0.011137175578469771,
    "onset_layer": 7,
    "band_stats": {
      "early": {
        "mean_cos": -0.07173847928643226,
        "mean_abs_cos": 0.07173847928643226,
        "mean_r2": 0.0056632412803891,
        "max_r2": 0.009690635817458715,
        "r2_fraction": 0.30605278349747234,
        "n_layers": 5
      },
      "middle": {
        "mean_cos": -0.05376625694334507,
        "mean_abs_cos": 0.05376625694334507,
        "mean_r2": 0.003440157078110989,
        "max_r2": 0.011137175578469771,
        "r2_fraction": 0.5577387209707906,
        "n_layers": 15
      },
      "late": {
        "mean_cos": -0.02703166411568721,
        "mean_abs_cos": 0.02703166411568721,
        "mean_r2": 0.0008401400196614543,
        "max_r2": 0.0015695756235734187,
        "r2_fraction": 0.13620849553173708,
        "n_layers": 15
      }
    },
    "normalized_entropy": 0.8610569501037292,