{
  "dim_name": "15_shapes",
  "dim_id": 15,
  "reading_profile": {
    "probe_type": "reading",
    "n_layers": 35,
    "overall_mean_r2": 0.00019370934989025297,
    "overall_mean_abs_cos": 0.01081004748120904,
    "peak_layer": 12,
    "peak_cosine": -0.042950570583343506,
    "peak_abs_cosine": 0.042950570583343506,
    "peak_r2": 0.0018447515134347725,
    "onset_layer": null,
    "band_stats": {
      "early": {
        "mean_cos": 0.005821843026205897,
        "mean_abs_cos": 0.00974216996692121,
        "mean_r2": 0.00015385506508501403,
        "max_r2": 0.0005623250140632287,
        "r2_fraction": 0.11346532846554565,
        "n_layers": 5
      },
      "middle": {
        "mean_cos": -0.007771634147502482,
        "mean_abs_cos": 0.012334177433513106,
        "mean_r2": 0.0002734517857585084,
        "max_r2": 0.0018447515134347725,
        "r2_fraction": 0.6049972421792176,
        "n_layers": 15
      },
      "late": {
        "mean_cos": -0.0026778516126796602,
        "mean_abs_cos": 0.009641876700334251,
        "mean_r2": 0.00012725167562374385,
        "max_r2": 0.000453473766837912,
        "r2_fraction": 0.28153742935523673,
        "n_layers": 15
      }
    },
    "normalized_entropy": 0.7579682285572533,
    "near_peak_layers": [
      12
    ],
    "near_peak_fraction": 0.02857142857142857,
    "sign_consistency": 0.5142857142857142,
    "dominant_sign": "positive",
    "profile_type": "negligible",
    "per_layer": {
      "6": {
        "cosine": -0.004964684136211872,
        "abs_cosine": 0.004964684136211872,
        "r_squared": 2.4648088572353823e-05
      },
      "7": {
        "cosine": 0.02371339313685894,
        "abs_cosine": 0.02371339313685894,
        "r_squared": 0.0005623250140632287
      },
      "8": {
        "cosine": -0.00483613321557641,
        "abs_cosine": 0.00483613321557641,
        "r_squared": 2.338818447880143e-05
      },
      "9": {
        "cosine": 0.002937573241069913,
        "abs_cosine": 0.002937573241069913,
        "r_squared": 8.629336546649993e-06
      },
      "10": {
        "cosine": 0.012259066104888916,
        "abs_cosine": 0.012259066104888916,
        "r_squared": 0.0001502847017640363
      },
      "11": {
        "cosine": -0.015264241956174374,
        "abs_cosine": 0.015264241956174374,
        "r_squared": 0.00023299708249663407
      },
      "12": {
        "cosine": -0.042950570583343506,
        "abs_cosine": 0.042950570583343506,
        "r_squared": 0.0018447515134347725
      },
      "13": {
        "cosine": -0.01312764547765255,
        "abs_cosine": 0.01312764547765255,
        "r_squared": 0.00017233507578693144
      },
      "14": {
        "cosine": -0.01699582301080227,
        "abs_cosine": 0.01699582301080227,
        "r_squared": 0.0002888579998145159
      },
      "15": {
        "cosine": -0.01632218062877655,
        "abs_cosine": 0.01632218062877655,
        "r_squared": 0.00026641358047840846
      },
      "16": {
        "cosine": 0.0023483617696911097,
        "abs_cosine": 0.0023483617696911097,
        "r_squared": 5.51480300134676e-06
      },
      "17": {
        "cosine": 0.002666930668056011,
        "abs_cosine": 0.002666930668056011,
        "r_squared": 7.112519188217682e-06
      },
      "18": {
        "cosine": 0.0019391514360904694,
        "abs_cosine": 0.0019391514360904694,
        "r_squared": 3.7603082920917297e-06
      },
      "19": {
        "cosine": -0.01985756866633892,
        "abs_cosine": 0.01985756866633892,
        "r_squared": 0.0003943230333383653
      },
      "20": {
        "cosine": 0.0014233068795874715,
        "abs_cosine": 0.0014233068795874715,
        "r_squared": 2.025802473481025e-06
      },
      "21": {
        "cosine": 0.004595849197357893,
        "abs_cosine": 0.004595849197357893,
        "r_squared": 2.112182984485519e-05
      },
      "22": {
        "cosine": 0.0038772302214056253,
        "abs_cosine": 0.0038772302214056253,
        "r_squared": 1.5032914189781115e-05
      },
      "23": {
        "cosine": 0.006909651216119528,
        "abs_cosine": 0.006909651216119528,
        "r_squared": 4.774327992842207e-05
      },
      "24": {
        "cosine": -0.026275556534528732,
        "abs_cosine": 0.026275556534528732,
        "r_squared": 0.0006904048711992156
      },
      "25": {
        "cosine": 0.010458593256771564,
        "abs_cosine": 0.010458593256771564,
        "r_squared": 0.00010938217291058764
      },
      "26": {
        "cosine": -0.017753051593899727,
        "abs_cosine": 0.017753051593899727,
        "r_squared": 0.00031517084089566563
      },
      "27": {
        "cosine": -0.010158468969166279,
        "abs_cosine": 0.010158468969166279,
        "r_squared": 0.0001031944917975142
      },
      "28": {
        "cosine": -0.015963317826390266,
        "abs_cosine": 0.015963317826390266,
        "r_squared": 0.00025482751602634926
      },
      "29": {
        "cosine": -0.011401550844311714,
        "abs_cosine": 0.011401550844311714,
        "r_squared": 0.00012999536165542516
      },
      "30": {
        "cosine": -0.02129492349922657,
        "abs_cosine": 0.02129492349922657,
        "r_squared": 0.000453473766837912
      },
      "31": {
        "cosine": 0.015011674724519253,
        "abs_cosine": 0.015011674724519253,
        "r_squared": 0.00022535037803477018
      },
      "32": {
        "cosine": -0.0005797358462586999,
        "abs_cosine": 0.0005797358462586999,
        "r_squared": 3.360936514372909e-07
      },
      "33": {
        "cosine": 0.013188430108129978,
        "abs_cosine": 0.013188430108129978,
        "r_squared": 0.0001739346887170293
      },
      "34": {
        "cosine": 0.004770325031131506,
        "abs_cosine": 0.004770325031131506,
        "r_squared": 2.2756000902639803e-05
      },
      "35": {
        "cosine": 0.0027591099496930838,
        "abs_cosine": 0.0027591099496930838,
        "r_squared": 7.612687714495371e-06
      },
      "36": {
        "cosine": -0.007935564033687115,
        "abs_cosine": 0.007935564033687115,
        "r_squared": 6.297317653274851e-05
      },
      "37": {
        "cosine": 0.003956141881644726,
        "abs_cosine": 0.003956141881644726,
        "r_squared": 1.565105858770347e-05
      },
      "38": {
        "cosine": 0.0038888819981366396,
        "abs_cosine": 0.0038888819981366396,
        "r_squared": 1.5123403195431223e-05
      },
      "39": {
        "cosine": 0.008655624464154243,
        "abs_cosine": 0.008655624464154243,
        "r_squared": 7.491983486446543e-05
      },
      "40": {
        "cosine": -0.007311349734663963,
        "abs_cosine": 0.007311349734663963,
        "r_squared": 5.345583494257081e-05
      }
    }
  },
  "control_profile": {
    "probe_type": "control",
    "n_layers": 35,
    "overall_mean_r2": 0.00020487405289157173,
    "overall_mean_abs_cos": 0.01143269005115144,
    "peak_layer": 17,
    "peak_cosine": 0.03435030207037926,
    "peak_abs_cosine": 0.03435030207037926,
    "peak_r2": 0.0011799432523263015,
    "onset_layer": null,
    "band_stats": {
      "early": {
        "mean_cos": 0.003022557217627764,
        "mean_abs_cos": 0.0143833770416677,
        "mean_r2": 0.0002511381440674156,
        "max_r2": 0.0005562677361262459,
        "r2_fraction": 0.17511674717981057,
        "n_layers": 5
      },
      "middle": {
        "mean_cos": 0.007294629172732433,
        "mean_abs_cos": 0.011655409975598255,
        "mean_r2": 0.00023575725411816663,
        "max_r2": 0.0011799432523263015,
        "r2_fraction": 0.4931753033995678,
        "n_layers": 15
      },
      "late": {
        "mean_cos": -0.0011571455378240594,
        "mean_abs_cos": 0.010226407796532536,
        "mean_r2": 0.00015856948793969552,
        "max_r2": 0.0006555474726642509,
        "r2_fraction": 0.33170794942062154,
        "n_layers": 15
      }
    },
    "normalized_entropy": 0.7941711224242438,