{
  "dim_name": "16_mind",
  "dim_id": 16,
  "reading_profile": {
    "probe_type": "reading",
    "n_layers": 35,
    "overall_mean_r2": 0.00020595532142504626,
    "overall_mean_abs_cos": 0.01176975848668787,
    "peak_layer": 12,
    "peak_cosine": -0.030233001336455345,
    "peak_abs_cosine": 0.030233001336455345,
    "peak_r2": 0.0009140343698101107,
    "onset_layer": null,
    "band_stats": {
      "early": {
        "mean_cos": -0.00402320169378072,
        "mean_abs_cos": 0.009286938956938684,
        "mean_r2": 0.00014842027771053596,
        "max_r2": 0.0005398031099074357,
        "r2_fraction": 0.10294901180063593,
        "n_layers": 5
      },
      "middle": {
        "mean_cos": 0.0021536875981837513,
        "mean_abs_cos": 0.011104808763290445,
        "mean_r2": 0.0001891727018074496,
        "max_r2": 0.0009140343698101107,
        "r2_fraction": 0.3936485568781042,
        "n_layers": 15
      },
      "late": {
        "mean_cos": 3.9866692774618664e-05,
        "mean_abs_cos": 0.013262314720001693,
        "mean_r2": 0.00024191628894747958,
        "max_r2": 0.0007362142994056832,
        "r2_fraction": 0.5034024313212597,
        "n_layers": 15
      }
    },
    "normalized_entropy": 0.8213157175677164,
    "near_peak_layers": [
      11,
      12,
      35,
      36,
      38
    ],
    "near_peak_fraction": 0.14285714285714285,
    "sign_consistency": 0.5428571428571428,
    "dominant_sign": "positive",
    "profile_type": "negligible",
    "per_layer": {
      "6": {
        "cosine": -0.02323366329073906,
        "abs_cosine": 0.02323366329073906,
        "r_squared": 0.0005398031099074357
      },
      "7": {
        "cosine": 0.0013298374833539128,
        "abs_cosine": 0.0013298374833539128,
        "r_squared": 1.7684677321330684e-06
      },
      "8": {
        "cosine": 0.011829505674540997,
        "abs_cosine": 0.011829505674540997,
        "r_squared": 0.00013993720450399764
      },
      "9": {
        "cosine": -0.007276376709342003,
        "abs_cosine": 0.007276376709342003,
        "r_squared": 5.2945658016254754e-05
      },
      "10": {
        "cosine": -0.0027653116267174482,
        "abs_cosine": 0.0027653116267174482,
        "r_squared": 7.6469483928587e-06
      },
      "11": {
        "cosine": -0.025270314887166023,
        "abs_cosine": 0.025270314887166023,
        "r_squared": 0.0006385888144965247
      },
      "12": {
        "cosine": -0.030233001336455345,
        "abs_cosine": 0.030233001336455345,
        "r_squared": 0.0009140343698101107
      },
      "13": {
        "cosine": 0.011158267967402935,
        "abs_cosine": 0.011158267967402935,
        "r_squared": 0.00012450694403237043
      },
      "14": {
        "cosine": 0.0027125179767608643,
        "abs_cosine": 0.0027125179767608643,
        "r_squared": 7.3577537742508525e-06
      },
      "15": {
        "cosine": 0.01959238201379776,
        "abs_cosine": 0.01959238201379776,
        "r_squared": 0.00038386143297458597
      },
      "16": {
        "cosine": 0.014253098517656326,
        "abs_cosine": 0.014253098517656326,
        "r_squared": 0.00020315081735401697
      },
      "17": {
        "cosine": 0.005608696956187487,
        "abs_cosine": 0.005608696956187487,
        "r_squared": 3.145748154634678e-05
      },
      "18": {
        "cosine": -0.004071250557899475,
        "abs_cosine": 0.004071250557899475,
        "r_squared": 1.6575081105196787e-05
      },
      "19": {
        "cosine": -0.00544982822611928,
        "abs_cosine": 0.00544982822611928,
        "r_squared": 2.9700627694206417e-05
      },
      "20": {
        "cosine": 0.00718342000618577,
        "abs_cosine": 0.00718342000618577,
        "r_squared": 5.160152298526997e-05
      },
      "21": {
        "cosine": 0.015912078320980072,
        "abs_cosine": 0.015912078320980072,
        "r_squared": 0.000253194236493004
      },
      "22": {
        "cosine": 0.007029109168797731,
        "abs_cosine": 0.007029109168797731,
        "r_squared": 4.9408375706876334e-05
      },
      "23": {
        "cosine": 0.00896376185119152,
        "abs_cosine": 0.00896376185119152,
        "r_squared": 8.034902652487644e-05
      },
      "24": {
        "cosine": 0.0070253899320960045,
        "abs_cosine": 0.0070253899320960045,
        "r_squared": 4.93561036979959e-05
      },
      "25": {
        "cosine": -0.002109013730660081,
        "abs_cosine": 0.002109013730660081,
        "r_squared": 4.447938916112752e-06
      },
      "26": {
        "cosine": -0.007635990157723427,
        "abs_cosine": 0.007635990157723427,
        "r_squared": 5.8308345688849045e-05
      },
      "27": {
        "cosine": 0.011961882002651691,
        "abs_cosine": 0.011961882002651691,
        "r_squared": 0.00014308662104536244
      },
      "28": {
        "cosine": 0.010312237776815891,
        "abs_cosine": 0.010312237776815891,
        "r_squared": 0.00010634224796558876
      },
      "29": {
        "cosine": -0.00687240157276392,
        "abs_cosine": 0.00687240157276392,
        "r_squared": 4.7229903377328e-05
      },
      "30": {
        "cosine": -0.0221563633531332,
        "abs_cosine": 0.0221563633531332,
        "r_squared": 0.0004909044370360639
      },
      "31": {
        "cosine": 0.014645742252469063,
        "abs_cosine": 0.014645742252469063,
        "r_squared": 0.00021449776612575758
      },
      "32": {
        "cosine": 0.014069043099880219,
        "abs_cosine": 0.014069043099880219,
        "r_squared": 0.0001979379737462872
      },
      "33": {
        "cosine": 0.006754215806722641,
        "abs_cosine": 0.006754215806722641,
        "r_squared": 4.5619431163781976e-05
      },
      "34": {
        "cosine": 0.016469281166791916,
        "abs_cosine": 0.016469281166791916,
        "r_squared": 0.0002712372221508469
      },
      "35": {
        "cosine": 0.025553958490490913,
        "abs_cosine": 0.025553958490490913,
        "r_squared": 0.0006530047945337326
      },
      "36": {
        "cosine": -0.024499423801898956,
        "abs_cosine": 0.024499423801898956,
        "r_squared": 0.0006002217666250531
      },
      "37": {
        "cosine": -0.00729189720004797,
        "abs_cosine": 0.00729189720004797,
        "r_squared": 5.317176477606742e-05
      },
      "38": {
        "cosine": -0.027133269235491753,
        "abs_cosine": 0.027133269235491753,
        "r_squared": 0.0007362142994056832
      },
      "39": {
        "cosine": -0.0032999853137880564,
        "abs_cosine": 0.0032999853137880564,
        "r_squared": 1.0889903071216857e-05
      },
      "40": {
        "cosine": -0.00027902956935577095,
        "abs_cosine": 0.00027902956935577095,
        "r_squared": 7.785750057486699e-08
      }
    }
  },
  "control_profile": {
    "probe_type": "control",
    "n_layers": 35,
    "overall_mean_r2": 0.00034816260159822735,
    "overall_mean_abs_cos": 0.014991316796346967,
    "peak_layer": 15,
    "peak_cosine": 0.05007296800613403,
    "peak_abs_cosine": 0.05007296800613403,
    "peak_r2": 0.0025073021249433225,
    "onset_layer": 15,
    "band_stats": {
      "early": {
        "mean_cos": 0.009999129630159587,
        "mean_abs_cos": 0.009999129630159587,
        "mean_r2": 0.00016595396718590926,
        "max_r2": 0.0004615630824802465,
        "r2_fraction": 0.06809378574596377,
        "n_layers": 5
      },
      "middle": {
        "mean_cos": 0.007286674824232856,
        "mean_abs_cos": 0.019009570699806015,
        "mean_r2": 0.0005508653337576301,
        "max_r2": 0.0025073021249433225,
        "r2_fraction": 0.6780887492086868,
        "n_layers": 15
      },
      "late": {
        "mean_cos": 0.00333057528672119,
        "mean_abs_cos": 0.012637125281617045,
        "mean_r2": 0.0002061960809095973,
        "max_r2": 0.0007142106790551141,
        "r2_fraction": 0.2538174650453494,
        "n_layers": 15
      }
    },
    "normalized_entropy": 0.7951412427652534,