{
  "dim_name": "2_emotions",
  "dim_id": 2,
  "reading_profile": {
    "probe_type": "reading",
    "n_layers": 35,
    "overall_mean_r2": 0.000175614097974555,
    "overall_mean_abs_cos": 0.010772154268592463,
    "peak_layer": 35,
    "peak_cosine": 0.03270212560892105,
    "peak_abs_cosine": 0.03270212560892105,
    "peak_r2": 0.00106942901934165,
    "onset_layer": null,
    "band_stats": {
      "early": {
        "mean_cos": -0.004371363739483059,
        "mean_abs_cos": 0.009755626250989736,
        "mean_r2": 0.00016848602496332682,
        "max_r2": 0.0006225068448237892,
        "r2_fraction": 0.13705865539966827,
        "n_layers": 5
      },
      "middle": {
        "mean_cos": 0.004275680876647433,
        "mean_abs_cos": 0.009889459873860081,
        "mean_r2": 0.00012541900439183316,
        "max_r2": 0.00047070507592964286,
        "r2_fraction": 0.30607452648819955,
        "n_layers": 15
      },
      "late": {
        "mean_cos": 0.002266728805261664,
        "mean_abs_cos": 0.011993691335859088,
        "mean_r2": 0.0002281852158943529,
        "max_r2": 0.00106942901934165,
        "r2_fraction": 0.5568668181121321,
        "n_layers": 15
      }
    },
    "normalized_entropy": 0.8125336249579029,
    "near_peak_layers": [
      35
    ],
    "near_peak_fraction": 0.02857142857142857,
    "sign_consistency": 0.6,
    "dominant_sign": "positive",
    "profile_type": "negligible",
    "per_layer": {
      "6": {
        "cosine": -0.024950087070465088,
        "abs_cosine": 0.024950087070465088,
        "r_squared": 0.0006225068448237892
      },
      "7": {
        "cosine": 0.0016934927552938461,
        "abs_cosine": 0.0016934927552938461,
        "r_squared": 2.8679177122327426e-06
      },
      "8": {
        "cosine": 0.010374659672379494,
        "abs_cosine": 0.010374659672379494,
        "r_squared": 0.00010763356331769738
      },
      "9": {
        "cosine": -0.010367387905716896,
        "abs_cosine": 0.010367387905716896,
        "r_squared": 0.00010748273198760497
      },
      "10": {
        "cosine": 0.0013925038510933518,
        "abs_cosine": 0.0013925038510933518,
        "r_squared": 1.939066975309816e-06
      },
      "11": {
        "cosine": -0.016902027651667595,
        "abs_cosine": 0.016902027651667595,
        "r_squared": 0.000285678538737736
      },
      "12": {
        "cosine": -0.021695738658308983,
        "abs_cosine": 0.021695738658308983,
        "r_squared": 0.00047070507592964286
      },
      "13": {
        "cosine": 0.012314447201788425,
        "abs_cosine": 0.012314447201788425,
        "r_squared": 0.00015164560988563478
      },
      "14": {
        "cosine": 0.008804360404610634,
        "abs_cosine": 0.008804360404610634,
        "r_squared": 7.751676213427552e-05
      },
      "15": {
        "cosine": 0.014142464846372604,
        "abs_cosine": 0.014142464846372604,
        "r_squared": 0.0002000093119308849
      },
      "16": {
        "cosine": 0.007683808449655771,
        "abs_cosine": 0.007683808449655771,
        "r_squared": 5.904091229100143e-05
      },
      "17": {
        "cosine": -0.001176429446786642,
        "abs_cosine": 0.001176429446786642,
        "r_squared": 1.3839862432667247e-06
      },
      "18": {
        "cosine": 0.005825100466609001,
        "abs_cosine": 0.005825100466609001,
        "r_squared": 3.39317954460884e-05
      },
      "19": {
        "cosine": -0.002329146722331643,
        "abs_cosine": 0.002329146722331643,
        "r_squared": 5.424924454148236e-06
      },
      "20": {
        "cosine": 0.005414907820522785,
        "abs_cosine": 0.005414907820522785,
        "r_squared": 2.932122670475882e-05
      },
      "21": {
        "cosine": 0.01199885830283165,
        "abs_cosine": 0.01199885830283165,
        "r_squared": 0.00014397260057143202
      },
      "22": {
        "cosine": 0.011601114645600319,
        "abs_cosine": 0.011601114645600319,
        "r_squared": 0.0001345858610203622
      },
      "23": {
        "cosine": 0.012168291956186295,
        "abs_cosine": 0.012168291956186295,
        "r_squared": 0.00014806732913098808
      },
      "24": {
        "cosine": 0.010065780021250248,
        "abs_cosine": 0.010065780021250248,
        "r_squared": 0.00010131992743620064
      },
      "25": {
        "cosine": 0.00621942151337862,
        "abs_cosine": 0.00621942151337862,
        "r_squared": 3.8681203961076806e-05
      },
      "26": {
        "cosine": -0.0078097060322761536,
        "abs_cosine": 0.0078097060322761536,
        "r_squared": 6.099150831057054e-05
      },
      "27": {
        "cosine": 0.0072320387698709965,
        "abs_cosine": 0.0072320387698709965,
        "r_squared": 5.2302384768917196e-05
      },
      "28": {
        "cosine": 0.016449252143502235,
        "abs_cosine": 0.016449252143502235,
        "r_squared": 0.0002705778960805129
      },
      "29": {
        "cosine": -0.0020532244816422462,
        "abs_cosine": 0.0020532244816422462,
        "r_squared": 4.215730772015071e-06
      },
      "30": {
        "cosine": -0.015752475708723068,
        "abs_cosine": 0.015752475708723068,
        "r_squared": 0.00024814049095391033
      },
      "31": {
        "cosine": 0.002289143390953541,
        "abs_cosine": 0.002289143390953541,
        "r_squared": 5.240177464346275e-06
      },
      "32": {
        "cosine": 0.013138326816260815,
        "abs_cosine": 0.013138326816260815,
        "r_squared": 0.00017261563153087803
      },
      "33": {
        "cosine": 0.010484418831765652,
        "abs_cosine": 0.010484418831765652,
        "r_squared": 0.00010992303823988223
      },
      "34": {
        "cosine": 0.024657845497131348,
        "abs_cosine": 0.024657845497131348,
        "r_squared": 0.0006080093445604007
      },
      "35": {
        "cosine": 0.03270212560892105,
        "abs_cosine": 0.03270212560892105,
        "r_squared": 0.00106942901934165
      },
      "36": {
        "cosine": -0.015038961544632912,
        "abs_cosine": 0.015038961544632912,
        "r_squared": 0.00022617036434094753
      },
      "37": {
        "cosine": -0.00014571721840184182,
        "abs_cosine": 0.00014571721840184182,
        "r_squared": 2.1233507738770068e-08
      },
      "38": {
        "cosine": -0.02362198755145073,
        "abs_cosine": 0.02362198755145073,
        "r_squared": 0.0005579982958808932
      },
      "39": {
        "cosine": -0.003648054786026478,
        "abs_cosine": 0.003648054786026478,
        "r_squared": 1.330830372185069e-05
      },
      "40": {
        "cosine": -0.004882091656327248,
        "abs_cosine": 0.004882091656327248,
        "r_squared": 2.3834818940780128e-05
      }
    }
  },
  "control_profile": {
    "probe_type": "control",
    "n_layers": 35,
    "overall_mean_r2": 0.00034242045616655236,
    "overall_mean_abs_cos": 0.014758615122575845,
    "peak_layer": 15,
    "peak_cosine": 0.06075390428304672,
    "peak_abs_cosine": 0.06075390428304672,
    "peak_r2": 0.003691036885633603,
    "onset_layer": 15,
    "band_stats": {
      "early": {
        "mean_cos": 0.010177106666378676,
        "mean_abs_cos": 0.010783187416382133,
        "mean_r2": 0.00014606985374629718,
        "max_r2": 0.0003193702397661369,
        "r2_fraction": 0.06094005655318393,
        "n_layers": 5
      },
      "middle": {
        "mean_cos": 0.007931811921298503,
        "mean_abs_cos": 0.01826744507998228,
        "mean_r2": 0.0005127287093555934,
        "max_r2": 0.003691036885633603,
        "r2_fraction": 0.6417282363855917,
        "n_layers": 15
      },
      "late": {
        "mean_cos": 0.0034096180538957317,
        "mean_abs_cos": 0.012574927733900646,
        "mean_r2": 0.00023756240378426316,
        "max_r2": 0.0008607286469071301,
        "r2_fraction": 0.29733170706122447,
        "n_layers": 15
      }
    },
    "normalized_entropy": 0.7689483670306226,
    "near_peak_layers": [
      15
    ],