{
  "dim_name": "7_social",
  "dim_id": 7,
  "reading_profile": {
    "probe_type": "reading",
    "n_layers": 35,
    "overall_mean_r2": 0.00020160039849359172,
    "overall_mean_abs_cos": 0.010575026271232803,
    "peak_layer": 38,
    "peak_cosine": -0.03678520396351814,
    "peak_abs_cosine": 0.03678520396351814,
    "peak_r2": 0.0013531512306376309,
    "onset_layer": null,
    "band_stats": {
      "early": {
        "mean_cos": -0.005663837119936943,
        "mean_abs_cos": 0.008778584934771062,
        "mean_r2": 0.0001256020719326882,
        "max_r2": 0.0004694575127709745,
        "r2_fraction": 0.08900355985065937,
        "n_layers": 5
      },
      "middle": {
        "mean_cos": -0.0014616801539280762,
        "mean_abs_cos": 0.009172235858083392,
        "mean_r2": 0.00017767766277854632,
        "max_r2": 0.001141545824083337,
        "r2_fraction": 0.37771537323947624,
        "n_layers": 15
      },
      "late": {
        "mean_cos": 0.00027794682731231056,
        "mean_abs_cos": 0.012576630463202794,
        "mean_r2": 0.00025085590972893825,
        "max_r2": 0.0013531512306376309,
        "r2_fraction": 0.5332810669098643,
        "n_layers": 15
      }
    },
    "normalized_entropy": 0.7384833999121782,
    "near_peak_layers": [
      12,
      38
    ],
    "near_peak_fraction": 0.05714285714285714,
    "sign_consistency": 0.5428571428571428,
    "dominant_sign": "positive",
    "profile_type": "negligible",
    "per_layer": {
      "6": {
        "cosine": -0.02166696824133396,
        "abs_cosine": 0.02166696824133396,
        "r_squared": 0.0004694575127709745
      },
      "7": {
        "cosine": -0.0014011156745254993,
        "abs_cosine": 0.0014011156745254993,
        "r_squared": 1.963125133401045e-06
      },
      "8": {
        "cosine": 0.007786869537085295,
        "abs_cosine": 0.007786869537085295,
        "r_squared": 6.063533718758695e-05
      },
      "9": {
        "cosine": -0.008859929628670216,
        "abs_cosine": 0.008859929628670216,
        "r_squared": 7.849835302498834e-05
      },
      "10": {
        "cosine": -0.0041780415922403336,
        "abs_cosine": 0.0041780415922403336,
        "r_squared": 1.745603154649014e-05
      },
      "11": {
        "cosine": -0.011087578721344471,
        "abs_cosine": 0.011087578721344471,
        "r_squared": 0.0001229344019020107
      },
      "12": {
        "cosine": -0.03378676995635033,
        "abs_cosine": 0.03378676995635033,
        "r_squared": 0.001141545824083337
      },
      "13": {
        "cosine": 0.01069867704063654,
        "abs_cosine": 0.01069867704063654,
        "r_squared": 0.00011446169041984342
      },
      "14": {
        "cosine": 0.010257801041007042,
        "abs_cosine": 0.010257801041007042,
        "r_squared": 0.00010522248219688515
      },
      "15": {
        "cosine": 0.01136584673076868,
        "abs_cosine": 0.01136584673076868,
        "r_squared": 0.0001291824719073251
      },
      "16": {
        "cosine": 7.604523852933198e-05,
        "abs_cosine": 7.604523852933198e-05,
        "r_squared": 5.782878302982997e-09
      },
      "17": {
        "cosine": 0.0035689896903932095,
        "abs_cosine": 0.0035689896903932095,
        "r_squared": 1.2737687410133017e-05
      },
      "18": {
        "cosine": 0.0018047841731458902,
        "abs_cosine": 0.0018047841731458902,
        "r_squared": 3.2572459116378947e-06
      },
      "19": {
        "cosine": -0.003907716367393732,
        "abs_cosine": 0.003907716367393732,
        "r_squared": 1.5270247207996865e-05
      },
      "20": {
        "cosine": 0.00017858426144812256,
        "abs_cosine": 0.00017858426144812256,
        "r_squared": 3.1892338436971394e-08
      },
      "21": {
        "cosine": 0.008832650259137154,
        "abs_cosine": 0.008832650259137154,
        "r_squared": 7.801571060023563e-05
      },
      "22": {
        "cosine": -0.00025138474302366376,
        "abs_cosine": 0.00025138474302366376,
        "r_squared": 6.319428902507347e-08
      },
      "23": {
        "cosine": 0.0110457893460989,
        "abs_cosine": 0.0110457893460989,
        "r_squared": 0.00012200946227839196
      },
      "24": {
        "cosine": -0.028561584651470184,
        "abs_cosine": 0.028561584651470184,
        "r_squared": 0.0008157641178030972
      },
      "25": {
        "cosine": -0.0021593356505036354,
        "abs_cosine": 0.0021593356505036354,
        "r_squared": 4.662730451535958e-06
      },
      "26": {
        "cosine": -0.009448622353374958,
        "abs_cosine": 0.009448622353374958,
        "r_squared": 8.927646437669693e-05
      },
      "27": {
        "cosine": 0.01582125760614872,
        "abs_cosine": 0.01582125760614872,
        "r_squared": 0.0002503121922401187
      },
      "28": {
        "cosine": 0.0021500091534107924,
        "abs_cosine": 0.0021500091534107924,
        "r_squared": 4.622539359750192e-06
      },
      "29": {
        "cosine": -0.007243382278829813,
        "abs_cosine": 0.007243382278829813,
        "r_squared": 5.2466586837265775e-05
      },
      "30": {
        "cosine": -0.02469090186059475,
        "abs_cosine": 0.02469090186059475,
        "r_squared": 0.0006096406346895213
      },
      "31": {
        "cosine": 0.002768344944342971,
        "abs_cosine": 0.002768344944342971,
        "r_squared": 7.663733730869286e-06
      },
      "32": {
        "cosine": 0.025086399167776108,
        "abs_cosine": 0.025086399167776108,
        "r_squared": 0.0006293274232049978
      },
      "33": {
        "cosine": 0.006232030224055052,
        "abs_cosine": 0.006232030224055052,
        "r_squared": 3.883820071353566e-05
      },
      "34": {
        "cosine": 0.011014724150300026,
        "abs_cosine": 0.011014724150300026,
        "r_squared": 0.00012132414810720263
      },
      "35": {
        "cosine": 0.019939174875617027,
        "abs_cosine": 0.019939174875617027,
        "r_squared": 0.0003975706947204373
      },
      "36": {
        "cosine": -0.008801164105534554,
        "abs_cosine": 0.008801164105534554,
        "r_squared": 7.746048961254984e-05
      },
      "37": {
        "cosine": 0.009311872534453869,
        "abs_cosine": 0.009311872534453869,
        "r_squared": 8.671097009791632e-05
      },
      "38": {
        "cosine": -0.03678520396351814,
        "abs_cosine": 0.03678520396351814,
        "r_squared": 0.0013531512306376309
      },
      "39": {
        "cosine": 0.004085517022758722,
        "abs_cosine": 0.004085517022758722,
        "r_squared": 1.6691449343251294e-05
      },
      "40": {
        "cosine": -0.005270852707326412,
        "abs_cosine": 0.005270852707326412,
        "r_squared": 2.778188826233017e-05
      }
    }
  },
  "control_profile": {
    "probe_type": "control",
    "n_layers": 35,
    "overall_mean_r2": 0.0002925117869652245,
    "overall_mean_abs_cos": 0.013513035819050856,
    "peak_layer": 35,
    "peak_cosine": 0.04621294513344765,
    "peak_abs_cosine": 0.04621294513344765,
    "peak_r2": 0.0021356362979070426,
    "onset_layer": null,
    "band_stats": {
      "early": {
        "mean_cos": 0.007604416829417459,
        "mean_abs_cos": 0.007604416829417459,
        "mean_r2": 8.650904608875977e-05,
        "max_r2": 0.0002635149747736189,
        "r2_fraction": 0.04224935782504503,
        "n_layers": 5
      },
      "middle": {
        "mean_cos": 0.003292607182326416,
        "mean_abs_cos": 0.017058443658364317,
        "mean_r2": 0.00039217814275156645,
        "max_r2": 0.0012024802978949922,
        "r2_fraction": 0.5745968346687867,
        "n_layers": 15
      },
      "late": {
        "mean_cos": 0.004585880017839372,
        "mean_abs_cos": 0.011937167642948528,
        "mean_r2": 0.0002615130114710374,
        "max_r2": 0.0021356362979070426,
        "r2_fraction": 0.3831538075061681,
        "n_layers": 15
      }
    },
    "normalized_entropy": 0.7856545036596901,