{
  "dim_name": "10_animacy",
  "dim_id": 10,
  "reading_profile": {
    "probe_type": "reading",
    "n_layers": 35,
    "overall_mean_r2": 0.0003058243564106552,
    "overall_mean_abs_cos": 0.014464691228100231,
    "peak_layer": 39,
    "peak_cosine": -0.04047844186425209,
    "peak_abs_cosine": 0.04047844186425209,
    "peak_r2": 0.0016385042557576363,
    "onset_layer": null,
    "band_stats": {
      "early": {
        "mean_cos": 0.020349583216011526,
        "mean_abs_cos": 0.021237416379153728,
        "mean_r2": 0.0005706532663423818,
        "max_r2": 0.0010495232555749467,
        "r2_fraction": 0.26656442982030754,
        "n_layers": 5
      },
      "middle": {
        "mean_cos": -0.002324878020832936,
        "mean_abs_cos": 0.012875413180639346,
        "mean_r2": 0.00023416534281511266,
        "max_r2": 0.0011830891868004484,
        "r2_fraction": 0.3281510232541263,
        "n_layers": 15
      },
      "late": {
        "mean_cos": -0.006543205926815668,
        "mean_abs_cos": 0.013796394225209951,
        "mean_r2": 0.0002892070666956223,
        "max_r2": 0.0016385042557576363,
        "r2_fraction": 0.40528454692556615,
        "n_layers": 15
      }
    },
    "normalized_entropy": 0.8204606454291022,
    "near_peak_layers": [
      8,
      16,
      39
    ],
    "near_peak_fraction": 0.08571428571428572,
    "sign_consistency": 0.5428571428571428,
    "dominant_sign": "negative",
    "profile_type": "negligible",
    "per_layer": {
      "6": {
        "cosine": 0.031642939895391464,
        "abs_cosine": 0.031642939895391464,
        "r_squared": 0.0010012756452233568
      },
      "7": {
        "cosine": 0.019511450082063675,
        "abs_cosine": 0.019511450082063675,
        "r_squared": 0.0003806966843048626
      },
      "8": {
        "cosine": 0.0323963463306427,
        "abs_cosine": 0.0323963463306427,
        "r_squared": 0.0010495232555749467
      },
      "9": {
        "cosine": -0.0022195829078555107,
        "abs_cosine": 0.0022195829078555107,
        "r_squared": 4.9265482848443246e-06
      },
      "10": {
        "cosine": 0.020416762679815292,
        "abs_cosine": 0.020416762679815292,
        "r_squared": 0.0004168441983238985
      },
      "11": {
        "cosine": -0.00464994739741087,
        "abs_cosine": 0.00464994739741087,
        "r_squared": 2.162201079868812e-05
      },
      "12": {
        "cosine": -0.012986604124307632,
        "abs_cosine": 0.012986604124307632,
        "r_squared": 0.000168651886681484
      },
      "13": {
        "cosine": 0.006145098712295294,
        "abs_cosine": 0.006145098712295294,
        "r_squared": 3.776223818385328e-05
      },
      "14": {
        "cosine": 0.02273118682205677,
        "abs_cosine": 0.02273118682205677,
        "r_squared": 0.0005167068543392474
      },
      "15": {
        "cosine": -0.008595222607254982,
        "abs_cosine": 0.008595222607254982,
        "r_squared": 7.387785166826713e-05
      },
      "16": {
        "cosine": -0.03439606353640556,
        "abs_cosine": 0.03439606353640556,
        "r_squared": 0.0011830891868004484
      },
      "17": {
        "cosine": -0.02234894223511219,
        "abs_cosine": 0.02234894223511219,
        "r_squared": 0.0004994752190283815
      },
      "18": {
        "cosine": 0.005426852963864803,
        "abs_cosine": 0.005426852963864803,
        "r_squared": 2.94507330914082e-05
      },
      "19": {
        "cosine": 0.011054222472012043,
        "abs_cosine": 0.011054222472012043,
        "r_squared": 0.00012219583446073604
      },
      "20": {
        "cosine": 0.008223636075854301,
        "abs_cosine": 0.008223636075854301,
        "r_squared": 6.762819030809233e-05
      },
      "21": {
        "cosine": 0.004123598337173462,
        "abs_cosine": 0.004123598337173462,
        "r_squared": 1.700406324633974e-05
      },
      "22": {
        "cosine": 0.006668846122920513,
        "abs_cosine": 0.006668846122920513,
        "r_squared": 4.447350861119196e-05
      },
      "23": {
        "cosine": -0.011542323976755142,
        "abs_cosine": 0.011542323976755142,
        "r_squared": 0.00013322524278437664
      },
      "24": {
        "cosine": 0.014755572192370892,
        "abs_cosine": 0.014755572192370892,
        "r_squared": 0.00021772691072426912
      },
      "25": {
        "cosine": -0.019483080133795738,
        "abs_cosine": 0.019483080133795738,
        "r_squared": 0.00037959041149990616
      },
      "26": {
        "cosine": -0.00927663128823042,
        "abs_cosine": 0.00927663128823042,
        "r_squared": 8.605588805777557e-05
      },
      "27": {
        "cosine": 0.0023866810370236635,
        "abs_cosine": 0.0023866810370236635,
        "r_squared": 5.69624637248835e-06
      },
      "28": {
        "cosine": 0.017019987106323242,
        "abs_cosine": 0.017019987106323242,
        "r_squared": 0.0002896799610994094
      },
      "29": {
        "cosine": -0.010765512473881245,
        "abs_cosine": 0.010765512473881245,
        "r_squared": 0.00011589625882529268
      },
      "30": {
        "cosine": 0.012824038043618202,
        "abs_cosine": 0.012824038043618202,
        "r_squared": 0.00016445595174416697
      },
      "31": {
        "cosine": -0.0011393774766474962,
        "abs_cosine": 0.0011393774766474962,
        "r_squared": 1.2981810342916158e-06
      },
      "32": {
        "cosine": -0.012082488276064396,
        "abs_cosine": 0.012082488276064396,
        "r_squared": 0.00014598652294123358
      },
      "33": {
        "cosine": -0.006990395020693541,
        "abs_cosine": 0.006990395020693541,
        "r_squared": 4.8865622545337046e-05
      },
      "34": {
        "cosine": 0.022168206050992012,
        "abs_cosine": 0.022168206050992012,
        "r_squared": 0.0004914293595192389
      },
      "35": {
        "cosine": -0.004802109207957983,
        "abs_cosine": 0.004802109207957983,
        "r_squared": 2.3060252845154847e-05
      },
      "36": {
        "cosine": -0.010391232557594776,
        "abs_cosine": 0.010391232557594776,
        "r_squared": 0.00010797771406601767
      },
      "37": {
        "cosine": -0.02889201231300831,
        "abs_cosine": 0.02889201231300831,
        "r_squared": 0.0008347483754950237
      },
      "38": {
        "cosine": -0.013928498141467571,
        "abs_cosine": 0.013928498141467571,
        "r_squared": 0.0001940030604768656
      },
      "39": {
        "cosine": -0.04047844186425209,
        "abs_cosine": 0.04047844186425209,
        "r_squared": 0.0016385042557576363
      },
      "40": {
        "cosine": -0.013800302520394325,
        "abs_cosine": 0.013800302520394325,
        "r_squared": 0.00019044834965440197
      }
    }
  },
  "control_profile": {
    "probe_type": "control",
    "n_layers": 35,
    "overall_mean_r2": 0.0028784209857797057,
    "overall_mean_abs_cos": 0.030850533951473025,
    "peak_layer": 6,
    "peak_cosine": 0.20426082611083984,
    "peak_abs_cosine": 0.20426082611083984,
    "peak_r2": 0.04172248508348275,
    "onset_layer": 6,
    "band_stats": {
      "early": {
        "mean_cos": 0.1172325499355793,
        "mean_abs_cos": 0.1172325499355793,
        "mean_r2": 0.017601452730912796,
        "max_r2": 0.04172248508348275,
        "r2_fraction": 0.8735668825705603,
        "n_layers": 5
      },
      "middle": {
        "mean_cos": 0.0206215849534298,
        "mean_abs_cos": 0.023654582747258245,
        "mean_r2": 0.0007195504792495003,
        "max_r2": 0.0023183607221480967,
        "r2_fraction": 0.10713470279180892,
        "n_layers": 15
      },
      "late": {
        "mean_cos": -0.002306244770685832,
        "mean_abs_cos": 0.009252479827652375,
        "mean_r2": 0.00012961424393221518,
        "max_r2": 0.0008506293690067057,
        "r2_fraction": 0.019298414637630913,
        "n_layers": 15
      }
    },
    "normalized_entropy": 0.4944727867226203,
    "near_peak_layers": [
      6,
      7
    ],