{
  "dim_name": "11_formality",
  "dim_id": 11,
  "reading_profile": {
    "probe_type": "reading",
    "n_layers": 35,
    "overall_mean_r2": 0.00032176086144075665,
    "overall_mean_abs_cos": 0.014996877558795469,
    "peak_layer": 7,
    "peak_cosine": -0.0399855375289917,
    "peak_abs_cosine": 0.0399855375289917,
    "peak_r2": 0.0015988432114824036,
    "onset_layer": null,
    "band_stats": {
      "early": {
        "mean_cos": -0.006450537033379078,
        "mean_abs_cos": 0.021169053576886653,
        "mean_r2": 0.000608559480977758,
        "max_r2": 0.0015988432114824036,
        "r2_fraction": 0.27019155879253925,
        "n_layers": 5
      },
      "middle": {
        "mean_cos": 0.005283301525438825,
        "mean_abs_cos": 0.01788830799050629,
        "mean_r2": 0.00037489355781870627,
        "max_r2": 0.0010556049497587594,
        "r2_fraction": 0.4993418618944463,
        "n_layers": 15
      },
      "late": {
        "mean_cos": 0.0019244665124764045,
        "mean_abs_cos": 0.010048055121054252,
        "mean_r2": 0.00017302862521714,
        "max_r2": 0.0009824984297814865,
        "r2_fraction": 0.23046657931301442,
        "n_layers": 15
      }
    },
    "normalized_entropy": 0.8453674491001272,
    "near_peak_layers": [
      7,
      21
    ],
    "near_peak_fraction": 0.05714285714285714,
    "sign_consistency": 0.5428571428571428,
    "dominant_sign": "positive",
    "profile_type": "negligible",
    "per_layer": {
      "6": {
        "cosine": -0.01962445303797722,
        "abs_cosine": 0.01962445303797722,
        "r_squared": 0.0003851191570397733
      },
      "7": {
        "cosine": -0.0399855375289917,
        "abs_cosine": 0.0399855375289917,
        "r_squared": 0.0015988432114824036
      },
      "8": {
        "cosine": -0.009438985958695412,
        "abs_cosine": 0.009438985958695412,
        "r_squared": 8.909445592844914e-05
      },
      "9": {
        "cosine": 0.00629944633692503,
        "abs_cosine": 0.00629944633692503,
        "r_squared": 3.9683024151798175e-05
      },
      "10": {
        "cosine": 0.03049684502184391,
        "abs_cosine": 0.03049684502184391,
        "r_squared": 0.0009300575562863657
      },
      "11": {
        "cosine": -0.02345222420990467,
        "abs_cosine": 0.02345222420990467,
        "r_squared": 0.0005500068203916388
      },
      "12": {
        "cosine": -0.01661643013358116,
        "abs_cosine": 0.01661643013358116,
        "r_squared": 0.00027610575038418406
      },
      "13": {
        "cosine": 0.010009923949837685,
        "abs_cosine": 0.010009923949837685,
        "r_squared": 0.00010019857748153407
      },
      "14": {
        "cosine": -0.010922531597316265,
        "abs_cosine": 0.010922531597316265,
        "r_squared": 0.0001193016964943722
      },
      "15": {
        "cosine": -0.016541706398129463,
        "abs_cosine": 0.016541706398129463,
        "r_squared": 0.0002736280505619172
      },
      "16": {
        "cosine": -0.026018820703029633,
        "abs_cosine": 0.026018820703029633,
        "r_squared": 0.0006769790307764034
      },
      "17": {
        "cosine": -0.0009858354460448027,
        "abs_cosine": 0.0009858354460448027,
        "r_squared": 9.71871526678355e-07
      },
      "18": {
        "cosine": 0.014353586360812187,
        "abs_cosine": 0.014353586360812187,
        "r_squared": 0.00020602544141729365
      },
      "19": {
        "cosine": 0.01449942123144865,
        "abs_cosine": 0.01449942123144865,
        "r_squared": 0.0002102332160469839
      },
      "20": {
        "cosine": 0.026346106082201004,
        "abs_cosine": 0.026346106082201004,
        "r_squared": 0.0006941173056945887
      },
      "21": {
        "cosine": 0.032490074634552,
        "abs_cosine": 0.032490074634552,
        "r_squared": 0.0010556049497587594
      },
      "22": {
        "cosine": 0.020754225552082062,
        "abs_cosine": 0.020754225552082062,
        "r_squared": 0.00043073787826669596
      },
      "23": {
        "cosine": 0.01823289878666401,
        "abs_cosine": 0.01823289878666401,
        "r_squared": 0.0003324385981647339
      },
      "24": {
        "cosine": 0.016450630500912666,
        "abs_cosine": 0.016450630500912666,
        "r_squared": 0.0002706232438775581
      },
      "25": {
        "cosine": 0.02065020427107811,
        "abs_cosine": 0.02065020427107811,
        "r_squared": 0.0004264309364372526
      },
      "26": {
        "cosine": 0.0011566964676603675,
        "abs_cosine": 0.0011566964676603675,
        "r_squared": 1.3379467182979716e-06
      },
      "27": {
        "cosine": 0.018728796392679214,
        "abs_cosine": 0.018728796392679214,
        "r_squared": 0.00035076781431843396
      },
      "28": {
        "cosine": 0.013491325080394745,
        "abs_cosine": 0.013491325080394745,
        "r_squared": 0.00018201585242488827
      },
      "29": {
        "cosine": -0.012200694531202316,
        "abs_cosine": 0.012200694531202316,
        "r_squared": 0.0001488569470437101
      },
      "30": {
        "cosine": -0.01706557907164097,
        "abs_cosine": 0.01706557907164097,
        "r_squared": 0.0002912339890504302
      },
      "31": {
        "cosine": 0.031344830989837646,
        "abs_cosine": 0.031344830989837646,
        "r_squared": 0.0009824984297814865
      },
      "32": {
        "cosine": -0.0031263160053640604,
        "abs_cosine": 0.0031263160053640604,
        "r_squared": 9.773851765395496e-06
      },
      "33": {
        "cosine": 0.016043908894062042,
        "abs_cosine": 0.016043908894062042,
        "r_squared": 0.0002574070126009631
      },
      "34": {
        "cosine": 0.0035017961636185646,
        "abs_cosine": 0.0035017961636185646,
        "r_squared": 1.2262576371533697e-05
      },
      "35": {
        "cosine": -0.016465162858366966,
        "abs_cosine": 0.016465162858366966,
        "r_squared": 0.00027110158795254705
      },
      "36": {
        "cosine": -0.0044256411492824554,
        "abs_cosine": 0.0044256411492824554,
        "r_squared": 1.9586299582222133e-05
      },
      "37": {
        "cosine": -0.0009894134709611535,
        "abs_cosine": 0.0009894134709611535,
        "r_squared": 9.789390165193974e-07
      },
      "38": {
        "cosine": -0.006654107477515936,
        "abs_cosine": 0.006654107477515936,
        "r_squared": 4.427714632233349e-05
      },
      "39": {
        "cosine": 0.0007558476645499468,
        "abs_cosine": 0.0007558476645499468,
        "r_squared": 5.713056920056089e-07
      },
      "40": {
        "cosine": 0.004770710598677397,
        "abs_cosine": 0.004770710598677397,
        "r_squared": 2.2759679616332846e-05
      }
    }
  },
  "control_profile": {
    "probe_type": "control",
    "n_layers": 35,
    "overall_mean_r2": 0.00020115947661700649,
    "overall_mean_abs_cos": 0.011312290094792843,
    "peak_layer": 38,
    "peak_cosine": -0.030427342280745506,
    "peak_abs_cosine": 0.030427342280745506,
    "peak_r2": 0.0009258231582696431,
    "onset_layer": null,
    "band_stats": {
      "early": {
        "mean_cos": 0.004228256409987807,
        "mean_abs_cos": 0.012722166022285819,
        "mean_r2": 0.00021527952096538316,
        "max_r2": 0.000435261828281297,
        "r2_fraction": 0.15288475491176035,
        "n_layers": 5
      },
      "middle": {
        "mean_cos": 0.004780482477508485,
        "mean_abs_cos": 0.01147869743872434,
        "mean_r2": 0.0002013977124713542,
        "max_r2": 0.0006724438462113458,
        "r2_fraction": 0.42907899143722944,
        "n_layers": 15
      },
      "late": {
        "mean_cos": -0.0049648694771652424,
        "mean_abs_cos": 0.010675924108363688,
        "mean_r2": 0.00019621455931319992,
        "max_r2": 0.0009258231582696431,
        "r2_fraction": 0.41803625365101027,
        "n_layers": 15
      }
    },
    "normalized_entropy": 0.806967329668368,