{
  "dim_name": "12_expertise",
  "dim_id": 12,
  "reading_profile": {
    "probe_type": "reading",
    "n_layers": 35,
    "overall_mean_r2": 0.0003300499728952261,
    "overall_mean_abs_cos": 0.014735486205401166,
    "peak_layer": 31,
    "peak_cosine": 0.05104329437017441,
    "peak_abs_cosine": 0.05104329437017441,
    "peak_r2": 0.0026054179001602784,
    "onset_layer": 31,
    "band_stats": {
      "early": {
        "mean_cos": -0.015013341885060072,
        "mean_abs_cos": 0.015013341885060072,
        "mean_r2": 0.0003348452636089484,
        "max_r2": 0.0006367831837391126,
        "r2_fraction": 0.14493271197330582,
        "n_layers": 5
      },
      "middle": {
        "mean_cos": 0.004531750346844395,
        "mean_abs_cos": 0.012219848468278845,
        "mean_r2": 0.00020828041306846328,
        "max_r2": 0.0006728097294395365,
        "r2_fraction": 0.27045308741938595,
        "n_layers": 15
      },
      "late": {
        "mean_cos": 0.004124817127982776,
        "mean_abs_cos": 0.017158505382637183,
        "mean_r2": 0.0004502211024840815,
        "max_r2": 0.0026054179001602784,
        "r2_fraction": 0.5846142006073082,
        "n_layers": 15
      }
    },
    "normalized_entropy": 0.7999917815434633,
    "near_peak_layers": [
      31
    ],
    "near_peak_fraction": 0.02857142857142857,
    "sign_consistency": 0.5142857142857142,
    "dominant_sign": "positive",
    "profile_type": "mixed",
    "per_layer": {
      "6": {
        "cosine": -0.003953182138502598,
        "abs_cosine": 0.003953182138502598,
        "r_squared": 1.5627649020175972e-05
      },
      "7": {
        "cosine": -0.02271547168493271,
        "abs_cosine": 0.02271547168493271,
        "r_squared": 0.0005159926538689796
      },
      "8": {
        "cosine": -0.02248012088239193,
        "abs_cosine": 0.02248012088239193,
        "r_squared": 0.0005053558348869537
      },
      "9": {
        "cosine": -0.0006833714433014393,
        "abs_cosine": 0.0006833714433014393,
        "r_squared": 4.6699652951989225e-07
      },
      "10": {
        "cosine": -0.025234563276171684,
        "abs_cosine": 0.025234563276171684,
        "r_squared": 0.0006367831837391126
      },
      "11": {
        "cosine": -0.010705827735364437,
        "abs_cosine": 0.010705827735364437,
        "r_squared": 0.00011461474749929843
      },
      "12": {
        "cosine": -0.003497681813314557,
        "abs_cosine": 0.003497681813314557,
        "r_squared": 1.2233778067191408e-05
      },
      "13": {
        "cosine": 0.005951466504484415,
        "abs_cosine": 0.005951466504484415,
        "r_squared": 3.541995355399994e-05
      },
      "14": {
        "cosine": -0.006395936012268066,
        "abs_cosine": 0.006395936012268066,
        "r_squared": 4.0907997473027535e-05
      },
      "15": {
        "cosine": 0.02556995116174221,
        "abs_cosine": 0.02556995116174221,
        "r_squared": 0.0006538224024138818
      },
      "16": {
        "cosine": 0.019148405641317368,
        "abs_cosine": 0.019148405641317368,
        "r_squared": 0.0003666614386044348
      },
      "17": {
        "cosine": 0.013044946826994419,
        "abs_cosine": 0.013044946826994419,
        "r_squared": 0.00017017063771911176
      },
      "18": {
        "cosine": -0.025938576087355614,
        "abs_cosine": 0.025938576087355614,
        "r_squared": 0.0006728097294395365
      },
      "19": {
        "cosine": -0.0028046672232449055,
        "abs_cosine": 0.0028046672232449055,
        "r_squared": 7.866158233144288e-06
      },
      "20": {
        "cosine": 0.003466202411800623,
        "abs_cosine": 0.003466202411800623,
        "r_squared": 1.2014559159572455e-05
      },
      "21": {
        "cosine": 0.00560283288359642,
        "abs_cosine": 0.00560283288359642,
        "r_squared": 3.139173632150938e-05
      },
      "22": {
        "cosine": -0.008318047039210796,
        "abs_cosine": 0.008318047039210796,
        "r_squared": 6.91899065465235e-05
      },
      "23": {
        "cosine": 0.0195799320936203,
        "abs_cosine": 0.0195799320936203,
        "r_squared": 0.00038337374079078224
      },
      "24": {
        "cosine": 0.016932183876633644,
        "abs_cosine": 0.016932183876633644,
        "r_squared": 0.00028669885083213234
      },
      "25": {
        "cosine": 0.0163410697132349,
        "abs_cosine": 0.0163410697132349,
        "r_squared": 0.000267030559372803
      },
      "26": {
        "cosine": 0.006965414620935917,
        "abs_cosine": 0.006965414620935917,
        "r_squared": 4.851700084154784e-05
      },
      "27": {
        "cosine": 0.03238222375512123,
        "abs_cosine": 0.03238222375512123,
        "r_squared": 0.0010486084153267378
      },
      "28": {
        "cosine": 0.0029992512427270412,
        "abs_cosine": 0.0029992512427270412,
        "r_squared": 8.995508016999701e-06
      },
      "29": {
        "cosine": -0.013824621215462685,
        "abs_cosine": 0.013824621215462685,
        "r_squared": 0.00019112015175102096
      },
      "30": {
        "cosine": -0.023855358362197876,
        "abs_cosine": 0.023855358362197876,
        "r_squared": 0.0005690781225888841
      },
      "31": {
        "cosine": 0.05104329437017441,
        "abs_cosine": 0.05104329437017441,
        "r_squared": 0.0026054179001602784
      },
      "32": {
        "cosine": 0.01643913984298706,
        "abs_cosine": 0.01643913984298706,
        "r_squared": 0.00027024531877728464
      },
      "33": {
        "cosine": 0.01929471828043461,
        "abs_cosine": 0.01929471828043461,
        "r_squared": 0.00037228615352133745
      },
      "34": {
        "cosine": -0.03164348378777504,
        "abs_cosine": 0.03164348378777504,
        "r_squared": 0.0010013100662271818
      },
      "35": {
        "cosine": 0.004614337347447872,
        "abs_cosine": 0.004614337347447872,
        "r_squared": 2.1292109156052265e-05
      },
      "36": {
        "cosine": -0.00982081238180399,
        "abs_cosine": 0.00982081238180399,
        "r_squared": 9.644835583859455e-05
      },
      "37": {
        "cosine": -0.007703128736466169,
        "abs_cosine": 0.007703128736466169,
        "r_squared": 5.933819233057088e-05
      },
      "38": {
        "cosine": -0.010905257426202297,
        "abs_cosine": 0.010905257426202297,
        "r_squared": 0.00011892463953174035
      },
      "39": {
        "cosine": 0.01477058231830597,
        "abs_cosine": 0.01477058231830597,
        "r_squared": 0.00021817010202185294
      },
      "40": {
        "cosine": 0.01111595705151558,
        "abs_cosine": 0.01111595705151558,
        "r_squared": 0.00012356450117113893
      }
    }
  },
  "control_profile": {
    "probe_type": "control",
    "n_layers": 35,
    "overall_mean_r2": 0.0003184403875105091,
    "overall_mean_abs_cos": 0.013217843456992081,
    "peak_layer": 10,
    "peak_cosine": 0.04348481446504593,
    "peak_abs_cosine": 0.04348481446504593,
    "peak_r2": 0.0018909290890594677,
    "onset_layer": null,
    "band_stats": {
      "early": {
        "mean_cos": 0.01945896428078413,
        "mean_abs_cos": 0.023641659505665304,
        "mean_r2": 0.000718394168626184,
        "max_r2": 0.0018909290890594677,
        "r2_fraction": 0.32228241894028675,
        "n_layers": 5
      },
      "middle": {
        "mean_cos": 0.0062348224688321355,
        "mean_abs_cos": 0.010112433259685834,
        "mean_r2": 0.00021148194474266568,
        "max_r2": 0.0016998051247253537,
        "r2_fraction": 0.2846219346860864,
        "n_layers": 15
      },
      "late": {
        "mean_cos": 0.008361421929051479,
        "mean_abs_cos": 0.012848648304740588,
        "mean_r2": 0.0002920809032397941,
        "max_r2": 0.0015007556870594435,
        "r2_fraction": 0.3930956463736268,
        "n_layers": 15
      }
    },
    "normalized_entropy": 0.7384294941970981,
    "near_peak_layers": [
      10,
      16,
      29
    ],