{
  "dim_name": "18_sysprompt_labeled",
  "dim_id": 18,
  "reading_profile": {
    "probe_type": "reading",
    "n_layers": 35,
    "overall_mean_r2": 0.0006383391924546573,
    "overall_mean_abs_cos": 0.02120009994749645,
    "peak_layer": 6,
    "peak_cosine": 0.06321825832128525,
    "peak_abs_cosine": 0.06321825832128525,
    "peak_r2": 0.0039965481851767515,
    "onset_layer": 6,
    "band_stats": {
      "early": {
        "mean_cos": 0.022876268991967662,
        "mean_abs_cos": 0.03171864636824466,
        "mean_r2": 0.001531241855600813,
        "max_r2": 0.0039965481851767515,
        "r2_fraction": 0.3426843269222266,
        "n_layers": 5
      },
      "middle": {
        "mean_cos": 0.0175596311998864,
        "mean_abs_cos": 0.020647025449822345,
        "mean_r2": 0.0005586060582010267,
        "max_r2": 0.0020062825678890533,
        "r2_fraction": 0.37503978950638206,
        "n_layers": 15
      },
      "late": {
        "mean_cos": 0.00786312793691953,
        "mean_abs_cos": 0.01824699230492115,
        "mean_r2": 0.000420438105659569,
        "max_r2": 0.0017434083282206192,
        "r2_fraction": 0.2822758835713912,
        "n_layers": 15
      }
    },
    "normalized_entropy": 0.8229194661232269,
    "near_peak_layers": [
      6,
      7
    ],
    "near_peak_fraction": 0.05714285714285714,
    "sign_consistency": 0.7428571428571429,
    "dominant_sign": "positive",
    "profile_type": "mixed",
    "per_layer": {
      "6": {
        "cosine": 0.06321825832128525,
        "abs_cosine": 0.06321825832128525,
        "r_squared": 0.0039965481851767515
      },
      "7": {
        "cosine": 0.0523204542696476,
        "abs_cosine": 0.0523204542696476,
        "r_squared": 0.0027374299349822856
      },
      "8": {
        "cosine": 0.02094857580959797,
        "abs_cosine": 0.02094857580959797,
        "r_squared": 0.0004388428284504732
      },
      "9": {
        "cosine": -0.0001201778941322118,
        "abs_cosine": 0.0001201778941322118,
        "r_squared": 1.4442726238053108e-08
      },
      "10": {
        "cosine": -0.021985765546560287,
        "abs_cosine": 0.021985765546560287,
        "r_squared": 0.0004833738866683174
      },
      "11": {
        "cosine": 0.011422174982726574,
        "abs_cosine": 0.011422174982726574,
        "r_squared": 0.0001304660813360248
      },
      "12": {
        "cosine": -0.015947673469781876,
        "abs_cosine": 0.015947673469781876,
        "r_squared": 0.0002543282890987847
      },
      "13": {
        "cosine": 0.01803169585764408,
        "abs_cosine": 0.01803169585764408,
        "r_squared": 0.0003251420555025787
      },
      "14": {
        "cosine": 0.025796648114919662,
        "abs_cosine": 0.025796648114919662,
        "r_squared": 0.0006654670539649882
      },
      "15": {
        "cosine": 0.04479154571890831,
        "abs_cosine": 0.04479154571890831,
        "r_squared": 0.0020062825678890533
      },
      "16": {
        "cosine": 0.02005825564265251,
        "abs_cosine": 0.02005825564265251,
        "r_squared": 0.0004023336194260013
      },
      "17": {
        "cosine": 0.02645798958837986,
        "abs_cosine": 0.02645798958837986,
        "r_squared": 0.0007000252130588171
      },
      "18": {
        "cosine": 0.034035567194223404,
        "abs_cosine": 0.034035567194223404,
        "r_squared": 0.0011584198342324964
      },
      "19": {
        "cosine": 0.0427277497947216,
        "abs_cosine": 0.0427277497947216,
        "r_squared": 0.001825660602520332
      },
      "20": {
        "cosine": 0.016682948917150497,
        "abs_cosine": 0.016682948917150497,
        "r_squared": 0.00027832078457225295
      },
      "21": {
        "cosine": 0.01484089158475399,
        "abs_cosine": 0.01484089158475399,
        "r_squared": 0.0002202520630304218
      },
      "22": {
        "cosine": 0.014476524665951729,
        "abs_cosine": 0.014476524665951729,
        "r_squared": 0.00020956976640390881
      },
      "23": {
        "cosine": 0.009725264273583889,
        "abs_cosine": 0.009725264273583889,
        "r_squared": 9.458076519104717e-05
      },
      "24": {
        "cosine": 0.007502668537199497,
        "abs_cosine": 0.007502668537199497,
        "r_squared": 5.6290035179083243e-05
      },
      "25": {
        "cosine": -0.007207783404737711,
        "abs_cosine": 0.007207783404737711,
        "r_squared": 5.195214160961235e-05
      },
      "26": {
        "cosine": 0.004640711471438408,
        "abs_cosine": 0.004640711471438408,
        "r_squared": 2.1536202961140033e-05
      },
      "27": {
        "cosine": 0.041754141449928284,
        "abs_cosine": 0.041754141449928284,
        "r_squared": 0.0017434083282206192
      },
      "28": {
        "cosine": 0.026319021359086037,
        "abs_cosine": 0.026319021359086037,
        "r_squared": 0.000692690885300027
      },
      "29": {
        "cosine": 0.013405323028564453,
        "abs_cosine": 0.013405323028564453,
        "r_squared": 0.00017970268550016044
      },
      "30": {
        "cosine": -0.014319893904030323,
        "abs_cosine": 0.014319893904030323,
        "r_squared": 0.0002050593614226848
      },
      "31": {
        "cosine": 0.028183210641145706,
        "abs_cosine": 0.028183210641145706,
        "r_squared": 0.0007942933620431886
      },
      "32": {
        "cosine": 0.025262271985411644,
        "abs_cosine": 0.025262271985411644,
        "r_squared": 0.000638182385864914
      },
      "33": {
        "cosine": 0.015932640060782433,
        "abs_cosine": 0.015932640060782433,
        "r_squared": 0.00025384901930644924
      },
      "34": {
        "cosine": 0.020374471321702003,
        "abs_cosine": 0.020374471321702003,
        "r_squared": 0.0004151190816388574
      },
      "35": {
        "cosine": 0.00989922322332859,
        "abs_cosine": 0.00989922322332859,
        "r_squared": 9.799462042528809e-05
      },
      "36": {
        "cosine": 0.010054887272417545,
        "abs_cosine": 0.010054887272417545,
        "r_squared": 0.00010110075806102434
      },
      "37": {
        "cosine": -0.010229140520095825,
        "abs_cosine": 0.010229140520095825,
        "r_squared": 0.00010463531577986629
      },
      "38": {
        "cosine": -0.022329676896333694,
        "abs_cosine": 0.022329676896333694,
        "r_squared": 0.0004986144702946588
      },
      "39": {
        "cosine": -0.009180456399917603,
        "abs_cosine": 0.009180456399917603,
        "r_squared": 8.428077971078807e-05
      },
      "40": {
        "cosine": -0.021819815039634705,
        "abs_cosine": 0.021819815039634705,
        "r_squared": 0.00047610432836386885
      }
    }
  },
  "control_profile": {
    "probe_type": "control",
    "n_layers": 35,
    "overall_mean_r2": 0.005144993159893165,
    "overall_mean_abs_cos": 0.049257678831262246,
    "peak_layer": 6,
    "peak_cosine": 0.2368936687707901,
    "peak_abs_cosine": 0.2368936687707901,
    "peak_r2": 0.05611861030368481,
    "onset_layer": 6,
    "band_stats": {
      "early": {
        "mean_cos": 0.14720691591501237,
        "mean_abs_cos": 0.14720691591501237,
        "mean_r2": 0.025155167402626567,
        "max_r2": 0.05611861030368481,
        "r2_fraction": 0.6984645521485954,
        "n_layers": 5
      },
      "middle": {
        "mean_cos": 0.050885786302387714,
        "mean_abs_cos": 0.050885786302387714,
        "mean_r2": 0.0033267844618414945,
        "max_r2": 0.011761742512779672,
        "r2_fraction": 0.27711694166571954,
        "n_layers": 15
      },
      "late": {
        "mean_cos": 0.012987698490420977,
        "mean_abs_cos": 0.014979825665553411,
        "mean_r2": 0.0002931437770337054,
        "max_r2": 0.0009626302541125599,
        "r2_fraction": 0.024418506185685227,
        "n_layers": 15
      }
    },
    "normalized_entropy": 0.6528220832270702,
    "near_peak_layers": [
      6
    ],
    "near_peak_fraction": 0.02857142857142857,