{
  "dim_name": "6_cognitive",
  "dim_id": 6,
  "reading_profile": {
    "probe_type": "reading",
    "n_layers": 35,
    "overall_mean_r2": 0.0004029006728818509,
    "overall_mean_abs_cos": 0.016550593483926995,
    "peak_layer": 15,
    "peak_cosine": 0.045210421085357666,
    "peak_abs_cosine": 0.045210421085357666,
    "peak_r2": 0.002043982174715353,
    "onset_layer": null,
    "band_stats": {
      "early": {
        "mean_cos": 0.01812848523259163,
        "mean_abs_cos": 0.025597356259822845,
        "mean_r2": 0.0007254192167688925,
        "max_r2": 0.0015101813005105047,
        "r2_fraction": 0.25721306430197954,
        "n_layers": 5
      },
      "middle": {
        "mean_cos": 0.009520526649430395,
        "mean_abs_cos": 0.01419449074504276,
        "mean_r2": 0.0003082945931937154,
        "max_r2": 0.002043982174715353,
        "r2_fraction": 0.3279375367651063,
        "n_layers": 15
      },
      "late": {
        "mean_cos": 0.003155730136980613,
        "mean_abs_cos": 0.015891108630845942,
        "mean_r2": 0.000390000571274306,
        "max_r2": 0.0015584610309815616,
        "r2_fraction": 0.4148493989329143,
        "n_layers": 15
      }
    },
    "normalized_entropy": 0.8170682385433402,
    "near_peak_layers": [
      6,
      15,
      27,
      31
    ],
    "near_peak_fraction": 0.11428571428571428,
    "sign_consistency": 0.6857142857142857,
    "dominant_sign": "positive",
    "profile_type": "negligible",
    "per_layer": {
      "6": {
        "cosine": 0.038861051201820374,
        "abs_cosine": 0.038861051201820374,
        "r_squared": 0.0015101813005105047
      },
      "7": {
        "cosine": 0.02116674929857254,
        "abs_cosine": 0.02116674929857254,
        "r_squared": 0.0004480312758686211
      },
      "8": {
        "cosine": 0.03191109746694565,
        "abs_cosine": 0.03191109746694565,
        "r_squared": 0.001018318141544905
      },
      "9": {
        "cosine": 0.017375705763697624,
        "abs_cosine": 0.017375705763697624,
        "r_squared": 0.00030191515078659484
      },
      "10": {
        "cosine": -0.01867217756807804,
        "abs_cosine": 0.01867217756807804,
        "r_squared": 0.0003486502151338368
      },
      "11": {
        "cosine": 0.0025602246169000864,
        "abs_cosine": 0.0025602246169000864,
        "r_squared": 6.554750088981194e-06
      },
      "12": {
        "cosine": -0.020418208092451096,
        "abs_cosine": 0.020418208092451096,
        "r_squared": 0.0004169032217066354
      },
      "13": {
        "cosine": 0.0048735118471086025,
        "abs_cosine": 0.0048735118471086025,
        "r_squared": 2.3751117723907903e-05
      },
      "14": {
        "cosine": 0.012636305764317513,
        "abs_cosine": 0.012636305764317513,
        "r_squared": 0.000159676223369324
      },
      "15": {
        "cosine": 0.045210421085357666,
        "abs_cosine": 0.045210421085357666,
        "r_squared": 0.002043982174715353
      },
      "16": {
        "cosine": 0.019075436517596245,
        "abs_cosine": 0.019075436517596245,
        "r_squared": 0.00036387227833684435
      },
      "17": {
        "cosine": 0.005404619500041008,
        "abs_cosine": 0.005404619500041008,
        "r_squared": 2.9209911940223515e-05
      },
      "18": {
        "cosine": -0.0034315739758312702,
        "abs_cosine": 0.0034315739758312702,
        "r_squared": 1.1775699951602431e-05
      },
      "19": {
        "cosine": -0.011204948648810387,
        "abs_cosine": 0.011204948648810387,
        "r_squared": 0.0001255508742224777
      },
      "20": {
        "cosine": 0.010908384807407856,
        "abs_cosine": 0.010908384807407856,
        "r_squared": 0.00011899285910648653
      },
      "21": {
        "cosine": 0.02244882844388485,
        "abs_cosine": 0.02244882844388485,
        "r_squared": 0.0005039498985029735
      },
      "22": {
        "cosine": 0.0076964725740253925,
        "abs_cosine": 0.0076964725740253925,
        "r_squared": 5.923569008272505e-05
      },
      "23": {
        "cosine": 0.016503306105732918,
        "abs_cosine": 0.016503306105732918,
        "r_squared": 0.0002723591124195214
      },
      "24": {
        "cosine": 0.011948185041546822,
        "abs_cosine": 0.011948185041546822,
        "r_squared": 0.00014275912578704322
      },
      "25": {
        "cosine": 0.018596934154629707,
        "abs_cosine": 0.018596934154629707,
        "r_squared": 0.00034584595995163295
      },
      "26": {
        "cosine": 0.013436475768685341,
        "abs_cosine": 0.013436475768685341,
        "r_squared": 0.00018053888108246832
      },
      "27": {
        "cosine": 0.03947734832763672,
        "abs_cosine": 0.03947734832763672,
        "r_squared": 0.0015584610309815616
      },
      "28": {
        "cosine": 0.009225843474268913,
        "abs_cosine": 0.009225843474268913,
        "r_squared": 8.511618781171029e-05
      },
      "29": {
        "cosine": -0.015448554418981075,
        "abs_cosine": 0.015448554418981075,
        "r_squared": 0.0002386578336362197
      },
      "30": {
        "cosine": -0.012218236923217773,
        "abs_cosine": 0.012218236923217773,
        "r_squared": 0.00014928531351188212
      },
      "31": {
        "cosine": 0.038597092032432556,
        "abs_cosine": 0.038597092032432556,
        "r_squared": 0.0014897355133600687
      },
      "32": {
        "cosine": 0.00903240405023098,
        "abs_cosine": 0.00903240405023098,
        "r_squared": 8.158432292662901e-05
      },
      "33": {
        "cosine": 0.02355019748210907,
        "abs_cosine": 0.02355019748210907,
        "r_squared": 0.0005546118014463364
      },
      "34": {
        "cosine": -0.007239164784550667,
        "abs_cosine": 0.007239164784550667,
        "r_squared": 5.24055067778785e-05
      },
      "35": {
        "cosine": 0.006801983807235956,
        "abs_cosine": 0.006801983807235956,
        "r_squared": 4.6266983713900154e-05
      },
      "36": {
        "cosine": -0.03128631040453911,
        "abs_cosine": 0.03128631040453911,
        "r_squared": 0.000978833218729172
      },
      "37": {
        "cosine": -0.01855585351586342,
        "abs_cosine": 0.01855585351586342,
        "r_squared": 0.0003443196997021808
      },
      "38": {
        "cosine": -0.00890306755900383,
        "abs_cosine": 0.00890306755900383,
        "r_squared": 7.926461196018642e-05
      },
      "39": {
        "cosine": 0.0027299458160996437,
        "abs_cosine": 0.0027299458160996437,
        "r_squared": 7.45260415883995e-06
      },
      "40": {
        "cosine": -0.0018641510978341103,
        "abs_cosine": 0.0018641510978341103,
        "r_squared": 3.4750593155561185e-06
      }
    }
  },
  "control_profile": {
    "probe_type": "control",
    "n_layers": 35,
    "overall_mean_r2": 0.0031003593888282097,
    "overall_mean_abs_cos": 0.035892919940358425,
    "peak_layer": 6,
    "peak_cosine": 0.2164517045021057,
    "peak_abs_cosine": 0.2164517045021057,
    "peak_r2": 0.04685134038186689,
    "onset_layer": 6,
    "band_stats": {
      "early": {
        "mean_cos": 0.11760585084557533,
        "mean_abs_cos": 0.11760585084557533,
        "mean_r2": 0.017236728382478576,
        "max_r2": 0.04685134038186689,
        "r2_fraction": 0.7942272040455859,
        "n_layers": 5
      },
      "middle": {
        "mean_cos": 0.025464425918956597,
        "mean_abs_cos": 0.028819863063593704,
        "mean_r2": 0.0011014801430427527,
        "max_r2": 0.004300251124967014,
        "r2_fraction": 0.15226070891907523,
        "n_layers": 15
      },
      "late": {
        "mean_cos": 0.011330865658237599,
        "mean_abs_cos": 0.015728333182050847,
        "mean_r2": 0.00038711563673021147,
        "max_r2": 0.0012472620710070187,
        "r2_fraction": 0.05351208703533878,
        "n_layers": 15
      }
    },
    "normalized_entropy": 0.5712615785561437,
    "near_peak_layers": [
      6
    ],