{
  "dim_name": "10_animacy",
  "dim_id": 10,
  "reading_profile": {
    "probe_type": "reading",
    "n_layers": 35,
    "overall_mean_r2": 0.0002146457597912134,
    "overall_mean_abs_cos": 0.011439223455298426,
    "peak_layer": 15,
    "peak_cosine": 0.035796962678432465,
    "peak_abs_cosine": 0.035796962678432465,
    "peak_r2": 0.0012814225370010868,
    "onset_layer": null,
    "band_stats": {
      "early": {
        "mean_cos": 0.012853088323026896,
        "mean_abs_cos": 0.016518162656575443,
        "mean_r2": 0.00034413668554488734,
        "max_r2": 0.0007670783437209762,
        "r2_fraction": 0.22903962182663204,
        "n_layers": 5
      },
      "middle": {
        "mean_cos": 0.007252073053192968,
        "mean_abs_cos": 0.012831196575037514,
        "mean_r2": 0.0002854654570046096,
        "max_r2": 0.0012814225370010868,
        "r2_fraction": 0.5699732379305514,
        "n_layers": 15
      },
      "late": {
        "mean_cos": 0.0025707597727887333,
        "mean_abs_cos": 0.008354270601800332,
        "mean_r2": 0.00010066242065992583,
        "max_r2": 0.0003896569516699845,
        "r2_fraction": 0.20098714024281647,
        "n_layers": 15
      }
    },
    "normalized_entropy": 0.7739594050788025,
    "near_peak_layers": [
      14,
      15
    ],
    "near_peak_fraction": 0.05714285714285714,
    "sign_consistency": 0.6,
    "dominant_sign": "positive",
    "profile_type": "negligible",
    "per_layer": {
      "6": {
        "cosine": -0.009162685833871365,
        "abs_cosine": 0.009162685833871365,
        "r_squared": 8.395481169022698e-05
      },
      "7": {
        "cosine": 0.02769617922604084,
        "abs_cosine": 0.02769617922604084,
        "r_squared": 0.0007670783437209762
      },
      "8": {
        "cosine": 0.024916891008615494,
        "abs_cosine": 0.024916891008615494,
        "r_squared": 0.0006208514575352236
      },
      "9": {
        "cosine": 0.006397197488695383,
        "abs_cosine": 0.006397197488695383,
        "r_squared": 4.0924135709370516e-05
      },
      "10": {
        "cosine": 0.014417859725654125,
        "abs_cosine": 0.014417859725654125,
        "r_squared": 0.00020787467906863925
      },
      "11": {
        "cosine": -0.006459028925746679,
        "abs_cosine": 0.006459028925746679,
        "r_squared": 4.17190546636323e-05
      },
      "12": {
        "cosine": -0.008016223087906837,
        "abs_cosine": 0.008016223087906837,
        "r_squared": 6.425983259509063e-05
      },
      "13": {
        "cosine": -0.0010989676229655743,
        "abs_cosine": 0.0010989676229655743,
        "r_squared": 1.2077298363266046e-06
      },
      "14": {
        "cosine": 0.03490715101361275,
        "abs_cosine": 0.03490715101361275,
        "r_squared": 0.0012185091918871654
      },
      "15": {
        "cosine": 0.035796962678432465,
        "abs_cosine": 0.035796962678432465,
        "r_squared": 0.0012814225370010868
      },
      "16": {
        "cosine": 0.008545645512640476,
        "abs_cosine": 0.008545645512640476,
        "r_squared": 7.302805722771231e-05
      },
      "17": {
        "cosine": 0.010968990623950958,
        "abs_cosine": 0.010968990623950958,
        "r_squared": 0.00012031875530832403
      },
      "18": {
        "cosine": 0.015123794786632061,
        "abs_cosine": 0.015123794786632061,
        "r_squared": 0.0002287291687481591
      },
      "19": {
        "cosine": 0.004700455814599991,
        "abs_cosine": 0.004700455814599991,
        "r_squared": 2.2094284865006864e-05
      },
      "20": {
        "cosine": 0.023208869621157646,
        "abs_cosine": 0.023208869621157646,
        "r_squared": 0.0005386516290918943
      },
      "21": {
        "cosine": 0.013915381394326687,
        "abs_cosine": 0.013915381394326687,
        "r_squared": 0.00019363783934957333
      },
      "22": {
        "cosine": 0.0004264618910383433,
        "abs_cosine": 0.0004264618910383433,
        "r_squared": 1.818697445079998e-07
      },
      "23": {
        "cosine": -0.004649307578802109,
        "abs_cosine": 0.004649307578802109,
        "r_squared": 2.1616060962306727e-05
      },
      "24": {
        "cosine": 0.003030808875337243,
        "abs_cosine": 0.003030808875337243,
        "r_squared": 9.185802438823004e-06
      },
      "25": {
        "cosine": -0.021619899198412895,
        "abs_cosine": 0.021619899198412895,
        "r_squared": 0.00046742004134953455
      },
      "26": {
        "cosine": -0.010582687333226204,
        "abs_cosine": 0.010582687333226204,
        "r_squared": 0.00011199327119282634
      },
      "27": {
        "cosine": 0.009220492094755173,
        "abs_cosine": 0.009220492094755173,
        "r_squared": 8.501747446944263e-05
      },
      "28": {
        "cosine": 0.01703856699168682,
        "abs_cosine": 0.01703856699168682,
        "r_squared": 0.0002903127651301997
      },
      "29": {
        "cosine": -0.0042023384012281895,
        "abs_cosine": 0.0042023384012281895,
        "r_squared": 1.7659648038437096e-05
      },
      "30": {
        "cosine": 0.009477456100285053,
        "abs_cosine": 0.009477456100285053,
        "r_squared": 8.982217413283037e-05
      },
      "31": {
        "cosine": -0.0017491900362074375,
        "abs_cosine": 0.0017491900362074375,
        "r_squared": 3.0596657827673766e-06
      },
      "32": {
        "cosine": -0.005827183369547129,
        "abs_cosine": 0.005827183369547129,
        "r_squared": 3.395606602232663e-05
      },
      "33": {
        "cosine": -0.006757497321814299,
        "abs_cosine": 0.006757497321814299,
        "r_squared": 4.566377005432742e-05
      },
      "34": {
        "cosine": 0.019739730283617973,
        "abs_cosine": 0.019739730283617973,
        "r_squared": 0.0003896569516699845
      },
      "35": {
        "cosine": -0.0037326395977288485,
        "abs_cosine": 0.0037326395977288485,
        "r_squared": 1.393259836653338e-05
      },
      "36": {
        "cosine": 0.0004822074552066624,
        "abs_cosine": 0.0004822074552066624,
        "r_squared": 2.3252402985688534e-07
      },
      "37": {
        "cosine": -0.008461693301796913,
        "abs_cosine": 0.008461693301796913,
        "r_squared": 7.160025353367475e-05
      },
      "38": {
        "cosine": 0.010222744196653366,
        "abs_cosine": 0.010222744196653366,
        "r_squared": 0.00010450449891021008
      },
      "39": {
        "cosine": -0.0020631018560379744,
        "abs_cosine": 0.0020631018560379744,
        "r_squared": 4.256389268387335e-06
      },
      "40": {
        "cosine": 0.015756530687212944,
        "abs_cosine": 0.015756530687212944,
        "r_squared": 0.0002482682592970832
      }
    }
  },
  "control_profile": {
    "probe_type": "control",
    "n_layers": 35,
    "overall_mean_r2": 0.0004494030547371854,
    "overall_mean_abs_cos": 0.01669261015278088,
    "peak_layer": 15,
    "peak_cosine": 0.05217982083559036,
    "peak_abs_cosine": 0.05217982083559036,
    "peak_r2": 0.00272273370243431,
    "onset_layer": 15,
    "band_stats": {
      "early": {
        "mean_cos": -0.0011330366920446976,
        "mean_abs_cos": 0.004533833902678452,
        "mean_r2": 3.789599686115853e-05,
        "max_r2": 0.00015010226551842587,
        "r2_fraction": 0.012046455359486476,
        "n_layers": 5
      },
      "middle": {
        "mean_cos": 0.004425492409306268,
        "mean_abs_cos": 0.020806311342554788,
        "mean_r2": 0.0006148651613000617,
        "max_r2": 0.00272273370243431,
        "r2_fraction": 0.5863637057635807,
        "n_layers": 15
      },
      "late": {
        "mean_cos": 0.016506012761965394,
        "mean_abs_cos": 0.016631834379707774,
        "mean_r2": 0.0004211099674663179,
        "max_r2": 0.0019192595246444455,
        "r2_fraction": 0.4015898388769327,
        "n_layers": 15
      }
    },
    "normalized_entropy": 0.7877244972760846,