{
  "dim_name": "18_sysprompt_labeled",
  "dim_id": 18,
  "reading_profile": {
    "probe_type": "reading",
    "n_layers": 35,
    "overall_mean_r2": 0.00023841055368904233,
    "overall_mean_abs_cos": 0.010723675140512309,
    "peak_layer": 7,
    "peak_cosine": 0.058102525770664215,
    "peak_abs_cosine": 0.058102525770664215,
    "peak_r2": 0.0033759035009306992,
    "onset_layer": 7,
    "band_stats": {
      "early": {
        "mean_cos": 0.012016301578842103,
        "mean_abs_cos": 0.016920337337069213,
        "mean_r2": 0.0007341981455009076,
        "max_r2": 0.0033759035009306992,
        "r2_fraction": 0.4399362684844651,
        "n_layers": 5
      },
      "middle": {
        "mean_cos": -0.0028195477672852574,
        "mean_abs_cos": 0.006436348244703064,
        "mean_r2": 7.349361778926427e-05,
        "max_r2": 0.00026056330640461534,
        "r2_fraction": 0.13211355067741365,
        "n_layers": 15
      },
      "late": {
        "mean_cos": 0.007330987742170692,
        "mean_abs_cos": 0.012945447970802585,
        "mean_r2": 0.0002380649589848654,
        "max_r2": 0.001336117390768679,
        "r2_fraction": 0.42795018083812136,
        "n_layers": 15
      }
    },
    "normalized_entropy": 0.6425670374714679,
    "near_peak_layers": [
      7
    ],
    "near_peak_fraction": 0.02857142857142857,
    "sign_consistency": 0.5428571428571428,
    "dominant_sign": "positive",
    "profile_type": "mixed",
    "per_layer": {
      "6": {
        "cosine": -0.0015336431097239256,
        "abs_cosine": 0.0015336431097239256,
        "r_squared": 2.352061188003673e-06
      },
      "7": {
        "cosine": 0.058102525770664215,
        "abs_cosine": 0.058102525770664215,
        "r_squared": 0.0033759035009306992
      },
      "8": {
        "cosine": 0.013296223245561123,
        "abs_cosine": 0.013296223245561123,
        "r_squared": 0.00017678955259579996
      },
      "9": {
        "cosine": 0.0009428482735529542,
        "abs_cosine": 0.0009428482735529542,
        "r_squared": 8.889628669417863e-07
      },
      "10": {
        "cosine": -0.01072644628584385,
        "abs_cosine": 0.01072644628584385,
        "r_squared": 0.00011505664992309331
      },
      "11": {
        "cosine": 0.00023226170742418617,
        "abs_cosine": 0.00023226170742418617,
        "r_squared": 5.394550073559826e-08
      },
      "12": {
        "cosine": -0.016141973435878754,
        "abs_cosine": 0.016141973435878754,
        "r_squared": 0.00026056330640461534
      },
      "13": {
        "cosine": -0.0054627675563097,
        "abs_cosine": 0.0054627675563097,
        "r_squared": 2.984182937426985e-05
      },
      "14": {
        "cosine": 0.015353323891758919,
        "abs_cosine": 0.015353323891758919,
        "r_squared": 0.00023572455452525523
      },
      "15": {
        "cosine": 0.008911130018532276,
        "abs_cosine": 0.008911130018532276,
        "r_squared": 7.940823820718704e-05
      },
      "16": {
        "cosine": -0.002793700434267521,
        "abs_cosine": 0.002793700434267521,
        "r_squared": 7.804762116426535e-06
      },
      "17": {
        "cosine": -0.006702377926558256,
        "abs_cosine": 0.006702377926558256,
        "r_squared": 4.492186987041535e-05
      },
      "18": {
        "cosine": -0.004268489312380552,
        "abs_cosine": 0.004268489312380552,
        "r_squared": 1.8220001009907e-05
      },
      "19": {
        "cosine": -0.0015660123899579048,
        "abs_cosine": 0.0015660123899579048,
        "r_squared": 2.452394805501669e-06
      },
      "20": {
        "cosine": -0.004227022640407085,
        "abs_cosine": 0.004227022640407085,
        "r_squared": 1.7867720402514088e-05
      },
      "21": {
        "cosine": 0.0001590817264514044,
        "abs_cosine": 0.0001590817264514044,
        "r_squared": 2.5306995690759456e-08
      },
      "22": {
        "cosine": 0.0007999768713489175,
        "abs_cosine": 0.0007999768713489175,
        "r_squared": 6.399629946932025e-07
      },
      "23": {
        "cosine": -0.012931530363857746,
        "abs_cosine": 0.012931530363857746,
        "r_squared": 0.00016722447755137485
      },
      "24": {
        "cosine": 0.001670229365117848,
        "abs_cosine": 0.001670229365117848,
        "r_squared": 2.7896661321019693e-06
      },
      "25": {
        "cosine": -0.015325346030294895,
        "abs_cosine": 0.015325346030294895,
        "r_squared": 0.0002348662309482755
      },
      "26": {
        "cosine": 0.010052742436528206,
        "abs_cosine": 0.010052742436528206,
        "r_squared": 0.00010105763049517505
      },
      "27": {
        "cosine": 0.03655293956398964,
        "abs_cosine": 0.03655293956398964,
        "r_squared": 0.001336117390768679
      },
      "28": {
        "cosine": 0.022705664858222008,
        "abs_cosine": 0.022705664858222008,
        "r_squared": 0.0005155472166538978
      },
      "29": {
        "cosine": 0.012267614714801311,
        "abs_cosine": 0.012267614714801311,
        "r_squared": 0.00015049437079080966
      },
      "30": {
        "cosine": -0.01403256505727768,
        "abs_cosine": 0.01403256505727768,
        "r_squared": 0.00019691288208673052
      },
      "31": {
        "cosine": 0.014680895023047924,
        "abs_cosine": 0.014680895023047924,
        "r_squared": 0.0002155286786777533
      },
      "32": {
        "cosine": 0.015251638367772102,
        "abs_cosine": 0.015251638367772102,
        "r_squared": 0.00023261247290129808
      },
      "33": {
        "cosine": 0.01951751485466957,
        "abs_cosine": 0.01951751485466957,
        "r_squared": 0.00038093338610224736
      },
      "34": {
        "cosine": 0.00987144187092781,
        "abs_cosine": 0.00987144187092781,
        "r_squared": 9.744536461110676e-05
      },
      "35": {
        "cosine": -0.0007032046560198069,
        "abs_cosine": 0.0007032046560198069,
        "r_squared": 4.944967882479349e-07
      },
      "36": {
        "cosine": 0.008175047114491463,
        "abs_cosine": 0.008175047114491463,
        "r_squared": 6.683139532415519e-05
      },
      "37": {
        "cosine": -0.005686553660780191,
        "abs_cosine": 0.005686553660780191,
        "r_squared": 3.2336892536932596e-05
      },
      "38": {
        "cosine": -0.010327551513910294,
        "abs_cosine": 0.010327551513910294,
        "r_squared": 0.0001066583202724708
      },
      "39": {
        "cosine": 0.0029977690428495407,
        "abs_cosine": 0.0029977690428495407,
        "r_squared": 8.986619234267051e-06
      },
      "40": {
        "cosine": -0.011358576826751232,
        "abs_cosine": 0.011358576826751232,
        "r_squared": 0.0001290172675292101
      }
    }
  },
  "control_profile": {
    "probe_type": "control",
    "n_layers": 35,
    "overall_mean_r2": 0.000457235500156878,
    "overall_mean_abs_cos": 0.017915785954599934,
    "peak_layer": 14,
    "peak_cosine": 0.043695542961359024,
    "peak_abs_cosine": 0.043695542961359024,
    "peak_r2": 0.0019093004746879721,
    "onset_layer": null,
    "band_stats": {
      "early": {
        "mean_cos": 0.007917244732379914,
        "mean_abs_cos": 0.007917244732379914,
        "mean_r2": 8.100040327928834e-05,
        "max_r2": 0.00022651423325072226,
        "r2_fraction": 0.025307497293594414,
        "n_layers": 5
      },
      "middle": {
        "mean_cos": 0.020809407198491194,
        "mean_abs_cos": 0.02111120035406202,
        "mean_r2": 0.0006454679161556602,
        "max_r2": 0.0019093004746879721,
        "r2_fraction": 0.6050035634349096,
        "n_layers": 15
      },
      "late": {
        "mean_cos": 0.01766737081731359,
        "mean_abs_cos": 0.018053218629211186,
        "mean_r2": 0.0003944147831172923,
        "max_r2": 0.0013123619887085575,
        "r2_fraction": 0.36968893927149593,
        "n_layers": 15
      }
    },
    "normalized_entropy": 0.8440339893875519,