{
  "dim_name": "3_agency",
  "dim_id": 3,
  "reading_profile": {
    "probe_type": "reading",
    "n_layers": 35,
    "overall_mean_r2": 0.00027208028275678783,
    "overall_mean_abs_cos": 0.013357877270651183,
    "peak_layer": 40,
    "peak_cosine": 0.031972985714673996,
    "peak_abs_cosine": 0.031972985714673996,
    "peak_r2": 0.0010222718155107474,
    "onset_layer": null,
    "band_stats": {
      "early": {
        "mean_cos": 0.013217629468999802,
        "mean_abs_cos": 0.015882511413656174,
        "mean_r2": 0.0003563782431984661,
        "max_r2": 0.0005959363130335384,
        "r2_fraction": 0.18711821776990104,
        "n_layers": 5
      },
      "middle": {
        "mean_cos": 0.000592754144842426,
        "mean_abs_cos": 0.013811921809489529,
        "mean_r2": 0.0002716841668425069,
        "max_r2": 0.0009349412105910705,
        "r2_fraction": 0.4279474805163061,
        "n_layers": 15
      },
      "late": {
        "mean_cos": 0.00731148668176805,
        "mean_abs_cos": 0.01206228801747784,
        "mean_r2": 0.0002443770785238426,
        "max_r2": 0.0010222718155107474,
        "r2_fraction": 0.3849343017137927,
        "n_layers": 15
      }
    },
    "normalized_entropy": 0.8299908469198025,
    "near_peak_layers": [
      12,
      15,
      40
    ],
    "near_peak_fraction": 0.08571428571428572,
    "sign_consistency": 0.6,
    "dominant_sign": "positive",
    "profile_type": "negligible",
    "per_layer": {
      "6": {
        "cosine": -0.00666220486164093,
        "abs_cosine": 0.00666220486164093,
        "r_squared": 4.4384973618472046e-05
      },
      "7": {
        "cosine": 0.023658739402890205,
        "abs_cosine": 0.023658739402890205,
        "r_squared": 0.0005597359501338696
      },
      "8": {
        "cosine": 0.02441180683672428,
        "abs_cosine": 0.02441180683672428,
        "r_squared": 0.0005959363130335384
      },
      "9": {
        "cosine": 0.024114612489938736,
        "abs_cosine": 0.024114612489938736,
        "r_squared": 0.0005815145355399093
      },
      "10": {
        "cosine": 0.0005651934770867229,
        "abs_cosine": 0.0005651934770867229,
        "r_squared": 3.194436665413799e-07
      },
      "11": {
        "cosine": -0.004267205484211445,
        "abs_cosine": 0.004267205484211445,
        "r_squared": 1.820904264448423e-05
      },
      "12": {
        "cosine": -0.030576808378100395,
        "abs_cosine": 0.030576808378100395,
        "r_squared": 0.0009349412105910705
      },
      "13": {
        "cosine": -0.0011078007519245148,
        "abs_cosine": 0.0011078007519245148,
        "r_squared": 1.2272225059645203e-06
      },
      "14": {
        "cosine": 0.01857430301606655,
        "abs_cosine": 0.01857430301606655,
        "r_squared": 0.000345004732532659
      },
      "15": {
        "cosine": 0.029701342806220055,
        "abs_cosine": 0.029701342806220055,
        "r_squared": 0.0008821697644925998
      },
      "16": {
        "cosine": 0.012454919517040253,
        "abs_cosine": 0.012454919517040253,
        "r_squared": 0.0001551250201759502
      },
      "17": {
        "cosine": 0.01764902099967003,
        "abs_cosine": 0.01764902099967003,
        "r_squared": 0.00031148794224679366
      },
      "18": {
        "cosine": 0.0024020918644964695,
        "abs_cosine": 0.0024020918644964695,
        "r_squared": 5.770045325480125e-06
      },
      "19": {
        "cosine": -0.018640074878931046,
        "abs_cosine": 0.018640074878931046,
        "r_squared": 0.00034745239149215623
      },
      "20": {
        "cosine": 0.013247514143586159,
        "abs_cosine": 0.013247514143586159,
        "r_squared": 0.00017549663098451532
      },
      "21": {
        "cosine": 0.011803255416452885,
        "abs_cosine": 0.011803255416452885,
        "r_squared": 0.00013931683842602436
      },
      "22": {
        "cosine": -0.008881830610334873,
        "abs_cosine": 0.008881830610334873,
        "r_squared": 7.888691499068155e-05
      },
      "23": {
        "cosine": 0.0022026218939572573,
        "abs_cosine": 0.0022026218939572573,
        "r_squared": 4.851543207739855e-06
      },
      "24": {
        "cosine": -0.022259237244725227,
        "abs_cosine": 0.022259237244725227,
        "r_squared": 0.0004954736427169627
      },
      "25": {
        "cosine": -0.013410800136625767,
        "abs_cosine": 0.013410800136625767,
        "r_squared": 0.00017984956030452168
      },
      "26": {
        "cosine": -0.016024449840188026,
        "abs_cosine": 0.016024449840188026,
        "r_squared": 0.00025678299268070207
      },
      "27": {
        "cosine": 0.02479570172727108,
        "abs_cosine": 0.02479570172727108,
        "r_squared": 0.000614826824147794
      },
      "28": {
        "cosine": 0.021616173908114433,
        "abs_cosine": 0.021616173908114433,
        "r_squared": 0.0004672589744258472
      },
      "29": {
        "cosine": -0.004054770804941654,
        "abs_cosine": 0.004054770804941654,
        "r_squared": 1.644116628060719e-05
      },
      "30": {
        "cosine": -0.003194520017132163,
        "abs_cosine": 0.003194520017132163,
        "r_squared": 1.0204958139858075e-05
      },
      "31": {
        "cosine": 0.020352335646748543,
        "abs_cosine": 0.020352335646748543,
        "r_squared": 0.0004142175662779114
      },
      "32": {
        "cosine": 0.003059490816667676,
        "abs_cosine": 0.003059490816667676,
        "r_squared": 9.360484057273843e-06
      },
      "33": {
        "cosine": -0.0004841479822061956,
        "abs_cosine": 0.0004841479822061956,
        "r_squared": 2.3439926867433068e-07
      },
      "34": {
        "cosine": 0.009099221788346767,
        "abs_cosine": 0.009099221788346767,
        "r_squared": 8.279583715352454e-05
      },
      "35": {
        "cosine": -0.005052492488175631,
        "abs_cosine": 0.005052492488175631,
        "r_squared": 2.5527680343071174e-05
      },
      "36": {
        "cosine": -0.006820628885179758,
        "abs_cosine": 0.006820628885179758,
        "r_squared": 4.652097838934847e-05
      },
      "37": {
        "cosine": 0.007697262801229954,
        "abs_cosine": 0.007697262801229954,
        "r_squared": 5.9247854631198395e-05
      },
      "38": {
        "cosine": 0.0014544614823535085,
        "abs_cosine": 0.0014544614823535085,
        "r_squared": 2.1154582036499652e-06
      },
      "39": {
        "cosine": 0.025255676358938217,
        "abs_cosine": 0.025255676358938217,
        "r_squared": 0.0006378491883474308
      },
      "40": {
        "cosine": 0.031972985714673996,
        "abs_cosine": 0.031972985714673996,
        "r_squared": 0.0010222718155107474
      }
    }
  },
  "control_profile": {
    "probe_type": "control",
    "n_layers": 35,
    "overall_mean_r2": 0.0011951477483940027,
    "overall_mean_abs_cos": 0.027002681453346406,
    "peak_layer": 15,
    "peak_cosine": 0.08345752209424973,
    "peak_abs_cosine": 0.08345752209424973,
    "peak_r2": 0.006965157994112181,
    "onset_layer": 14,
    "band_stats": {
      "early": {
        "mean_cos": -0.004145577037706971,
        "mean_abs_cos": 0.008884788071736694,
        "mean_r2": 0.00015218923151548956,
        "max_r2": 0.0006635586288162056,
        "r2_fraction": 0.018191323053691307,
        "n_layers": 5
      },
      "middle": {
        "mean_cos": 0.021081228866629925,
        "mean_abs_cos": 0.023137684075239424,
        "mean_r2": 0.0011237222909763571,
        "max_r2": 0.006965157994112181,
        "r2_fraction": 0.4029587707531948,
        "n_layers": 15
      },
      "late": {
        "mean_cos": 0.036906976625323294,
        "mean_abs_cos": 0.036906976625323294,
        "mean_r2": 0.0016142260447711528,
        "max_r2": 0.00504154097363263,
        "r2_fraction": 0.5788499061931139,
        "n_layers": 15
      }
    },
    "normalized_entropy": 0.7855587197515015,
    "near_peak_layers": [
      15,
      40
    ],