{
  "1_core_mind_perception": {
    "dim_id": 1,
    "reading_mean_r2": 0.0020090821154867627,
    "control_mean_r2": 0.0024575222708574118,
    "reading_boot_ci95": [
      0.00193644752612152,
      0.0020775244407409597
    ],
    "control_boot_ci95": [
      0.0023813317223443458,
      0.00253029578438803
    ]
  },
  "2_cognitive": {
    "dim_id": 2,
    "reading_mean_r2": 0.0018948851047610555,
    "control_mean_r2": 0.002339188930094287,
    "reading_boot_ci95": [
      0.0018087876516454976,
      0.0019715350972411847
    ],
    "control_boot_ci95": [
      0.0022543859503770663,
      0.0024151667005739594
    ]
  },
  "3_phenomenal_experiential": {
    "dim_id": 3,
    "reading_mean_r2": 0.002096017976110464,
    "control_mean_r2": 0.0025403953320835733,
    "reading_boot_ci95": [
      0.001992148030270332,
      0.0022036948289381013
    ],
    "control_boot_ci95": [
      0.002449715724996504,
      0.0026364307063457054
    ]
  },
  "4_social_relational": {
    "dim_id": 4,
    "reading_mean_r2": 0.0018702267928672276,
    "control_mean_r2": 0.0022867628872495576,
    "reading_boot_ci95": [
      0.001801037885854433,
      0.00194150383924689
    ],
    "control_boot_ci95": [
      0.0022125415904286584,
      0.002362031936945639
    ]
  },
  "5_embodied_biological": {
    "dim_id": 5,
    "reading_mean_r2": 0.0021222781914973913,
    "control_mean_r2": 0.0025596653410361763,
    "reading_boot_ci95": [
      0.00201809749959466,
      0.002235991577869729
    ],
    "control_boot_ci95": [
      0.002481180918263996,
      0.0026385156747592547
    ]
  },
  "6_possessions_material": {
    "dim_id": 6,
    "reading_mean_r2": 0.0020323431149749417,
    "control_mean_r2": 0.0025115570245045618,
    "reading_boot_ci95": [
      0.0019597052186649654,
      0.0021007545013936335
    ],
    "control_boot_ci95": [
      0.0024491204758395188,
      0.002569258165267129
    ]
  },
  "7_administrative_identity": {
    "dim_id": 7,
    "reading_mean_r2": 0.0018653748966566235,
    "control_mean_r2": 0.002291906933890594,
    "reading_boot_ci95": [
      0.0018116539097231031,
      0.0019114681252127307
    ],
    "control_boot_ci95": [
      0.0022350875455708153,
      0.0023449952038370413
    ]
  },
  "8_physical_processes": {
    "dim_id": 8,
    "reading_mean_r2": 0.001958652870476476,
    "control_mean_r2": 0.00238390632199314,
    "reading_boot_ci95": [
      0.0019044115205904117,
      0.0020139102355896128
    ],
    "control_boot_ci95": [
      0.00234226333773385,
      0.0024213079883917393
    ]
  },
  "9_functional_structural": {
    "dim_id": 9,
    "reading_mean_r2": 0.0019428130451066593,
    "control_mean_r2": 0.0023442636172756126,
    "reading_boot_ci95": [
      0.00187688575034187,
      0.001995734006200643
    ],
    "control_boot_ci95": [
      0.0022769384662341937,
      0.0023951770430663075
    ]
  },
  "10_social_institutional": {
    "dim_id": 10,
    "reading_mean_r2": 0.0018366863105769642,
    "control_mean_r2": 0.0022640149654229655,
    "reading_boot_ci95": [
      0.0017723572241911398,
      0.0019002580363617456
    ],
    "control_boot_ci95": [
      0.0022002647956432695,
      0.0023285889086508116
    ]
  }
}