{
  "1_phenomenology": {
    "dim_id": 1,
    "reading_mean_r2": 0.0003215945472399841,
    "control_mean_r2": 0.0001060049041055378,
    "reading_boot_ci95": [
      0.00031334894830195364,
      0.00033021101695924625
    ],
    "control_boot_ci95": [
      0.00010096625896694385,
      0.00011215425537273732
    ]
  },
  "2_emotions": {
    "dim_id": 2,
    "reading_mean_r2": 0.0003314108417763572,
    "control_mean_r2": 0.00011918666096368368,
    "reading_boot_ci95": [
      0.0003231946174392149,
      0.00033988000481392094
    ],
    "control_boot_ci95": [
      0.00010985287177683443,
      0.0001316889926319479
    ]
  },
  "3_agency": {
    "dim_id": 3,
    "reading_mean_r2": 0.000329364929771819,
    "control_mean_r2": 0.00011507426614712066,
    "reading_boot_ci95": [
      0.0003215721762433562,
      0.000337568763128972
    ],
    "control_boot_ci95": [
      0.00010834959206075413,
      0.0001258938059715469
    ]
  },
  "4_intentions": {
    "dim_id": 4,
    "reading_mean_r2": 0.00032189996860925156,
    "control_mean_r2": 0.000107248629511056,
    "reading_boot_ci95": [
      0.00031328732210537437,
      0.00033083011368468043
    ],
    "control_boot_ci95": [
      0.00010118628369697322,
      0.00011390618120102962
    ]
  },
  "5_prediction": {
    "dim_id": 5,
    "reading_mean_r2": 0.0003265221935217523,
    "control_mean_r2": 0.0001057862456033146,
    "reading_boot_ci95": [
      0.00031830774973962963,
      0.00033431580894921665
    ],
    "control_boot_ci95": [
      9.919044593611474e-05,
      0.00011606556088884593
    ]
  },
  "6_cognitive": {
    "dim_id": 6,
    "reading_mean_r2": 0.0003036770248064135,
    "control_mean_r2": 0.00012741224781042388,
    "reading_boot_ci95": [
      0.00029637841170791497,
      0.000310906270478834
    ],
    "control_boot_ci95": [
      0.00011126953672097946,
      0.0001486862898843808
    ]
  },
  "7_social": {
    "dim_id": 7,
    "reading_mean_r2": 0.000310028513968144,
    "control_mean_r2": 0.00017124803950800273,
    "reading_boot_ci95": [
      0.0003017662608879184,
      0.00031816757170736407
    ],
    "control_boot_ci95": [
      0.00014825293982146298,
      0.0001975600071068331
    ]
  },
  "8_embodiment": {
    "dim_id": 8,
    "reading_mean_r2": 0.0003262943657609791,
    "control_mean_r2": 9.950178698916388e-05,
    "reading_boot_ci95": [
      0.00031761697956466804,
      0.00033526543222013475
    ],
    "control_boot_ci95": [
      9.447811400866857e-05,
      0.00010657697267527811
    ]
  },
  "9_roles": {
    "dim_id": 9,
    "reading_mean_r2": 0.0003110164412560327,
    "control_mean_r2": 0.00011853353011600712,
    "reading_boot_ci95": [
      0.00030217608163535063,
      0.00032058332620988033
    ],
    "control_boot_ci95": [
      0.00010854835538353905,
      0.00013390242396349396
    ]
  },
  "10_animacy": {
    "dim_id": 10,
    "reading_mean_r2": 0.00031288724078182354,
    "control_mean_r2": 0.0001028927773178026,
    "reading_boot_ci95": [
      0.0003036777502686355,
      0.00032213285512554875
    ],
    "control_boot_ci95": [
      9.804815134470799e-05,
      0.00010807265937300539
    ]
  },
  "11_formality": {
    "dim_id": 11,
    "reading_mean_r2": 0.0002914041392209279,
    "control_mean_r2": 0.0001462374291194867,
    "reading_boot_ci95": [
      0.0002845781711154155,
      0.0002979082085045436
    ],
    "control_boot_ci95": [
      0.00012777272898859798,
      0.00016725617404192645
    ]
  },
  "12_expertise": {
    "dim_id": 12,
    "reading_mean_r2": 0.00028311903442577183,
    "control_mean_r2": 0.0001679747861653287,
    "reading_boot_ci95": [
      0.00027682443700543483,
      0.00028929494046479133
    ],
    "control_boot_ci95": [
      0.0001450132046093427,
      0.00019285123943305987
    ]
  },
  "13_helpfulness": {
    "dim_id": 13,
    "reading_mean_r2": 0.00028424880134224085,
    "control_mean_r2": 0.00016533946078903903,
    "reading_boot_ci95": [
      0.00027763440301773135,
      0.0002911495668022059
    ],
    "control_boot_ci95": [
      0.000143191349499412,
      0.00019141201941651943
    ]
  },
  "14_biological": {
    "dim_id": 14,
    "reading_mean_r2": 0.0003004837551365695,
    "control_mean_r2": 0.00011000391355163477,
    "reading_boot_ci95": [
      0.00029526556393325135,
      0.00030581878050390404
    ],
    "control_boot_ci95": [
      0.00010390655076909184,
      0.00011613467859949499
    ]
  },
  "15_shapes": {
    "dim_id": 15,
    "reading_mean_r2": 0.00031393363449443786,
    "control_mean_r2": 9.414825305728482e-05,
    "reading_boot_ci95": [
      0.00030809880911396005,
      0.00032071403414974634
    ],
    "control_boot_ci95": [
      9.206672193336545e-05,
      9.694479706969723e-05
    ]
  },
  "16_human": {
    "dim_id": 16,
    "reading_mean_r2": 0.0002831886421597724,
    "control_mean_r2": 0.0001654534310423276,
    "reading_boot_ci95": [
      0.00027559739626578514,
      0.00029098691410512056
    ],
    "control_boot_ci95": [
      0.00015434274201757075,
      0.00018046353254309928
    ]
  },
  "17_ai": {
    "dim_id": 17,
    "reading_mean_r2": 0.00029282836332724413,
    "control_mean_r2": 0.00013256220396655116,
    "reading_boot_ci95": [
      0.0002877285795287082,
      0.00029791003998867673
    ],
    "control_boot_ci95": [
      0.00012075520957766954,
      0.00014713136147996792
    ]
  },
  "18_attention": {
    "dim_id": 18,
    "reading_mean_r2": 0.00031799466113919774,
    "control_mean_r2": 9.82761390053145e-05,
    "reading_boot_ci95": [
      0.00031077951870838686,
      0.0003248600051667816
    ],
    "control_boot_ci95": [
      9.45667441195688e-05,
      0.00010299522826479324
    ]
  },
  "20_sysprompt_talkto_human": {
    "dim_id": 20,
    "reading_mean_r2": 0.0003127150291354182,
    "control_mean_r2": 0.0003348239075138819,
    "reading_boot_ci95": [
      0.0003088016142644579,
      0.0003166482124687166
    ],
    "control_boot_ci95": [
      0.0003268064169171903,
      0.00034203166452167626
    ]
  },
  "21_sysprompt_talkto_ai": {
    "dim_id": 21,
    "reading_mean_r2": 0.00031228755677606873,
    "control_mean_r2": 0.000266411563619994,
    "reading_boot_ci95": [
      0.00030716666743630663,
      0.0003170935280083611
    ],
    "control_boot_ci95": [
      0.0002512592728657088,
      0.0002809962683326504
    ]
  },
  "22_sysprompt_bare_human": {
    "dim_id": 22,
    "reading_mean_r2": 0.0003585237051382868,
    "control_mean_r2": 0.00025093204048646795,
    "reading_boot_ci95": [
      0.00035093833039940436,
      0.00036622669970817523
    ],
    "control_boot_ci95": [
      0.00023882940827875632,
      0.0002625898479856863
    ]
  },
  "23_sysprompt_bare_ai": {
    "dim_id": 23,
    "reading_mean_r2": 0.0003450500140393937,
    "control_mean_r2": 0.00024666057560334884,
    "reading_boot_ci95": [
      0.0003355644434296482,
      0.00035302032811957974
    ],
    "control_boot_ci95": [
      0.00023439518350512796,
      0.0002590291585650119
    ]
  }
}