{
  "0_baseline": {
    "dim_id": 0,
    "reading_mean_r2": 0.00057934461898151,
    "control_mean_r2": 0.0015416131436957006,
    "reading_boot_ci95": [
      0.00039407994328869377,
      0.0007601175423397305
    ],
    "control_boot_ci95": [
      0.001098559862111438,
      0.0017937009938630126
    ]
  },
  "1_phenomenology": {
    "dim_id": 1,
    "reading_mean_r2": 0.0005917830663515509,
    "control_mean_r2": 0.0011734195495538826,
    "reading_boot_ci95": [
      0.00039740515939564483,
      0.0007260362973138302
    ],
    "control_boot_ci95": [
      0.0008428807594180007,
      0.001382233071337891
    ]
  },
  "2_emotions": {
    "dim_id": 2,
    "reading_mean_r2": 0.00038114825974685916,
    "control_mean_r2": 0.000582298313076384,
    "reading_boot_ci95": [
      0.0002999633230161868,
      0.00045912675435952214
    ],
    "control_boot_ci95": [
      0.0004584939043134018,
      0.0007119282215118345
    ]
  },
  "3_agency": {
    "dim_id": 3,
    "reading_mean_r2": 0.0005497318923934733,
    "control_mean_r2": 0.0011073193768189695,
    "reading_boot_ci95": [
      0.0003947775476799254,
      0.000683293135845594
    ],
    "control_boot_ci95": [
      0.0008788331983534728,
      0.0012399615448021627
    ]
  },
  "4_intentions": {
    "dim_id": 4,
    "reading_mean_r2": 0.0005956810151767346,
    "control_mean_r2": 0.0009820079247072372,
    "reading_boot_ci95": [
      0.0004601485411216384,
      0.0006851906697661028
    ],
    "control_boot_ci95": [
      0.0007849984092055758,
      0.0011205893300180873
    ]
  },
  "5_prediction": {
    "dim_id": 5,
    "reading_mean_r2": 0.0006427390495997037,
    "control_mean_r2": 0.0010264080136846996,
    "reading_boot_ci95": [
      0.0004596457125213683,
      0.0008231113127990611
    ],
    "control_boot_ci95": [
      0.0007922133247227972,
      0.001209556506720838
    ]
  },
  "6_cognitive": {
    "dim_id": 6,
    "reading_mean_r2": 0.0006365906547038691,
    "control_mean_r2": 0.0009614776757134955,
    "reading_boot_ci95": [
      0.00048301748929680113,
      0.0007314272951546367
    ],
    "control_boot_ci95": [
      0.0007566752115924396,
      0.0011163999652100093
    ]
  },
  "7_social": {
    "dim_id": 7,
    "reading_mean_r2": 0.00039375693391193286,
    "control_mean_r2": 0.0012757818755451602,
    "reading_boot_ci95": [
      0.00028121995639503297,
      0.0005247350993654083
    ],
    "control_boot_ci95": [
      0.0010396849794576085,
      0.0013996612720187185
    ]
  },
  "8_embodiment": {
    "dim_id": 8,
    "reading_mean_r2": 0.0005473980035495239,
    "control_mean_r2": 0.000837578625284091,
    "reading_boot_ci95": [
      0.00044495209421924274,
      0.0006234391293794224
    ],
    "control_boot_ci95": [
      0.0006740937569930487,
      0.0009868050520885283
    ]
  },
  "9_roles": {
    "dim_id": 9,
    "reading_mean_r2": 0.00041591666582413184,
    "control_mean_r2": 0.0009051244457336001,
    "reading_boot_ci95": [
      0.00030517377449017295,
      0.000587161366357763
    ],
    "control_boot_ci95": [
      0.0006597775183095696,
      0.0011435311008946734
    ]
  },
  "10_animacy": {
    "dim_id": 10,
    "reading_mean_r2": 0.0003909848274007594,
    "control_mean_r2": 0.0006910574184851381,
    "reading_boot_ci95": [
      0.0003266851826204831,
      0.00045203404031028183
    ],
    "control_boot_ci95": [
      0.0005145162846186658,
      0.0008554059262857301
    ]
  },
  "11_formality": {
    "dim_id": 11,
    "reading_mean_r2": 0.0004436530995453302,
    "control_mean_r2": 0.0003348455722363156,
    "reading_boot_ci95": [
      0.0002579516832861915,
      0.0005586133181390253
    ],
    "control_boot_ci95": [
      0.0001697714462247812,
      0.0005285205271629936
    ]
  },
  "12_expertise": {
    "dim_id": 12,
    "reading_mean_r2": 0.00046720601767188415,
    "control_mean_r2": 0.0003326572666510021,
    "reading_boot_ci95": [
      0.00038738341358185706,
      0.0005503202633788147
    ],
    "control_boot_ci95": [
      0.00027010361284578876,
      0.0004104242476028613
    ]
  },
  "13_helpfulness": {
    "dim_id": 13,
    "reading_mean_r2": 0.00030131652062106464,
    "control_mean_r2": 0.00024029128653543018,
    "reading_boot_ci95": [
      0.0001587437128540592,
      0.00046138323350714515
    ],
    "control_boot_ci95": [
      0.0001379718407152766,
      0.0004373443998339803
    ]
  },
  "14_biological": {
    "dim_id": 14,
    "reading_mean_r2": 0.00046793394810437807,
    "control_mean_r2": 0.0005533906051994435,
    "reading_boot_ci95": [
      0.00039635680450394285,
      0.0005263505534049767
    ],
    "control_boot_ci95": [
      0.00042300547574047334,
      0.0006911815387713131
    ]
  },
  "15_shapes": {
    "dim_id": 15,
    "reading_mean_r2": 0.0003102282012439636,
    "control_mean_r2": 0.00027537408540836365,
    "reading_boot_ci95": [
      0.0001743031668892098,
      0.0004272030733741449
    ],
    "control_boot_ci95": [
      0.0001447209014127575,
      0.0004055468740150629
    ]
  },
  "16_mind": {
    "dim_id": 16,
    "reading_mean_r2": 0.0005775175468592087,
    "control_mean_r2": 0.0010460230087931278,
    "reading_boot_ci95": [
      0.000518806343688735,
      0.0006399288611328
    ],
    "control_boot_ci95": [
      0.000955239627066182,
      0.001138026071058908
    ]
  },
  "17_attention": {
    "dim_id": 17,
    "reading_mean_r2": 0.0007717144554822536,
    "control_mean_r2": 0.0011921414064602262,
    "reading_boot_ci95": [
      0.0005806393282822958,
      0.0008725962415137887
    ],
    "control_boot_ci95": [
      0.0009496946262921562,
      0.0013119560390709734
    ]
  },
  "18_sysprompt_labeled": {
    "dim_id": 18,
    "reading_mean_r2": 0.0002799619833348911,
    "control_mean_r2": 0.000646198021478262,
    "reading_boot_ci95": [
      0.0002446406947081308,
      0.00031692395005392674
    ],
    "control_boot_ci95": [
      0.0005464322990045942,
      0.0007336486386527205
    ]
  }
}