{
  "1_phenomenology": {
    "dim_id": 1,
    "reading_mean_r2": 0.0011915250677379642,
    "control_mean_r2": 0.003353241188196878,
    "reading_boot_ci95": [
      0.0011580681742359683,
      0.0012227781927787733
    ],
    "control_boot_ci95": [
      0.0033123651355497874,
      0.0033876718183105544
    ]
  },
  "2_emotions": {
    "dim_id": 2,
    "reading_mean_r2": 0.001065257097488512,
    "control_mean_r2": 0.0032399546337790078,
    "reading_boot_ci95": [
      0.00102475506257445,
      0.0010997082261950146
    ],
    "control_boot_ci95": [
      0.0031950223681688357,
      0.0032809561560887515
    ]
  },
  "3_agency": {
    "dim_id": 3,
    "reading_mean_r2": 0.0010922613919992002,
    "control_mean_r2": 0.0032535002014391686,
    "reading_boot_ci95": [
      0.0010596618247288654,
      0.0011224491509049946
    ],
    "control_boot_ci95": [
      0.003202394944043096,
      0.0032895160869946165
    ]
  },
  "4_intentions": {
    "dim_id": 4,
    "reading_mean_r2": 0.0009979320355792028,
    "control_mean_r2": 0.0031342826445375943,
    "reading_boot_ci95": [
      0.0009589510223573861,
      0.001031771449240192
    ],
    "control_boot_ci95": [
      0.0030800534976891682,
      0.003175352749483404
    ]
  },
  "5_prediction": {
    "dim_id": 5,
    "reading_mean_r2": 0.0010763379002626484,
    "control_mean_r2": 0.003217489015928099,
    "reading_boot_ci95": [
      0.0010441808539930905,
      0.0011055951457352366
    ],
    "control_boot_ci95": [
      0.003162660772368929,
      0.0032641017550502985
    ]
  },
  "6_cognitive": {
    "dim_id": 6,
    "reading_mean_r2": 0.0010769053508354744,
    "control_mean_r2": 0.0031847600380923457,
    "reading_boot_ci95": [
      0.0010415561782496038,
      0.0011107999735085724
    ],
    "control_boot_ci95": [
      0.0031271263290795492,
      0.0032378776873135252
    ]
  },
  "7_social": {
    "dim_id": 7,
    "reading_mean_r2": 0.0009962335759269292,
    "control_mean_r2": 0.0030101342546380023,
    "reading_boot_ci95": [
      0.000963919729359207,
      0.001029210771253975
    ],
    "control_boot_ci95": [
      0.002958804816927013,
      0.0030586757714176627
    ]
  },
  "8_embodiment": {
    "dim_id": 8,
    "reading_mean_r2": 0.0012002359653546265,
    "control_mean_r2": 0.0033887026106957305,
    "reading_boot_ci95": [
      0.0011713246844429043,
      0.0012252423134305284
    ],
    "control_boot_ci95": [
      0.003340275670265992,
      0.003432324735305692
    ]
  },
  "9_roles": {
    "dim_id": 9,
    "reading_mean_r2": 0.001072136335030953,
    "control_mean_r2": 0.003222859546908327,
    "reading_boot_ci95": [
      0.0010464357134995646,
      0.0010946949472907116
    ],
    "control_boot_ci95": [
      0.0031929955366293166,
      0.003247831870791848
    ]
  },
  "10_animacy": {
    "dim_id": 10,
    "reading_mean_r2": 0.0012192647685515044,
    "control_mean_r2": 0.0033757320202098488,
    "reading_boot_ci95": [
      0.0011873244459534697,
      0.0012432876737766825
    ],
    "control_boot_ci95": [
      0.0033380212892719758,
      0.0034055132727838344
    ]
  },
  "11_formality": {
    "dim_id": 11,
    "reading_mean_r2": 0.0011393974044905427,
    "control_mean_r2": 0.0031387930896850575,
    "reading_boot_ci95": [
      0.0011080327157569482,
      0.001165881733384599
    ],
    "control_boot_ci95": [
      0.003084128311436126,
      0.0031839937980901655
    ]
  },
  "12_expertise": {
    "dim_id": 12,
    "reading_mean_r2": 0.0011045600602147007,
    "control_mean_r2": 0.00310970002856264,
    "reading_boot_ci95": [
      0.0010716059755693562,
      0.0011331705367360048
    ],
    "control_boot_ci95": [
      0.003054801138220843,
      0.003157401249247362
    ]
  },
  "13_helpfulness": {
    "dim_id": 13,
    "reading_mean_r2": 0.0010662904627057972,
    "control_mean_r2": 0.00303659890251665,
    "reading_boot_ci95": [
      0.001037531050608837,
      0.001092213271049102
    ],
    "control_boot_ci95": [
      0.0029867163080589745,
      0.003077430222888238
    ]
  },
  "14_biological": {
    "dim_id": 14,
    "reading_mean_r2": 0.001214878108105731,
    "control_mean_r2": 0.0033022343838920443,
    "reading_boot_ci95": [
      0.0011885296603971768,
      0.0012399337454210328
    ],
    "control_boot_ci95": [
      0.0032695396568893555,
      0.0033321445434704544
    ]
  },
  "15_shapes": {
    "dim_id": 15,
    "reading_mean_r2": 0.0013490773203650316,
    "control_mean_r2": 0.00344220611251506,
    "reading_boot_ci95": [
      0.0013204280507244962,
      0.0013728611492575414
    ],
    "control_boot_ci95": [
      0.003399054207799422,
      0.0034766992312636933
    ]
  },
  "16_human": {
    "dim_id": 16,
    "reading_mean_r2": 0.0011674316252364937,
    "control_mean_r2": 0.0033551041931823363,
    "reading_boot_ci95": [
      0.0011464619843391923,
      0.001185725822810081
    ],
    "control_boot_ci95": [
      0.0033223491830390783,
      0.0033845190925931882
    ]
  },
  "17_ai": {
    "dim_id": 17,
    "reading_mean_r2": 0.001209142586132491,
    "control_mean_r2": 0.0035315026613561584,
    "reading_boot_ci95": [
      0.0011921413668648409,
      0.0012225856320189144
    ],
    "control_boot_ci95": [
      0.0034983729164788564,
      0.0035588324017156382
    ]
  },
  "18_attention": {
    "dim_id": 18,
    "reading_mean_r2": 0.0011519360842492641,
    "control_mean_r2": 0.003304659395962765,
    "reading_boot_ci95": [
      0.0011220873938791254,
      0.0011797666397099955
    ],
    "control_boot_ci95": [
      0.003262323779949437,
      0.0033443857957962337
    ]
  },
  "20_sysprompt_talkto_human": {
    "dim_id": 20,
    "reading_mean_r2": 0.0007906359811880816,
    "control_mean_r2": 0.002732568584784575,
    "reading_boot_ci95": [
      0.0007783231186624622,
      0.0008049027459945115
    ],
    "control_boot_ci95": [
      0.0026998915645278488,
      0.0027715243786806598
    ]
  },
  "21_sysprompt_talkto_ai": {
    "dim_id": 21,
    "reading_mean_r2": 0.0009548098229721312,
    "control_mean_r2": 0.003202935318921988,
    "reading_boot_ci95": [
      0.0009294066874668096,
      0.0009805554095547457
    ],
    "control_boot_ci95": [
      0.0031112329426088445,
      0.003325776345465459
    ]
  },
  "22_sysprompt_bare_human": {
    "dim_id": 22,
    "reading_mean_r2": 0.000770569709097653,
    "control_mean_r2": 0.0025448096533061074,
    "reading_boot_ci95": [
      0.0007575143749423099,
      0.0007843818640752206
    ],
    "control_boot_ci95": [
      0.0025038358514370366,
      0.0025879873329038225
    ]
  },
  "23_sysprompt_bare_ai": {
    "dim_id": 23,
    "reading_mean_r2": 0.0009770796045173828,
    "control_mean_r2": 0.0031152968058886774,
    "reading_boot_ci95": [
      0.0009358322481098828,
      0.0010181142765768726
    ],
    "control_boot_ci95": [
      0.002975505905881295,
      0.0032768510406620053
    ]
  }
}