{
  "dim_name": "12_expertise",
  "dim_id": 12,
  "reading_profile": {
    "probe_type": "reading",
    "n_layers": 35,
    "overall_mean_r2": 0.0002831046272700336,
    "overall_mean_abs_cos": 0.01376398700938028,
    "peak_layer": 34,
    "peak_cosine": -0.037197113037109375,
    "peak_abs_cosine": 0.037197113037109375,
    "peak_r2": 0.0013836252182954922,
    "onset_layer": null,
    "band_stats": {
      "early": {
        "mean_cos": 0.0004458584648091346,
        "mean_abs_cos": 0.005839519220171496,
        "mean_r2": 6.780207920578567e-05,
        "max_r2": 0.00018398931929258788,
        "r2_fraction": 0.03421353938476404,
        "n_layers": 5
      },
      "middle": {
        "mean_cos": 0.00234226502943784,
        "mean_abs_cos": 0.013231929461471736,
        "mean_r2": 0.0002345292829236789,
        "max_r2": 0.0006911904184629149,
        "r2_fraction": 0.3550367607681733,
        "n_layers": 15
      },
      "late": {
        "mean_cos": -0.00875507399905473,
        "mean_abs_cos": 0.016937533820358414,
        "mean_r2": 0.0004034474876378044,
        "max_r2": 0.0013836252182954922,
        "r2_fraction": 0.6107496998470627,
        "n_layers": 15
      }
    },
    "normalized_entropy": 0.8309573103022826,
    "near_peak_layers": [
      31,
      34
    ],
    "near_peak_fraction": 0.05714285714285714,
    "sign_consistency": 0.6285714285714286,
    "dominant_sign": "negative",
    "profile_type": "negligible",
    "per_layer": {
      "6": {
        "cosine": -0.012220046482980251,
        "abs_cosine": 0.012220046482980251,
        "r_squared": 0.000149329536046198
      },
      "7": {
        "cosine": 0.002149177948012948,
        "abs_cosine": 0.002149177948012948,
        "r_squared": 4.618965852225146e-06
      },
      "8": {
        "cosine": 0.01356426626443863,
        "abs_cosine": 0.01356426626443863,
        "r_squared": 0.00018398931929258788
      },
      "9": {
        "cosine": -0.0010019132168963552,
        "abs_cosine": 0.0010019132168963552,
        "r_squared": 1.0038300941916028e-06
      },
      "10": {
        "cosine": -0.0002621921885292977,
        "abs_cosine": 0.0002621921885292977,
        "r_squared": 6.874474372578279e-08
      },
      "11": {
        "cosine": -0.02289678528904915,
        "abs_cosine": 0.02289678528904915,
        "r_squared": 0.0005242627765728175
      },
      "12": {
        "cosine": -0.004145509097725153,
        "abs_cosine": 0.004145509097725153,
        "r_squared": 1.7185245679322012e-05
      },
      "13": {
        "cosine": 0.015322254970669746,
        "abs_cosine": 0.015322254970669746,
        "r_squared": 0.00023477149738621375
      },
      "14": {
        "cosine": -0.008814819157123566,
        "abs_cosine": 0.008814819157123566,
        "r_squared": 7.770103677279261e-05
      },
      "15": {
        "cosine": 0.02050812914967537,
        "abs_cosine": 0.02050812914967537,
        "r_squared": 0.0004205833612197646
      },
      "16": {
        "cosine": 0.023325664922595024,
        "abs_cosine": 0.023325664922595024,
        "r_squared": 0.0005440866440811799
      },
      "17": {
        "cosine": 0.01630052551627159,
        "abs_cosine": 0.01630052551627159,
        "r_squared": 0.0002657071321066212
      },
      "18": {
        "cosine": -0.026290500536561012,
        "abs_cosine": 0.026290500536561012,
        "r_squared": 0.0006911904184629149
      },
      "19": {
        "cosine": -0.004385318607091904,
        "abs_cosine": 0.004385318607091904,
        "r_squared": 1.9231019285706474e-05
      },
      "20": {
        "cosine": -0.0011870808666571975,
        "abs_cosine": 0.0011870808666571975,
        "r_squared": 1.409160983983603e-06
      },
      "21": {
        "cosine": -0.0022814127150923014,
        "abs_cosine": 0.0022814127150923014,
        "r_squared": 5.204843976584826e-06
      },
      "22": {
        "cosine": -0.011671056970953941,
        "abs_cosine": 0.011671056970953941,
        "r_squared": 0.0001362135708192526
      },
      "23": {
        "cosine": 0.015007449313998222,
        "abs_cosine": 0.015007449313998222,
        "r_squared": 0.00022522353491222571
      },
      "24": {
        "cosine": 0.015196935273706913,
        "abs_cosine": 0.015196935273706913,
        "r_squared": 0.0002309468417132374
      },
      "25": {
        "cosine": 0.011145499534904957,
        "abs_cosine": 0.011145499534904957,
        "r_squared": 0.0001242221598825666
      },
      "26": {
        "cosine": -0.012430466711521149,
        "abs_cosine": 0.012430466711521149,
        "r_squared": 0.0001545165026662354
      },
      "27": {
        "cosine": 0.015550031326711178,
        "abs_cosine": 0.015550031326711178,
        "r_squared": 0.000241803474261699
      },
      "28": {
        "cosine": -0.017668215557932854,
        "abs_cosine": 0.017668215557932854,
        "r_squared": 0.00031216584100158054
      },
      "29": {
        "cosine": -0.025428714230656624,
        "abs_cosine": 0.025428714230656624,
        "r_squared": 0.0006466195074243987
      },
      "30": {
        "cosine": -0.0291095320135355,
        "abs_cosine": 0.0291095320135355,
        "r_squared": 0.0008473648540470481
      },
      "31": {
        "cosine": 0.03359583392739296,
        "abs_cosine": 0.03359583392739296,
        "r_squared": 0.0011286800572769679
      },
      "32": {
        "cosine": 0.0070915003307163715,
        "abs_cosine": 0.0070915003307163715,
        "r_squared": 5.028937694055041e-05
      },
      "33": {
        "cosine": 0.005131083074957132,
        "abs_cosine": 0.005131083074957132,
        "r_squared": 2.632801352211154e-05
      },
      "34": {
        "cosine": -0.037197113037109375,
        "abs_cosine": 0.037197113037109375,
        "r_squared": 0.0013836252182954922
      },
      "35": {
        "cosine": -0.001259949174709618,
        "abs_cosine": 0.001259949174709618,
        "r_squared": 1.5874719228514477e-06
      },
      "36": {
        "cosine": -0.021921707317233086,
        "abs_cosine": 0.021921707317233086,
        "r_squared": 0.0004805612517024306
      },
      "37": {
        "cosine": -0.0213650893419981,
        "abs_cosine": 0.0213650893419981,
        "r_squared": 0.0004564670425915608
      },
      "38": {
        "cosine": -0.01580069400370121,
        "abs_cosine": 0.01580069400370121,
        "r_squared": 0.0002496619309985994
      },
      "39": {
        "cosine": -0.0023600428830832243,
        "abs_cosine": 0.0023600428830832243,
        "r_squared": 5.5698024099917775e-06
      },
      "40": {
        "cosine": -0.008153034374117851,
        "abs_cosine": 0.008153034374117851,
        "r_squared": 6.647196950554726e-05
      }
    }
  },
  "control_profile": {
    "probe_type": "control",
    "n_layers": 35,
    "overall_mean_r2": 0.0002135607230067723,
    "overall_mean_abs_cos": 0.012517336295318923,
    "peak_layer": 16,
    "peak_cosine": 0.03986106812953949,
    "peak_abs_cosine": 0.03986106812953949,
    "peak_r2": 0.0015889047524277888,
    "onset_layer": null,
    "band_stats": {
      "early": {
        "mean_cos": 0.005666853114962578,
        "mean_abs_cos": 0.011367736011743545,
        "mean_r2": 0.0001407038087303563,
        "max_r2": 0.0002686556535916318,
        "r2_fraction": 0.09412097796512517,
        "n_layers": 5
      },
      "middle": {
        "mean_cos": 7.25113592731456e-05,
        "mean_abs_cos": 0.012147193468020607,
        "mean_r2": 0.00024671269963941477,
        "max_r2": 0.0015889047524277888,
        "r2_fraction": 0.4951004690493804,
        "n_layers": 15
      },
      "late": {
        "mean_cos": -0.0049467785671974225,
        "mean_abs_cos": 0.013270679217142364,
        "mean_r2": 0.00020469438446626842,
        "max_r2": 0.0005153317161067962,
        "r2_fraction": 0.41077855298549437,
        "n_layers": 15
      }
    },
    "normalized_entropy": 0.8464924962763012,
    "near_peak_layers": [
      16
    ],