{
  "dim_name": "15_shapes",
  "dim_id": 15,
  "reading_profile": {
    "probe_type": "reading",
    "n_layers": 35,
    "overall_mean_r2": 0.0002063511801719022,
    "overall_mean_abs_cos": 0.01136717221566609,
    "peak_layer": 12,
    "peak_cosine": -0.04253983125090599,
    "peak_abs_cosine": 0.04253983125090599,
    "peak_r2": 0.001809637242855558,
    "onset_layer": null,
    "band_stats": {
      "early": {
        "mean_cos": 0.006440993817523122,
        "mean_abs_cos": 0.009496498527005315,
        "mean_r2": 0.00015810907495467991,
        "max_r2": 0.0006026774514467405,
        "r2_fraction": 0.10945908178957425,
        "n_layers": 5
      },
      "middle": {
        "mean_cos": -0.00778752495534718,
        "mean_abs_cos": 0.01312141156134506,
        "mean_r2": 0.0002869346314847683,
        "max_r2": 0.001809637242855558,
        "r2_fraction": 0.5959354573092384,
        "n_layers": 15
      },
      "late": {
        "mean_cos": -0.002217684065302213,
        "mean_abs_cos": 0.010236490766207378,
        "mean_r2": 0.0001418484305981102,
        "max_r2": 0.000533033328761149,
        "r2_fraction": 0.2946054609011875,
        "n_layers": 15
      }
    },
    "normalized_entropy": 0.7735161891532949,
    "near_peak_layers": [
      12
    ],
    "near_peak_fraction": 0.02857142857142857,
    "sign_consistency": 0.5142857142857142,
    "dominant_sign": "positive",
    "profile_type": "negligible",
    "per_layer": {
      "6": {
        "cosine": -0.004405182786285877,
        "abs_cosine": 0.004405182786285877,
        "r_squared": 1.9405635380589405e-05
      },
      "7": {
        "cosine": 0.024549489840865135,
        "abs_cosine": 0.024549489840865135,
        "r_squared": 0.0006026774514467405
      },
      "8": {
        "cosine": -0.0032335789874196053,
        "abs_cosine": 0.0032335789874196053,
        "r_squared": 1.04560330678816e-05
      },
      "9": {
        "cosine": 0.003116703825071454,
        "abs_cosine": 0.003116703825071454,
        "r_squared": 9.713842733215033e-06
      },
      "10": {
        "cosine": 0.012177537195384502,
        "abs_cosine": 0.012177537195384502,
        "r_squared": 0.00014829241214497305
      },
      "11": {
        "cosine": -0.014961116015911102,
        "abs_cosine": 0.014961116015911102,
        "r_squared": 0.0002238349924415517
      },
      "12": {
        "cosine": -0.04253983125090599,
        "abs_cosine": 0.04253983125090599,
        "r_squared": 0.001809637242855558
      },
      "13": {
        "cosine": -0.01227789930999279,
        "abs_cosine": 0.01227789930999279,
        "r_squared": 0.00015074681146632143
      },
      "14": {
        "cosine": -0.021458519622683525,
        "abs_cosine": 0.021458519622683525,
        "r_squared": 0.0004604680643970939
      },
      "15": {
        "cosine": -0.015837807208299637,
        "abs_cosine": 0.015837807208299637,
        "r_squared": 0.00025083613716726794
      },
      "16": {
        "cosine": 0.005051756277680397,
        "abs_cosine": 0.005051756277680397,
        "r_squared": 2.55202414890833e-05
      },
      "17": {
        "cosine": 0.005781307816505432,
        "abs_cosine": 0.005781307816505432,
        "r_squared": 3.342352006918681e-05
      },
      "18": {
        "cosine": 0.0008291346020996571,
        "abs_cosine": 0.0008291346020996571,
        "r_squared": 6.874641883989566e-07
      },
      "19": {
        "cosine": -0.019658809527754784,
        "abs_cosine": 0.019658809527754784,
        "r_squared": 0.00038646879204854226
      },
      "20": {
        "cosine": -0.003461187006905675,
        "abs_cosine": 0.003461187006905675,
        "r_squared": 1.1979815496772665e-05
      },
      "21": {
        "cosine": 0.004222596064209938,
        "abs_cosine": 0.004222596064209938,
        "r_squared": 1.783031752148126e-05
      },
      "22": {
        "cosine": 0.004188633523881435,
        "abs_cosine": 0.004188633523881435,
        "r_squared": 1.754465079738341e-05
      },
      "23": {
        "cosine": 0.00800302904099226,
        "abs_cosine": 0.00800302904099226,
        "r_squared": 6.404847383096549e-05
      },
      "24": {
        "cosine": -0.026621853932738304,
        "abs_cosine": 0.026621853932738304,
        "r_squared": 0.0007087231068160539
      },
      "25": {
        "cosine": 0.011927692219614983,
        "abs_cosine": 0.011927692219614983,
        "r_squared": 0.0001422698416858638
      },
      "26": {
        "cosine": -0.017850110307335854,
        "abs_cosine": 0.017850110307335854,
        "r_squared": 0.0003186264379840577
      },
      "27": {
        "cosine": -0.012387052178382874,
        "abs_cosine": 0.012387052178382874,
        "r_squared": 0.0001534390616699799
      },
      "28": {
        "cosine": -0.018104972317814827,
        "abs_cosine": 0.018104972317814827,
        "r_squared": 0.0003277900226288412
      },
      "29": {
        "cosine": -0.009576335549354553,
        "abs_cosine": 0.009576335549354553,
        "r_squared": 9.170620255383177e-05
      },
      "30": {
        "cosine": -0.02308751456439495,
        "abs_cosine": 0.02308751456439495,
        "r_squared": 0.000533033328761149
      },
      "31": {
        "cosine": 0.013654197566211224,
        "abs_cosine": 0.013654197566211224,
        "r_squared": 0.0001864371111771285
      },
      "32": {
        "cosine": 0.001841742079705,
        "abs_cosine": 0.001841742079705,
        "r_squared": 3.3920138881560983e-06
      },
      "33": {
        "cosine": 0.013918002136051655,
        "abs_cosine": 0.013918002136051655,
        "r_squared": 0.00019371078345913843
      },
      "34": {
        "cosine": 0.004205827601253986,
        "abs_cosine": 0.004205827601253986,
        "r_squared": 1.768898581146986e-05
      },
      "35": {
        "cosine": 0.005509586073458195,
        "abs_cosine": 0.005509586073458195,
        "r_squared": 3.0355538700844488e-05
      },
      "36": {
        "cosine": -0.007430486846715212,
        "abs_cosine": 0.007430486846715212,
        "r_squared": 5.521213477920777e-05
      },
      "37": {
        "cosine": 0.007281165104359388,
        "abs_cosine": 0.007281165104359388,
        "r_squared": 5.301536527694086e-05
      },
      "38": {
        "cosine": 0.0021558888256549835,
        "abs_cosine": 0.0021558888256549835,
        "r_squared": 4.647856628584024e-06
      },
      "39": {
        "cosine": 0.0115746408700943,
        "abs_cosine": 0.0115746408700943,
        "r_squared": 0.00013397231127165732
      },
      "40": {
        "cosine": -0.004969839472323656,
        "abs_cosine": 0.004969839472323656,
        "r_squared": 2.4699304380666276e-05
      }
    }
  },
  "control_profile": {
    "probe_type": "control",
    "n_layers": 35,
    "overall_mean_r2": 0.00019042582978254647,
    "overall_mean_abs_cos": 0.01083113051302332,
    "peak_layer": 17,
    "peak_cosine": 0.03319978341460228,
    "peak_abs_cosine": 0.03319978341460228,
    "peak_r2": 0.0011022256187765006,
    "onset_layer": null,
    "band_stats": {
      "early": {
        "mean_cos": 0.0026670007035136225,
        "mean_abs_cos": 0.013816461153328418,
        "mean_r2": 0.00023267831794728053,
        "max_r2": 0.0005408478665093787,
        "r2_fraction": 0.17455488966340302,
        "n_layers": 5
      },
      "middle": {
        "mean_cos": 0.005830554363395398,
        "mean_abs_cos": 0.010502955990765865,
        "mean_r2": 0.000204875605568602,
        "max_r2": 0.0011022256187765006,
        "r2_fraction": 0.4610920223282649,
        "n_layers": 15
      },
      "late": {
        "mean_cos": -0.0010241325207365056,
        "mean_abs_cos": 0.01016419482184574,
        "mean_r2": 0.0001618918912749129,
        "max_r2": 0.0006728770813469453,
        "r2_fraction": 0.3643530880083321,
        "n_layers": 15
      }
    },
    "normalized_entropy": 0.7819439714625128,
    "near_peak_layers": [
      17,
      18
    ],