{
  "dim_name": "16_mind",
  "dim_id": 16,
  "reading_profile": {
    "probe_type": "reading",
    "n_layers": 35,
    "overall_mean_r2": 0.00018422266119674086,
    "overall_mean_abs_cos": 0.011236178981406348,
    "peak_layer": 12,
    "peak_cosine": -0.02971263974905014,
    "peak_abs_cosine": 0.02971263974905014,
    "peak_r2": 0.0008828409608568344,
    "onset_layer": null,
    "band_stats": {
      "early": {
        "mean_cos": 0.0034467804245650767,
        "mean_abs_cos": 0.011715805251151323,
        "mean_r2": 0.00019365727242778424,
        "max_r2": 0.00046527184491851337,
        "r2_fraction": 0.1501732981861302,
        "n_layers": 5
      },
      "middle": {
        "mean_cos": 0.001658694950553278,
        "mean_abs_cos": 0.0098982682529216,
        "mean_r2": 0.00016637637666168354,
        "max_r2": 0.0008828409608568344,
        "r2_fraction": 0.38705423623365437,
        "n_layers": 15
      },
      "late": {
        "mean_cos": -0.0019191558239981532,
        "mean_abs_cos": 0.01241421428664277,
        "mean_r2": 0.0001989240753214504,
        "max_r2": 0.00042852324594431015,
        "r2_fraction": 0.4627724655802154,
        "n_layers": 15
      }
    },
    "normalized_entropy": 0.8405675146636554,
    "near_peak_layers": [
      12,
      20
    ],
    "near_peak_fraction": 0.05714285714285714,
    "sign_consistency": 0.5142857142857142,
    "dominant_sign": "negative",
    "profile_type": "negligible",
    "per_layer": {
      "6": {
        "cosine": -0.014770502224564552,
        "abs_cosine": 0.014770502224564552,
        "r_squared": 0.0002181677359658664
      },
      "7": {
        "cosine": 0.01633630320429802,
        "abs_cosine": 0.01633630320429802,
        "r_squared": 0.00026687480238275774
      },
      "8": {
        "cosine": 0.02157016098499298,
        "abs_cosine": 0.02157016098499298,
        "r_squared": 0.00046527184491851337
      },
      "9": {
        "cosine": -0.0034777289256453514,
        "abs_cosine": 0.0034777289256453514,
        "r_squared": 1.209459848027037e-05
      },
      "10": {
        "cosine": -0.0024243309162557125,
        "abs_cosine": 0.0024243309162557125,
        "r_squared": 5.8773803915132625e-06
      },
      "11": {
        "cosine": -0.010529721155762672,
        "abs_cosine": 0.010529721155762672,
        "r_squared": 0.00011087502761811599
      },
      "12": {
        "cosine": -0.02971263974905014,
        "abs_cosine": 0.02971263974905014,
        "r_squared": 0.0008828409608568344
      },
      "13": {
        "cosine": 0.0032699767034500837,
        "abs_cosine": 0.0032699767034500837,
        "r_squared": 1.0692747641106277e-05
      },
      "14": {
        "cosine": 0.01935064047574997,
        "abs_cosine": 0.01935064047574997,
        "r_squared": 0.000374447286821733
      },
      "15": {
        "cosine": 0.013622337020933628,
        "abs_cosine": 0.013622337020933628,
        "r_squared": 0.00018556806591189887
      },
      "16": {
        "cosine": -0.0024650152772665024,
        "abs_cosine": 0.0024650152772665024,
        "r_squared": 6.076300317157252e-06
      },
      "17": {
        "cosine": -0.0075560808181762695,
        "abs_cosine": 0.0075560808181762695,
        "r_squared": 5.709435733081136e-05
      },
      "18": {
        "cosine": 0.001901517971418798,
        "abs_cosine": 0.001901517971418798,
        "r_squared": 3.6157705956286606e-06
      },
      "19": {
        "cosine": -0.00329334894195199,
        "abs_cosine": 0.00329334894195199,
        "r_squared": 1.0846147253456293e-05
      },
      "20": {
        "cosine": 0.02382439747452736,
        "abs_cosine": 0.02382439747452736,
        "r_squared": 0.0005676019150242656
      },
      "21": {
        "cosine": 0.011855412274599075,
        "abs_cosine": 0.011855412274599075,
        "r_squared": 0.00014055080020071442
      },
      "22": {
        "cosine": 0.003328704973682761,
        "abs_cosine": 0.003328704973682761,
        "r_squared": 1.1080276801820352e-05
      },
      "23": {
        "cosine": 0.001513815252110362,
        "abs_cosine": 0.001513815252110362,
        "r_squared": 2.291636617521959e-06
      },
      "24": {
        "cosine": 0.008010421879589558,
        "abs_cosine": 0.008010421879589558,
        "r_squared": 6.41668586890071e-05
      },
      "25": {
        "cosine": -0.008239993825554848,
        "abs_cosine": 0.008239993825554848,
        "r_squared": 6.789749824518201e-05
      },
      "26": {
        "cosine": -0.004199363756924868,
        "abs_cosine": 0.004199363756924868,
        "r_squared": 1.763465596297414e-05
      },
      "27": {
        "cosine": 0.02070080302655697,
        "abs_cosine": 0.02070080302655697,
        "r_squared": 0.00042852324594431015
      },
      "28": {
        "cosine": 0.018660306930541992,
        "abs_cosine": 0.018660306930541992,
        "r_squared": 0.0003482070547420335
      },
      "29": {
        "cosine": -0.013330264948308468,
        "abs_cosine": 0.013330264948308468,
        "r_squared": 0.00017769596359210136
      },
      "30": {
        "cosine": -0.006456439383327961,
        "abs_cosine": 0.006456439383327961,
        "r_squared": 4.168560951058834e-05
      },
      "31": {
        "cosine": 0.0170576348900795,
        "abs_cosine": 0.0170576348900795,
        "r_squared": 0.0002909629080432574
      },
      "32": {
        "cosine": -0.0010729299392551184,
        "abs_cosine": 0.0010729299392551184,
        "r_squared": 1.151178654549992e-06
      },
      "33": {
        "cosine": 0.0008754298323765397,
        "abs_cosine": 0.0008754298323765397,
        "r_squared": 7.663773914148164e-07
      },
      "34": {
        "cosine": 0.014850578270852566,
        "abs_cosine": 0.014850578270852566,
        "r_squared": 0.00022053967497871838
      },
      "35": {
        "cosine": 0.006568185519427061,
        "abs_cosine": 0.006568185519427061,
        "r_squared": 4.314106101761133e-05
      },
      "36": {
        "cosine": -0.02050943113863468,
        "abs_cosine": 0.02050943113863468,
        "r_squared": 0.0004206367656303979
      },
      "37": {
        "cosine": -0.01986796036362648,
        "abs_cosine": 0.01986796036362648,
        "r_squared": 0.00039473584901063286
      },
      "38": {
        "cosine": -0.01366533525288105,
        "abs_cosine": 0.01366533525288105,
        "r_squared": 0.0001867413875736336
      },
      "39": {
        "cosine": -0.01622418873012066,
        "abs_cosine": 0.01622418873012066,
        "r_squared": 0.0002632242999505742
      },
      "40": {
        "cosine": -0.012174362316727638,
        "abs_cosine": 0.012174362316727638,
        "r_squared": 0.00014821509781895795
      }
    }
  },
  "control_profile": {
    "probe_type": "control",
    "n_layers": 35,
    "overall_mean_r2": 0.00032539473690550895,
    "overall_mean_abs_cos": 0.014342204521277121,
    "peak_layer": 15,
    "peak_cosine": 0.04990839213132858,
    "peak_abs_cosine": 0.04990839213132858,
    "peak_r2": 0.002490847605134461,
    "onset_layer": null,
    "band_stats": {
      "early": {
        "mean_cos": 0.004625580064021051,
        "mean_abs_cos": 0.0066974224289879205,
        "mean_r2": 7.307931839995238e-05,
        "max_r2": 0.00024269241874306027,
        "r2_fraction": 0.032083809123182774,
        "n_layers": 5
      },
      "middle": {
        "mean_cos": 0.010658668959513307,
        "mean_abs_cos": 0.020620848595475156,
        "mean_r2": 0.0005698548441651856,
        "max_r2": 0.002490847605134461,
        "r2_fraction": 0.7505453436794284,
        "n_layers": 15
      },
      "late": {
        "mean_cos": 0.0017956205100441971,
        "mean_abs_cos": 0.010611821144508819,
        "mean_r2": 0.00016503976914768452,
        "max_r2": 0.0008866582871913803,
        "r2_fraction": 0.21737084719738886,
        "n_layers": 15
      }
    },
    "normalized_entropy": 0.7821643041190471,
    "near_peak_layers": [
      15
    ],