{
  "0_baseline": {
    "dim_id": 0,
    "entity_overlap": 0.9756097590051046,
    "reading_mean_r2": 0.0002269041483101207,
    "control_mean_r2": 0.0022614617811286073,
    "reading_boot_ci95": [
      0.0001736985015149008,
      0.00041693386176145584
    ],
    "control_boot_ci95": [
      0.00019942945417258994,
      0.0015650986664675814
    ]
  },
  "1_phenomenology": {
    "dim_id": 1,
    "entity_overlap": 0.5669274381021174,
    "reading_mean_r2": 0.00020963563399238304,
    "control_mean_r2": 0.0004710081274091106,
    "reading_boot_ci95": [
      0.0001619661101439185,
      0.0002880140090334922
    ],
    "control_boot_ci95": [
      0.00035289070073569204,
      0.0008870987455100833
    ]
  },
  "2_emotions": {
    "dim_id": 2,
    "entity_overlap": 0.49406216984115,
    "reading_mean_r2": 0.00032018269093919536,
    "control_mean_r2": 0.0006715072771217584,
    "reading_boot_ci95": [
      0.0002452850998325005,
      0.00037529038545367003
    ],
    "control_boot_ci95": [
      0.0005398062114490735,
      0.0011104355064438737
    ]
  },
  "3_agency": {
    "dim_id": 3,
    "entity_overlap": 0.5390474730875434,
    "reading_mean_r2": 0.00029184333361836944,
    "control_mean_r2": 0.0009563194327332341,
    "reading_boot_ci95": [
      0.00021252171401044739,
      0.00036474036208602816
    ],
    "control_boot_ci95": [
      0.0007814118344995723,
      0.0013895270627846742
    ]
  },
  "4_intentions": {
    "dim_id": 4,
    "entity_overlap": 0.4166012366370457,
    "reading_mean_r2": 0.0003104200314118678,
    "control_mean_r2": 0.0008123537750140264,
    "reading_boot_ci95": [
      0.00023153187040175335,
      0.0003714412005151436
    ],
    "control_boot_ci95": [
      0.0006570960218265612,
      0.0012200865404026848
    ]
  },
  "5_prediction": {
    "dim_id": 5,
    "entity_overlap": 0.5677882560142656,
    "reading_mean_r2": 0.0003881562851053311,
    "control_mean_r2": 0.0010640583116621836,
    "reading_boot_ci95": [
      0.00022633715085243578,
      0.0005296323796610658
    ],
    "control_boot_ci95": [
      0.0008372909790216265,
      0.001656042414884245
    ]
  },
  "6_cognitive": {
    "dim_id": 6,
    "entity_overlap": 0.2395757762033765,
    "reading_mean_r2": 0.0003437937473942062,
    "control_mean_r2": 0.0008438866816738297,
    "reading_boot_ci95": [
      0.0002916649337484046,
      0.0003986184937590039
    ],
    "control_boot_ci95": [
      0.0006624405411332856,
      0.0013758227930790934
    ]
  },
  "7_social": {
    "dim_id": 7,
    "entity_overlap": 0.5568320940180522,
    "reading_mean_r2": 0.0005857970558103729,
    "control_mean_r2": 0.000990531368906068,
    "reading_boot_ci95": [
      0.0004060105669589635,
      0.000659907268476893
    ],
    "control_boot_ci95": [
      0.0007636640400628064,
      0.0015478766381280802
    ]
  },
  "8_embodiment": {
    "dim_id": 8,
    "entity_overlap": 0.6324034182400238,
    "reading_mean_r2": 0.00019623773647541203,
    "control_mean_r2": 0.00044635645721029785,
    "reading_boot_ci95": [
      0.0001474542633153264,
      0.00027312326461490855
    ],
    "control_boot_ci95": [
      0.00033929712265475366,
      0.0008665822630158259
    ]
  },
  "9_roles": {
    "dim_id": 9,
    "entity_overlap": 0.683411560407499,
    "reading_mean_r2": 0.00029795528358781786,
    "control_mean_r2": 0.0006894350065509166,
    "reading_boot_ci95": [
      0.00020169589182351047,
      0.00040699061903038184
    ],
    "control_boot_ci95": [
      0.0004730208824358007,
      0.0013598067028288581
    ]
  },
  "10_animacy": {
    "dim_id": 10,
    "entity_overlap": 0.7429141413147856,
    "reading_mean_r2": 0.00024098157674261938,
    "control_mean_r2": 0.00046369111567101483,
    "reading_boot_ci95": [
      0.0001918977741063547,
      0.0003395770290061085
    ],
    "control_boot_ci95": [
      0.00031183369108776494,
      0.0009334376855796339
    ]
  },
  "11_formality": {
    "dim_id": 11,
    "entity_overlap": 0.23351308903316173,
    "reading_mean_r2": 0.0003330889911532468,
    "control_mean_r2": 0.0002458343925124823,
    "reading_boot_ci95": [
      0.00022519375945808385,
      0.00041503715128721587
    ],
    "control_boot_ci95": [
      0.00016799786900005299,
      0.0003500528364952365
    ]
  },
  "12_expertise": {
    "dim_id": 12,
    "entity_overlap": 0.17305628823616157,
    "reading_mean_r2": 0.00036574873884383686,
    "control_mean_r2": 0.0003688343928628242,
    "reading_boot_ci95": [
      0.00029754086025928693,
      0.000435814340625203
    ],
    "control_boot_ci95": [
      0.0002564445329991668,
      0.0005080698835008218
    ]
  },
  "13_helpfulness": {
    "dim_id": 13,
    "entity_overlap": 0.19644393165391394,
    "reading_mean_r2": 0.000365879219580407,
    "control_mean_r2": 0.0007109304407512971,
    "reading_boot_ci95": [
      0.00022798791169845506,
      0.0004508807951464566
    ],
    "control_boot_ci95": [
      0.00033441664441459594,
      0.0008802033706797144
    ]
  },
  "14_biological": {
    "dim_id": 14,
    "entity_overlap": 0.5145828683928746,
    "reading_mean_r2": 0.00019501980731750757,
    "control_mean_r2": 0.0004420047655388045,
    "reading_boot_ci95": [
      0.00017121936441933245,
      0.00024897430463730334
    ],
    "control_boot_ci95": [
      0.0003682982686459403,
      0.0007663487248405809
    ]
  },
  "15_shapes": {
    "dim_id": 15,
    "entity_overlap": 0.1273111758708227,
    "reading_mean_r2": 0.0002746689443866942,
    "control_mean_r2": 0.0006127744907225536,
    "reading_boot_ci95": [
      0.00017657730993106874,
      0.00036252229130701735
    ],
    "control_boot_ci95": [
      0.0003338016640804978,
      0.0008154678472482406
    ]
  },
  "16_mind": {
    "dim_id": 16,
    "entity_overlap": 0.6316027059787657,
    "reading_mean_r2": 0.000310105499651302,
    "control_mean_r2": 0.0008022641215484962,
    "reading_boot_ci95": [
      0.0002468574316405188,
      0.00036176194979678695
    ],
    "control_boot_ci95": [
      0.0007148508241989319,
      0.001359706292297359
    ]
  },
  "17_attention": {
    "dim_id": 17,
    "entity_overlap": 0.4182856680779922,
    "reading_mean_r2": 0.00040253317627147843,
    "control_mean_r2": 0.0010850151878283023,
    "reading_boot_ci95": [
      0.0003210340152448478,
      0.0004718999774376675
    ],
    "control_boot_ci95": [
      0.0008690689258460398,
      0.001675173132317074
    ]
  },
  "18_sysprompt_labeled": {
    "dim_id": 18,
    "entity_overlap": 0.28293701388487,
    "reading_mean_r2": 0.0005554816252518026,
    "control_mean_r2": 0.0023664966906289503,
    "reading_boot_ci95": [
      0.00047172964260696183,
      0.0006639416484059536
    ],
    "control_boot_ci95": [
      0.0018903494722341983,
      0.003473268482794337
    ]
  },
  "25_beliefs": {
    "dim_id": 25,
    "entity_overlap": 0.49167129542769455,
    "reading_mean_r2": 0.0003451420583705379,
    "control_mean_r2": 0.0009188637492143274,
    "reading_boot_ci95": [
      0.00027898447214371857,
      0.0003883230795526016
    ],
    "control_boot_ci95": [
      0.0007529179395930101,
      0.0014348591502094988
    ]
  },
  "26_desires": {
    "dim_id": 26,
    "entity_overlap": 0.46907682825879354,
    "reading_mean_r2": 0.00024016955991543228,
    "control_mean_r2": 0.0007051493625310827,
    "reading_boot_ci95": [
      0.0001846991467711675,
      0.00028206959021457266
    ],
    "control_boot_ci95": [
      0.0006093854031077317,
      0.0010772384385359236
    ]
  },
  "27_goals": {
    "dim_id": 27,
    "entity_overlap": 0.5136425008134144,
    "reading_mean_r2": 0.00029773470669793744,
    "control_mean_r2": 0.0007269877250188579,
    "reading_boot_ci95": [
      0.00021902638596494714,
      0.00036341022328372006
    ],
    "control_boot_ci95": [
      0.0005629788049887974,
      0.001280503786780308
    ]
  },
  "30_granite_sandstone": {
    "dim_id": 30,
    "entity_overlap": 0.07047933658227189,