{
  "dim_name": "14_biological",
  "dim_id": 14,
  "reading_profile": {
    "probe_type": "reading",
    "n_layers": 35,
    "overall_mean_r2": 0.0003004837551365694,
    "overall_mean_abs_cos": 0.014913775672071746,
    "peak_layer": 33,
    "peak_cosine": -0.03238128125667572,
    "peak_abs_cosine": 0.03238128125667572,
    "peak_r2": 0.0010485473758239383,
    "onset_layer": null,
    "band_stats": {
      "early": {
        "mean_cos": 0.0009350200882181526,
        "mean_abs_cos": 0.018396151275373994,
        "mean_r2": 0.00042307712028871475,
        "max_r2": 0.0006729191176030359,
        "r2_fraction": 0.2011409521463276,
        "n_layers": 5
      },
      "middle": {
        "mean_cos": -0.003912662186970313,
        "mean_abs_cos": 0.015594518898675839,
        "mean_r2": 0.0003066770850228272,
        "max_r2": 0.000995427972647192,
        "r2_fraction": 0.43740479873402266,
        "n_layers": 15
      },
      "late": {
        "mean_cos": -0.010543092906785508,
        "mean_abs_cos": 0.013072240577700237,
        "mean_r2": 0.0002534259701995966,
        "max_r2": 0.0010485473758239383,
        "r2_fraction": 0.36145424911964974,
        "n_layers": 15
      }
    },
    "normalized_entropy": 0.8703682523181704,
    "near_peak_layers": [
      9,
      11,
      19,
      24,
      33,
      40
    ],
    "near_peak_fraction": 0.17142857142857143,
    "sign_consistency": 0.6857142857142857,
    "dominant_sign": "negative",
    "profile_type": "negligible",
    "per_layer": {
      "6": {
        "cosine": 0.022387243807315826,
        "abs_cosine": 0.022387243807315826,
        "r_squared": 0.0005011886852882008
      },
      "7": {
        "cosine": -0.016915010288357735,
        "abs_cosine": 0.016915010288357735,
        "r_squared": 0.000286117573055248
      },
      "8": {
        "cosine": -0.0011684010969474912,
        "abs_cosine": 0.0011684010969474912,
        "r_squared": 1.3651611233481007e-06
      },
      "9": {
        "cosine": 0.025940684601664543,
        "abs_cosine": 0.025940684601664543,
        "r_squared": 0.0006729191176030359
      },
      "10": {
        "cosine": -0.02556941658258438,
        "abs_cosine": 0.02556941658258438,
        "r_squared": 0.0006537950643737411
      },
      "11": {
        "cosine": 0.03155040368437767,
        "abs_cosine": 0.03155040368437767,
        "r_squared": 0.000995427972647192
      },
      "12": {
        "cosine": -0.007755185943096876,
        "abs_cosine": 0.007755185943096876,
        "r_squared": 6.0142909012007384e-05
      },
      "13": {
        "cosine": 0.010929537937045097,
        "abs_cosine": 0.010929537937045097,
        "r_squared": 0.000119454799517308
      },
      "14": {
        "cosine": 0.019369617104530334,
        "abs_cosine": 0.019369617104530334,
        "r_squared": 0.0003751820667761141
      },
      "15": {
        "cosine": 0.013604693114757538,
        "abs_cosine": 0.013604693114757538,
        "r_squared": 0.00018508767474673116
      },
      "16": {
        "cosine": -0.01708294078707695,
        "abs_cosine": 0.01708294078707695,
        "r_squared": 0.00029182686593477725
      },
      "17": {
        "cosine": -0.013857878744602203,
        "abs_cosine": 0.013857878744602203,
        "r_squared": 0.00019204080330009754
      },
      "18": {
        "cosine": 0.012159673497080803,
        "abs_cosine": 0.012159673497080803,
        "r_squared": 0.00014785765955560928
      },
      "19": {
        "cosine": -0.02825893834233284,
        "abs_cosine": 0.02825893834233284,
        "r_squared": 0.0007985675962357691
      },
      "20": {
        "cosine": -0.02056133560836315,
        "abs_cosine": 0.02056133560836315,
        "r_squared": 0.0004227685219997425
      },
      "21": {
        "cosine": -0.005820814985781908,
        "abs_cosine": 0.005820814985781908,
        "r_squared": 3.3881887098703234e-05
      },
      "22": {
        "cosine": -0.014085469767451286,
        "abs_cosine": 0.014085469767451286,
        "r_squared": 0.0001984004585697842
      },
      "23": {
        "cosine": -0.005105660762637854,
        "abs_cosine": 0.005105660762637854,
        "r_squared": 2.606777182313975e-05
      },
      "24": {
        "cosine": -0.026454754173755646,
        "abs_cosine": 0.026454754173755646,
        "r_squared": 0.0006998540183938418
      },
      "25": {
        "cosine": -0.007320879027247429,
        "abs_cosine": 0.007320879027247429,
        "r_squared": 5.359526973159126e-05
      },
      "26": {
        "cosine": -0.012968509458005428,
        "abs_cosine": 0.012968509458005428,
        "r_squared": 0.00016818223756237625
      },
      "27": {
        "cosine": -7.37927621230483e-05,
        "abs_cosine": 7.37927621230483e-05,
        "r_squared": 5.445371741748793e-09
      },
      "28": {
        "cosine": 0.004973899107426405,
        "abs_cosine": 0.004973899107426405,
        "r_squared": 2.4739672330857188e-05
      },
      "29": {
        "cosine": -0.008783102035522461,
        "abs_cosine": 0.008783102035522461,
        "r_squared": 7.71428813663988e-05
      },
      "30": {
        "cosine": -0.022719530388712883,
        "abs_cosine": 0.022719530388712883,
        "r_squared": 0.0005161770610836482
      },
      "31": {
        "cosine": -0.012081214226782322,
        "abs_cosine": 0.012081214226782322,
        "r_squared": 0.00014595573719340758
      },
      "32": {
        "cosine": -0.012069759890437126,
        "abs_cosine": 0.012069759890437126,
        "r_squared": 0.00014567910381280483
      },
      "33": {
        "cosine": -0.03238128125667572,
        "abs_cosine": 0.03238128125667572,
        "r_squared": 0.0010485473758239383
      },
      "34": {
        "cosine": 0.0007954800967127085,
        "abs_cosine": 0.0007954800967127085,
        "r_squared": 6.3278858426606e-07
      },
      "35": {
        "cosine": -0.019186418503522873,
        "abs_cosine": 0.019186418503522873,
        "r_squared": 0.0003681186549923249
      },
      "36": {
        "cosine": -0.017580712214112282,
        "abs_cosine": 0.017580712214112282,
        "r_squared": 0.00030908144195543677
      },
      "37": {
        "cosine": 0.0021483474411070347,
        "abs_cosine": 0.0021483474411070347,
        "r_squared": 4.615396727711144e-06
      },
      "38": {
        "cosine": -0.012589184567332268,
        "abs_cosine": 0.012589184567332268,
        "r_squared": 0.00015848756807035694
      },
      "39": {
        "cosine": 0.011050880886614323,
        "abs_cosine": 0.011050880886614323,
        "r_squared": 0.00012212196837013776
      },
      "40": {
        "cosine": -0.02668149583041668,
        "abs_cosine": 0.02668149583041668,
        "r_squared": 0.0007119022197485426
      }
    }
  },
  "control_profile": {
    "probe_type": "control",
    "n_layers": 35,
    "overall_mean_r2": 0.00011000391355163477,
    "overall_mean_abs_cos": 0.007791582590393123,
    "peak_layer": 14,
    "peak_cosine": 0.0302707701921463,
    "peak_abs_cosine": 0.0302707701921463,
    "peak_r2": 0.000916319528025733,
    "onset_layer": null,
    "band_stats": {
      "early": {
        "mean_cos": -0.009873257088474929,
        "mean_abs_cos": 0.010070064221508801,
        "mean_r2": 0.00017771439315212114,
        "max_r2": 0.0005446481297478913,
        "r2_fraction": 0.2307897022080605,
        "n_layers": 5
      },
      "middle": {
        "mean_cos": 0.005212651550148924,
        "mean_abs_cos": 0.010070091718807817,
        "mean_r2": 0.00016076128318746728,
        "max_r2": 0.000916319528025733,
        "r2_fraction": 0.626320378704426,
        "n_layers": 15
      },
      "late": {
        "mean_cos": 0.0020533069876061444,
        "mean_abs_cos": 0.004753579584939871,
        "mean_r2": 3.667638404897345e-05,
        "max_r2": 0.00016220643447588477,
        "r2_fraction": 0.14288991908751336,
        "n_layers": 15
      }
    },
    "normalized_entropy": 0.7386049326924312,