{
  "dim_name": "16_human",
  "dim_id": 16,
  "reading_profile": {
    "probe_type": "reading",
    "n_layers": 35,
    "overall_mean_r2": 0.0002831886421597724,
    "overall_mean_abs_cos": 0.014241914700063977,
    "peak_layer": 10,
    "peak_cosine": -0.032621730118989944,
    "peak_abs_cosine": 0.032621730118989944,
    "peak_r2": 0.0010641772759562157,
    "onset_layer": null,
    "band_stats": {
      "early": {
        "mean_cos": 0.002599344588816166,
        "mean_abs_cos": 0.019547743909060954,
        "mean_r2": 0.000523685739808038,
        "max_r2": 0.0010641772759562157,
        "r2_fraction": 0.26417813925530625,
        "n_layers": 5
      },
      "middle": {
        "mean_cos": -0.0014546152825156847,
        "mean_abs_cos": 0.014734332698086898,
        "mean_r2": 0.0002727778569903522,
        "max_r2": 0.0007935340413036673,
        "r2_fraction": 0.41281597652158486,
        "n_layers": 15
      },
      "late": {
        "mean_cos": -0.00952003546093086,
        "mean_abs_cos": 0.01198088696570873,
        "mean_r2": 0.0002134337281131039,
        "max_r2": 0.0010520753787744003,
        "r2_fraction": 0.3230058842231088,
        "n_layers": 15
      }
    },
    "normalized_entropy": 0.8527982191223498,
    "near_peak_layers": [
      9,
      10,
      11,
      33
    ],
    "near_peak_fraction": 0.11428571428571428,
    "sign_consistency": 0.6857142857142857,
    "dominant_sign": "negative",
    "profile_type": "negligible",
    "per_layer": {
      "6": {
        "cosine": 0.022165128961205482,
        "abs_cosine": 0.022165128961205482,
        "r_squared": 0.00049129294186687
      },
      "7": {
        "cosine": -0.009749268181622028,
        "abs_cosine": 0.009749268181622028,
        "r_squared": 9.504823007718769e-05
      },
      "8": {
        "cosine": 0.0021668896079063416,
        "abs_cosine": 0.0021668896079063416,
        "r_squared": 4.695410572852499e-06
      },
      "9": {
        "cosine": 0.03103570267558098,
        "abs_cosine": 0.03103570267558098,
        "r_squared": 0.0009632148405670643
      },
      "10": {
        "cosine": -0.032621730118989944,
        "abs_cosine": 0.032621730118989944,
        "r_squared": 0.0010641772759562157
      },
      "11": {
        "cosine": 0.02816973626613617,
        "abs_cosine": 0.02816973626613617,
        "r_squared": 0.0007935340413036673
      },
      "12": {
        "cosine": -0.01453765481710434,
        "abs_cosine": 0.01453765481710434,
        "r_squared": 0.000211343407581277
      },
      "13": {
        "cosine": 0.0140108373016119,
        "abs_cosine": 0.0140108373016119,
        "r_squared": 0.00019630356189223944
      },
      "14": {
        "cosine": 0.01950073055922985,
        "abs_cosine": 0.01950073055922985,
        "r_squared": 0.00038027849234368097
      },
      "15": {
        "cosine": 0.022571465000510216,
        "abs_cosine": 0.022571465000510216,
        "r_squared": 0.0005094710322692576
      },
      "16": {
        "cosine": -0.012024800293147564,
        "abs_cosine": 0.012024800293147564,
        "r_squared": 0.00014459582209008174
      },
      "17": {
        "cosine": -0.0078329648822546,
        "abs_cosine": 0.0078329648822546,
        "r_squared": 6.135533884663383e-05
      },
      "18": {
        "cosine": 0.01534511148929596,
        "abs_cosine": 0.01534511148929596,
        "r_squared": 0.00023547244661892286
      },
      "19": {
        "cosine": -0.02476772665977478,
        "abs_cosine": 0.02476772665977478,
        "r_squared": 0.0006134402838933184
      },
      "20": {
        "cosine": -0.014631977304816246,
        "abs_cosine": 0.014631977304816246,
        "r_squared": 0.0002140947598486577
      },
      "21": {
        "cosine": -0.001033200416713953,
        "abs_cosine": 0.001033200416713953,
        "r_squared": 1.0675031010978862e-06
      },
      "22": {
        "cosine": -0.010713854804635048,
        "abs_cosine": 0.010713854804635048,
        "r_squared": 0.0001147866847748015
      },
      "23": {
        "cosine": -0.004396333824843168,
        "abs_cosine": 0.004396333824843168,
        "r_squared": 1.932775109946016e-05
      },
      "24": {
        "cosine": -0.022850757464766502,
        "abs_cosine": 0.022850757464766502,
        "r_squared": 0.000522157116713582
      },
      "25": {
        "cosine": -0.008627839386463165,
        "abs_cosine": 0.008627839386463165,
        "r_squared": 7.443961247860509e-05
      },
      "26": {
        "cosine": -0.008749653585255146,
        "abs_cosine": 0.008749653585255146,
        "r_squared": 7.655643786196823e-05
      },
      "27": {
        "cosine": 0.0011281793704256415,
        "abs_cosine": 0.0011281793704256415,
        "r_squared": 1.272788691853997e-06
      },
      "28": {
        "cosine": 0.0059510511346161366,
        "abs_cosine": 0.0059510511346161366,
        "r_squared": 3.5415009606816006e-05
      },
      "29": {
        "cosine": -0.008807499893009663,
        "abs_cosine": 0.008807499893009663,
        "r_squared": 7.757205436536522e-05
      },
      "30": {
        "cosine": -0.0209626667201519,
        "abs_cosine": 0.0209626667201519,
        "r_squared": 0.00043943339602016407
      },
      "31": {
        "cosine": -0.008538318797945976,
        "abs_cosine": 0.008538318797945976,
        "r_squared": 7.290288789535762e-05
      },
      "32": {
        "cosine": -0.01248997449874878,
        "abs_cosine": 0.01248997449874878,
        "r_squared": 0.00015599946297939482
      },
      "33": {
        "cosine": -0.03243571147322655,
        "abs_cosine": 0.03243571147322655,
        "r_squared": 0.0010520753787744003
      },
      "34": {
        "cosine": -0.004268842749297619,
        "abs_cosine": 0.004268842749297619,
        "r_squared": 1.8223018418230853e-05
      },
      "35": {
        "cosine": -0.019461022689938545,
        "abs_cosine": 0.019461022689938545,
        "r_squared": 0.0003787314041383029
      },
      "36": {
        "cosine": -0.015317592769861221,
        "abs_cosine": 0.015317592769861221,
        "r_squared": 0.00023462864826330476
      },
      "37": {
        "cosine": -2.2024363715900108e-05,
        "abs_cosine": 2.2024363715900108e-05,
        "r_squared": 4.850725970902572e-10
      },
      "38": {
        "cosine": -0.009055061265826225,
        "abs_cosine": 0.009055061265826225,
        "r_squared": 8.199413452786644e-05
      },
      "39": {
        "cosine": 0.011377155780792236,
        "abs_cosine": 0.011377155780792236,
        "r_squared": 0.0001294396736604142
      },
      "40": {
        "cosine": -0.021148549392819405,
        "abs_cosine": 0.021148549392819405,
        "r_squared": 0.000447261141420522
      }
    }
  },
  "control_profile": {
    "probe_type": "control",
    "n_layers": 35,
    "overall_mean_r2": 0.00016545343104232762,
    "overall_mean_abs_cos": 0.009690983460002047,
    "peak_layer": 14,
    "peak_cosine": 0.03714027628302574,
    "peak_abs_cosine": 0.03714027628302574,
    "peak_r2": 0.0013794001223794844,
    "onset_layer": null,
    "band_stats": {
      "early": {
        "mean_cos": -0.004855786572443321,
        "mean_abs_cos": 0.007529529713792726,
        "mean_r2": 0.00010029474279903125,
        "max_r2": 0.0003798591506870598,
        "r2_fraction": 0.08659729997497695,
        "n_layers": 5
      },
      "middle": {
        "mean_cos": 0.012612612089530255,
        "mean_abs_cos": 0.0134019911075787,
        "mean_r2": 0.0002825085364635897,
        "max_r2": 0.0013794001223794844,
        "r2_fraction": 0.7317774330400544,
        "n_layers": 15
      },
      "late": {
        "mean_cos": 0.006121605185520214,
        "mean_abs_cos": 0.006700460394495167,
        "mean_r2": 7.011788836883095e-05,
        "max_r2": 0.00035491844038768386,
        "r2_fraction": 0.18162526698496853,
        "n_layers": 15
      }
    },
    "normalized_entropy": 0.7508530016553286,