{
  "dim_name": "17_ai",
  "dim_id": 17,
  "reading_profile": {
    "probe_type": "reading",
    "n_layers": 35,
    "overall_mean_r2": 0.00029282836332724413,
    "overall_mean_abs_cos": 0.014611801300114685,
    "peak_layer": 33,
    "peak_cosine": -0.03290596604347229,
    "peak_abs_cosine": 0.03290596604347229,
    "peak_r2": 0.0010828026012541514,
    "onset_layer": null,
    "band_stats": {
      "early": {
        "mean_cos": 0.0009379279741551727,
        "mean_abs_cos": 0.0193551602831576,
        "mean_r2": 0.0005119874613430964,
        "max_r2": 0.0010726676244863231,
        "r2_fraction": 0.24977452687675403,
        "n_layers": 5
      },
      "middle": {
        "mean_cos": -0.003045393417899807,
        "mean_abs_cos": 0.01495143884482483,
        "mean_r2": 0.0002743572712791633,
        "max_r2": 0.0007969334420454589,
        "r2_fraction": 0.40153790553297275,
        "n_layers": 15
      },
      "late": {
        "mean_cos": -0.011435626246384344,
        "mean_abs_cos": 0.012691044094390235,
        "mean_r2": 0.00023824642270337418,
        "max_r2": 0.0010828026012541514,
        "r2_fraction": 0.3486875675902732,
        "n_layers": 15
      }
    },
    "normalized_entropy": 0.8608814048350777,
    "near_peak_layers": [
      9,
      10,
      11,
      19,
      33
    ],
    "near_peak_fraction": 0.14285714285714285,
    "sign_consistency": 0.7428571428571429,
    "dominant_sign": "negative",
    "profile_type": "negligible",
    "per_layer": {
      "6": {
        "cosine": 0.021191071718931198,
        "abs_cosine": 0.021191071718931198,
        "r_squared": 0.00044906152059688564
      },
      "7": {
        "cosine": -0.012857318855822086,
        "abs_cosine": 0.012857318855822086,
        "r_squared": 0.00016531064816027816
      },
      "8": {
        "cosine": -0.0004341570020187646,
        "abs_cosine": 0.0004341570020187646,
        "r_squared": 1.8849230240192158e-07
      },
      "9": {
        "cosine": 0.02954164892435074,
        "abs_cosine": 0.02954164892435074,
        "r_squared": 0.0008727090211695931
      },
      "10": {
        "cosine": -0.03275160491466522,
        "abs_cosine": 0.03275160491466522,
        "r_squared": 0.0010726676244863231
      },
      "11": {
        "cosine": 0.028230009600520134,
        "abs_cosine": 0.028230009600520134,
        "r_squared": 0.0007969334420454589
      },
      "12": {
        "cosine": -0.012688164599239826,
        "abs_cosine": 0.012688164599239826,
        "r_squared": 0.00016098952089740274
      },
      "13": {
        "cosine": 0.014904291369020939,
        "abs_cosine": 0.014904291369020939,
        "r_squared": 0.00022213790121267205
      },
      "14": {
        "cosine": 0.01630243845283985,
        "abs_cosine": 0.01630243845283985,
        "r_squared": 0.0002657694995086314
      },
      "15": {
        "cosine": 0.01840858720242977,
        "abs_cosine": 0.01840858720242977,
        "r_squared": 0.00033887608278946116
      },
      "16": {
        "cosine": -0.014803679659962654,
        "abs_cosine": 0.014803679659962654,
        "r_squared": 0.000219148931474792
      },
      "17": {
        "cosine": -0.01093892939388752,
        "abs_cosine": 0.01093892939388752,
        "r_squared": 0.00011966017628445638
      },
      "18": {
        "cosine": 0.01145001407712698,
        "abs_cosine": 0.01145001407712698,
        "r_squared": 0.000131102822366406
      },
      "19": {
        "cosine": -0.026645507663488388,
        "abs_cosine": 0.026645507663488388,
        "r_squared": 0.0007099830786450184
      },
      "20": {
        "cosine": -0.019703397527337074,
        "abs_cosine": 0.019703397527337074,
        "r_squared": 0.00038822387412027273
      },
      "21": {
        "cosine": -0.0029695911798626184,
        "abs_cosine": 0.0029695911798626184,
        "r_squared": 8.818471775517858e-06
      },
      "22": {
        "cosine": -0.011984058655798435,
        "abs_cosine": 0.011984058655798435,
        "r_squared": 0.0001436176618656174
      },
      "23": {
        "cosine": -0.004997739568352699,
        "abs_cosine": 0.004997739568352699,
        "r_squared": 2.4977400793078225e-05
      },
      "24": {
        "cosine": -0.023114299401640892,
        "abs_cosine": 0.023114299401640892,
        "r_squared": 0.0005342708368286965
      },
      "25": {
        "cosine": -0.007130874320864677,
        "abs_cosine": 0.007130874320864677,
        "r_squared": 5.0849368579967275e-05
      },
      "26": {
        "cosine": -0.009940635412931442,
        "abs_cosine": 0.009940635412931442,
        "r_squared": 9.881623241282667e-05
      },
      "27": {
        "cosine": -0.004201735369861126,
        "abs_cosine": 0.004201735369861126,
        "r_squared": 1.7654580118342013e-05
      },
      "28": {
        "cosine": 0.0008015165803954005,
        "abs_cosine": 0.0008015165803954005,
        "r_squared": 6.424288286487366e-07
      },
      "29": {
        "cosine": -0.010327719151973724,
        "abs_cosine": 0.010327719151973724,
        "r_squared": 0.00010666178288204486
      },
      "30": {
        "cosine": -0.024246523156762123,
        "abs_cosine": 0.024246523156762123,
        "r_squared": 0.0005878938851914019
      },
      "31": {
        "cosine": -0.009437575936317444,
        "abs_cosine": 0.009437575936317444,
        "r_squared": 8.906783955375808e-05
      },
      "32": {
        "cosine": -0.011519701220095158,
        "abs_cosine": 0.011519701220095158,
        "r_squared": 0.00013270351620026186
      },
      "33": {
        "cosine": -0.03290596604347229,
        "abs_cosine": 0.03290596604347229,
        "r_squared": 0.0010828026012541514
      },
      "34": {
        "cosine": -0.00685538025572896,
        "abs_cosine": 0.00685538025572896,
        "r_squared": 4.699623845063846e-05
      },
      "35": {
        "cosine": -0.018190898001194,
        "abs_cosine": 0.018190898001194,
        "r_squared": 0.0003309087700898439
      },
      "36": {
        "cosine": -0.01577063277363777,
        "abs_cosine": 0.01577063277363777,
        "r_squared": 0.0002487128580809378
      },
      "37": {
        "cosine": -0.00016347052587661892,
        "abs_cosine": 0.00016347052587661892,
        "r_squared": 2.6722612830378336e-08
      },
      "38": {
        "cosine": -0.013327973894774914,
        "abs_cosine": 0.013327973894774914,
        "r_squared": 0.00017763488813980158
      },
      "39": {
        "cosine": 0.00861411727964878,
        "abs_cosine": 0.00861411727964878,
        "r_squared": 7.420301650754371e-05
      },
      "40": {
        "cosine": -0.024061815813183784,
        "abs_cosine": 0.024061815813183784,
        "r_squared": 0.0005789709802275812
      }
    }
  },
  "control_profile": {
    "probe_type": "control",
    "n_layers": 35,
    "overall_mean_r2": 0.0001325622039665512,
    "overall_mean_abs_cos": 0.008442952427347855,
    "peak_layer": 14,
    "peak_cosine": 0.03200478479266167,
    "peak_abs_cosine": 0.03200478479266167,
    "peak_r2": 0.0010243062496245875,
    "onset_layer": null,
    "band_stats": {
      "early": {
        "mean_cos": -0.005418944568373263,
        "mean_abs_cos": 0.00703945776913315,
        "mean_r2": 9.861569826740758e-05,
        "max_r2": 0.00040141841226276967,
        "r2_fraction": 0.1062743110313607,
        "n_layers": 5
      },
      "middle": {
        "mean_cos": 0.01159347837480406,
        "mean_abs_cos": 0.012778629378105203,
        "mean_r2": 0.0002457494225107831,
        "max_r2": 0.0010243062496245875,
        "r2_fraction": 0.7945038474362203,
        "n_layers": 15
      },
      "late": {
        "mean_cos": 0.0014198765701924762,
        "mean_abs_cos": 0.0045751070293287436,
        "mean_r2": 3.069048732203379e-05,
        "max_r2": 0.00016278279043234565,
        "r2_fraction": 0.09922184153241893,
        "n_layers": 15
      }
    },
    "normalized_entropy": 0.731277442010813,