{
  "dim_name": "18_attention",
  "dim_id": 18,
  "reading_profile": {
    "probe_type": "reading",
    "n_layers": 35,
    "overall_mean_r2": 0.00031799466113919774,
    "overall_mean_abs_cos": 0.015124145353911444,
    "peak_layer": 33,
    "peak_cosine": -0.03408539295196533,
    "peak_abs_cosine": 0.03408539295196533,
    "peak_r2": 0.001161814012689888,
    "onset_layer": null,
    "band_stats": {
      "early": {
        "mean_cos": 0.0007636943133547902,
        "mean_abs_cos": 0.019148502382449806,
        "mean_r2": 0.0004928530419085142,
        "max_r2": 0.0010136112652339713,
        "r2_fraction": 0.2214111933932189,
        "n_layers": 5
      },
      "middle": {
        "mean_cos": -0.0050465388844410574,
        "mean_abs_cos": 0.015491581087311109,
        "mean_r2": 0.0003090089385628286,
        "max_r2": 0.00099594283993433,
        "r2_fraction": 0.41646108700938783,
        "n_layers": 15
      },
      "late": {
        "mean_cos": -0.011897216506379966,
        "mean_abs_cos": 0.01341525727766566,
        "mean_r2": 0.00026869425679246136,
        "max_r2": 0.001161814012689888,
        "r2_fraction": 0.3621277195973931,
        "n_layers": 15
      }
    },
    "normalized_entropy": 0.8566170633812515,
    "near_peak_layers": [
      9,
      10,
      11,
      19,
      24,
      33
    ],
    "near_peak_fraction": 0.17142857142857143,
    "sign_consistency": 0.7714285714285715,
    "dominant_sign": "negative",
    "profile_type": "negligible",
    "per_layer": {
      "6": {
        "cosine": 0.020843012258410454,
        "abs_cosine": 0.020843012258410454,
        "r_squared": 0.00043443116000424845
      },
      "7": {
        "cosine": -0.013350887224078178,
        "abs_cosine": 0.013350887224078178,
        "r_squared": 0.00017824618967005393
      },
      "8": {
        "cosine": -0.0007738707354292274,
        "abs_cosine": 0.0007738707354292274,
        "r_squared": 5.988759151537732e-07
      },
      "9": {
        "cosine": 0.028937479481101036,
        "abs_cosine": 0.028937479481101036,
        "r_squared": 0.0008373777187191435
      },
      "10": {
        "cosine": -0.03183726221323013,
        "abs_cosine": 0.03183726221323013,
        "r_squared": 0.0010136112652339713
      },
      "11": {
        "cosine": 0.0315585620701313,
        "abs_cosine": 0.0315585620701313,
        "r_squared": 0.00099594283993433
      },
      "12": {
        "cosine": -0.012825795449316502,
        "abs_cosine": 0.012825795449316502,
        "r_squared": 0.00016450102890770788
      },
      "13": {
        "cosine": 0.010123703628778458,
        "abs_cosine": 0.010123703628778458,
        "r_squared": 0.00010248937516334211
      },
      "14": {
        "cosine": 0.012163353152573109,
        "abs_cosine": 0.012163353152573109,
        "r_squared": 0.00014794715991421018
      },
      "15": {
        "cosine": 0.012527764774858952,
        "abs_cosine": 0.012527764774858952,
        "r_squared": 0.00015694489025419676
      },
      "16": {
        "cosine": -0.016811389476060867,
        "abs_cosine": 0.016811389476060867,
        "r_squared": 0.0002826228161158101
      },
      "17": {
        "cosine": -0.011407293379306793,
        "abs_cosine": 0.011407293379306793,
        "r_squared": 0.0001301263422415766
      },
      "18": {
        "cosine": 0.011964432895183563,
        "abs_cosine": 0.011964432895183563,
        "r_squared": 0.00014314765450335054
      },
      "19": {
        "cosine": -0.02777852676808834,
        "abs_cosine": 0.02777852676808834,
        "r_squared": 0.0007716465494054005
      },
      "20": {
        "cosine": -0.02297830395400524,
        "abs_cosine": 0.02297830395400524,
        "r_squared": 0.0005280024526026529
      },
      "21": {
        "cosine": -0.004492861218750477,
        "abs_cosine": 0.004492861218750477,
        "r_squared": 2.018580193095202e-05
      },
      "22": {
        "cosine": -0.016451647505164146,
        "abs_cosine": 0.016451647505164146,
        "r_squared": 0.0002706567056341737
      },
      "23": {
        "cosine": -0.006325566675513983,
        "abs_cosine": 0.006325566675513983,
        "r_squared": 4.001279376637302e-05
      },
      "24": {
        "cosine": -0.029093652963638306,
        "abs_cosine": 0.029093652963638306,
        "r_squared": 0.00084644064276862
      },
      "25": {
        "cosine": -0.005870862398296595,
        "abs_cosine": 0.005870862398296595,
        "r_squared": 3.446702529973284e-05
      },
      "26": {
        "cosine": -0.011470098048448563,
        "abs_cosine": 0.011470098048448563,
        "r_squared": 0.00013156314924102352
      },
      "27": {
        "cosine": -0.003174813697114587,
        "abs_cosine": 0.003174813697114587,
        "r_squared": 1.0079442011386391e-05
      },
      "28": {
        "cosine": -0.0006335997604764998,
        "abs_cosine": 0.0006335997604764998,
        "r_squared": 4.014486564758779e-07
      },
      "29": {
        "cosine": -0.011286746710538864,
        "abs_cosine": 0.011286746710538864,
        "r_squared": 0.00012739065130785987
      },
      "30": {
        "cosine": -0.025844939053058624,
        "abs_cosine": 0.025844939053058624,
        "r_squared": 0.0006679608746563148
      },
      "31": {
        "cosine": -0.014307991601526737,
        "abs_cosine": 0.014307991601526737,
        "r_squared": 0.00020471862366935965
      },
      "32": {
        "cosine": -0.01371671725064516,
        "abs_cosine": 0.01371671725064516,
        "r_squared": 0.00018814833213414654
      },
      "33": {
        "cosine": -0.03408539295196533,
        "abs_cosine": 0.03408539295196533,
        "r_squared": 0.001161814012689888
      },
      "34": {
        "cosine": -0.00284200650639832,
        "abs_cosine": 0.00284200650639832,
        "r_squared": 8.077000982410385e-06
      },
      "35": {
        "cosine": -0.017719488590955734,
        "abs_cosine": 0.017719488590955734,
        "r_squared": 0.00031398027592501043
      },
      "36": {
        "cosine": -0.01679823361337185,
        "abs_cosine": 0.01679823361337185,
        "r_squared": 0.00028218065252941585
      },
      "37": {
        "cosine": -6.04216184001416e-05,
        "abs_cosine": 6.04216184001416e-05,
        "r_squared": 3.6507719700923296e-09
      },
      "38": {
        "cosine": -0.012388477101922035,
        "abs_cosine": 0.012388477101922035,
        "r_squared": 0.0001534743649048466
      },
      "39": {
        "cosine": 0.011385305784642696,
        "abs_cosine": 0.011385305784642696,
        "r_squared": 0.00012962518780981844
      },
      "40": {
        "cosine": -0.025514626875519753,
        "abs_cosine": 0.025514626875519753,
        "r_squared": 0.0006509961845969948
      }
    }
  },
  "control_profile": {
    "probe_type": "control",
    "n_layers": 35,
    "overall_mean_r2": 9.82761390053145e-05,
    "overall_mean_abs_cos": 0.007606277039407619,
    "peak_layer": 14,
    "peak_cosine": 0.02659306675195694,
    "peak_abs_cosine": 0.02659306675195694,
    "peak_r2": 0.0007071911992740376,
    "onset_layer": null,
    "band_stats": {
      "early": {
        "mean_cos": -0.007633021892979741,
        "mean_abs_cos": 0.008650361793115735,
        "mean_r2": 0.00013409597398116686,
        "max_r2": 0.0004894483768530834,
        "r2_fraction": 0.19492592917757312,
        "n_layers": 5
      },
      "middle": {
        "mean_cos": 0.0055433168347614505,
        "mean_abs_cos": 0.009990638125843058,
        "mean_r2": 0.00014856506232685862,
        "max_r2": 0.0007071911992740376,
        "r2_fraction": 0.6478758897292657,
        "n_layers": 15
      },
      "late": {
        "mean_cos": -0.0006288462590115766,
        "mean_abs_cos": 0.004873887701736143,
        "mean_r2": 3.6047270691819595e-05,
        "max_r2": 0.0002081904836361316,
        "r2_fraction": 0.1571981810931612,
        "n_layers": 15
      }
    },
    "normalized_entropy": 0.7619328576984538,