{
  "dim_name": "21_sysprompt_talkto_ai",
  "dim_id": 21,
  "reading_profile": {
    "probe_type": "reading",
    "n_layers": 35,
    "overall_mean_r2": 0.00031228755677606873,
    "overall_mean_abs_cos": 0.0147967305209022,
    "peak_layer": 10,
    "peak_cosine": -0.03433810919523239,
    "peak_abs_cosine": 0.03433810919523239,
    "peak_r2": 0.0011791057431037033,
    "onset_layer": null,
    "band_stats": {
      "early": {
        "mean_cos": 0.0038816538639366628,
        "mean_abs_cos": 0.02146019535139203,
        "mean_r2": 0.0006074961080941379,
        "max_r2": 0.0011791057431037033,
        "r2_fraction": 0.2779014290389846,
        "n_layers": 5
      },
      "middle": {
        "mean_cos": -0.0032186585847133148,
        "mean_abs_cos": 0.014047568844398483,
        "mean_r2": 0.0002729374089402893,
        "max_r2": 0.0008806589858194637,
        "r2_fraction": 0.37456879956315914,
        "n_layers": 15
      },
      "late": {
        "mean_cos": -0.010622522747144102,
        "mean_abs_cos": 0.01332473725390931,
        "mean_r2": 0.0002532348541724918,
        "max_r2": 0.0009249657456082729,
        "r2_fraction": 0.3475297713978562,
        "n_layers": 15
      }
    },
    "normalized_entropy": 0.842892915704271,
    "near_peak_layers": [
      9,
      10,
      11,
      19,
      33,
      40
    ],
    "near_peak_fraction": 0.17142857142857143,
    "sign_consistency": 0.6571428571428571,
    "dominant_sign": "negative",
    "profile_type": "negligible",
    "per_layer": {
      "6": {
        "cosine": 0.025763479992747307,
        "abs_cosine": 0.025763479992747307,
        "r_squared": 0.0006637569013366908
      },
      "7": {
        "cosine": -0.009608244523406029,
        "abs_cosine": 0.009608244523406029,
        "r_squared": 9.231836282156194e-05
      },
      "8": {
        "cosine": 0.004728721920400858,
        "abs_cosine": 0.004728721920400858,
        "r_squared": 2.2360811000479578e-05
      },
      "9": {
        "cosine": 0.03286242112517357,
        "abs_cosine": 0.03286242112517357,
        "r_squared": 0.001079938722208254
      },
      "10": {
        "cosine": -0.03433810919523239,
        "abs_cosine": 0.03433810919523239,
        "r_squared": 0.0011791057431037033
      },
      "11": {
        "cosine": 0.028092151507735252,
        "abs_cosine": 0.028092151507735252,
        "r_squared": 0.000789168976333552
      },
      "12": {
        "cosine": -0.012177467346191406,
        "abs_cosine": 0.012177467346191406,
        "r_squared": 0.00014829071096755797
      },
      "13": {
        "cosine": 0.012660239823162556,
        "abs_cosine": 0.012660239823162556,
        "r_squared": 0.00016028167237999106
      },
      "14": {
        "cosine": 0.01660306565463543,
        "abs_cosine": 0.01660306565463543,
        "r_squared": 0.0002756617891321346
      },
      "15": {
        "cosine": 0.02343328297138214,
        "abs_cosine": 0.02343328297138214,
        "r_squared": 0.0005491187508168682
      },
      "16": {
        "cosine": -0.01513557881116867,
        "abs_cosine": 0.01513557881116867,
        "r_squared": 0.00022908574594909803
      },
      "17": {
        "cosine": -0.012144356034696102,
        "abs_cosine": 0.012144356034696102,
        "r_squared": 0.00014748538349745963
      },
      "18": {
        "cosine": 0.0004280869907233864,
        "abs_cosine": 0.0004280869907233864,
        "r_squared": 1.8325847162660472e-07
      },
      "19": {
        "cosine": -0.02967589907348156,
        "abs_cosine": 0.02967589907348156,
        "r_squared": 0.0008806589858194637
      },
      "20": {
        "cosine": -0.022659635171294212,
        "abs_cosine": 0.022659635171294212,
        "r_squared": 0.0005134590660961537
      },
      "21": {
        "cosine": -0.005066270940005779,
        "abs_cosine": 0.005066270940005779,
        "r_squared": 2.5667101237547042e-05
      },
      "22": {
        "cosine": -0.010233361274003983,
        "abs_cosine": 0.010233361274003983,
        "r_squared": 0.00010472168296428441
      },
      "23": {
        "cosine": -0.00391371687874198,
        "abs_cosine": 0.00391371687874198,
        "r_squared": 1.5317179806949863e-05
      },
      "24": {
        "cosine": -0.015726452693343163,
        "abs_cosine": 0.015726452693343163,
        "r_squared": 0.0002473213143159604
      },
      "25": {
        "cosine": -0.0027639674954116344,
        "abs_cosine": 0.0027639674954116344,
        "r_squared": 7.639516315692063e-06
      },
      "26": {
        "cosine": -0.0033319301437586546,
        "abs_cosine": 0.0033319301437586546,
        "r_squared": 1.1101758482887569e-05
      },
      "27": {
        "cosine": 0.007657797075808048,
        "abs_cosine": 0.007657797075808048,
        "r_squared": 5.8641856054254295e-05
      },
      "28": {
        "cosine": 0.0032403375953435898,
        "abs_cosine": 0.0032403375953435898,
        "r_squared": 1.0499787731797078e-05
      },
      "29": {
        "cosine": -0.008106223307549953,
        "abs_cosine": 0.008106223307549953,
        "r_squared": 6.571085631186611e-05
      },
      "30": {
        "cosine": -0.019959304481744766,
        "abs_cosine": 0.019959304481744766,
        "r_squared": 0.0003983738353949967
      },
      "31": {
        "cosine": 0.005104225128889084,
        "abs_cosine": 0.005104225128889084,
        "r_squared": 2.6053114166382785e-05
      },
      "32": {
        "cosine": -0.009131955914199352,
        "abs_cosine": 0.009131955914199352,
        "r_squared": 8.339261881888053e-05
      },
      "33": {
        "cosine": -0.02877318114042282,
        "abs_cosine": 0.02877318114042282,
        "r_squared": 0.0008278959529395835
      },
      "34": {
        "cosine": -0.01621153950691223,
        "abs_cosine": 0.01621153950691223,
        "r_squared": 0.0002628140131841761
      },
      "35": {
        "cosine": -0.01824704371392727,
        "abs_cosine": 0.01824704371392727,
        "r_squared": 0.00033295460429797266
      },
      "36": {
        "cosine": -0.01615479774773121,
        "abs_cosine": 0.01615479774773121,
        "r_squared": 0.00026097749027010134
      },
      "37": {
        "cosine": -0.007987876422703266,
        "abs_cosine": 0.007987876422703266,
        "r_squared": 6.380616974437873e-05
      },
      "38": {
        "cosine": -0.021287348121404648,
        "abs_cosine": 0.021287348121404648,
        "r_squared": 0.00045315119004187
      },
      "39": {
        "cosine": 0.004264249000698328,
        "abs_cosine": 0.004264249000698328,
        "r_squared": 1.818381953995669e-05
      },
      "40": {
        "cosine": -0.030413249507546425,
        "abs_cosine": 0.030413249507546425,
        "r_squared": 0.0009249657456082729
      }
    }
  },
  "control_profile": {
    "probe_type": "control",
    "n_layers": 35,
    "overall_mean_r2": 0.000266411563619994,
    "overall_mean_abs_cos": 0.012788509886636998,
    "peak_layer": 14,
    "peak_cosine": 0.03470449894666672,
    "peak_abs_cosine": 0.03470449894666672,
    "peak_r2": 0.0012044022471391913,
    "onset_layer": null,
    "band_stats": {
      "early": {
        "mean_cos": -0.0007670079590752721,
        "mean_abs_cos": 0.005974559183232486,
        "mean_r2": 4.51965745447548e-05,
        "max_r2": 0.00011112684617401239,
        "r2_fraction": 0.0242356353405261,
        "n_layers": 5
      },
      "middle": {
        "mean_cos": 0.020329970121383666,
        "mean_abs_cos": 0.020329970121383666,
        "mean_r2": 0.0005223577176943599,
        "max_r2": 0.0012044022471391913,
        "r2_fraction": 0.8403073434789214,
        "n_layers": 15
      },
      "late": {
        "mean_cos": 0.006745325387358511,
        "mean_abs_cos": 0.007518366553025165,
        "mean_r2": 8.42037392373745e-05,
        "max_r2": 0.0002776033663759482,
        "r2_fraction": 0.13545702118055253,
        "n_layers": 15
      }
    },
    "normalized_entropy": 0.7849550909972494,