{
  "1_phenomenology": {
    "dim_id": 1,
    "reading_mean_r2": 0.00031477920219242454,
    "control_mean_r2": 0.00029499709912798617,
    "reading_boot_ci95": [
      0.0,
      0.0
    ],
    "control_boot_ci95": [
      0.0,
      0.0
    ]
  },
  "2_emotions": {
    "dim_id": 2,
    "reading_mean_r2": 0.0003147443382208077,
    "control_mean_r2": 0.0003586250805876113,
    "reading_boot_ci95": [
      0.0,
      0.0
    ],
    "control_boot_ci95": [
      0.0,
      0.0
    ]
  },
  "3_agency": {
    "dim_id": 3,
    "reading_mean_r2": 0.0003345966795614388,
    "control_mean_r2": 0.00031245064361787805,
    "reading_boot_ci95": [
      0.0,
      0.0
    ],
    "control_boot_ci95": [
      0.0,
      0.0
    ]
  },
  "4_intentions": {
    "dim_id": 4,
    "reading_mean_r2": 0.0003243136200405439,
    "control_mean_r2": 0.0002988585631140577,
    "reading_boot_ci95": [
      0.0,
      0.0
    ],
    "control_boot_ci95": [
      0.0,
      0.0
    ]
  },
  "5_prediction": {
    "dim_id": 5,
    "reading_mean_r2": 0.00034054355479719604,
    "control_mean_r2": 0.0003763592381519466,
    "reading_boot_ci95": [
      0.0,
      0.0
    ],
    "control_boot_ci95": [
      0.0,
      0.0
    ]
  },
  "6_cognitive": {
    "dim_id": 6,
    "reading_mean_r2": 0.0003234153560072999,
    "control_mean_r2": 0.0003473014707411308,
    "reading_boot_ci95": [
      0.0,
      0.0
    ],
    "control_boot_ci95": [
      0.0,
      0.0
    ]
  },
  "7_social": {
    "dim_id": 7,
    "reading_mean_r2": 0.00032719013939477273,
    "control_mean_r2": 0.00033948380456188393,
    "reading_boot_ci95": [
      0.0,
      0.0
    ],
    "control_boot_ci95": [
      0.0,
      0.0
    ]
  },
  "8_embodiment": {
    "dim_id": 8,
    "reading_mean_r2": 0.0003188101938100395,
    "control_mean_r2": 0.000257785732707374,
    "reading_boot_ci95": [
      0.0,
      0.0
    ],
    "control_boot_ci95": [
      0.0,
      0.0
    ]
  },
  "9_roles": {
    "dim_id": 9,
    "reading_mean_r2": 0.00031197829736329385,
    "control_mean_r2": 0.00030997902766333066,
    "reading_boot_ci95": [
      0.0,
      0.0
    ],
    "control_boot_ci95": [
      0.0,
      0.0
    ]
  },
  "10_animacy": {
    "dim_id": 10,
    "reading_mean_r2": 0.00030233926503885885,
    "control_mean_r2": 0.0003713753484089946,
    "reading_boot_ci95": [
      0.0,
      0.0
    ],
    "control_boot_ci95": [
      0.0,
      0.0
    ]
  },
  "11_formality": {
    "dim_id": 11,
    "reading_mean_r2": 0.00031498691719444204,
    "control_mean_r2": 0.0003479508026337787,
    "reading_boot_ci95": [
      0.0,
      0.0
    ],
    "control_boot_ci95": [
      0.0,
      0.0
    ]
  },
  "12_expertise": {
    "dim_id": 12,
    "reading_mean_r2": 0.00031765562139636803,
    "control_mean_r2": 0.0004155504606061101,
    "reading_boot_ci95": [
      0.0,
      0.0
    ],
    "control_boot_ci95": [
      0.0,
      0.0
    ]
  },
  "13_helpfulness": {
    "dim_id": 13,
    "reading_mean_r2": 0.0003191619884529546,
    "control_mean_r2": 0.00034094607596366766,
    "reading_boot_ci95": [
      0.0,
      0.0
    ],
    "control_boot_ci95": [
      0.0,
      0.0
    ]
  },
  "14_biological": {
    "dim_id": 14,
    "reading_mean_r2": 0.00030234243032703,
    "control_mean_r2": 0.000310519293317746,
    "reading_boot_ci95": [
      0.0,
      0.0
    ],
    "control_boot_ci95": [
      0.0,
      0.0
    ]
  },
  "15_shapes": {
    "dim_id": 15,
    "reading_mean_r2": 0.0003184414112557227,
    "control_mean_r2": 0.00030139967382873824,
    "reading_boot_ci95": [
      0.0,
      0.0
    ],
    "control_boot_ci95": [
      0.0,
      0.0
    ]
  },
  "16_human": {
    "dim_id": 16,
    "reading_mean_r2": 0.0003185805893634397,
    "control_mean_r2": 0.0002831916291713438,
    "reading_boot_ci95": [
      0.0,
      0.0
    ],
    "control_boot_ci95": [
      0.0,
      0.0
    ]
  },
  "17_ai": {
    "dim_id": 17,
    "reading_mean_r2": 0.00030706771824145335,
    "control_mean_r2": 0.0003792985271772499,
    "reading_boot_ci95": [
      0.0,
      0.0
    ],
    "control_boot_ci95": [
      0.0,
      0.0
    ]
  },
  "18_attention": {
    "dim_id": 18,
    "reading_mean_r2": 0.0003179600067341328,
    "control_mean_r2": 0.00032016275332589426,
    "reading_boot_ci95": [
      0.0,
      0.0
    ],
    "control_boot_ci95": [
      0.0,
      0.0
    ]
  },
  "25_beliefs": {
    "dim_id": 25,
    "reading_mean_r2": 0.00032163931411945026,
    "control_mean_r2": 0.0003116523048549071,
    "reading_boot_ci95": [
      0.0,
      0.0
    ],
    "control_boot_ci95": [
      0.0,
      0.0
    ]
  },
  "26_desires": {
    "dim_id": 26,
    "reading_mean_r2": 0.00031889640543708125,
    "control_mean_r2": 0.0003154163552144809,
    "reading_boot_ci95": [
      0.0,
      0.0
    ],
    "control_boot_ci95": [
      0.0,
      0.0
    ]
  },
  "27_goals": {
    "dim_id": 27,
    "reading_mean_r2": 0.000310527428027283,
    "control_mean_r2": 0.00029001651050312776,
    "reading_boot_ci95": [
      0.0,
      0.0
    ],
    "control_boot_ci95": [
      0.0,
      0.0
    ]
  },
  "30_granite_sandstone": {
    "dim_id": 30,
    "reading_mean_r2": 0.0003223623234008444,
    "control_mean_r2": 0.00028484584311976773,
    "reading_boot_ci95": [
      0.0,
      0.0
    ],
    "control_boot_ci95": [
      0.0,
      0.0
    ]
  },
  "31_squares_triangles": {
    "dim_id": 31,
    "reading_mean_r2": 0.00031144507099292994,
    "control_mean_r2": 0.0003118399034842999,
    "reading_boot_ci95": [
      0.0,
      0.0
    ],
    "control_boot_ci95": [
      0.0,
      0.0
    ]
  },
  "32_horizontal_vertical": {
    "dim_id": 32,
    "reading_mean_r2": 0.0003207322259754952,
    "control_mean_r2": 0.0003050543040712921,
    "reading_boot_ci95": [
      0.0,
      0.0
    ],
    "control_boot_ci95": [
      0.0,
      0.0
    ]
  }
}