{
  "dim_name": "15_shapes",
  "dim_id": 15,
  "reading_profile": {
    "probe_type": "reading",
    "n_layers": 35,
    "overall_mean_r2": 0.00046330799441721425,
    "overall_mean_abs_cos": 0.018603605810286743,
    "peak_layer": 40,
    "peak_cosine": -0.04570109769701958,
    "peak_abs_cosine": 0.04570109769701958,
    "peak_r2": 0.002088590330712528,
    "onset_layer": null,
    "band_stats": {
      "early": {
        "mean_cos": -0.007792582036927342,
        "mean_abs_cos": 0.013252323167398572,
        "mean_r2": 0.0002225870275647644,
        "max_r2": 0.00041664913143641194,
        "r2_fraction": 0.06863284721638484,
        "n_layers": 5
      },
      "middle": {
        "mean_cos": -0.013512646437933047,
        "mean_abs_cos": 0.014824453151474397,
        "mean_r2": 0.0002875977399008023,
        "max_r2": 0.0008357907853562586,
        "r2_fraction": 0.26603506895719,
        "n_layers": 15
      },
      "late": {
        "mean_cos": -0.023329946616043647,
        "mean_abs_cos": 0.024166519350061814,
        "mean_r2": 0.0007192585712177762,
        "max_r2": 0.002088590330712528,
        "r2_fraction": 0.6653320838264252,
        "n_layers": 15
      }
    },
    "normalized_entropy": 0.8652571833489322,
    "near_peak_layers": [
      29,
      33,
      40
    ],
    "near_peak_fraction": 0.08571428571428572,
    "sign_consistency": 0.9142857142857143,
    "dominant_sign": "negative",
    "profile_type": "negligible",
    "per_layer": {
      "6": {
        "cosine": 0.013649352826178074,
        "abs_cosine": 0.013649352826178074,
        "r_squared": 0.00018630483257349537
      },
      "7": {
        "cosine": -0.020411984995007515,
        "abs_cosine": 0.020411984995007515,
        "r_squared": 0.00041664913143641194
      },
      "8": {
        "cosine": -0.01890150085091591,
        "abs_cosine": 0.01890150085091591,
        "r_squared": 0.0003572667344171748
      },
      "9": {
        "cosine": -0.0009799220133572817,
        "abs_cosine": 0.0009799220133572817,
        "r_squared": 9.602471522621885e-07
      },
      "10": {
        "cosine": -0.01231885515153408,
        "abs_cosine": 0.01231885515153408,
        "r_squared": 0.00015175419224447775
      },
      "11": {
        "cosine": 0.009838550351560116,
        "abs_cosine": 0.009838550351560116,
        "r_squared": 9.679707302018368e-05
      },
      "12": {
        "cosine": -0.024631066247820854,
        "abs_cosine": 0.024631066247820854,
        "r_squared": 0.0006066894245045397
      },
      "13": {
        "cosine": -0.01104060560464859,
        "abs_cosine": 0.01104060560464859,
        "r_squared": 0.00012189497211739786
      },
      "14": {
        "cosine": -0.0028492023702710867,
        "abs_cosine": 0.0028492023702710867,
        "r_squared": 8.117954146758379e-06
      },
      "15": {
        "cosine": -0.0026970894541591406,
        "abs_cosine": 0.0026970894541591406,
        "r_squared": 7.274291523736451e-06
      },
      "16": {
        "cosine": -0.0233962070196867,
        "abs_cosine": 0.0233962070196867,
        "r_squared": 0.0005473825029080372
      },
      "17": {
        "cosine": -0.019612949341535568,
        "abs_cosine": 0.019612949341535568,
        "r_squared": 0.0003846677818736405
      },
      "18": {
        "cosine": -0.004317619372159243,
        "abs_cosine": 0.004317619372159243,
        "r_squared": 1.8641837042844773e-05
      },
      "19": {
        "cosine": -0.019953187555074692,
        "abs_cosine": 0.019953187555074692,
        "r_squared": 0.00039812969360798756
      },
      "20": {
        "cosine": -0.021687762811779976,
        "abs_cosine": 0.021687762811779976,
        "r_squared": 0.0004703590557800265
      },
      "21": {
        "cosine": -0.017512353137135506,
        "abs_cosine": 0.017512353137135506,
        "r_squared": 0.0003066825123997398
      },
      "22": {
        "cosine": -0.01702258177101612,
        "abs_cosine": 0.01702258177101612,
        "r_squared": 0.00028976829015093034
      },
      "23": {
        "cosine": -0.004800630267709494,
        "abs_cosine": 0.004800630267709494,
        "r_squared": 2.3046050967248525e-05
      },
      "24": {
        "cosine": -0.028910046443343163,
        "abs_cosine": 0.028910046443343163,
        "r_squared": 0.0008357907853562586
      },
      "25": {
        "cosine": -0.014096945524215698,
        "abs_cosine": 0.014096945524215698,
        "r_squared": 0.000198723873112705
      },
      "26": {
        "cosine": -0.02014147862792015,
        "abs_cosine": 0.02014147862792015,
        "r_squared": 0.0004056791613189642
      },
      "27": {
        "cosine": -0.011136391200125217,
        "abs_cosine": 0.011136391200125217,
        "r_squared": 0.00012401920896222638
      },
      "28": {
        "cosine": -0.01781320758163929,
        "abs_cosine": 0.01781320758163929,
        "r_squared": 0.0003173103643465715
      },
      "29": {
        "cosine": -0.03688589856028557,
        "abs_cosine": 0.03688589856028557,
        "r_squared": 0.001360569512599677
      },
      "30": {
        "cosine": -0.03336889669299126,
        "abs_cosine": 0.03336889669299126,
        "r_squared": 0.0011134832665075228
      },
      "31": {
        "cosine": -0.017086714506149292,
        "abs_cosine": 0.017086714506149292,
        "r_squared": 0.00029195581261465264
      },
      "32": {
        "cosine": -0.02761235646903515,
        "abs_cosine": 0.02761235646903515,
        "r_squared": 0.0007624422297730672
      },
      "33": {
        "cosine": -0.041382111608982086,
        "abs_cosine": 0.041382111608982086,
        "r_squared": 0.00171247916121825
      },
      "34": {
        "cosine": -0.012345517054200172,
        "abs_cosine": 0.012345517054200172,
        "r_squared": 0.0001524117913355473
      },
      "35": {
        "cosine": -0.027284031733870506,
        "abs_cosine": 0.027284031733870506,
        "r_squared": 0.0007444183876548528
      },
      "36": {
        "cosine": -0.031163247302174568,
        "abs_cosine": 0.031163247302174568,
        "r_squared": 0.0009711479824164905
      },
      "37": {
        "cosine": -0.009513463824987411,
        "abs_cosine": 0.009513463824987411,
        "r_squared": 9.050599394934411e-05
      },
      "38": {
        "cosine": -0.024789081886410713,
        "abs_cosine": 0.024789081886410713,
        "r_squared": 0.0006144985807711757
      },
      "39": {
        "cosine": 0.0062742955051362514,
        "abs_cosine": 0.0062742955051362514,
        "r_squared": 3.936678408577297e-05
      },
      "40": {
        "cosine": -0.04570109769701958,
        "abs_cosine": 0.04570109769701958,
        "r_squared": 0.002088590330712528
      }
    }
  },
  "control_profile": {
    "probe_type": "control",
    "n_layers": 35,
    "overall_mean_r2": 0.003934688868311243,
    "overall_mean_abs_cos": 0.052495483841214864,
    "peak_layer": 14,
    "peak_cosine": -0.1343427449464798,
    "peak_abs_cosine": 0.1343427449464798,
    "peak_r2": 0.018047973119754923,
    "onset_layer": 6,
    "band_stats": {
      "early": {
        "mean_cos": -0.08968433737754822,
        "mean_abs_cos": 0.08968433737754822,
        "mean_r2": 0.008359972018290685,
        "max_r2": 0.011742281963088352,
        "r2_fraction": 0.30352634143884716,
        "n_layers": 5
      },
      "middle": {
        "mean_cos": -0.06721795213719209,
        "mean_abs_cos": 0.06721795213719209,
        "mean_r2": 0.005588537082296809,
        "max_r2": 0.018047973119754923,
        "r2_fraction": 0.6087107268566095,
        "n_layers": 15
      },
      "late": {
        "mean_cos": -0.02537673103312651,
        "mean_abs_cos": 0.02537673103312651,
        "mean_r2": 0.0008057462709991949,
        "max_r2": 0.0024394945770334076,
        "r2_fraction": 0.0877629317045433,
        "n_layers": 15
      }
    },
    "normalized_entropy": 0.8321958004701889,