{
  "dim_name": "16_human",
  "dim_id": 16,
  "reading_profile": {
    "probe_type": "reading",
    "n_layers": 35,
    "overall_mean_r2": 0.0005167112022614453,
    "overall_mean_abs_cos": 0.020025724145982946,
    "peak_layer": 40,
    "peak_cosine": -0.044951021671295166,
    "peak_abs_cosine": 0.044951021671295166,
    "peak_r2": 0.0020205943492932477,
    "onset_layer": null,
    "band_stats": {
      "early": {
        "mean_cos": -0.011142422771081328,
        "mean_abs_cos": 0.015888828551396728,
        "mean_r2": 0.00032314025454311193,
        "max_r2": 0.0006775503459638434,
        "r2_fraction": 0.0893398349099491,
        "n_layers": 5
      },
      "middle": {
        "mean_cos": -0.015294295564914743,
        "mean_abs_cos": 0.01761583435970048,
        "mean_r2": 0.0003859429571496811,
        "max_r2": 0.0009341436866039943,
        "r2_fraction": 0.32010942237909784,
        "n_layers": 15
      },
      "late": {
        "mean_cos": -0.023722552601248025,
        "mean_abs_cos": 0.023814579130460818,
        "mean_r2": 0.0007120030966126542,
        "max_r2": 0.0020205943492932477,
        "r2_fraction": 0.5905507427109531,
        "n_layers": 15
      }
    },
    "normalized_entropy": 0.8859913303303489,
    "near_peak_layers": [
      33,
      40
    ],
    "near_peak_fraction": 0.05714285714285714,
    "sign_consistency": 0.8857142857142857,
    "dominant_sign": "negative",
    "profile_type": "negligible",
    "per_layer": {
      "6": {
        "cosine": 0.011866014450788498,
        "abs_cosine": 0.011866014450788498,
        "r_squared": 0.00014080229894632146
      },
      "7": {
        "cosine": -0.02602979727089405,
        "abs_cosine": 0.02602979727089405,
        "r_squared": 0.0006775503459638434
      },
      "8": {
        "cosine": -0.022513242438435555,
        "abs_cosine": 0.022513242438435555,
        "r_squared": 0.0005068460850917757
      },
      "9": {
        "cosine": -0.002123788697645068,
        "abs_cosine": 0.002123788697645068,
        "r_squared": 4.510478432244935e-06
      },
      "10": {
        "cosine": -0.016911299899220467,
        "abs_cosine": 0.016911299899220467,
        "r_squared": 0.00028599206428137416
      },
      "11": {
        "cosine": 0.014504154212772846,
        "abs_cosine": 0.014504154212772846,
        "r_squared": 0.0002103704894278963
      },
      "12": {
        "cosine": -0.026230955496430397,
        "abs_cosine": 0.026230955496430397,
        "r_squared": 0.0006880630262557121
      },
      "13": {
        "cosine": -0.009853485971689224,
        "abs_cosine": 0.009853485971689224,
        "r_squared": 9.709118579427634e-05
      },
      "14": {
        "cosine": -0.004189131781458855,
        "abs_cosine": 0.004189131781458855,
        "r_squared": 1.7548825082428637e-05
      },
      "15": {
        "cosine": 0.0029073867481201887,
        "abs_cosine": 0.0029073867481201887,
        "r_squared": 8.452897703144886e-06
      },
      "16": {
        "cosine": -0.03056376427412033,
        "abs_cosine": 0.03056376427412033,
        "r_squared": 0.0009341436866039943
      },
      "17": {
        "cosine": -0.02630496211349964,
        "abs_cosine": 0.02630496211349964,
        "r_squared": 0.0006919510317926515
      },
      "18": {
        "cosine": -0.011846491135656834,
        "abs_cosine": 0.011846491135656834,
        "r_squared": 0.00014033935222719594
      },
      "19": {
        "cosine": -0.02107037417590618,
        "abs_cosine": 0.02107037417590618,
        "r_squared": 0.0004439606679126941
      },
      "20": {
        "cosine": -0.023466041311621666,
        "abs_cosine": 0.023466041311621666,
        "r_squared": 0.0005506550948387347
      },
      "21": {
        "cosine": -0.02148200199007988,
        "abs_cosine": 0.02148200199007988,
        "r_squared": 0.0004614764095017959
      },
      "22": {
        "cosine": -0.020525705069303513,
        "abs_cosine": 0.020525705069303513,
        "r_squared": 0.0004213045685920319
      },
      "23": {
        "cosine": -0.006317528896033764,
        "abs_cosine": 0.006317528896033764,
        "r_squared": 3.991117135222159e-05
      },
      "24": {
        "cosine": -0.028507595881819725,
        "abs_cosine": 0.028507595881819725,
        "r_squared": 0.000812683022961145
      },
      "25": {
        "cosine": -0.01646793633699417,
        "abs_cosine": 0.01646793633699417,
        "r_squared": 0.000271192927199293
      },
      "26": {
        "cosine": -0.01823311671614647,
        "abs_cosine": 0.01823311671614647,
        "r_squared": 0.0003324465451846198
      },
      "27": {
        "cosine": -0.012721105478703976,
        "abs_cosine": 0.012721105478703976,
        "r_squared": 0.0001618265246003123
      },
      "28": {
        "cosine": -0.016660867258906364,
        "abs_cosine": 0.016660867258906364,
        "r_squared": 0.0002775844978188981
      },
      "29": {
        "cosine": -0.03533096984028816,
        "abs_cosine": 0.03533096984028816,
        "r_squared": 0.0012482774298553517
      },
      "30": {
        "cosine": -0.031002607196569443,
        "abs_cosine": 0.031002607196569443,
        "r_squared": 0.0009611616529847794
      },
      "31": {
        "cosine": -0.013848802074790001,
        "abs_cosine": 0.013848802074790001,
        "r_squared": 0.00019178931890670783
      },
      "32": {
        "cosine": -0.03225988149642944,
        "abs_cosine": 0.03225988149642944,
        "r_squared": 0.0010406999541636708
      },
      "33": {
        "cosine": -0.042805228382349014,
        "abs_cosine": 0.042805228382349014,
        "r_squared": 0.0018322875768650576
      },
      "34": {
        "cosine": -0.018417900428175926,
        "abs_cosine": 0.018417900428175926,
        "r_squared": 0.00033921905618220297
      },
      "35": {
        "cosine": -0.029531287029385567,
        "abs_cosine": 0.029531287029385567,
        "r_squared": 0.0008720969136119562
      },
      "36": {
        "cosine": -0.028771309182047844,
        "abs_cosine": 0.028771309182047844,
        "r_squared": 0.0008277882320489906
      },
      "37": {
        "cosine": -0.010430442169308662,
        "abs_cosine": 0.010430442169308662,
        "r_squared": 0.0001087941238472924
      },
      "38": {
        "cosine": -0.021563949063420296,
        "abs_cosine": 0.021563949063420296,
        "r_squared": 0.00046500389920978505
      },
      "39": {
        "cosine": 0.0006901989690959454,
        "abs_cosine": 0.0006901989690959454,
        "r_squared": 4.7637461694110574e-07
      },
      "40": {
        "cosine": -0.044951021671295166,
        "abs_cosine": 0.044951021671295166,
        "r_squared": 0.0020205943492932477
      }
    }
  },
  "control_profile": {
    "probe_type": "control",
    "n_layers": 35,
    "overall_mean_r2": 0.0036099786929534813,
    "overall_mean_abs_cos": 0.05056005377056343,
    "peak_layer": 14,
    "peak_cosine": -0.1218404695391655,
    "peak_abs_cosine": 0.1218404695391655,
    "peak_r2": 0.014845100017524315,
    "onset_layer": 6,
    "band_stats": {
      "early": {
        "mean_cos": -0.08852819949388505,
        "mean_abs_cos": 0.08852819949388505,
        "mean_r2": 0.008110732994726411,
        "max_r2": 0.01158626335078794,
        "r2_fraction": 0.32096481465817445,
        "n_layers": 5
      },
      "middle": {
        "mean_cos": -0.06383320937554042,
        "mean_abs_cos": 0.06383320937554042,
        "mean_r2": 0.004957867589923458,
        "max_r2": 0.014845100017524315,
        "r2_fraction": 0.5885908412226915,
        "n_layers": 15
      },
      "late": {
        "mean_cos": -0.024630849591145913,
        "mean_abs_cos": 0.024630849591145913,
        "mean_r2": 0.0007618383620591975,
        "max_r2": 0.0024123086863160476,
        "r2_fraction": 0.09044434411913435,
        "n_layers": 15
      }
    },
    "normalized_entropy": 0.8385335257858061,