{
  "dim_name": "23_sysprompt_bare_ai",
  "dim_id": 23,
  "reading_profile": {
    "probe_type": "reading",
    "n_layers": 35,
    "overall_mean_r2": 0.0004365456137309287,
    "overall_mean_abs_cos": 0.018221540976914443,
    "peak_layer": 40,
    "peak_cosine": -0.03952447697520256,
    "peak_abs_cosine": 0.03952447697520256,
    "peak_r2": 0.0015621842801633173,
    "onset_layer": null,
    "band_stats": {
      "early": {
        "mean_cos": -0.01659870706498623,
        "mean_abs_cos": 0.01980949901044369,
        "mean_r2": 0.0005040259092401724,
        "max_r2": 0.0012582840604531548,
        "r2_fraction": 0.16493969714790252,
        "n_layers": 5
      },
      "middle": {
        "mean_cos": -0.014289354536837587,
        "mean_abs_cos": 0.015994637711749724,
        "mean_r2": 0.0003354061553339831,
        "max_r2": 0.001160356255083761,
        "r2_fraction": 0.32927943981527497,
        "n_layers": 15
      },
      "late": {
        "mean_cos": -0.019363979964206617,
        "mean_abs_cos": 0.019919124897569418,
        "mean_r2": 0.0005151916402914598,
        "max_r2": 0.0015621842801633173,
        "r2_fraction": 0.5057808630368226,
        "n_layers": 15
      }
    },
    "normalized_entropy": 0.8799514701878879,
    "near_peak_layers": [
      7,
      12,
      33,
      40
    ],
    "near_peak_fraction": 0.11428571428571428,
    "sign_consistency": 0.8857142857142857,
    "dominant_sign": "negative",
    "profile_type": "negligible",
    "per_layer": {
      "6": {
        "cosine": 0.008026979863643646,
        "abs_cosine": 0.008026979863643646,
        "r_squared": 6.443240573134057e-05
      },
      "7": {
        "cosine": -0.03547229990363121,
        "abs_cosine": 0.03547229990363121,
        "r_squared": 0.0012582840604531548
      },
      "8": {
        "cosine": -0.024846423417329788,
        "abs_cosine": 0.024846423417329788,
        "r_squared": 0.0006173447566332341
      },
      "9": {
        "cosine": -0.007976334542036057,
        "abs_cosine": 0.007976334542036057,
        "r_squared": 6.362191272647755e-05
      },
      "10": {
        "cosine": -0.022725457325577736,
        "abs_cosine": 0.022725457325577736,
        "r_squared": 0.0005164464106566548
      },
      "11": {
        "cosine": 0.01024371013045311,
        "abs_cosine": 0.01024371013045311,
        "r_squared": 0.00010493359723674767
      },
      "12": {
        "cosine": -0.034064002335071564,
        "abs_cosine": 0.034064002335071564,
        "r_squared": 0.001160356255083761
      },
      "13": {
        "cosine": -0.011464469134807587,
        "abs_cosine": 0.011464469134807587,
        "r_squared": 0.00013143405254295581
      },
      "14": {
        "cosine": -0.007121413014829159,
        "abs_cosine": 0.007121413014829159,
        "r_squared": 5.071452332777813e-05
      },
      "15": {
        "cosine": 0.0025459136813879013,
        "abs_cosine": 0.0025459136813879013,
        "r_squared": 6.481676473078096e-06
      },
      "16": {
        "cosine": -0.028625670820474625,
        "abs_cosine": 0.028625670820474625,
        "r_squared": 0.0008194290299221724
      },
      "17": {
        "cosine": -0.025082828477025032,
        "abs_cosine": 0.025082828477025032,
        "r_squared": 0.0006291482844078579
      },
      "18": {
        "cosine": -0.013161441311240196,
        "abs_cosine": 0.013161441311240196,
        "r_squared": 0.00017322353738922006
      },
      "19": {
        "cosine": -0.01763172075152397,
        "abs_cosine": 0.01763172075152397,
        "r_squared": 0.00031087757665972104
      },
      "20": {
        "cosine": -0.02204378880560398,
        "abs_cosine": 0.02204378880560398,
        "r_squared": 0.0004859286249060714
      },
      "21": {
        "cosine": -0.015490511432290077,
        "abs_cosine": 0.015490511432290077,
        "r_squared": 0.00023995594443390958
      },
      "22": {
        "cosine": -0.018044382333755493,
        "abs_cosine": 0.018044382333755493,
        "r_squared": 0.00032559973380674734
      },
      "23": {
        "cosine": -0.0008569202036596835,
        "abs_cosine": 0.0008569202036596835,
        "r_squared": 7.343122354401534e-07
      },
      "24": {
        "cosine": -0.02062598429620266,
        "abs_cosine": 0.02062598429620266,
        "r_squared": 0.0004254312281871987
      },
      "25": {
        "cosine": -0.0129168089479208,
        "abs_cosine": 0.0129168089479208,
        "r_squared": 0.00016684395339708682
      },
      "26": {
        "cosine": -0.01185561716556549,
        "abs_cosine": 0.01185561716556549,
        "r_squared": 0.00014055565837645112
      },
      "27": {
        "cosine": -0.003863757709041238,
        "abs_cosine": 0.003863757709041238,
        "r_squared": 1.4928623634175595e-05
      },
      "28": {
        "cosine": -0.015322711318731308,
        "abs_cosine": 0.015322711318731308,
        "r_squared": 0.00023478548215717654
      },
      "29": {
        "cosine": -0.02739259973168373,
        "abs_cosine": 0.02739259973168373,
        "r_squared": 0.0007503545200602396
      },
      "30": {
        "cosine": -0.02547423541545868,
        "abs_cosine": 0.02547423541545868,
        "r_squared": 0.0006489366700022092
      },
      "31": {
        "cosine": -0.002771442523226142,
        "abs_cosine": 0.002771442523226142,
        "r_squared": 7.680893659546084e-06
      },
      "32": {
        "cosine": -0.0215012114495039,
        "abs_cosine": 0.0215012114495039,
        "r_squared": 0.00046230209379627754
      },
      "33": {
        "cosine": -0.035868097096681595,
        "abs_cosine": 0.035868097096681595,
        "r_squared": 0.0012865203893369787
      },
      "34": {
        "cosine": -0.025983067229390144,
        "abs_cosine": 0.025983067229390144,
        "r_squared": 0.000675119782647008
      },
      "35": {
        "cosine": -0.02199709787964821,
        "abs_cosine": 0.02199709787964821,
        "r_squared": 0.0004838723151268237
      },
      "36": {
        "cosine": -0.02415504865348339,
        "abs_cosine": 0.02415504865348339,
        "r_squared": 0.0005834663754521498
      },
      "37": {
        "cosine": -0.012291581369936466,
        "abs_cosine": 0.012291581369936466,
        "r_squared": 0.00015108297257376922
      },
      "38": {
        "cosine": -0.026622341945767403,
        "abs_cosine": 0.026622341945767403,
        "r_squared": 0.0007087490906773665
      },
      "39": {
        "cosine": 0.004163587000221014,
        "abs_cosine": 0.004163587000221014,
        "r_squared": 1.7335456708409422e-05
      },
      "40": {
        "cosine": -0.03952447697520256,
        "abs_cosine": 0.03952447697520256,
        "r_squared": 0.0015621842801633173
      }
    }
  },
  "control_profile": {
    "probe_type": "control",
    "n_layers": 35,
    "overall_mean_r2": 0.0036432861799892626,
    "overall_mean_abs_cos": 0.05039487431890198,
    "peak_layer": 11,
    "peak_cosine": -0.1192425861954689,
    "peak_abs_cosine": 0.1192425861954689,
    "peak_r2": 0.014218794362583831,
    "onset_layer": 6,
    "band_stats": {
      "early": {
        "mean_cos": -0.093489009141922,
        "mean_abs_cos": 0.093489009141922,
        "mean_r2": 0.009129933959738445,
        "max_r2": 0.013593443689994322,
        "r2_fraction": 0.35799446311035577,
        "n_layers": 5
      },
      "middle": {
        "mean_cos": -0.06008188302318255,
        "mean_abs_cos": 0.06008188302318255,
        "mean_r2": 0.00458234473160516,
        "max_r2": 0.014218794362583831,
        "r2_fraction": 0.5390358952907099,
        "n_layers": 15
      },
      "late": {
        "mean_cos": -0.026343154006948075,
        "mean_abs_cos": 0.026343154006948075,
        "mean_r2": 0.0008753450351236387,
        "max_r2": 0.0022936654806680057,
        "r2_fraction": 0.1029696415989344,
        "n_layers": 15
      }
    },
    "normalized_entropy": 0.8296913224176549,