{
  "dim_name": "3_agency",
  "dim_id": 3,
  "reading_profile": {
    "probe_type": "reading",
    "n_layers": 35,
    "overall_mean_r2": 0.00046862862194094743,
    "overall_mean_abs_cos": 0.018774180822739645,
    "peak_layer": 40,
    "peak_cosine": -0.04627563804388046,
    "peak_abs_cosine": 0.04627563804388046,
    "peak_r2": 0.002141434676368237,
    "onset_layer": null,
    "band_stats": {
      "early": {
        "mean_cos": -0.00842206492088735,
        "mean_abs_cos": 0.013923604926094412,
        "mean_r2": 0.0002432556066303988,
        "max_r2": 0.00044585940486572065,
        "r2_fraction": 0.07415424351007487,
        "n_layers": 5
      },
      "middle": {
        "mean_cos": -0.013884394934090475,
        "mean_abs_cos": 0.016016691263454657,
        "mean_r2": 0.0003370696167189609,
        "max_r2": 0.000794080770221698,
        "r2_fraction": 0.30825775550574963,
        "n_layers": 15
      },
      "late": {
        "mean_cos": -0.022397749591618776,
        "mean_abs_cos": 0.023148529014239708,
        "mean_r2": 0.0006753119655997837,
        "max_r2": 0.002141434676368237,
        "r2_fraction": 0.6175880009841757,
        "n_layers": 15
      }
    },
    "normalized_entropy": 0.8708379116160937,
    "near_peak_layers": [
      33,
      40
    ],
    "near_peak_fraction": 0.05714285714285714,
    "sign_consistency": 0.8857142857142857,
    "dominant_sign": "negative",
    "profile_type": "negligible",
    "per_layer": {
      "6": {
        "cosine": 0.013753850013017654,
        "abs_cosine": 0.013753850013017654,
        "r_squared": 0.00018916839018058573
      },
      "7": {
        "cosine": -0.021115383133292198,
        "abs_cosine": 0.021115383133292198,
        "r_squared": 0.00044585940486572065
      },
      "8": {
        "cosine": -0.019941149279475212,
        "abs_cosine": 0.019941149279475212,
        "r_squared": 0.00039764943458631477
      },
      "9": {
        "cosine": -0.0013223874848335981,
        "abs_cosine": 0.0013223874848335981,
        "r_squared": 1.7487086600445297e-06
      },
      "10": {
        "cosine": -0.013485254719853401,
        "abs_cosine": 0.013485254719853401,
        "r_squared": 0.00018185209485932843
      },
      "11": {
        "cosine": 0.014282607473433018,
        "abs_cosine": 0.014282607473433018,
        "r_squared": 0.0002039928762401647
      },
      "12": {
        "cosine": -0.025381069630384445,
        "abs_cosine": 0.025381069630384445,
        "r_squared": 0.0006441986955824236
      },
      "13": {
        "cosine": -0.011170397512614727,
        "abs_cosine": 0.011170397512614727,
        "r_squared": 0.00012477778058982928
      },
      "14": {
        "cosine": -0.0016517997719347477,
        "abs_cosine": 0.0016517997719347477,
        "r_squared": 2.7284424865636845e-06
      },
      "15": {
        "cosine": 0.0017096149967983365,
        "abs_cosine": 0.0017096149967983365,
        "r_squared": 2.922783437277776e-06
      },
      "16": {
        "cosine": -0.027177784591913223,
        "abs_cosine": 0.027177784591913223,
        "r_squared": 0.0007386319753244358
      },
      "17": {
        "cosine": -0.026729751378297806,
        "abs_cosine": 0.026729751378297806,
        "r_squared": 0.0007144796087456134
      },
      "18": {
        "cosine": -0.010785444639623165,
        "abs_cosine": 0.010785444639623165,
        "r_squared": 0.00011632581607437607
      },
      "19": {
        "cosine": -0.018602797761559486,
        "abs_cosine": 0.018602797761559486,
        "r_squared": 0.00034606408455748264
      },
      "20": {
        "cosine": -0.02251090295612812,
        "abs_cosine": 0.02251090295612812,
        "r_squared": 0.0005067407519002178
      },
      "21": {
        "cosine": -0.018249783664941788,
        "abs_cosine": 0.018249783664941788,
        "r_squared": 0.0003330546038171761
      },
      "22": {
        "cosine": -0.019076183438301086,
        "abs_cosine": 0.019076183438301086,
        "r_squared": 0.00036390077457171266
      },
      "23": {
        "cosine": -0.0021049778442829847,
        "abs_cosine": 0.0021049778442829847,
        "r_squared": 4.4309317249222415e-06
      },
      "24": {
        "cosine": -0.028179438784718513,
        "abs_cosine": 0.028179438784718513,
        "r_squared": 0.000794080770221698
      },
      "25": {
        "cosine": -0.01263781450688839,
        "abs_cosine": 0.01263781450688839,
        "r_squared": 0.00015971435551051863
      },
      "26": {
        "cosine": -0.016978465020656586,
        "abs_cosine": 0.016978465020656586,
        "r_squared": 0.00028826827445765923
      },
      "27": {
        "cosine": -0.00867423601448536,
        "abs_cosine": 0.00867423601448536,
        "r_squared": 7.524237043499485e-05
      },
      "28": {
        "cosine": -0.01611018367111683,
        "abs_cosine": 0.01611018367111683,
        "r_squared": 0.0002595380179171193
      },
      "29": {
        "cosine": -0.03504833206534386,
        "abs_cosine": 0.03504833206534386,
        "r_squared": 0.0012283855805626104
      },
      "30": {
        "cosine": -0.032066263258457184,
        "abs_cosine": 0.032066263258457184,
        "r_squared": 0.0010282452393606811
      },
      "31": {
        "cosine": -0.014560049399733543,
        "abs_cosine": 0.014560049399733543,
        "r_squared": 0.00021199503852268112
      },
      "32": {
        "cosine": -0.02781338430941105,
        "abs_cosine": 0.02781338430941105,
        "r_squared": 0.0007735843467429927
      },
      "33": {
        "cosine": -0.04136359319090843,
        "abs_cosine": 0.04136359319090843,
        "r_squared": 0.0017109468416629664
      },
      "34": {
        "cosine": -0.014703291468322277,
        "abs_cosine": 0.014703291468322277,
        "r_squared": 0.00021618678000243866
      },
      "35": {
        "cosine": -0.024456076323986053,
        "abs_cosine": 0.024456076323986053,
        "r_squared": 0.0005980996691646312
      },
      "36": {
        "cosine": -0.030325567349791527,
        "abs_cosine": 0.030325567349791527,
        "r_squared": 0.0009196400350867419
      },
      "37": {
        "cosine": -0.009735132567584515,
        "abs_cosine": 0.009735132567584515,
        "r_squared": 9.477280610844466e-05
      },
      "38": {
        "cosine": -0.023486876860260963,
        "abs_cosine": 0.023486876860260963,
        "r_squared": 0.0005516333846490619
      },
      "39": {
        "cosine": 0.005630845669656992,
        "abs_cosine": 0.005630845669656992,
        "r_squared": 3.17064229554949e-05
      },
      "40": {
        "cosine": -0.04627563804388046,
        "abs_cosine": 0.04627563804388046,
        "r_squared": 0.002141434676368237
      }
    }
  },
  "control_profile": {
    "probe_type": "control",
    "n_layers": 35,
    "overall_mean_r2": 0.0035117792314142663,
    "overall_mean_abs_cos": 0.04985561628293778,
    "peak_layer": 14,
    "peak_cosine": -0.12300501763820648,
    "peak_abs_cosine": 0.12300501763820648,
    "peak_r2": 0.015130234364175488,
    "onset_layer": 6,
    "band_stats": {
      "early": {
        "mean_cos": -0.08488990291953087,
        "mean_abs_cos": 0.08488990291953087,
        "mean_r2": 0.007484073253123616,
        "max_r2": 0.010907000039366344,
        "r2_fraction": 0.3044477603577125,
        "n_layers": 5
      },
      "middle": {
        "mean_cos": -0.06389995701611043,
        "mean_abs_cos": 0.06389995701611043,
        "mean_r2": 0.004947468692544739,
        "max_r2": 0.015130234364175488,
        "r2_fraction": 0.6037804729890183,
        "n_layers": 15
      },
      "late": {
        "mean_cos": -0.024133180004234114,
        "mean_abs_cos": 0.024133180004234114,
        "mean_r2": 0.000751991763047344,
        "max_r2": 0.0022471560432091864,
        "r2_fraction": 0.09177176665326929,
        "n_layers": 15
      }
    },
    "normalized_entropy": 0.8399833205239013,