{
  "dim_name": "4_intentions",
  "dim_id": 4,
  "reading_profile": {
    "probe_type": "reading",
    "n_layers": 35,
    "overall_mean_r2": 0.00045834738523870265,
    "overall_mean_abs_cos": 0.01847809149850426,
    "peak_layer": 40,
    "peak_cosine": -0.04678669571876526,
    "peak_abs_cosine": 0.04678669571876526,
    "peak_r2": 0.0021889948962803274,
    "onset_layer": null,
    "band_stats": {
      "early": {
        "mean_cos": -0.008992692758329212,
        "mean_abs_cos": 0.014245140110142529,
        "mean_r2": 0.0002549567755009134,
        "max_r2": 0.00047094830352284456,
        "r2_fraction": 0.07946461062750924,
        "n_layers": 5
      },
      "middle": {
        "mean_cos": -0.012964445899706334,
        "mean_abs_cos": 0.015151538470915209,
        "mean_r2": 0.00030461472470220925,
        "max_r2": 0.0007886169320205395,
        "r2_fraction": 0.28482581538352086,
        "n_layers": 15
      },
      "late": {
        "mean_cos": -0.02253406976039211,
        "mean_abs_cos": 0.02321562832221389,
        "mean_r2": 0.0006798769156877926,
        "max_r2": 0.0021889948962803274,
        "r2_fraction": 0.63570957398897,
        "n_layers": 15
      }
    },
    "normalized_entropy": 0.8664942317251085,
    "near_peak_layers": [
      33,
      40
    ],
    "near_peak_fraction": 0.05714285714285714,
    "sign_consistency": 0.8857142857142857,
    "dominant_sign": "negative",
    "profile_type": "negligible",
    "per_layer": {
      "6": {
        "cosine": 0.01313111837953329,
        "abs_cosine": 0.01313111837953329,
        "r_squared": 0.000172426269897317
      },
      "7": {
        "cosine": -0.02170134335756302,
        "abs_cosine": 0.02170134335756302,
        "r_squared": 0.00047094830352284456
      },
      "8": {
        "cosine": -0.020230237394571304,
        "abs_cosine": 0.020230237394571304,
        "r_squared": 0.00040926250504071116
      },
      "9": {
        "cosine": -0.0013166839489713311,
        "abs_cosine": 0.0013166839489713311,
        "r_squared": 1.7336566214787389e-06
      },
      "10": {
        "cosine": -0.0148463174700737,
        "abs_cosine": 0.0148463174700737,
        "r_squared": 0.00022041314242221555
      },
      "11": {
        "cosine": 0.013377034105360508,
        "abs_cosine": 0.013377034105360508,
        "r_squared": 0.0001789450414559782
      },
      "12": {
        "cosine": -0.02646569535136223,
        "abs_cosine": 0.02646569535136223,
        "r_squared": 0.0007004330304311163
      },
      "13": {
        "cosine": -0.012246563099324703,
        "abs_cosine": 0.012246563099324703,
        "r_squared": 0.00014997830774574148
      },
      "14": {
        "cosine": -0.0008455043425783515,
        "abs_cosine": 0.0008455043425783515,
        "r_squared": 7.148775933188504e-07
      },
      "15": {
        "cosine": 0.00302616017870605,
        "abs_cosine": 0.00302616017870605,
        "r_squared": 9.157645427186232e-06
      },
      "16": {
        "cosine": -0.02385762520134449,
        "abs_cosine": 0.02385762520134449,
        "r_squared": 0.0005691862802478277
      },
      "17": {
        "cosine": -0.023514840751886368,
        "abs_cosine": 0.023514840751886368,
        "r_squared": 0.0005529477355865758
      },
      "18": {
        "cosine": -0.009062370285391808,
        "abs_cosine": 0.009062370285391808,
        "r_squared": 8.212655518955239e-05
      },
      "19": {
        "cosine": -0.01701422408223152,
        "abs_cosine": 0.01701422408223152,
        "r_squared": 0.00028948382112038706
      },
      "20": {
        "cosine": -0.022428136318922043,
        "abs_cosine": 0.022428136318922043,
        "r_squared": 0.00050302129874015
      },
      "21": {
        "cosine": -0.01660172827541828,
        "abs_cosine": 0.01660172827541828,
        "r_squared": 0.00027561738173082287
      },
      "22": {
        "cosine": -0.018244899809360504,
        "abs_cosine": 0.018244899809360504,
        "r_squared": 0.00033287636905360296
      },
      "23": {
        "cosine": -0.0008717246237210929,
        "abs_cosine": 0.0008717246237210929,
        "r_squared": 7.599038196016811e-07
      },
      "24": {
        "cosine": -0.02808232419192791,
        "abs_cosine": 0.02808232419192791,
        "r_squared": 0.0007886169320205395
      },
      "25": {
        "cosine": -0.011634246446192265,
        "abs_cosine": 0.011634246446192265,
        "r_squared": 0.00013535569037073734
      },
      "26": {
        "cosine": -0.0175002571195364,
        "abs_cosine": 0.0175002571195364,
        "r_squared": 0.00030625899924988445
      },
      "27": {
        "cosine": -0.008116976357996464,
        "abs_cosine": 0.008116976357996464,
        "r_squared": 6.588530519627354e-05
      },
      "28": {
        "cosine": -0.016008082777261734,
        "abs_cosine": 0.016008082777261734,
        "r_squared": 0.00025625871420366375
      },
      "29": {
        "cosine": -0.032774850726127625,
        "abs_cosine": 0.032774850726127625,
        "r_squared": 0.0010741908401199485
      },
      "30": {
        "cosine": -0.0319049172103405,
        "abs_cosine": 0.0319049172103405,
        "r_squared": 0.0010179237421986814
      },
      "31": {
        "cosine": -0.016682211309671402,
        "abs_cosine": 0.016682211309671402,
        "r_squared": 0.00027829617418052843
      },
      "32": {
        "cosine": -0.027543919160962105,
        "abs_cosine": 0.027543919160962105,
        "r_squared": 0.0007586674827456154
      },
      "33": {
        "cosine": -0.042538512498140335,
        "abs_cosine": 0.042538512498140335,
        "r_squared": 0.0018095250455544415
      },
      "34": {
        "cosine": -0.014498239383101463,
        "abs_cosine": 0.014498239383101463,
        "r_squared": 0.0002101989452097143
      },
      "35": {
        "cosine": -0.023405080661177635,
        "abs_cosine": 0.023405080661177635,
        "r_squared": 0.0005477978007562313
      },
      "36": {
        "cosine": -0.030853156000375748,
        "abs_cosine": 0.030853156000375748,
        "r_squared": 0.000951917235183522
      },
      "37": {
        "cosine": -0.009817016310989857,
        "abs_cosine": 0.009817016310989857,
        "r_squared": 9.63738092502409e-05
      },
      "38": {
        "cosine": -0.024692820385098457,
        "abs_cosine": 0.024692820385098457,
        "r_squared": 0.0006097353785707339
      },
      "39": {
        "cosine": 0.00511168921366334,
        "abs_cosine": 0.00511168921366334,
        "r_squared": 2.612936661708213e-05
      },
      "40": {
        "cosine": -0.04678669571876526,
        "abs_cosine": 0.04678669571876526,
        "r_squared": 0.0021889948962803274
      }
    }
  },
  "control_profile": {
    "probe_type": "control",
    "n_layers": 35,
    "overall_mean_r2": 0.0034652403208813537,
    "overall_mean_abs_cos": 0.049578316416591404,
    "peak_layer": 14,
    "peak_cosine": -0.1219104677438736,
    "peak_abs_cosine": 0.1219104677438736,
    "peak_r2": 0.014862162145530045,
    "onset_layer": 6,
    "band_stats": {
      "early": {
        "mean_cos": -0.08461865559220313,
        "mean_abs_cos": 0.08461865559220313,
        "mean_r2": 0.007449157828322664,
        "max_r2": 0.010923625311320961,
        "r2_fraction": 0.3070971434891516,
        "n_layers": 5
      },
      "middle": {
        "mean_cos": -0.06330479060610135,
        "mean_abs_cos": 0.06330479060610135,
        "mean_r2": 0.004855408569114514,
        "max_r2": 0.014862162145530045,
        "r2_fraction": 0.6005036286297474,
        "n_layers": 15
      },
      "late": {
        "mean_cos": -0.024171729168544213,
        "mean_abs_cos": 0.024171729168544213,
        "mean_r2": 0.0007470995701677559,
        "max_r2": 0.0021581760155966467,
        "r2_fraction": 0.09239922788110089,
        "n_layers": 15
      }
    },
    "normalized_entropy": 0.8399796769133898,