dim_id,dim_name,category,n_human_prompts,n_ai_prompts,n_human_unique_words,n_ai_unique_words,jaccard,lexical_distinctiveness,pct_human_entity_words,pct_ai_entity_words,alignment_projection
0,0_baseline,Human vs AI (General),40,40,72,74,0.896104,0.103896,0.9250,0.9250,0.101839
1,1_phenomenology,Mental,40,40,194,202,0.121813,0.878187,1.0000,1.0000,0.165501
2,2_emotions,Mental,40,40,214,215,0.077889,0.922111,1.0000,1.0000,0.269210
3,3_agency,Mental,40,40,217,212,0.111399,0.888601,1.0000,1.0000,0.193642
4,4_intentions,Mental,40,40,205,232,0.111959,0.888041,1.0000,1.0000,0.245967
5,5_prediction,Mental,40,40,213,231,0.135550,0.864450,1.0000,1.0000,0.214691
6,6_cognitive,Mental,40,40,249,260,0.151584,0.848416,1.0000,1.0000,0.188946
7,7_social,Mental,40,40,204,240,0.165354,0.834646,1.0000,1.0000,0.190916
8,8_embodiment,Physical,40,40,216,229,0.106965,0.893035,1.0000,1.0000,0.191888
9,9_roles,Physical,40,40,219,224,0.147668,0.852332,1.0000,1.0000,0.217140
10,10_animacy,Physical,40,40,235,248,0.125874,0.874126,1.0000,1.0000,0.142416
11,11_formality,Pragmatic,40,40,242,236,0.132701,0.867299,0.2500,0.0000,-0.027834
12,12_expertise,Pragmatic,40,40,223,233,0.172237,0.827763,0.0500,1.0000,0.194980
13,13_helpfulness,Pragmatic,40,40,221,194,0.199422,0.800578,0.6000,0.0000,0.051737
14,14_biological,Bio Ctrl,40,40,232,268,0.108647,0.891353,1.0000,1.0000,0.202682
15,15_shapes,Shapes,40,40,207,203,0.102151,0.897849,0.0000,0.0000,0.010055
17,17_attention,Mental,40,40,260,251,0.125551,0.874449,1.0000,1.0000,0.220472
18,18_sysprompt_labeled,SysPrompt,14,14,17,20,0.057143,0.942857,1.0000,1.0000,0.215331
