{
  "1_phenomenology": {
    "dim_id": 1,
    "reading_mean_r2": 0.0003829570523729471,
    "control_mean_r2": 0.00010778371294884633,
    "reading_boot_ci95": [
      0.0003656666319357442,
      0.0004002743412818776
    ],
    "control_boot_ci95": [
      0.00010164744800691019,
      0.00011527487427883106
    ]
  },
  "2_emotions": {
    "dim_id": 2,
    "reading_mean_r2": 0.0004013829051380303,
    "control_mean_r2": 0.0001264996770476947,
    "reading_boot_ci95": [
      0.000385762131645726,
      0.00041523869926625635
    ],
    "control_boot_ci95": [
      0.0001156713463531689,
      0.00013911768077022555
    ]
  },
  "3_agency": {
    "dim_id": 3,
    "reading_mean_r2": 0.00041457044701810115,
    "control_mean_r2": 0.00012746940790553992,
    "reading_boot_ci95": [
      0.00039980111125143594,
      0.00042950845234645136
    ],
    "control_boot_ci95": [
      0.0001166267223902668,
      0.0001401443702253707
    ]
  },
  "4_intentions": {
    "dim_id": 4,
    "reading_mean_r2": 0.00040679305834865796,
    "control_mean_r2": 0.00010629317413726283,
    "reading_boot_ci95": [
      0.00039160538291645544,
      0.0004220879078225707
    ],
    "control_boot_ci95": [
      9.828740507571138e-05,
      0.00011629220533639863
    ]
  },
  "5_prediction": {
    "dim_id": 5,
    "reading_mean_r2": 0.00045238078219125903,
    "control_mean_r2": 0.00016002624604278807,
    "reading_boot_ci95": [
      0.0004368343209533467,
      0.00046766608722098276
    ],
    "control_boot_ci95": [
      0.00014367514717193787,
      0.0001785858952995971
    ]
  },
  "6_cognitive": {
    "dim_id": 6,
    "reading_mean_r2": 0.00042918899766284405,
    "control_mean_r2": 0.0001466144398544067,
    "reading_boot_ci95": [
      0.00041333768679044114,
      0.00044486097199881373
    ],
    "control_boot_ci95": [
      0.00013586461607498728,
      0.0001588246713576299
    ]
  },
  "7_social": {
    "dim_id": 7,
    "reading_mean_r2": 0.0004297452397959696,
    "control_mean_r2": 0.0001669532345262758,
    "reading_boot_ci95": [
      0.000417673258881919,
      0.0004420941763225882
    ],
    "control_boot_ci95": [
      0.0001526884025318153,
      0.00018481597808998673
    ]
  },
  "8_embodiment": {
    "dim_id": 8,
    "reading_mean_r2": 0.0004056918015411199,
    "control_mean_r2": 0.00011919799645908162,
    "reading_boot_ci95": [
      0.0003906352211065399,
      0.000421573586519462
    ],
    "control_boot_ci95": [
      0.00010824951592132792,
      0.00013072284407113016
    ]
  },
  "9_roles": {
    "dim_id": 9,
    "reading_mean_r2": 0.00041256297624131494,
    "control_mean_r2": 0.00011971451783235807,
    "reading_boot_ci95": [
      0.0003990895954541526,
      0.00042550751554336157
    ],
    "control_boot_ci95": [
      0.00010943820035317003,
      0.00013216910541845133
    ]
  },
  "10_animacy": {
    "dim_id": 10,
    "reading_mean_r2": 0.0003594666692418526,
    "control_mean_r2": 9.112945700535697e-05,
    "reading_boot_ci95": [
      0.000340848087140167,
      0.00037856261543623955
    ],
    "control_boot_ci95": [
      8.248320597880323e-05,
      0.00010169427957579283
    ]
  },
  "11_formality": {
    "dim_id": 11,
    "reading_mean_r2": 0.00038261486107874453,
    "control_mean_r2": 0.0001692563678305864,
    "reading_boot_ci95": [
      0.00036832017914336865,
      0.0003964806179898346
    ],
    "control_boot_ci95": [
      0.00015051732135410904,
      0.0001877485597186533
    ]
  },
  "12_expertise": {
    "dim_id": 12,
    "reading_mean_r2": 0.00040411921876475337,
    "control_mean_r2": 0.0001573481338518454,
    "reading_boot_ci95": [
      0.00039026670254661773,
      0.0004180807670922111
    ],
    "control_boot_ci95": [
      0.00014623855284244387,
      0.0001695987134265009
    ]
  },
  "13_helpfulness": {
    "dim_id": 13,
    "reading_mean_r2": 0.0003839311489900967,
    "control_mean_r2": 0.00016897783822669723,
    "reading_boot_ci95": [
      0.0003739272389819632,
      0.00039410393791425774
    ],
    "control_boot_ci95": [
      0.00015571035519105055,
      0.00018477945322878988
    ]
  },
  "14_biological": {
    "dim_id": 14,
    "reading_mean_r2": 0.0003570127904536895,
    "control_mean_r2": 9.65328240572231e-05,
    "reading_boot_ci95": [
      0.00034696721425722676,
      0.00036722559352553357
    ],
    "control_boot_ci95": [
      9.069645928021034e-05,
      0.00010375566513191543
    ]
  },
  "15_shapes": {
    "dim_id": 15,
    "reading_mean_r2": 0.0003732589770720595,
    "control_mean_r2": 9.231367483481301e-05,
    "reading_boot_ci95": [
      0.0003589088102084864,
      0.00038785686555177246
    ],
    "control_boot_ci95": [
      8.709588445555711e-05,
      9.830685588594662e-05
    ]
  },
  "16_human": {
    "dim_id": 16,
    "reading_mean_r2": 0.00037962984188606903,
    "control_mean_r2": 5.720543349910224e-05,
    "reading_boot_ci95": [
      0.00036091848492671917,
      0.0003977479351058171
    ],
    "control_boot_ci95": [
      5.247161162333446e-05,
      6.578548501935097e-05
    ]
  },
  "17_ai": {
    "dim_id": 17,
    "reading_mean_r2": 0.00041175707776437747,
    "control_mean_r2": 9.782250998332114e-05,
    "reading_boot_ci95": [
      0.0003961359524184462,
      0.0004274449099213598
    ],
    "control_boot_ci95": [
      8.555572192954138e-05,
      0.00011288816672792631
    ]
  },
  "18_attention": {
    "dim_id": 18,
    "reading_mean_r2": 0.0004163941802021575,
    "control_mean_r2": 0.00011658406923854454,
    "reading_boot_ci95": [
      0.0004006740109012466,
      0.0004315789564133074
    ],
    "control_boot_ci95": [
      0.00010649981580762137,
      0.0001285195771298458
    ]
  },
  "20_sysprompt_talkto_human": {
    "dim_id": 20,
    "reading_mean_r2": 0.00043456990234006805,
    "control_mean_r2": 0.00011005399333904412,
    "reading_boot_ci95": [
      0.00042810764447821016,
      0.0004421453131880745
    ],
    "control_boot_ci95": [
      0.0001067006648793222,
      0.00011363477124516814
    ]
  },
  "21_sysprompt_talkto_ai": {
    "dim_id": 21,
    "reading_mean_r2": 0.0004625409651795369,
    "control_mean_r2": 0.00012869918917436768,
    "reading_boot_ci95": [
      0.00045274737309756536,
      0.0004726583129437272
    ],
    "control_boot_ci95": [
      0.00012284175928619376,
      0.00013552661713089897
    ]
  },
  "22_sysprompt_bare_human": {
    "dim_id": 22,
    "reading_mean_r2": 0.0005184779755816907,
    "control_mean_r2": 0.00011677988850398129,
    "reading_boot_ci95": [
      0.000510749679383268,
      0.0005263738779801606
    ],
    "control_boot_ci95": [
      0.00011174144736619045,
      0.00012243332168774683
    ]
  },
  "23_sysprompt_bare_ai": {
    "dim_id": 23,
    "reading_mean_r2": 0.0005177365873574113,
    "control_mean_r2": 0.0001110833574583564,
    "reading_boot_ci95": [
      0.0005017430841760926,
      0.0005321964329431407
    ],
    "control_boot_ci95": [
      0.00010418036086752637,
      0.00011946461643990538
    ]
  },
  "25_beliefs": {
    "dim_id": 25,
    "reading_mean_r2": 0.00042008288758567814,
    "control_mean_r2": 0.00014229865962962914,
    "reading_boot_ci95": [
      0.00040502266091423474,
      0.0004375886495554992
    ],
    "control_boot_ci95": [
      0.0001314051467828671,
      0.0001549898339120882
    ]
  },
  "26_desires": {
    "dim_id": 26,
    "reading_mean_r2": 0.00039981098548688785,
    "control_mean_r2": 0.0001131926816065769,
    "reading_boot_ci95": [
      0.00038671476175371,
      0.0004136480904020587
    ],
    "control_boot_ci95": [
      0.00010626805385857723,
      0.00012058340267588494
    ]
  },
  "27_goals": {
    "dim_id": 27,
    "reading_mean_r2": 0.00040042139690742076,
    "control_mean_r2": 0.00014282022573224354,
    "reading_boot_ci95": [
      0.00038642388744414036,
      0.00041416036428868435
    ],
    "control_boot_ci95": [
      0.0001317798429086162,
      0.0001557785192341325
    ]
  },