{
  "dim_name": "0_baseline",
  "dim_id": 0,
  "reading_profile": {
    "probe_type": "reading",
    "n_layers": 35,
    "overall_mean_r2": 0.0006528017764696345,
    "overall_mean_abs_cos": 0.013752746726199153,
    "peak_layer": 7,
    "peak_cosine": 0.10349275916814804,
    "peak_abs_cosine": 0.10349275916814804,
    "peak_r2": 0.01071075120023629,
    "onset_layer": 6,
    "band_stats": {
      "early": {
        "mean_cos": 0.05186182595789433,
        "mean_abs_cos": 0.05186182595789433,
        "mean_r2": 0.004004593647014355,
        "max_r2": 0.01071075120023629,
        "r2_fraction": 0.8763530176191967,
        "n_layers": 5
      },
      "middle": {
        "mean_cos": 0.0017548778637622793,
        "mean_abs_cos": 0.006988375812458495,
        "mean_r2": 8.196024997444122e-05,
        "max_r2": 0.00037660730064395867,
        "r2_fraction": 0.053807790793062533,
        "n_layers": 15
      },
      "late": {
        "mean_cos": -0.00473380486437236,
        "mean_abs_cos": 0.007814091229374754,
        "mean_r2": 0.00010637934611658749,
        "max_r2": 0.0005353230711105418,
        "r2_fraction": 0.06983919158774081,
        "n_layers": 15
      }
    },
    "normalized_entropy": 0.45630659331512374,
    "near_peak_layers": [
      7
    ],
    "near_peak_fraction": 0.02857142857142857,
    "sign_consistency": 0.5142857142857142,
    "dominant_sign": "negative",
    "profile_type": "early-concentrated",
    "per_layer": {
      "6": {
        "cosine": 0.07198160141706467,
        "abs_cosine": 0.07198160141706467,
        "r_squared": 0.005181350942565166
      },
      "7": {
        "cosine": 0.10349275916814804,
        "abs_cosine": 0.10349275916814804,
        "r_squared": 0.01071075120023629
      },
      "8": {
        "cosine": 0.062329988926649094,
        "abs_cosine": 0.062329988926649094,
        "r_squared": 0.0038850275195961986
      },
      "9": {
        "cosine": 0.013455239124596119,
        "abs_cosine": 0.013455239124596119,
        "r_squared": 0.00018104345990006213
      },
      "10": {
        "cosine": 0.008049541153013706,
        "abs_cosine": 0.008049541153013706,
        "r_squared": 6.479511277406123e-05
      },
      "11": {
        "cosine": 0.003876452101394534,
        "abs_cosine": 0.003876452101394534,
        "r_squared": 1.50268808944061e-05
      },
      "12": {
        "cosine": -0.005986949894577265,
        "abs_cosine": 0.005986949894577265,
        "r_squared": 3.584356904017872e-05
      },
      "13": {
        "cosine": 0.004770393017679453,
        "abs_cosine": 0.004770393017679453,
        "r_squared": 2.2756649543124877e-05
      },
      "14": {
        "cosine": 0.01940637268126011,
        "abs_cosine": 0.01940637268126011,
        "r_squared": 0.00037660730064395867
      },
      "15": {
        "cosine": 0.01659664884209633,
        "abs_cosine": 0.01659664884209633,
        "r_squared": 0.0002754487527878574
      },
      "16": {
        "cosine": 0.0018024536548182368,
        "abs_cosine": 0.0018024536548182368,
        "r_squared": 3.2488391777676196e-06
      },
      "17": {
        "cosine": 0.009494814090430737,
        "abs_cosine": 0.009494814090430737,
        "r_squared": 9.015149461184205e-05
      },
      "18": {
        "cosine": 0.005589056294411421,
        "abs_cosine": 0.005589056294411421,
        "r_squared": 3.123755026209992e-05
      },
      "19": {
        "cosine": 0.0025462969206273556,
        "abs_cosine": 0.0025462969206273556,
        "r_squared": 6.4836280079963535e-06
      },
      "20": {
        "cosine": 0.0014919149689376354,
        "abs_cosine": 0.0014919149689376354,
        "r_squared": 2.2258102745401857e-06
      },
      "21": {
        "cosine": -0.0020930052269250154,
        "abs_cosine": 0.0020930052269250154,
        "r_squared": 4.380670879935435e-06
      },
      "22": {
        "cosine": -0.003191028255969286,
        "abs_cosine": 0.003191028255969286,
        "r_squared": 1.0182661330394383e-05
      },
      "23": {
        "cosine": -0.015639901161193848,
        "abs_cosine": 0.015639901161193848,
        "r_squared": 0.00024460650833191266
      },
      "24": {
        "cosine": -0.0019832123070955276,
        "abs_cosine": 0.0019832123070955276,
        "r_squared": 3.9331310550151655e-06
      },
      "25": {
        "cosine": -0.010357137769460678,
        "abs_cosine": 0.010357137769460678,
        "r_squared": 0.00010727030277558891
      },
      "26": {
        "cosine": -0.0021036528050899506,
        "abs_cosine": 0.0021036528050899506,
        "r_squared": 4.4253551243628175e-06
      },
      "27": {
        "cosine": -4.372889452497475e-05,
        "abs_cosine": 4.372889452497475e-05,
        "r_squared": 1.9122162163763665e-09
      },
      "28": {
        "cosine": -0.00582205131649971,
        "abs_cosine": 0.00582205131649971,
        "r_squared": 3.389628153195601e-05
      },
      "29": {
        "cosine": -0.010341675952076912,
        "abs_cosine": 0.010341675952076912,
        "r_squared": 0.0001069502614977659
      },
      "30": {
        "cosine": 0.0022598167415708303,
        "abs_cosine": 0.0022598167415708303,
        "r_squared": 5.106771705483805e-06
      },
      "31": {
        "cosine": -0.004753392655402422,
        "abs_cosine": 0.004753392655402422,
        "r_squared": 2.2594741736433688e-05
      },
      "32": {
        "cosine": -0.009656892158091068,
        "abs_cosine": 0.009656892158091068,
        "r_squared": 9.325556615300077e-05
      },
      "33": {
        "cosine": 0.0027077910490334034,
        "abs_cosine": 0.0027077910490334034,
        "r_squared": 7.332132365225419e-06
      },
      "34": {
        "cosine": 0.01813453994691372,
        "abs_cosine": 0.01813453994691372,
        "r_squared": 0.00032886153908620944
      },
      "35": {
        "cosine": -0.016247177496552467,
        "abs_cosine": 0.016247177496552467,
        "r_squared": 0.0002639707766044809
      },
      "36": {
        "cosine": -0.00322515657171607,
        "abs_cosine": 0.00322515657171607,
        "r_squared": 1.0401634912083355e-05
      },
      "37": {
        "cosine": -0.0231370497494936,
        "abs_cosine": 0.0231370497494936,
        "r_squared": 0.0005353230711105418
      },
      "38": {
        "cosine": -0.0025386211927980185,
        "abs_cosine": 0.0025386211927980185,
        "r_squared": 6.444597560523234e-06
      },
      "39": {
        "cosine": -0.012876992113888264,
        "abs_cosine": 0.012876992113888264,
        "r_squared": 0.00016581692590114053
      },
      "40": {
        "cosine": -0.0033628297969698906,
        "abs_cosine": 0.0033628297969698906,
        "r_squared": 1.1308624243388556e-05
      }
    }
  },
  "control_profile": {
    "probe_type": "control",
    "n_layers": 35,
    "overall_mean_r2": 0.0028863686499978566,
    "overall_mean_abs_cos": 0.03135675774953727,
    "peak_layer": 7,
    "peak_cosine": 0.18174630403518677,
    "peak_abs_cosine": 0.18174630403518677,
    "peak_r2": 0.033031719030450546,
    "onset_layer": 6,
    "band_stats": {
      "early": {
        "mean_cos": 0.12776820063591005,
        "mean_abs_cos": 0.12776820063591005,
        "mean_r2": 0.017799857633851723,
        "max_r2": 0.033031719030450546,
        "r2_fraction": 0.8809812997511073,
        "n_layers": 5
      },
      "middle": {
        "mean_cos": 0.01777492866385728,
        "mean_abs_cos": 0.01777492866385728,
        "mean_r2": 0.0005765838884525999,
        "max_r2": 0.004597622046503602,
        "r2_fraction": 0.08561185722606274,
        "n_layers": 15
      },
      "late": {
        "mean_cos": 0.011574196458483735,
        "mean_abs_cos": 0.012801439206426343,
        "mean_r2": 0.0002249904169251582,
        "max_r2": 0.0007394225062720139,
        "r2_fraction": 0.03340684302283008,
        "n_layers": 15
      }
    },
    "normalized_entropy": 0.5414532725387782,
    "near_peak_layers": [
      7,
      8
    ],