{
  "dim_name": "11_formality",
  "dim_id": 11,
  "reading_profile": {
    "probe_type": "reading",
    "n_layers": 35,
    "overall_mean_r2": 0.0003138987247673576,
    "overall_mean_abs_cos": 0.014029805280733854,
    "peak_layer": 9,
    "peak_cosine": -0.04637586325407028,
    "peak_abs_cosine": 0.04637586325407028,
    "peak_r2": 0.0021507206925602262,
    "onset_layer": null,
    "band_stats": {
      "early": {
        "mean_cos": -0.015757376805413514,
        "mean_abs_cos": 0.023326904221903533,
        "mean_r2": 0.0007878307348735865,
        "max_r2": 0.0021507206925602262,
        "r2_fraction": 0.3585463684903367,
        "n_layers": 5
      },
      "middle": {
        "mean_cos": 0.006044743194555243,
        "mean_abs_cos": 0.014022134570404887,
        "mean_r2": 0.0003024320802214948,
        "max_r2": 0.0013016378408021861,
        "r2_fraction": 0.4129158178722028,
        "n_layers": 15
      },
      "late": {
        "mean_cos": -0.00916308529364566,
        "mean_abs_cos": 0.010938443010672927,
        "mean_r2": 0.00016738803261114401,
        "max_r2": 0.0005597235230730413,
        "r2_fraction": 0.22853781363746048,
        "n_layers": 15
      }
    },
    "normalized_entropy": 0.7845517666295065,
    "near_peak_layers": [
      9
    ],
    "near_peak_fraction": 0.02857142857142857,
    "sign_consistency": 0.5428571428571428,
    "dominant_sign": "negative",
    "profile_type": "negligible",
    "per_layer": {
      "6": {
        "cosine": 0.018216505646705627,
        "abs_cosine": 0.018216505646705627,
        "r_squared": 0.000331841077976458
      },
      "7": {
        "cosine": 0.0007073128945194185,
        "abs_cosine": 0.0007073128945194185,
        "r_squared": 5.00291530753438e-07
      },
      "8": {
        "cosine": -0.017347000539302826,
        "abs_cosine": 0.017347000539302826,
        "r_squared": 0.00030091842771057253
      },
      "9": {
        "cosine": -0.04637586325407028,
        "abs_cosine": 0.04637586325407028,
        "r_squared": 0.0021507206925602262
      },
      "10": {
        "cosine": -0.03398783877491951,
        "abs_cosine": 0.03398783877491951,
        "r_squared": 0.0011551731845899221
      },
      "11": {
        "cosine": -0.03607821837067604,
        "abs_cosine": 0.03607821837067604,
        "r_squared": 0.0013016378408021861
      },
      "12": {
        "cosine": -0.011038093827664852,
        "abs_cosine": 0.011038093827664852,
        "r_squared": 0.0001218395153483329
      },
      "13": {
        "cosine": 0.0025678123347461224,
        "abs_cosine": 0.0025678123347461224,
        "r_squared": 6.593660186474332e-06
      },
      "14": {
        "cosine": 0.015187803655862808,
        "abs_cosine": 0.015187803655862808,
        "r_squared": 0.00023066937988903968
      },
      "15": {
        "cosine": 0.03441106900572777,
        "abs_cosine": 0.03441106900572777,
        "r_squared": 0.0011841216701169582
      },
      "16": {
        "cosine": 0.014827012084424496,
        "abs_cosine": 0.014827012084424496,
        "r_squared": 0.00021984028735167003
      },
      "17": {
        "cosine": 0.016105161979794502,
        "abs_cosine": 0.016105161979794502,
        "r_squared": 0.00025937624239541837
      },
      "18": {
        "cosine": 0.006635569501668215,
        "abs_cosine": 0.006635569501668215,
        "r_squared": 4.403078261146936e-05
      },
      "19": {
        "cosine": 0.004949577618390322,
        "abs_cosine": 0.004949577618390322,
        "r_squared": 2.449831860047041e-05
      },
      "20": {
        "cosine": 0.007744746748358011,
        "abs_cosine": 0.007744746748358011,
        "r_squared": 5.998110219620199e-05
      },
      "21": {
        "cosine": 0.027138536795973778,
        "abs_cosine": 0.027138536795973778,
        "r_squared": 0.0007365001794264227
      },
      "22": {
        "cosine": 0.014510631561279297,
        "abs_cosine": 0.014510631561279297,
        "r_squared": 0.00021055842830719484
      },
      "23": {
        "cosine": -0.0036417439114302397,
        "abs_cosine": 0.0036417439114302397,
        "r_squared": 1.3262298716439221e-05
      },
      "24": {
        "cosine": 0.0064236619509756565,
        "abs_cosine": 0.0064236619509756565,
        "r_squared": 4.126343286041238e-05
      },
      "25": {
        "cosine": -0.0090723792091012,
        "abs_cosine": 0.0090723792091012,
        "r_squared": 8.230806451373172e-05
      },
      "26": {
        "cosine": -0.013701778836548328,
        "abs_cosine": 0.013701778836548328,
        "r_squared": 0.00018773874328568366
      },
      "27": {
        "cosine": -0.012201082892715931,
        "abs_cosine": 0.012201082892715931,
        "r_squared": 0.00014886642375492535
      },
      "28": {
        "cosine": -0.005218329839408398,
        "abs_cosine": 0.005218329839408398,
        "r_squared": 2.7230966312860073e-05
      },
      "29": {
        "cosine": -0.007011017296463251,
        "abs_cosine": 0.007011017296463251,
        "r_squared": 4.9154363531306875e-05
      },
      "30": {
        "cosine": -0.01891765370965004,
        "abs_cosine": 0.01891765370965004,
        "r_squared": 0.0003578776218782359
      },
      "31": {
        "cosine": 0.011950898915529251,
        "abs_cosine": 0.011950898915529251,
        "r_squared": 0.00014282398488919823
      },
      "32": {
        "cosine": -0.013754730112850666,
        "abs_cosine": 0.013754730112850666,
        "r_squared": 0.0001891926004773609
      },
      "33": {
        "cosine": 0.0005627822829410434,
        "abs_cosine": 0.0005627822829410434,
        "r_squared": 3.167238979923326e-07
      },
      "34": {
        "cosine": 0.0008015016792342067,
        "abs_cosine": 0.0008015016792342067,
        "r_squared": 6.424049418152531e-07
      },
      "35": {
        "cosine": -0.01678885892033577,
        "abs_cosine": 0.01678885892033577,
        "r_squared": 0.00028186578384693795
      },
      "36": {
        "cosine": -0.005212126299738884,
        "abs_cosine": 0.005212126299738884,
        "r_squared": 2.716626056442975e-05
      },
      "37": {
        "cosine": -0.012875666841864586,
        "abs_cosine": 0.012875666841864586,
        "r_squared": 0.00016578279662269116
      },
      "38": {
        "cosine": -0.019166424870491028,
        "abs_cosine": 0.019166424870491028,
        "r_squared": 0.000367351842316177
      },
      "39": {
        "cosine": -0.0022553158923983574,
        "abs_cosine": 0.0022553158923983574,
        "r_squared": 5.086449774504599e-06
      },
      "40": {
        "cosine": -0.023658476769924164,
        "abs_cosine": 0.023658476769924164,
        "r_squared": 0.0005597235230730413
      }
    }
  },
  "control_profile": {
    "probe_type": "control",
    "n_layers": 35,
    "overall_mean_r2": 0.00032967932776880145,
    "overall_mean_abs_cos": 0.014350021471701828,
    "peak_layer": 6,
    "peak_cosine": 0.05702902004122734,
    "peak_abs_cosine": 0.05702902004122734,
    "peak_r2": 0.0032523091268627097,
    "onset_layer": 6,
    "band_stats": {
      "early": {
        "mean_cos": 0.011733496375381947,
        "mean_abs_cos": 0.029761756770312786,
        "mean_r2": 0.001150543047238177,
        "max_r2": 0.0032523091268627097,
        "r2_fraction": 0.49855504612610085,
        "n_layers": 5
      },
      "middle": {
        "mean_cos": 0.009785356409459685,
        "mean_abs_cos": 0.013807756987322744,
        "mean_r2": 0.0002547785767471728,
        "max_r2": 0.0011019268309720026,
        "r2_fraction": 0.33120310983679535,
        "n_layers": 15
      },
      "late": {
        "mean_cos": 0.00406709493836388,
        "mean_abs_cos": 0.009755040856543929,
        "mean_r2": 0.00013095883896730495,
        "max_r2": 0.0004078684142863054,
        "r2_fraction": 0.17024184403710388,
        "n_layers": 15
      }
    },
    "normalized_entropy": 0.7614187019262603,
    "near_peak_layers": [
      6
    ],