{
  "dim_name": "13_helpfulness",
  "dim_id": 13,
  "reading_profile": {
    "probe_type": "reading",
    "n_layers": 35,
    "overall_mean_r2": 0.0002966744434104705,
    "overall_mean_abs_cos": 0.014449084516257114,
    "peak_layer": 33,
    "peak_cosine": 0.03666665777564049,
    "peak_abs_cosine": 0.03666665777564049,
    "peak_r2": 0.001344443792435937,
    "onset_layer": null,
    "band_stats": {
      "early": {
        "mean_cos": 0.000641825795173645,
        "mean_abs_cos": 0.009501471742987632,
        "mean_r2": 0.0001227241305285139,
        "max_r2": 0.0003728758618422173,
        "r2_fraction": 0.05909514296340565,
        "n_layers": 5
      },
      "middle": {
        "mean_cos": 0.004686175109721565,
        "mean_abs_cos": 0.01100482034041003,
        "mean_r2": 0.0001763086447339338,
        "max_r2": 0.0007494597468854537,
        "r2_fraction": 0.25469281032262897,
        "n_layers": 15
      },
      "late": {
        "mean_cos": 0.01653699087910354,
        "mean_abs_cos": 0.01954255294986069,
        "mean_r2": 0.00047502367971432604,
        "max_r2": 0.001344443792435937,
        "r2_fraction": 0.6862120467139653,
        "n_layers": 15
      }
    },
    "normalized_entropy": 0.8460888492863123,
    "near_peak_layers": [
      27,
      32,
      33
    ],
    "near_peak_fraction": 0.08571428571428572,
    "sign_consistency": 0.6857142857142857,
    "dominant_sign": "positive",
    "profile_type": "negligible",
    "per_layer": {
      "6": {
        "cosine": 0.01930999383330345,
        "abs_cosine": 0.01930999383330345,
        "r_squared": 0.0003728758618422173
      },
      "7": {
        "cosine": -0.0031163948588073254,
        "abs_cosine": 0.0031163948588073254,
        "r_squared": 9.71191691600073e-06
      },
      "8": {
        "cosine": 0.006048250012099743,
        "abs_cosine": 0.006048250012099743,
        "r_squared": 3.658132820886454e-05
      },
      "9": {
        "cosine": -0.0069347587414085865,
        "abs_cosine": 0.0069347587414085865,
        "r_squared": 4.80908788015428e-05
      },
      "10": {
        "cosine": -0.012097961269319057,
        "abs_cosine": 0.012097961269319057,
        "r_squared": 0.00014636066687394398
      },
      "11": {
        "cosine": -0.002393367001786828,
        "abs_cosine": 0.002393367001786828,
        "r_squared": 5.7282056052420705e-06
      },
      "12": {
        "cosine": -0.012928194366395473,
        "abs_cosine": 0.012928194366395473,
        "r_squared": 0.00016713820957529966
      },
      "13": {
        "cosine": -0.019041087478399277,
        "abs_cosine": 0.019041087478399277,
        "r_squared": 0.0003625630123600537
      },
      "14": {
        "cosine": 0.022589655593037605,
        "abs_cosine": 0.022589655593037605,
        "r_squared": 0.0005102925398120552
      },
      "15": {
        "cosine": 0.013110736384987831,
        "abs_cosine": 0.013110736384987831,
        "r_squared": 0.00017189140855664378
      },
      "16": {
        "cosine": 0.010038061067461967,
        "abs_cosine": 0.010038061067461967,
        "r_squared": 0.0001007626699940957
      },
      "17": {
        "cosine": 0.009287931956350803,
        "abs_cosine": 0.009287931956350803,
        "r_squared": 8.626568002580246e-05
      },
      "18": {
        "cosine": 0.008397077210247517,
        "abs_cosine": 0.008397077210247517,
        "r_squared": 7.051090567485822e-05
      },
      "19": {
        "cosine": -7.388942321995273e-05,
        "abs_cosine": 7.388942321995273e-05,
        "r_squared": 5.45964686377729e-09
      },
      "20": {
        "cosine": 0.027376262471079826,
        "abs_cosine": 0.027376262471079826,
        "r_squared": 0.0007494597468854537
      },
      "21": {
        "cosine": 0.010826174169778824,
        "abs_cosine": 0.010826174169778824,
        "r_squared": 0.0001172060471543862
      },
      "22": {
        "cosine": 0.010431285947561264,
        "abs_cosine": 0.010431285947561264,
        "r_squared": 0.0001088117265197891
      },
      "23": {
        "cosine": 0.0005340269417501986,
        "abs_cosine": 0.0005340269417501986,
        "r_squared": 2.8518477451507e-07
      },
      "24": {
        "cosine": -0.012953300960361958,
        "abs_cosine": 0.012953300960361958,
        "r_squared": 0.000167788005769714
      },
      "25": {
        "cosine": 0.005091254133731127,
        "abs_cosine": 0.005091254133731127,
        "r_squared": 2.5920868654234286e-05
      },
      "26": {
        "cosine": -0.004418087191879749,
        "abs_cosine": 0.004418087191879749,
        "r_squared": 1.951949443505189e-05
      },
      "27": {
        "cosine": 0.03157859668135643,
        "abs_cosine": 0.03157859668135643,
        "r_squared": 0.0009972077683637753
      },
      "28": {
        "cosine": 0.01972181536257267,
        "abs_cosine": 0.01972181536257267,
        "r_squared": 0.0003889500011954074
      },
      "29": {
        "cosine": 0.011554108001291752,
        "abs_cosine": 0.011554108001291752,
        "r_squared": 0.00013349741170551408
      },
      "30": {
        "cosine": 0.008868523873388767,
        "abs_cosine": 0.008868523873388767,
        "r_squared": 7.86507156928665e-05
      },
      "31": {
        "cosine": 0.029121216386556625,
        "abs_cosine": 0.029121216386556625,
        "r_squared": 0.0008480452438326541
      },
      "32": {
        "cosine": 0.03051474131643772,
        "abs_cosine": 0.03051474131643772,
        "r_squared": 0.0009311494376091113
      },
      "33": {
        "cosine": 0.03666665777564049,
        "abs_cosine": 0.03666665777564049,
        "r_squared": 0.001344443792435937
      },
      "34": {
        "cosine": -0.0017535106744617224,
        "abs_cosine": 0.0017535106744617224,
        "r_squared": 3.0747996854512045e-06
      },
      "35": {
        "cosine": 0.019300417974591255,
        "abs_cosine": 0.019300417974591255,
        "r_squared": 0.0003725061339939252
      },
      "36": {
        "cosine": 0.023075154051184654,
        "abs_cosine": 0.023075154051184654,
        "r_squared": 0.0005324627344859036
      },
      "37": {
        "cosine": 0.019965259358286858,
        "abs_cosine": 0.019965259358286858,
        "r_squared": 0.00039861158124366095
      },
      "38": {
        "cosine": 0.02022760733962059,
        "abs_cosine": 0.02022760733962059,
        "r_squared": 0.00040915609868587277
      },
      "39": {
        "cosine": 0.02000248059630394,
        "abs_cosine": 0.02000248059630394,
        "r_squared": 0.0004000992300055156
      },
      "40": {
        "cosine": -0.016370117664337158,
        "abs_cosine": 0.016370117664337158,
        "r_squared": 0.00026798075234424346
      }
    }
  },
  "control_profile": {
    "probe_type": "control",
    "n_layers": 35,
    "overall_mean_r2": 0.0002697777303073892,
    "overall_mean_abs_cos": 0.013053162153145031,
    "peak_layer": 14,
    "peak_cosine": 0.04180257394909859,
    "peak_abs_cosine": 0.04180257394909859,
    "peak_r2": 0.0017474551887698558,
    "onset_layer": null,
    "band_stats": {
      "early": {
        "mean_cos": 0.008967721834778786,
        "mean_abs_cos": 0.01662684269249439,
        "mean_r2": 0.0003256167524367935,
        "max_r2": 0.0007899665168970144,
        "r2_fraction": 0.17242594066804573,
        "n_layers": 5
      },
      "middle": {
        "mean_cos": 0.010775199579074978,
        "mean_abs_cos": 0.014667506190016865,
        "mean_r2": 0.00035731864274354824,
        "max_r2": 0.0017474551887698558,
        "r2_fraction": 0.5676397418027058,
        "n_layers": 15
      },
      "late": {
        "mean_cos": 0.004163620054411391,
        "mean_abs_cos": 0.010247591269823412,
        "mean_r2": 0.000163623810494762,
        "max_r2": 0.0008345753136037061,
        "r2_fraction": 0.25993431752924845,
        "n_layers": 15
      }
    },
    "normalized_entropy": 0.7780229319474568,
    "near_peak_layers": [
      14,
      15
    ],