{
  "dim_name": "1_phenomenology",
  "dim_id": 1,
  "reading_profile": {
    "probe_type": "reading",
    "n_layers": 35,
    "overall_mean_r2": 0.0004425891788622019,
    "overall_mean_abs_cos": 0.01491092553728127,
    "peak_layer": 7,
    "peak_cosine": 0.05649774521589279,
    "peak_abs_cosine": 0.05649774521589279,
    "peak_r2": 0.003191995214479937,
    "onset_layer": 7,
    "band_stats": {
      "early": {
        "mean_cos": 0.02666971287690103,
        "mean_abs_cos": 0.030635088169947266,
        "mean_r2": 0.0014147716310756568,
        "max_r2": 0.003191995214479937,
        "r2_fraction": 0.45665425786140645,
        "n_layers": 5
      },
      "middle": {
        "mean_cos": 0.01077156444468225,
        "mean_abs_cos": 0.013441059501686444,
        "mean_r2": 0.00038855312321372804,
        "max_r2": 0.0019175841265220428,
        "r2_fraction": 0.3762468109132054,
        "n_layers": 15
      },
      "late": {
        "mean_cos": 0.0070954263831178345,
        "mean_abs_cos": 0.011139404028654099,
        "mean_r2": 0.00017256441710619103,
        "max_r2": 0.0006107185735830557,
        "r2_fraction": 0.16709893122538827,
        "n_layers": 15
      }
    },
    "normalized_entropy": 0.7036526024318899,
    "near_peak_layers": [
      6,
      7
    ],
    "near_peak_fraction": 0.05714285714285714,
    "sign_consistency": 0.6857142857142857,
    "dominant_sign": "positive",
    "profile_type": "mixed",
    "per_layer": {
      "6": {
        "cosine": 0.04901226609945297,
        "abs_cosine": 0.04901226609945297,
        "r_squared": 0.002402202228203587
      },
      "7": {
        "cosine": 0.05649774521589279,
        "abs_cosine": 0.05649774521589279,
        "r_squared": 0.003191995214479937
      },
      "8": {
        "cosine": 0.03775199130177498,
        "abs_cosine": 0.03775199130177498,
        "r_squared": 0.0014252128472492936
      },
      "9": {
        "cosine": -0.006586095783859491,
        "abs_cosine": 0.006586095783859491,
        "r_squared": 4.337665767417177e-05
      },
      "10": {
        "cosine": -0.0033273424487560987,
        "abs_cosine": 0.0033273424487560987,
        "r_squared": 1.1071207771294232e-05
      },
      "11": {
        "cosine": -0.0030929860658943653,
        "abs_cosine": 0.0030929860658943653,
        "r_squared": 9.566562803816703e-06
      },
      "12": {
        "cosine": -0.00422052713111043,
        "abs_cosine": 0.00422052713111043,
        "r_squared": 1.7812849264439235e-05
      },
      "13": {
        "cosine": 0.0073878467082977295,
        "abs_cosine": 0.0073878467082977295,
        "r_squared": 5.45802789853056e-05
      },
      "14": {
        "cosine": 0.03835570439696312,
        "abs_cosine": 0.03835570439696312,
        "r_squared": 0.001471160059787216
      },
      "15": {
        "cosine": 0.04379022866487503,
        "abs_cosine": 0.04379022866487503,
        "r_squared": 0.0019175841265220428
      },
      "16": {
        "cosine": 0.020688524469733238,
        "abs_cosine": 0.020688524469733238,
        "r_squared": 0.00042801504473475097
      },
      "17": {
        "cosine": 0.03653419390320778,
        "abs_cosine": 0.03653419390320778,
        "r_squared": 0.0013347473241571844
      },
      "18": {
        "cosine": 0.020552055910229683,
        "abs_cosine": 0.020552055910229683,
        "r_squared": 0.00042238700213720684
      },
      "19": {
        "cosine": 0.002808894496411085,
        "abs_cosine": 0.002808894496411085,
        "r_squared": 7.889888291968484e-06
      },
      "20": {
        "cosine": 0.0015032646479085088,
        "abs_cosine": 0.0015032646479085088,
        "r_squared": 2.259804601651493e-06
      },
      "21": {
        "cosine": 0.0009326533181592822,
        "abs_cosine": 0.0009326533181592822,
        "r_squared": 8.698422118735193e-07
      },
      "22": {
        "cosine": -0.0007072726148180664,
        "abs_cosine": 0.0007072726148180664,
        "r_squared": 5.002345516715849e-07
      },
      "23": {
        "cosine": -0.007894067093729973,
        "abs_cosine": 0.007894067093729973,
        "r_squared": 6.231629528031038e-05
      },
      "24": {
        "cosine": 0.009041313081979752,
        "abs_cosine": 0.009041313081979752,
        "r_squared": 8.17453422463782e-05
      },
      "25": {
        "cosine": -0.004106360021978617,
        "abs_cosine": 0.004106360021978617,
        "r_squared": 1.6862192630104226e-05
      },
      "26": {
        "cosine": -0.0007330058142542839,
        "abs_cosine": 0.0007330058142542839,
        "r_squared": 5.372975237305858e-07
      },
      "27": {
        "cosine": 0.010593648068606853,
        "abs_cosine": 0.010593648068606853,
        "r_squared": 0.00011222537940149772
      },
      "28": {
        "cosine": 0.022457387298345566,
        "abs_cosine": 0.022457387298345566,
        "r_squared": 0.0005043342442678928
      },
      "29": {
        "cosine": 0.01474897563457489,
        "abs_cosine": 0.01474897563457489,
        "r_squared": 0.00021753228226928378
      },
      "30": {
        "cosine": 0.007817874662578106,
        "abs_cosine": 0.007817874662578106,
        "r_squared": 6.111916423978073e-05
      },
      "31": {
        "cosine": 0.021134182810783386,
        "abs_cosine": 0.021134182810783386,
        "r_squared": 0.00044665368307961195
      },
      "32": {
        "cosine": 0.005905916914343834,
        "abs_cosine": 0.005905916914343834,
        "r_squared": 3.487985459913259e-05
      },
      "33": {
        "cosine": 0.011252284049987793,
        "abs_cosine": 0.011252284049987793,
        "r_squared": 0.0001266138963416097
      },
      "34": {
        "cosine": 0.02471272088587284,
        "abs_cosine": 0.02471272088587284,
        "r_squared": 0.0006107185735830557
      },
      "35": {
        "cosine": 0.008063075132668018,
        "abs_cosine": 0.008063075132668018,
        "r_squared": 6.501318059504938e-05
      },
      "36": {
        "cosine": 0.004994543269276619,
        "abs_cosine": 0.004994543269276619,
        "r_squared": 2.4945462468676377e-05
      },
      "37": {
        "cosine": -0.01650199294090271,
        "abs_cosine": 0.01650199294090271,
        "r_squared": 0.00027231577102160287
      },
      "38": {
        "cosine": -0.006430282723158598,
        "abs_cosine": 0.006430282723158598,
        "r_squared": 4.1348535899751954e-05
      },
      "39": {
        "cosine": 0.005080619361251593,
        "abs_cosine": 0.005080619361251593,
        "r_squared": 2.581269309392454e-05
      },
      "40": {
        "cosine": -0.0066645508632063866,
        "abs_cosine": 0.0066645508632063866,
        "r_squared": 4.441623820826499e-05
      }
    }
  },
  "control_profile": {
    "probe_type": "control",
    "n_layers": 35,
    "overall_mean_r2": 0.002107762440774374,
    "overall_mean_abs_cos": 0.034053307395827556,
    "peak_layer": 8,
    "peak_cosine": 0.1340649574995041,
    "peak_abs_cosine": 0.1340649574995041,
    "peak_r2": 0.017973412829343838,
    "onset_layer": 6,
    "band_stats": {
      "early": {
        "mean_cos": 0.0939418539404869,
        "mean_abs_cos": 0.0939418539404869,
        "mean_r2": 0.010003885742951513,
        "max_r2": 0.017973412829343838,
        "r2_fraction": 0.6780301741131273,
        "n_layers": 5
      },
      "middle": {
        "mean_cos": 0.02637068775948137,
        "mean_abs_cos": 0.026761662766026952,
        "mean_r2": 0.0010340142331435793,
        "max_r2": 0.0031253427141558904,
        "r2_fraction": 0.21024615890713225,
        "n_layers": 15
      },
      "late": {
        "mean_cos": 0.021382103177408376,
        "mean_abs_cos": 0.021382103177408376,
        "mean_r2": 0.0005494695476794565,
        "max_r2": 0.0018697049719238468,
        "r2_fraction": 0.1117236669797406,
        "n_layers": 15
      }
    },
    "normalized_entropy": 0.7034084574500437,
    "near_peak_layers": [
      7,
      8
    ],