{
  "dim_name": "2_emotions",
  "dim_id": 2,
  "reading_profile": {
    "probe_type": "reading",
    "n_layers": 35,
    "overall_mean_r2": 0.000450676347945209,
    "overall_mean_abs_cos": 0.015121013780922761,
    "peak_layer": 7,
    "peak_cosine": 0.0525633879005909,
    "peak_abs_cosine": 0.0525633879005909,
    "peak_r2": 0.0027629097475879855,
    "onset_layer": 7,
    "band_stats": {
      "early": {
        "mean_cos": 0.021311000967398287,
        "mean_abs_cos": 0.028617854928597808,
        "mean_r2": 0.001137721339552244,
        "max_r2": 0.0027629097475879855,
        "r2_fraction": 0.36063933835683476,
        "n_layers": 5
      },
      "middle": {
        "mean_cos": 0.012201404400790731,
        "mean_abs_cos": 0.01568634227539102,
        "mean_r2": 0.0005292198576593624,
        "max_r2": 0.0020137187875774037,
        "r2_fraction": 0.5032625108008004,
        "n_layers": 15
      },
      "late": {
        "mean_cos": 0.003647804935462773,
        "mean_abs_cos": 0.010056738237229487,
        "mean_r2": 0.00014311784102871068,
        "max_r2": 0.0007812910070905676,
        "r2_fraction": 0.13609815084236485,
        "n_layers": 15
      }
    },
    "normalized_entropy": 0.7143613160919495,
    "near_peak_layers": [
      6,
      7,
      14,
      15,
      17
    ],
    "near_peak_fraction": 0.14285714285714285,
    "sign_consistency": 0.7142857142857143,
    "dominant_sign": "positive",
    "profile_type": "middle-concentrated",
    "per_layer": {
      "6": {
        "cosine": 0.042771752923727036,
        "abs_cosine": 0.042771752923727036,
        "r_squared": 0.0018294228481683522
      },
      "7": {
        "cosine": 0.0525633879005909,
        "abs_cosine": 0.0525633879005909,
        "r_squared": 0.0027629097475879855
      },
      "8": {
        "cosine": 0.029486998915672302,
        "abs_cosine": 0.029486998915672302,
        "r_squared": 0.0008694831050528595
      },
      "9": {
        "cosine": -0.0036587666254490614,
        "abs_cosine": 0.0036587666254490614,
        "r_squared": 1.3386573219499912e-05
      },
      "10": {
        "cosine": -0.014608368277549744,
        "abs_cosine": 0.014608368277549744,
        "r_squared": 0.00021340442373252166
      },
      "11": {
        "cosine": -0.008965830318629742,
        "abs_cosine": 0.008965830318629742,
        "r_squared": 8.03861133024603e-05
      },
      "12": {
        "cosine": 0.0008103863219730556,
        "abs_cosine": 0.0008103863219730556,
        "r_squared": 6.567259908410169e-07
      },
      "13": {
        "cosine": -0.0016214462229982018,
        "abs_cosine": 0.0016214462229982018,
        "r_squared": 2.6290878540751345e-06
      },
      "14": {
        "cosine": 0.04313249886035919,
        "abs_cosine": 0.04313249886035919,
        "r_squared": 0.001860412457938887
      },
      "15": {
        "cosine": 0.04487447813153267,
        "abs_cosine": 0.04487447813153267,
        "r_squared": 0.0020137187875774037
      },
      "16": {
        "cosine": 0.03156434744596481,
        "abs_cosine": 0.03156434744596481,
        "r_squared": 0.0009963080296895854
      },
      "17": {
        "cosine": 0.04407995194196701,
        "abs_cosine": 0.04407995194196701,
        "r_squared": 0.0019430421632061212
      },
      "18": {
        "cosine": 0.028693102300167084,
        "abs_cosine": 0.028693102300167084,
        "r_squared": 0.0008232941196078536
      },
      "19": {
        "cosine": 0.008264603093266487,
        "abs_cosine": 0.008264603093266487,
        "r_squared": 6.830366428922999e-05
      },
      "20": {
        "cosine": 0.0033633450511842966,
        "abs_cosine": 0.0033633450511842966,
        "r_squared": 1.1312089933325899e-05
      },
      "21": {
        "cosine": 0.0011485303984954953,
        "abs_cosine": 0.0011485303984954953,
        "r_squared": 1.3191220762682213e-06
      },
      "22": {
        "cosine": 0.002786017023026943,
        "abs_cosine": 0.002786017023026943,
        "r_squared": 7.761890852595911e-06
      },
      "23": {
        "cosine": -0.0057671694085001945,
        "abs_cosine": 0.0057671694085001945,
        "r_squared": 3.3260242986340484e-05
      },
      "24": {
        "cosine": 0.0004408395034261048,
        "abs_cosine": 0.0004408395034261048,
        "r_squared": 1.9433946778097465e-07
      },
      "25": {
        "cosine": -0.009782588109374046,
        "abs_cosine": 0.009782588109374046,
        "r_squared": 9.569903011766648e-05
      },
      "26": {
        "cosine": -0.014888978563249111,
        "abs_cosine": 0.014888978563249111,
        "r_squared": 0.00022168168265689157
      },
      "27": {
        "cosine": 0.0035335824359208345,
        "abs_cosine": 0.0035335824359208345,
        "r_squared": 1.2486204831448219e-05
      },
      "28": {
        "cosine": 0.018979834392666817,
        "abs_cosine": 0.018979834392666817,
        "r_squared": 0.00036023411357305815
      },
      "29": {
        "cosine": 0.005882355384528637,
        "abs_cosine": 0.005882355384528637,
        "r_squared": 3.460210486989305e-05
      },
      "30": {
        "cosine": 0.006550950929522514,
        "abs_cosine": 0.006550950929522514,
        "r_squared": 4.2914958081011895e-05
      },
      "31": {
        "cosine": 0.008104966022074223,
        "abs_cosine": 0.008104966022074223,
        "r_squared": 6.569047421897765e-05
      },
      "32": {
        "cosine": 0.008227321319282055,
        "abs_cosine": 0.008227321319282055,
        "r_squared": 6.768881609071301e-05
      },
      "33": {
        "cosine": 0.007032014429569244,
        "abs_cosine": 0.007032014429569244,
        "r_squared": 4.9449226937670065e-05
      },
      "34": {
        "cosine": 0.02795158326625824,
        "abs_cosine": 0.02795158326625824,
        "r_squared": 0.0007812910070905676
      },
      "35": {
        "cosine": 0.010508494451642036,
        "abs_cosine": 0.010508494451642036,
        "r_squared": 0.00011042845564019146
      },
      "36": {
        "cosine": 0.004296488594263792,
        "abs_cosine": 0.004296488594263792,
        "r_squared": 1.8459814240638856e-05
      },
      "37": {
        "cosine": -0.011081201955676079,
        "abs_cosine": 0.011081201955676079,
        "r_squared": 0.00012279303678247935
      },
      "38": {
        "cosine": -0.01349449809640646,
        "abs_cosine": 0.01349449809640646,
        "r_squared": 0.00018210147887391757
      },
      "39": {
        "cosine": 0.001716482569463551,
        "abs_cosine": 0.001716482569463551,
        "r_squared": 2.9463124112721943e-06
      },
      "40": {
        "cosine": -0.008602321147918701,
        "abs_cosine": 0.008602321147918701,
        "r_squared": 7.399992913192932e-05
      }
    }
  },
  "control_profile": {
    "probe_type": "control",
    "n_layers": 35,
    "overall_mean_r2": 0.0019985695394081925,
    "overall_mean_abs_cos": 0.032382102928490246,
    "peak_layer": 8,
    "peak_cosine": 0.1299976408481598,
    "peak_abs_cosine": 0.1299976408481598,
    "peak_r2": 0.016899386626087143,
    "onset_layer": 6,
    "band_stats": {
      "early": {
        "mean_cos": 0.09209083318710327,
        "mean_abs_cos": 0.09209083318710327,
        "mean_r2": 0.009681018638220833,
        "max_r2": 0.016899386626087143,
        "r2_fraction": 0.6919962679970119,
        "n_layers": 5
      },
      "middle": {
        "mean_cos": 0.028138049356251336,
        "mean_abs_cos": 0.028138049356251336,
        "mean_r2": 0.0010640221124808393,
        "max_r2": 0.0035076999615916288,
        "r2_fraction": 0.2281679310055601,
        "n_layers": 15
      },
      "late": {
        "mean_cos": 0.016723246414524814,
        "mean_abs_cos": 0.016723246414524814,
        "mean_r2": 0.0003723006000646661,
        "max_r2": 0.0012590001218202307,
        "r2_fraction": 0.07983580099742811,
        "n_layers": 15
      }
    },
    "normalized_entropy": 0.6868651660277926,