{
  "dim_name": "6_cognitive",
  "dim_id": 6,
  "reading_profile": {
    "probe_type": "reading",
    "n_layers": 35,
    "overall_mean_r2": 0.0008623734491448374,
    "overall_mean_abs_cos": 0.024326206931644785,
    "peak_layer": 7,
    "peak_cosine": 0.06842856854200363,
    "peak_abs_cosine": 0.06842856854200363,
    "peak_r2": 0.004682468992707689,
    "onset_layer": 6,
    "band_stats": {
      "early": {
        "mean_cos": 0.03608184857293963,
        "mean_abs_cos": 0.03859325060620904,
        "mean_r2": 0.002087589512025149,
        "max_r2": 0.004682468992707689,
        "r2_fraction": 0.3458212604321055,
        "n_layers": 5
      },
      "middle": {
        "mean_cos": 0.023325177646862965,
        "mean_abs_cos": 0.023325177646862965,
        "mean_r2": 0.00071408098857861,
        "max_r2": 0.002061436465380498,
        "r2_fraction": 0.35487492071365206,
        "n_layers": 15
      },
      "late": {
        "mean_cos": 0.01969212853582576,
        "mean_abs_cos": 0.020571554991571855,
        "mean_r2": 0.0006022605554176276,
        "max_r2": 0.0018176556590546178,
        "r2_fraction": 0.29930381885424245,
        "n_layers": 15
      }
    },
    "normalized_entropy": 0.8386250134664426,
    "near_peak_layers": [
      6,
      7
    ],
    "near_peak_fraction": 0.05714285714285714,
    "sign_consistency": 0.9142857142857143,
    "dominant_sign": "positive",
    "profile_type": "mixed",
    "per_layer": {
      "6": {
        "cosine": 0.0560636892914772,
        "abs_cosine": 0.0560636892914772,
        "r_squared": 0.0031431372569712956
      },
      "7": {
        "cosine": 0.06842856854200363,
        "abs_cosine": 0.06842856854200363,
        "r_squared": 0.004682468992707689
      },
      "8": {
        "cosine": 0.04896926134824753,
        "abs_cosine": 0.04896926134824753,
        "r_squared": 0.0023979885569929693
      },
      "9": {
        "cosine": 0.013226228766143322,
        "abs_cosine": 0.013226228766143322,
        "r_squared": 0.0001749331273743571
      },
      "10": {
        "cosine": -0.006278505083173513,
        "abs_cosine": 0.006278505083173513,
        "r_squared": 3.9419626079435647e-05
      },
      "11": {
        "cosine": 0.008169034495949745,
        "abs_cosine": 0.008169034495949745,
        "r_squared": 6.673312459601691e-05
      },
      "12": {
        "cosine": 0.001057935762219131,
        "abs_cosine": 0.001057935762219131,
        "r_squared": 1.1192280769821737e-06
      },
      "13": {
        "cosine": 0.001484554260969162,
        "abs_cosine": 0.001484554260969162,
        "r_squared": 2.2039013537616947e-06
      },
      "14": {
        "cosine": 0.015145059674978256,
        "abs_cosine": 0.015145059674978256,
        "r_squared": 0.00022937283255865248
      },
      "15": {
        "cosine": 0.045403044670820236,
        "abs_cosine": 0.045403044670820236,
        "r_squared": 0.002061436465380498
      },
      "16": {
        "cosine": 0.03507894650101662,
        "abs_cosine": 0.03507894650101662,
        "r_squared": 0.001230532487621186
      },
      "17": {
        "cosine": 0.03617779165506363,
        "abs_cosine": 0.03617779165506363,
        "r_squared": 0.0013088326090371916
      },
      "18": {
        "cosine": 0.03479617089033127,
        "abs_cosine": 0.03479617089033127,
        "r_squared": 0.0012107735086291371
      },
      "19": {
        "cosine": 0.02593153528869152,
        "abs_cosine": 0.02593153528869152,
        "r_squared": 0.0006724445224286536
      },
      "20": {
        "cosine": 0.03862854465842247,
        "abs_cosine": 0.03862854465842247,
        "r_squared": 0.0014921644624277391
      },
      "21": {
        "cosine": 0.02911669947206974,
        "abs_cosine": 0.02911669947206974,
        "r_squared": 0.0008477821881468263
      },
      "22": {
        "cosine": 0.020201701670885086,
        "abs_cosine": 0.020201701670885086,
        "r_squared": 0.0004081087503994413
      },
      "23": {
        "cosine": 0.023232832551002502,
        "abs_cosine": 0.023232832551002502,
        "r_squared": 0.0005397645083429214
      },
      "24": {
        "cosine": 0.015333184972405434,
        "abs_cosine": 0.015333184972405434,
        "r_squared": 0.00023510656139799982
      },
      "25": {
        "cosine": 0.02012062817811966,
        "abs_cosine": 0.02012062817811966,
        "r_squared": 0.00040483967828214285
      },
      "26": {
        "cosine": 0.026248902082443237,
        "abs_cosine": 0.026248902082443237,
        "r_squared": 0.0006890048605336929
      },
      "27": {
        "cosine": 0.04263397306203842,
        "abs_cosine": 0.04263397306203842,
        "r_squared": 0.0018176556590546178
      },
      "28": {
        "cosine": 0.029667211696505547,
        "abs_cosine": 0.029667211696505547,
        "r_squared": 0.0008801434498452755
      },
      "29": {
        "cosine": 0.03136102110147476,
        "abs_cosine": 0.03136102110147476,
        "r_squared": 0.0009835136445271453
      },
      "30": {
        "cosine": 0.013462619855999947,
        "abs_cosine": 0.013462619855999947,
        "r_squared": 0.00018124213338716402
      },
      "31": {
        "cosine": 0.039311133325099945,
        "abs_cosine": 0.039311133325099945,
        "r_squared": 0.0015453652033037835
      },
      "32": {
        "cosine": 0.027213705703616142,
        "abs_cosine": 0.027213705703616142,
        "r_squared": 0.0007405857781230298
      },
      "33": {
        "cosine": 0.032525867223739624,
        "abs_cosine": 0.032525867223739624,
        "r_squared": 0.0010579320386563396
      },
      "34": {
        "cosine": 0.0032670439686626196,
        "abs_cosine": 0.0032670439686626196,
        "r_squared": 1.06735762931748e-05
      },
      "35": {
        "cosine": 0.021197572350502014,
        "abs_cosine": 0.021197572350502014,
        "r_squared": 0.0004493370735547675
      },
      "36": {
        "cosine": -0.0027306294068694115,
        "abs_cosine": 0.0027306294068694115,
        "r_squared": 7.456336957659994e-06
      },
      "37": {
        "cosine": 0.0006204151432029903,
        "abs_cosine": 0.0006204151432029903,
        "r_squared": 3.8491494991558695e-07
      },
      "38": {
        "cosine": -0.0038650690112262964,
        "abs_cosine": 0.0038650690112262964,
        "r_squared": 1.493875846154182e-05
      },
      "39": {
        "cosine": 0.011682150885462761,
        "abs_cosine": 0.011682150885462761,
        "r_squared": 0.00013647264931071837
      },
      "40": {
        "cosine": 0.022786010056734085,
        "abs_cosine": 0.022786010056734085,
        "r_squared": 0.0005192022543055869
      }
    }
  },
  "control_profile": {
    "probe_type": "control",
    "n_layers": 35,
    "overall_mean_r2": 0.0031416947879030527,
    "overall_mean_abs_cos": 0.04576285079653774,
    "peak_layer": 8,
    "peak_cosine": 0.15536704659461975,
    "peak_abs_cosine": 0.15536704659461975,
    "peak_r2": 0.024138919167534745,
    "onset_layer": 6,
    "band_stats": {
      "early": {
        "mean_cos": 0.1133285939693451,
        "mean_abs_cos": 0.1133285939693451,
        "mean_r2": 0.013904295099112906,
        "max_r2": 0.024138919167534745,
        "r2_fraction": 0.632247244051238,
        "n_layers": 5
      },
      "middle": {
        "mean_cos": 0.03617157967140277,
        "mean_abs_cos": 0.03617157967140277,
        "mean_r2": 0.0014991290522814195,
        "max_r2": 0.0041508857915886765,
        "r2_fraction": 0.20450232212977326,
        "n_layers": 15
      },
      "late": {
        "mean_cos": 0.03283220753073692,
        "mean_abs_cos": 0.03283220753073692,
        "mean_r2": 0.0011967270864547358,
        "max_r2": 0.0028611404297325255,
        "r2_fraction": 0.16325043381898888,
        "n_layers": 15
      }
    },
    "normalized_entropy": 0.7725603715228246,
    "near_peak_layers": [
      7,
      8
    ],
    "near_peak_fraction": 0.05714285714285714,