{
  "dim_name": "14_biological",
  "dim_id": 14,
  "reading_profile": {
    "probe_type": "reading",
    "n_layers": 35,
    "overall_mean_r2": 0.00021680276148919664,
    "overall_mean_abs_cos": 0.012986661487541693,
    "peak_layer": 16,
    "peak_cosine": -0.02853444777429104,
    "peak_abs_cosine": 0.02853444777429104,
    "peak_r2": 0.0008142147097837428,
    "onset_layer": null,
    "band_stats": {
      "early": {
        "mean_cos": -0.005244157277047634,
        "mean_abs_cos": 0.02067504618316889,
        "mean_r2": 0.00045339289993004005,
        "max_r2": 0.000695916128109611,
        "r2_fraction": 0.2987527180503535,
        "n_layers": 5
      },
      "middle": {
        "mean_cos": -0.0007494527691354354,
        "mean_abs_cos": 0.01119225362005333,
        "mean_r2": 0.00017588747694359698,
        "max_r2": 0.0008142147097837428,
        "r2_fraction": 0.3476908999855972,
        "n_layers": 15
      },
      "late": {
        "mean_cos": 0.003362452330960271,
        "mean_abs_cos": 0.012218274456487658,
        "mean_r2": 0.00017885466655451522,
        "max_r2": 0.0004170093373930296,
        "r2_fraction": 0.3535563819640493,
        "n_layers": 15
      }
    },
    "normalized_entropy": 0.8860639930619121,
    "near_peak_layers": [
      6,
      7,
      10,
      16
    ],
    "near_peak_fraction": 0.11428571428571428,
    "sign_consistency": 0.5428571428571428,
    "dominant_sign": "positive",
    "profile_type": "negligible",
    "per_layer": {
      "6": {
        "cosine": 0.026380222290754318,
        "abs_cosine": 0.026380222290754318,
        "r_squared": 0.000695916128109611
      },
      "7": {
        "cosine": -0.023146338760852814,
        "abs_cosine": 0.023146338760852814,
        "r_squared": 0.0005357529980321574
      },
      "8": {
        "cosine": -0.017735708504915237,
        "abs_cosine": 0.017735708504915237,
        "r_squared": 0.0003145553561713227
      },
      "9": {
        "cosine": 0.012196999974548817,
        "abs_cosine": 0.012196999974548817,
        "r_squared": 0.00014876680837914383
      },
      "10": {
        "cosine": -0.023915961384773254,
        "abs_cosine": 0.023915961384773254,
        "r_squared": 0.0005719732089579654
      },
      "11": {
        "cosine": 0.007703531067818403,
        "abs_cosine": 0.007703531067818403,
        "r_squared": 5.934439091284335e-05
      },
      "12": {
        "cosine": -0.018402496352791786,
        "abs_cosine": 0.018402496352791786,
        "r_squared": 0.000338651872014515
      },
      "13": {
        "cosine": 0.0016153831966221333,
        "abs_cosine": 0.0016153831966221333,
        "r_squared": 2.6094628719291416e-06
      },
      "14": {
        "cosine": -0.005514213815331459,
        "abs_cosine": 0.005514213815331459,
        "r_squared": 3.0406554001192326e-05
      },
      "15": {
        "cosine": -0.016235368326306343,
        "abs_cosine": 0.016235368326306343,
        "r_squared": 0.00026358718469083123
      },
      "16": {
        "cosine": -0.02853444777429104,
        "abs_cosine": 0.02853444777429104,
        "r_squared": 0.0008142147097837428
      },
      "17": {
        "cosine": -0.01641364023089409,
        "abs_cosine": 0.01641364023089409,
        "r_squared": 0.00026940758562922495
      },
      "18": {
        "cosine": 0.0077015734277665615,
        "abs_cosine": 0.0077015734277665615,
        "r_squared": 5.9314233263279984e-05
      },
      "19": {
        "cosine": -0.004462631419301033,
        "abs_cosine": 0.004462631419301033,
        "r_squared": 1.9915079184532752e-05
      },
      "20": {
        "cosine": 0.003038937458768487,
        "abs_cosine": 0.003038937458768487,
        "r_squared": 9.23514087830627e-06
      },
      "21": {
        "cosine": 0.008693466894328594,
        "abs_cosine": 0.008693466894328594,
        "r_squared": 7.557636664278725e-05
      },
      "22": {
        "cosine": 0.016610704362392426,
        "abs_cosine": 0.016610704362392426,
        "r_squared": 0.00027591549941480276
      },
      "23": {
        "cosine": 0.015682093799114227,
        "abs_cosine": 0.015682093799114227,
        "r_squared": 0.0002459280659242169
      },
      "24": {
        "cosine": 0.005102991592139006,
        "abs_cosine": 0.005102991592139006,
        "r_squared": 2.6040523189441384e-05
      },
      "25": {
        "cosine": 0.01217232458293438,
        "abs_cosine": 0.01217232458293438,
        "r_squared": 0.00014816548575230862
      },
      "26": {
        "cosine": 0.01630971021950245,
        "abs_cosine": 0.01630971021950245,
        "r_squared": 0.0002660066474441426
      },
      "27": {
        "cosine": 0.01042494922876358,
        "abs_cosine": 0.01042494922876358,
        "r_squared": 0.00010867956642229837
      },
      "28": {
        "cosine": 0.015463641844689846,
        "abs_cosine": 0.015463641844689846,
        "r_squared": 0.00023912421910084278
      },
      "29": {
        "cosine": -7.040613854769617e-05,
        "abs_cosine": 7.040613854769617e-05,
        "r_squared": 4.957024345197389e-09
      },
      "30": {
        "cosine": -0.007414811756461859,
        "abs_cosine": 0.007414811756461859,
        "r_squared": 5.4979433383764995e-05
      },
      "31": {
        "cosine": 0.013585015200078487,
        "abs_cosine": 0.013585015200078487,
        "r_squared": 0.00018455263798636354
      },
      "32": {
        "cosine": 0.005378091707825661,
        "abs_cosine": 0.005378091707825661,
        "r_squared": 2.8923870417783132e-05
      },
      "33": {
        "cosine": -0.011015857569873333,
        "abs_cosine": 0.011015857569873333,
        "r_squared": 0.00012134911799973561
      },
      "34": {
        "cosine": 0.020420806482434273,
        "abs_cosine": 0.020420806482434273,
        "r_squared": 0.0004170093373930296
      },
      "35": {
        "cosine": -0.009204063564538956,
        "abs_cosine": 0.009204063564538956,
        "r_squared": 8.471478610007355e-05
      },
      "36": {
        "cosine": -0.017966890707612038,
        "abs_cosine": 0.017966890707612038,
        "r_squared": 0.0003228091616992758
      },
      "37": {
        "cosine": 0.015036220662295818,
        "abs_cosine": 0.015036220662295818,
        "r_squared": 0.0002260879318052517
      },
      "38": {
        "cosine": -0.011757167056202888,
        "abs_cosine": 0.011757167056202888,
        "r_squared": 0.0001382309771874625
      },
      "39": {
        "cosine": 0.020237015560269356,
        "abs_cosine": 0.020237015560269356,
        "r_squared": 0.00040953679878658403
      },
      "40": {
        "cosine": -0.008989469148218632,
        "abs_cosine": 0.008989469148218632,
        "r_squared": 8.081055556677461e-05
      }
    }
  },
  "control_profile": {
    "probe_type": "control",
    "n_layers": 35,
    "overall_mean_r2": 0.00017520316435670167,
    "overall_mean_abs_cos": 0.011000169254839421,
    "peak_layer": 21,
    "peak_cosine": -0.026173466816544533,
    "peak_abs_cosine": 0.026173466816544533,
    "peak_r2": 0.0006850503651967578,
    "onset_layer": null,
    "band_stats": {
      "early": {
        "mean_cos": -0.010845233500003815,
        "mean_abs_cos": 0.013576500490307808,
        "mean_r2": 0.00020222668813595115,
        "max_r2": 0.0003810053708273031,
        "r2_fraction": 0.1648915816254742,
        "n_layers": 5
      },
      "middle": {
        "mean_cos": -0.006730452800790469,
        "mean_abs_cos": 0.01132024008159836,
        "mean_r2": 0.00021025154758375062,
        "max_r2": 0.0006850503651967578,
        "r2_fraction": 0.5143046727390628,
        "n_layers": 15
      },
      "late": {
        "mean_cos": 0.0041513319748143354,
        "mean_abs_cos": 0.009821321349591017,
        "mean_r2": 0.0001311469398699029,
        "max_r2": 0.0005066654487337376,
        "r2_fraction": 0.32080374563546293,
        "n_layers": 15
      }
    },
    "normalized_entropy": 0.8353367178813104,