{
  "dim_name": "16_human",
  "dim_id": 16,
  "reading_profile": {
    "probe_type": "reading",
    "n_layers": 35,
    "overall_mean_r2": 0.00021321411751062345,
    "overall_mean_abs_cos": 0.012805807972576336,
    "peak_layer": 10,
    "peak_cosine": -0.031348809599876404,
    "peak_abs_cosine": 0.031348809599876404,
    "peak_r2": 0.000982747863329303,
    "onset_layer": null,
    "band_stats": {
      "early": {
        "mean_cos": -0.005649977922439575,
        "mean_abs_cos": 0.02120150700211525,
        "mean_r2": 0.00048644710084042725,
        "max_r2": 0.000982747863329303,
        "r2_fraction": 0.32592796287863735,
        "n_layers": 5
      },
      "middle": {
        "mean_cos": -0.0011223368967572848,
        "mean_abs_cos": 0.011414684851964315,
        "mean_r2": 0.00017678932032791586,
        "max_r2": 0.0006785334786061359,
        "r2_fraction": 0.35535569808285183,
        "n_layers": 15
      },
      "late": {
        "mean_cos": 0.002341936878898802,
        "mean_abs_cos": 0.01139836475000872,
        "mean_r2": 0.00015856125358339635,
        "max_r2": 0.0003450202323130071,
        "r2_fraction": 0.3187163390385107,
        "n_layers": 15
      }
    },
    "normalized_entropy": 0.8737291249862693,
    "near_peak_layers": [
      10,
      12,
      16
    ],
    "near_peak_fraction": 0.08571428571428572,
    "sign_consistency": 0.5428571428571428,
    "dominant_sign": "positive",
    "profile_type": "negligible",
    "per_layer": {
      "6": {
        "cosine": 0.024616489186882973,
        "abs_cosine": 0.024616489186882973,
        "r_squared": 0.0006059715398879263
      },
      "7": {
        "cosine": -0.017914697527885437,
        "abs_cosine": 0.017914697527885437,
        "r_squared": 0.0003209363875156246
      },
      "8": {
        "cosine": -0.01786520518362522,
        "abs_cosine": 0.01786520518362522,
        "r_squared": 0.0003191655562530295
      },
      "9": {
        "cosine": 0.014262333512306213,
        "abs_cosine": 0.014262333512306213,
        "r_squared": 0.0002034141572162529
      },
      "10": {
        "cosine": -0.031348809599876404,
        "abs_cosine": 0.031348809599876404,
        "r_squared": 0.000982747863329303
      },
      "11": {
        "cosine": 0.003065031487494707,
        "abs_cosine": 0.003065031487494707,
        "r_squared": 9.394418019334017e-06
      },
      "12": {
        "cosine": -0.026048675179481506,
        "abs_cosine": 0.026048675179481506,
        "r_squared": 0.0006785334786061359
      },
      "13": {
        "cosine": 0.0053410655818879604,
        "abs_cosine": 0.0053410655818879604,
        "r_squared": 2.8526981550028177e-05
      },
      "14": {
        "cosine": -0.009620505385100842,
        "abs_cosine": 0.009620505385100842,
        "r_squared": 9.255412386475429e-05
      },
      "15": {
        "cosine": -0.01401549018919468,
        "abs_cosine": 0.01401549018919468,
        "r_squared": 0.0001964339652434123
      },
      "16": {
        "cosine": -0.02563842572271824,
        "abs_cosine": 0.02563842572271824,
        "r_squared": 0.0006573288735393402
      },
      "17": {
        "cosine": -0.011298801749944687,
        "abs_cosine": 0.011298801749944687,
        "r_squared": 0.00012766292098455312
      },
      "18": {
        "cosine": 0.005398289766162634,
        "abs_cosine": 0.005398289766162634,
        "r_squared": 2.9141532399456225e-05
      },
      "19": {
        "cosine": -0.007405764888972044,
        "abs_cosine": 0.007405764888972044,
        "r_squared": 5.484535359073111e-05
      },
      "20": {
        "cosine": 0.004032368306070566,
        "abs_cosine": 0.004032368306070566,
        "r_squared": 1.6259994155802407e-05
      },
      "21": {
        "cosine": 0.010372345335781574,
        "abs_cosine": 0.010372345335781574,
        "r_squared": 0.00010758554776470978
      },
      "22": {
        "cosine": 0.015477371402084827,
        "abs_cosine": 0.015477371402084827,
        "r_squared": 0.00023954902551807326
      },
      "23": {
        "cosine": 0.015285377390682697,
        "abs_cosine": 0.015285377390682697,
        "r_squared": 0.00023364276197559378
      },
      "24": {
        "cosine": 0.006428704131394625,
        "abs_cosine": 0.006428704131394625,
        "r_squared": 4.1328236809010316e-05
      },
      "25": {
        "cosine": 0.011792056262493134,
        "abs_cosine": 0.011792056262493134,
        "r_squared": 0.00013905259089780353
      },
      "26": {
        "cosine": 0.017914338037371635,
        "abs_cosine": 0.017914338037371635,
        "r_squared": 0.0003209235073172202
      },
      "27": {
        "cosine": 0.007039395626634359,
        "abs_cosine": 0.007039395626634359,
        "r_squared": 4.9553090788278945e-05
      },
      "28": {
        "cosine": 0.015392766334116459,
        "abs_cosine": 0.015392766334116459,
        "r_squared": 0.00023693725541670905
      },
      "29": {
        "cosine": -0.00019043344946112484,
        "abs_cosine": 0.00019043344946112484,
        "r_squared": 3.626489867366279e-08
      },
      "30": {
        "cosine": -0.00723985442891717,
        "abs_cosine": 0.00723985442891717,
        "r_squared": 5.2415492151911556e-05
      },
      "31": {
        "cosine": 0.01776999421417713,
        "abs_cosine": 0.01776999421417713,
        "r_squared": 0.00031577269437188873
      },
      "32": {
        "cosine": 0.004535089712589979,
        "abs_cosine": 0.004535089712589979,
        "r_squared": 2.056703870123946e-05
      },
      "33": {
        "cosine": -0.011839560233056545,
        "abs_cosine": 0.011839560233056545,
        "r_squared": 0.00014017518651217396
      },
      "34": {
        "cosine": 0.015210007317364216,
        "abs_cosine": 0.015210007317364216,
        "r_squared": 0.000231344322594273
      },
      "35": {
        "cosine": -0.013050364330410957,
        "abs_cosine": 0.013050364330410957,
        "r_squared": 0.00017031200915646263
      },
      "36": {
        "cosine": -0.01857472024857998,
        "abs_cosine": 0.01857472024857998,
        "r_squared": 0.0003450202323130071
      },
      "37": {
        "cosine": 0.008662552572786808,
        "abs_cosine": 0.008662552572786808,
        "r_squared": 7.503981707629535e-05
      },
      "38": {
        "cosine": -0.009553872980177402,
        "abs_cosine": 0.009553872980177402,
        "r_squared": 9.127648892136384e-05
      },
      "39": {
        "cosine": 0.016528118401765823,
        "abs_cosine": 0.016528118401765823,
        "r_squared": 0.00027317869790279004
      },
      "40": {
        "cosine": -0.007474403362721205,
        "abs_cosine": 0.007474403362721205,
        "r_squared": 5.5866705628658054e-05
      }
    }
  },
  "control_profile": {
    "probe_type": "control",
    "n_layers": 35,
    "overall_mean_r2": 0.00014776565037676474,
    "overall_mean_abs_cos": 0.010220058016212924,
    "peak_layer": 8,
    "peak_cosine": -0.021431205794215202,
    "peak_abs_cosine": 0.021431205794215202,
    "peak_r2": 0.00045929658179400326,
    "onset_layer": null,
    "band_stats": {
      "early": {
        "mean_cos": -0.010830322839319706,
        "mean_abs_cos": 0.01479067411273718,
        "mean_r2": 0.000234178662233781,
        "max_r2": 0.00045929658179400326,
        "r2_fraction": 0.22639967082692386,
        "n_layers": 5
      },
      "middle": {
        "mean_cos": -0.0058808392301822705,
        "mean_abs_cos": 0.009812499249043564,
        "mean_r2": 0.0001492798319342282,
        "max_r2": 0.0004191301395964353,
        "r2_fraction": 0.4329630781296582,
        "n_layers": 15
      },
      "late": {
        "mean_cos": 0.00398873850548019,
        "mean_abs_cos": 0.009104078084540864,
        "mean_r2": 0.00011744713153362915,
        "max_r2": 0.0004027138989765172,
        "r2_fraction": 0.34063725104341785,
        "n_layers": 15
      }
    },
    "normalized_entropy": 0.8576951518635212,