{
  "dim_name": "9_roles",
  "dim_id": 9,
  "reading_profile": {
    "probe_type": "reading",
    "n_layers": 35,
    "overall_mean_r2": 0.0002055368299686278,
    "overall_mean_abs_cos": 0.012488351107926324,
    "peak_layer": 10,
    "peak_cosine": -0.02896205149590969,
    "peak_abs_cosine": 0.02896205149590969,
    "peak_r2": 0.0008388004268517248,
    "onset_layer": null,
    "band_stats": {
      "early": {
        "mean_cos": -0.005670489557087421,
        "mean_abs_cos": 0.02103810291737318,
        "mean_r2": 0.0004682153808861363,
        "max_r2": 0.0008388004268517248,
        "r2_fraction": 0.3254302966790516,
        "n_layers": 5
      },
      "middle": {
        "mean_cos": -0.0013817059273909156,
        "mean_abs_cos": 0.010722708524554037,
        "mean_r2": 0.0001669967972975924,
        "max_r2": 0.0005881782637356982,
        "r2_fraction": 0.3482103718132005,
        "n_layers": 15
      },
      "late": {
        "mean_cos": 0.001437375057018168,
        "mean_abs_cos": 0.011404076421482993,
        "mean_r2": 0.00015651734566716035,
        "max_r2": 0.0004843059043096454,
        "r2_fraction": 0.3263593315077479,
        "n_layers": 15
      }
    },
    "normalized_entropy": 0.8763218713281975,
    "near_peak_layers": [
      6,
      10,
      12,
      16
    ],
    "near_peak_fraction": 0.11428571428571428,
    "sign_consistency": 0.5142857142857142,
    "dominant_sign": "positive",
    "profile_type": "negligible",
    "per_layer": {
      "6": {
        "cosine": 0.024164550006389618,
        "abs_cosine": 0.024164550006389618,
        "r_squared": 0.0005839254770113045
      },
      "7": {
        "cosine": -0.019343016669154167,
        "abs_cosine": 0.019343016669154167,
        "r_squared": 0.00037415229386317597
      },
      "8": {
        "cosine": -0.018466413021087646,
        "abs_cosine": 0.018466413021087646,
        "r_squared": 0.0003410084098653954
      },
      "9": {
        "cosine": 0.01425448339432478,
        "abs_cosine": 0.01425448339432478,
        "r_squared": 0.0002031902968390809
      },
      "10": {
        "cosine": -0.02896205149590969,
        "abs_cosine": 0.02896205149590969,
        "r_squared": 0.0008388004268517248
      },
      "11": {
        "cosine": 0.0036581375170499086,
        "abs_cosine": 0.0036581375170499086,
        "r_squared": 1.338197009364807e-05
      },
      "12": {
        "cosine": -0.023786839097738266,
        "abs_cosine": 0.023786839097738266,
        "r_squared": 0.0005658137142616898
      },
      "13": {
        "cosine": 0.003153734840452671,
        "abs_cosine": 0.003153734840452671,
        "r_squared": 9.946043443885035e-06
      },
      "14": {
        "cosine": -0.013866139575839043,
        "abs_cosine": 0.013866139575839043,
        "r_squared": 0.00019226982673664975
      },
      "15": {
        "cosine": -0.015538293868303299,
        "abs_cosine": 0.015538293868303299,
        "r_squared": 0.0002414385763377519
      },
      "16": {
        "cosine": -0.024252386763691902,
        "abs_cosine": 0.024252386763691902,
        "r_squared": 0.0005881782637356982
      },
      "17": {
        "cosine": -0.00835926178842783,
        "abs_cosine": 0.00835926178842783,
        "r_squared": 6.987725764746964e-05
      },
      "18": {
        "cosine": 0.0053518651984632015,
        "abs_cosine": 0.0053518651984632015,
        "r_squared": 2.8642461102521563e-05
      },
      "19": {
        "cosine": -0.004760838579386473,
        "abs_cosine": 0.004760838579386473,
        "r_squared": 2.2665583978974608e-05
      },
      "20": {
        "cosine": -0.00021934871620032936,
        "abs_cosine": 0.00021934871620032936,
        "r_squared": 4.811385929873263e-08
      },
      "21": {
        "cosine": 0.010676898062229156,
        "abs_cosine": 0.010676898062229156,
        "r_squared": 0.00011399615223123272
      },
      "22": {
        "cosine": 0.013249905779957771,
        "abs_cosine": 0.013249905779957771,
        "r_squared": 0.00017556000317775836
      },
      "23": {
        "cosine": 0.015665724873542786,
        "abs_cosine": 0.015665724873542786,
        "r_squared": 0.00024541493581353713
      },
      "24": {
        "cosine": 0.003223944455385208,
        "abs_cosine": 0.003223944455385208,
        "r_squared": 1.0393817851409026e-05
      },
      "25": {
        "cosine": 0.015077308751642704,
        "abs_cosine": 0.015077308751642704,
        "r_squared": 0.00022732523919236167
      },
      "26": {
        "cosine": 0.017047563567757607,
        "abs_cosine": 0.017047563567757607,
        "r_squared": 0.00029061942359673645
      },
      "27": {
        "cosine": 0.00705143716186285,
        "abs_cosine": 0.00705143716186285,
        "r_squared": 4.972276604770041e-05
      },
      "28": {
        "cosine": 0.009807235561311245,
        "abs_cosine": 0.009807235561311245,
        "r_squared": 9.618186935504789e-05
      },
      "29": {
        "cosine": -7.655255103600211e-06,
        "abs_cosine": 7.655255103600211e-06,
        "r_squared": 5.860293070119708e-11
      },
      "30": {
        "cosine": -0.009286097250878811,
        "abs_cosine": 0.009286097250878811,
        "r_squared": 8.623160215277901e-05
      },
      "31": {
        "cosine": 0.014676556922495365,
        "abs_cosine": 0.014676556922495365,
        "r_squared": 0.00021540132309924662
      },
      "32": {
        "cosine": 0.007708800490945578,
        "abs_cosine": 0.007708800490945578,
        "r_squared": 5.942560500920278e-05
      },
      "33": {
        "cosine": -0.011451607570052147,
        "abs_cosine": 0.011451607570052147,
        "r_squared": 0.00013113931593847564
      },
      "34": {
        "cosine": 0.011771617457270622,
        "abs_cosine": 0.011771617457270622,
        "r_squared": 0.00013857097756031847
      },
      "35": {
        "cosine": -0.010900910012423992,
        "abs_cosine": 0.010900910012423992,
        "r_squared": 0.00011882983909896564
      },
      "36": {
        "cosine": -0.02200695127248764,
        "abs_cosine": 0.02200695127248764,
        "r_squared": 0.0004843059043096454
      },
      "37": {
        "cosine": 0.008887125179171562,
        "abs_cosine": 0.008887125179171562,
        "r_squared": 7.898099395026517e-05
      },
      "38": {
        "cosine": -0.011247481219470501,
        "abs_cosine": 0.011247481219470501,
        "r_squared": 0.00012650583378234163
      },
      "39": {
        "cosine": 0.019360549747943878,
        "abs_cosine": 0.019360549747943878,
        "r_squared": 0.00037483088654260976
      },
      "40": {
        "cosine": -0.009849557653069496,
        "abs_cosine": 0.009849557653069496,
        "r_squared": 9.701378596113988e-05
      }
    }
  },
  "control_profile": {
    "probe_type": "control",
    "n_layers": 35,
    "overall_mean_r2": 0.00015962625192055783,
    "overall_mean_abs_cos": 0.011031040517679815,
    "peak_layer": 25,
    "peak_cosine": -0.022083749994635582,
    "peak_abs_cosine": 0.022083749994635582,
    "peak_r2": 0.00048769201382556707,
    "onset_layer": null,
    "band_stats": {
      "early": {
        "mean_cos": -0.00974273718893528,
        "mean_abs_cos": 0.014081814885139465,
        "mean_r2": 0.00021478897258894424,
        "max_r2": 0.0004546970625061465,
        "r2_fraction": 0.19222489140789017,
        "n_layers": 5
      },
      "middle": {
        "mean_cos": -0.00784835567465052,
        "mean_abs_cos": 0.01118991825496778,
        "mean_r2": 0.00017725059959773791,
        "max_r2": 0.00048769201382556707,
        "r2_fraction": 0.4758900354469925,
        "n_layers": 15
      },
      "late": {
        "mean_cos": 0.002778722671791911,
        "mean_abs_cos": 0.009855237991238634,
        "mean_r2": 0.00012361433068724896,
        "max_r2": 0.0003951406608582314,
        "r2_fraction": 0.33188507314511745,
        "n_layers": 15
      }
    },
    "normalized_entropy": 0.8775909491719925,