{
  "dim_name": "11_formality",
  "dim_id": 11,
  "reading_profile": {
    "probe_type": "reading",
    "n_layers": 35,
    "overall_mean_r2": 0.0002699307685032074,
    "overall_mean_abs_cos": 0.012933422368951142,
    "peak_layer": 16,
    "peak_cosine": -0.033070266246795654,
    "peak_abs_cosine": 0.033070266246795654,
    "peak_r2": 0.001093642509633952,
    "onset_layer": null,
    "band_stats": {
      "early": {
        "mean_cos": 0.008464498072862625,
        "mean_abs_cos": 0.024023061245679857,
        "mean_r2": 0.00060189738601647,
        "max_r2": 0.0009252021007156476,
        "r2_fraction": 0.3185459047010197,
        "n_layers": 5
      },
      "middle": {
        "mean_cos": -0.001094804642101129,
        "mean_abs_cos": 0.012726071461414298,
        "mean_r2": 0.00027489128239829017,
        "max_r2": 0.001093642509633952,
        "r2_fraction": 0.436447279621135,
        "n_layers": 15
      },
      "late": {
        "mean_cos": -0.004885334203330179,
        "mean_abs_cos": 0.009444226984245081,
        "mean_r2": 0.000154314715437037,
        "max_r2": 0.0006433843888696868,
        "r2_fraction": 0.24500681567784516,
        "n_layers": 15
      }
    },
    "normalized_entropy": 0.8034722680589902,
    "near_peak_layers": [
      8,
      10,
      11,
      16,
      20
    ],
    "near_peak_fraction": 0.14285714285714285,
    "sign_consistency": 0.5714285714285714,
    "dominant_sign": "negative",
    "profile_type": "negligible",
    "per_layer": {
      "6": {
        "cosine": -0.0192278865724802,
        "abs_cosine": 0.0192278865724802,
        "r_squared": 0.00036971162204416444
      },
      "7": {
        "cosine": -0.019668521359562874,
        "abs_cosine": 0.019668521359562874,
        "r_squared": 0.000386850732471581
      },
      "8": {
        "cosine": 0.03041713498532772,
        "abs_cosine": 0.03041713498532772,
        "r_squared": 0.0009252021007156476
      },
      "9": {
        "cosine": 0.02108157053589821,
        "abs_cosine": 0.02108157053589821,
        "r_squared": 0.0004444326162600515
      },
      "10": {
        "cosine": 0.029720192775130272,
        "abs_cosine": 0.029720192775130272,
        "r_squared": 0.0008832898585909056
      },
      "11": {
        "cosine": -0.030597299337387085,
        "abs_cosine": 0.030597299337387085,
        "r_squared": 0.0009361947267416681
      },
      "12": {
        "cosine": -0.01972353644669056,
        "abs_cosine": 0.01972353644669056,
        "r_squared": 0.00038901788996393086
      },
      "13": {
        "cosine": 0.008215981535613537,
        "abs_cosine": 0.008215981535613537,
        "r_squared": 6.750235259354257e-05
      },
      "14": {
        "cosine": -0.0036764652468264103,
        "abs_cosine": 0.0036764652468264103,
        "r_squared": 1.3516396711122378e-05
      },
      "15": {
        "cosine": -0.005451987963169813,
        "abs_cosine": 0.005451987963169813,
        "r_squared": 2.9724172750548528e-05
      },
      "16": {
        "cosine": -0.033070266246795654,
        "abs_cosine": 0.033070266246795654,
        "r_squared": 0.001093642509633952
      },
      "17": {
        "cosine": -0.009576763026416302,
        "abs_cosine": 0.009576763026416302,
        "r_squared": 9.171439006413432e-05
      },
      "18": {
        "cosine": 0.00609903410077095,
        "abs_cosine": 0.00609903410077095,
        "r_squared": 3.7198216962366915e-05
      },
      "19": {
        "cosine": 0.008350448682904243,
        "abs_cosine": 0.008350448682904243,
        "r_squared": 6.972999320581721e-05
      },
      "20": {
        "cosine": 0.028399396687746048,
        "abs_cosine": 0.028399396687746048,
        "r_squared": 0.0008065257322279612
      },
      "21": {
        "cosine": 0.021935656666755676,
        "abs_cosine": 0.021935656666755676,
        "r_squared": 0.00048117303340178275
      },
      "22": {
        "cosine": 0.009689691476523876,
        "abs_cosine": 0.009689691476523876,
        "r_squared": 9.389012091021946e-05
      },
      "23": {
        "cosine": 0.0028966530226171017,
        "abs_cosine": 0.0028966530226171017,
        "r_squared": 8.390598733436791e-06
      },
      "24": {
        "cosine": -0.0015602525090798736,
        "abs_cosine": 0.0015602525090798736,
        "r_squared": 2.434387892090041e-06
      },
      "25": {
        "cosine": 0.0016476389719173312,
        "abs_cosine": 0.0016476389719173312,
        "r_squared": 2.7147141817808e-06
      },
      "26": {
        "cosine": -0.012348810210824013,
        "abs_cosine": 0.012348810210824013,
        "r_squared": 0.0001524931136229514
      },
      "27": {
        "cosine": 0.005150180775672197,
        "abs_cosine": 0.005150180775672197,
        "r_squared": 2.6524362022103476e-05
      },
      "28": {
        "cosine": 0.002968796296045184,
        "abs_cosine": 0.002968796296045184,
        "r_squared": 8.813751447411605e-06
      },
      "29": {
        "cosine": -0.015072524547576904,
        "abs_cosine": 0.015072524547576904,
        "r_squared": 0.00022718099623730836
      },
      "30": {
        "cosine": -0.022981926798820496,
        "abs_cosine": 0.022981926798820496,
        "r_squared": 0.0005281689593863437
      },
      "31": {
        "cosine": 0.02536502294242382,
        "abs_cosine": 0.02536502294242382,
        "r_squared": 0.0006433843888696868
      },
      "32": {
        "cosine": -0.010287264361977577,
        "abs_cosine": 0.010287264361977577,
        "r_squared": 0.00010582780805321393
      },
      "33": {
        "cosine": 0.0007076958427205682,
        "abs_cosine": 0.0007076958427205682,
        "r_squared": 5.008334058039752e-07
      },
      "34": {
        "cosine": -0.002490077633410692,
        "abs_cosine": 0.002490077633410692,
        "r_squared": 6.200486620412194e-06
      },
      "35": {
        "cosine": -0.0203216765075922,
        "abs_cosine": 0.0203216765075922,
        "r_squared": 0.00041297053607922476
      },
      "36": {
        "cosine": -0.013043945655226707,
        "abs_cosine": 0.013043945655226707,
        "r_squared": 0.0001701445182565077
      },
      "37": {
        "cosine": -0.0021955727133899927,
        "abs_cosine": 0.0021955727133899927,
        "r_squared": 4.820539539782695e-06
      },
      "38": {
        "cosine": -0.0021554308477789164,
        "abs_cosine": 0.0021554308477789164,
        "r_squared": 4.645882139556938e-06
      },
      "39": {
        "cosine": -0.004133604001253843,
        "abs_cosine": 0.004133604001253843,
        "r_squared": 1.7086682039181783e-05
      },
      "40": {
        "cosine": -0.002440875628963113,
        "abs_cosine": 0.002440875628963113,
        "r_squared": 5.957873836066072e-06
      }
    }
  },
  "control_profile": {
    "probe_type": "control",
    "n_layers": 35,
    "overall_mean_r2": 0.00020698802438239318,
    "overall_mean_abs_cos": 0.012060984649828502,
    "peak_layer": 23,
    "peak_cosine": -0.03207545727491379,
    "peak_abs_cosine": 0.03207545727491379,
    "peak_r2": 0.0010288349593948198,
    "onset_layer": null,
    "band_stats": {
      "early": {
        "mean_cos": 0.013072739262133837,
        "mean_abs_cos": 0.01554158767685294,
        "mean_r2": 0.0002906354224553114,
        "max_r2": 0.0006155024277629574,
        "r2_fraction": 0.20058815571059777,
        "n_layers": 5
      },
      "middle": {
        "mean_cos": 0.0006853934843093157,
        "mean_abs_cos": 0.011145912809297442,
        "mean_r2": 0.00019340373268817042,
        "max_r2": 0.0010288349593948198,
        "r2_fraction": 0.40044497384103955,
        "n_layers": 15
      },
      "late": {
        "mean_cos": -0.009185394008333484,
        "mean_abs_cos": 0.011815855481351415,
        "mean_r2": 0.00019268985005230986,
        "max_r2": 0.0006304503076128842,
        "r2_fraction": 0.3989668704483627,
        "n_layers": 15
      }
    },
    "normalized_entropy": 0.8410609803727289,