{
  "dim_name": "12_expertise",
  "dim_id": 12,
  "reading_profile": {
    "probe_type": "reading",
    "n_layers": 35,
    "overall_mean_r2": 0.00021034067468663305,
    "overall_mean_abs_cos": 0.01187604736270649,
    "peak_layer": 31,
    "peak_cosine": 0.036946676671504974,
    "peak_abs_cosine": 0.036946676671504974,
    "peak_r2": 0.0013650569170687299,
    "onset_layer": null,
    "band_stats": {
      "early": {
        "mean_cos": 0.0028430316131561996,
        "mean_abs_cos": 0.006695945980027318,
        "mean_r2": 5.5971797054694405e-05,
        "max_r2": 0.0001641168171509855,
        "r2_fraction": 0.038014383189204554,
        "n_layers": 5
      },
      "middle": {
        "mean_cos": -0.0012764403596520423,
        "mean_abs_cos": 0.011427580813566844,
        "mean_r2": 0.0001598222072109018,
        "max_r2": 0.0005648253151504003,
        "r2_fraction": 0.32563949775220463,
        "n_layers": 15
      },
      "late": {
        "mean_cos": -0.0037036681392540534,
        "mean_abs_cos": 0.014051214372739197,
        "mean_r2": 0.0003123154347063438,
        "max_r2": 0.0013650569170687299,
        "r2_fraction": 0.6363461190585907,
        "n_layers": 15
      }
    },
    "normalized_entropy": 0.7938067049902283,
    "near_peak_layers": [
      31,
      34
    ],
    "near_peak_fraction": 0.05714285714285714,
    "sign_consistency": 0.5428571428571428,
    "dominant_sign": "negative",
    "profile_type": "negligible",
    "per_layer": {
      "6": {
        "cosine": -0.006046860944479704,
        "abs_cosine": 0.006046860944479704,
        "r_squared": 3.656452728187398e-05
      },
      "7": {
        "cosine": 0.0038723060861229897,
        "abs_cosine": 0.0038723060861229897,
        "r_squared": 1.4994754424625147e-05
      },
      "8": {
        "cosine": 0.007164329290390015,
        "abs_cosine": 0.007164329290390015,
        "r_squared": 5.132761418114029e-05
      },
      "9": {
        "cosine": 0.01281080860644579,
        "abs_cosine": 0.01281080860644579,
        "r_squared": 0.0001641168171509855
      },
      "10": {
        "cosine": -0.0035854249726980925,
        "abs_cosine": 0.0035854249726980925,
        "r_squared": 1.2855272234847117e-05
      },
      "11": {
        "cosine": -0.009890054352581501,
        "abs_cosine": 0.009890054352581501,
        "r_squared": 9.781317509701629e-05
      },
      "12": {
        "cosine": -0.00852090585976839,
        "abs_cosine": 0.00852090585976839,
        "r_squared": 7.26058366710353e-05
      },
      "13": {
        "cosine": 0.007334297057241201,
        "abs_cosine": 0.007334297057241201,
        "r_squared": 5.379191332385695e-05
      },
      "14": {
        "cosine": -0.017987238243222237,
        "abs_cosine": 0.017987238243222237,
        "r_squared": 0.0003235407396184366
      },
      "15": {
        "cosine": 0.016021525487303734,
        "abs_cosine": 0.016021525487303734,
        "r_squared": 0.00025668927894032315
      },
      "16": {
        "cosine": 0.013119948096573353,
        "abs_cosine": 0.013119948096573353,
        "r_squared": 0.00017213303805677874
      },
      "17": {
        "cosine": 0.012468044646084309,
        "abs_cosine": 0.012468044646084309,
        "r_squared": 0.0001554521372967516
      },
      "18": {
        "cosine": -0.023766053840517998,
        "abs_cosine": 0.023766053840517998,
        "r_squared": 0.0005648253151504003
      },
      "19": {
        "cosine": -0.01432111393660307,
        "abs_cosine": 0.01432111393660307,
        "r_squared": 0.00020509430438516666
      },
      "20": {
        "cosine": 0.0054513756185770035,
        "abs_cosine": 0.0054513756185770035,
        "r_squared": 2.9717496134815807e-05
      },
      "21": {
        "cosine": -0.0048372638411819935,
        "abs_cosine": 0.0048372638411819935,
        "r_squared": 2.3399121469206774e-05
      },
      "22": {
        "cosine": -0.01348904613405466,
        "abs_cosine": 0.01348904613405466,
        "r_squared": 0.000181954365606655
      },
      "23": {
        "cosine": 0.013864575885236263,
        "abs_cosine": 0.013864575885236263,
        "r_squared": 0.0001922264644774749
      },
      "24": {
        "cosine": 0.007873786613345146,
        "abs_cosine": 0.007873786613345146,
        "r_squared": 6.199651563249323e-05
      },
      "25": {
        "cosine": -0.002468482591211796,
        "abs_cosine": 0.002468482591211796,
        "r_squared": 6.093406303115702e-06
      },
      "26": {
        "cosine": -0.006320918444544077,
        "abs_cosine": 0.006320918444544077,
        "r_squared": 3.995400998257751e-05
      },
      "27": {
        "cosine": 0.009729376994073391,
        "abs_cosine": 0.009729376994073391,
        "r_squared": 9.466077669280457e-05
      },
      "28": {
        "cosine": -0.012556906789541245,
        "abs_cosine": 0.012556906789541245,
        "r_squared": 0.000157675908121227
      },
      "29": {
        "cosine": -0.020312022417783737,
        "abs_cosine": 0.020312022417783737,
        "r_squared": 0.0004125782547005491
      },
      "30": {
        "cosine": -0.029131460934877396,
        "abs_cosine": 0.029131460934877396,
        "r_squared": 0.0008486420162002878
      },
      "31": {
        "cosine": 0.036946676671504974,
        "abs_cosine": 0.036946676671504974,
        "r_squared": 0.0013650569170687299
      },
      "32": {
        "cosine": 0.00823273602873087,
        "abs_cosine": 0.00823273602873087,
        "r_squared": 6.777794251876332e-05
      },
      "33": {
        "cosine": 0.0027884680312126875,
        "abs_cosine": 0.0027884680312126875,
        "r_squared": 7.775553961095162e-06
      },
      "34": {
        "cosine": -0.034523118287324905,
        "abs_cosine": 0.034523118287324905,
        "r_squared": 0.0011918456962806273
      },
      "35": {
        "cosine": 0.00892900861799717,
        "abs_cosine": 0.00892900861799717,
        "r_squared": 7.972719490026772e-05
      },
      "36": {
        "cosine": -0.012698072008788586,
        "abs_cosine": 0.012698072008788586,
        "r_squared": 0.0001612410327403802
      },
      "37": {
        "cosine": -0.004132274072617292,
        "abs_cosine": 0.004132274072617292,
        "r_squared": 1.7075689011225104e-05
      },
      "38": {
        "cosine": -0.010564768686890602,
        "abs_cosine": 0.010564768686890602,
        "r_squared": 0.00011161433740750418
      },
      "39": {
        "cosine": 0.010980330407619476,
        "abs_cosine": 0.010980330407619476,
        "r_squared": 0.0001205676558604929
      },
      "40": {
        "cosine": -0.0029220771975815296,
        "abs_cosine": 0.0029220771975815296,
        "r_squared": 8.538535148625926e-06
      }
    }
  },
  "control_profile": {
    "probe_type": "control",
    "n_layers": 35,
    "overall_mean_r2": 0.0002560911625602966,
    "overall_mean_abs_cos": 0.01238025172829761,
    "peak_layer": 16,
    "peak_cosine": 0.046138979494571686,
    "peak_abs_cosine": 0.046138979494571686,
    "peak_r2": 0.0021288054288005065,
    "onset_layer": null,
    "band_stats": {
      "early": {
        "mean_cos": 0.022121964022517204,
        "mean_abs_cos": 0.022121964022517204,
        "mean_r2": 0.0005529132013667038,
        "max_r2": 0.0012367232128399075,
        "r2_fraction": 0.3084354782318808,
        "n_layers": 5
      },
      "middle": {
        "mean_cos": 0.00862944657371069,
        "mean_abs_cos": 0.011563447703762601,
        "mean_r2": 0.00027412636964563953,
        "max_r2": 0.0021288054288005065,
        "r2_fraction": 0.45875354960938936,
        "n_layers": 15
      },
      "late": {
        "mean_cos": -0.002206110090871031,
        "mean_abs_cos": 0.009949818321426088,
        "mean_r2": 0.00013911527587281804,
        "max_r2": 0.0004980876355419085,
        "r2_fraction": 0.23281097215872998,
        "n_layers": 15
      }
    },
    "normalized_entropy": 0.7617285361113774,