{
  "dim_name": "18_sysprompt_labeled",
  "dim_id": 18,
  "reading_profile": {
    "probe_type": "reading",
    "n_layers": 35,
    "overall_mean_r2": 0.00018916373538315913,
    "overall_mean_abs_cos": 0.010404162251922701,
    "peak_layer": 7,
    "peak_cosine": 0.039368852972984314,
    "peak_abs_cosine": 0.039368852972984314,
    "peak_r2": 0.0015499065844084559,
    "onset_layer": null,
    "band_stats": {
      "early": {
        "mean_cos": 0.005931379087269306,
        "mean_abs_cos": 0.013065801374614239,
        "mean_r2": 0.0003597500971829782,
        "max_r2": 0.0015499065844084559,
        "r2_fraction": 0.27168458543093,
        "n_layers": 5
      },
      "middle": {
        "mean_cos": -0.0005918284490083655,
        "mean_abs_cos": 0.008858521337000031,
        "mean_r2": 0.00011989119374110775,
        "max_r2": 0.0005112375946682152,
        "r2_fraction": 0.2716268002991386,
        "n_layers": 15
      },
      "late": {
        "mean_cos": -0.0002596043050289154,
        "mean_abs_cos": 0.01106259012594819,
        "mean_r2": 0.00020157415642527087,
        "max_r2": 0.0011527014724763834,
        "r2_fraction": 0.45668861426993146,
        "n_layers": 15
      }
    },
    "normalized_entropy": 0.7364381160218124,
    "near_peak_layers": [
      7,
      30
    ],
    "near_peak_fraction": 0.05714285714285714,
    "sign_consistency": 0.5142857142857142,
    "dominant_sign": "positive",
    "profile_type": "negligible",
    "per_layer": {
      "6": {
        "cosine": -0.0024124421179294586,
        "abs_cosine": 0.0024124421179294586,
        "r_squared": 5.819876972359972e-06
      },
      "7": {
        "cosine": 0.039368852972984314,
        "abs_cosine": 0.039368852972984314,
        "r_squared": 0.0015499065844084559
      },
      "8": {
        "cosine": 0.008124098181724548,
        "abs_cosine": 0.008124098181724548,
        "r_squared": 6.600097126630011e-05
      },
      "9": {
        "cosine": -0.0023229699581861496,
        "abs_cosine": 0.0023229699581861496,
        "r_squared": 5.396189426635362e-06
      },
      "10": {
        "cosine": -0.013100643642246723,
        "abs_cosine": 0.013100643642246723,
        "r_squared": 0.0001716268638411395
      },
      "11": {
        "cosine": 0.010696858167648315,
        "abs_cosine": 0.010696858167648315,
        "r_squared": 0.00011442277465878448
      },
      "12": {
        "cosine": -0.01594340242445469,
        "abs_cosine": 0.01594340242445469,
        "r_squared": 0.00025419208086810766
      },
      "13": {
        "cosine": -0.0012659307103604078,
        "abs_cosine": 0.0012659307103604078,
        "r_squared": 1.6025805634336068e-06
      },
      "14": {
        "cosine": 0.01074450183659792,
        "abs_cosine": 0.01074450183659792,
        "r_squared": 0.00011544431971665606
      },
      "15": {
        "cosine": 0.019484516233205795,
        "abs_cosine": 0.019484516233205795,
        "r_squared": 0.00037964637284206015
      },
      "16": {
        "cosine": 0.005221845582127571,
        "abs_cosine": 0.005221845582127571,
        "r_squared": 2.7267671283585232e-05
      },
      "17": {
        "cosine": -0.009748159907758236,
        "abs_cosine": 0.009748159907758236,
        "r_squared": 9.502662158722506e-05
      },
      "18": {
        "cosine": 0.0037755316589027643,
        "abs_cosine": 0.0037755316589027643,
        "r_squared": 1.425463930737706e-05
      },
      "19": {
        "cosine": 0.007308902218937874,
        "abs_cosine": 0.007308902218937874,
        "r_squared": 5.3420051645994976e-05
      },
      "20": {
        "cosine": -0.0017640533624216914,
        "abs_cosine": 0.0017640533624216914,
        "r_squared": 3.1118842654712754e-06
      },
      "21": {
        "cosine": -0.0004663923755288124,
        "abs_cosine": 0.0004663923755288124,
        "r_squared": 2.1752184795140878e-07
      },
      "22": {
        "cosine": 0.0047680409625172615,
        "abs_cosine": 0.0047680409625172615,
        "r_squared": 2.2734214620242534e-05
      },
      "23": {
        "cosine": -0.012987976893782616,
        "abs_cosine": 0.012987976893782616,
        "r_squared": 0.00016868754379343112
      },
      "24": {
        "cosine": -0.006091143935918808,
        "abs_cosine": 0.006091143935918808,
        "r_squared": 3.710203444808047e-05
      },
      "25": {
        "cosine": -0.022610563784837723,
        "abs_cosine": 0.022610563784837723,
        "r_squared": 0.0005112375946682152
      },
      "26": {
        "cosine": 0.001197719480842352,
        "abs_cosine": 0.001197719480842352,
        "r_squared": 1.434531954789273e-06
      },
      "27": {
        "cosine": 0.024310139939188957,
        "abs_cosine": 0.024310139939188957,
        "r_squared": 0.0005909829038629501
      },
      "28": {
        "cosine": 0.01271414291113615,
        "abs_cosine": 0.01271414291113615,
        "r_squared": 0.00016164942996479362
      },
      "29": {
        "cosine": -0.0017983957659453154,
        "abs_cosine": 0.0017983957659453154,
        "r_squared": 3.2342273309700375e-06
      },
      "30": {
        "cosine": -0.03395145758986473,
        "abs_cosine": 0.03395145758986473,
        "r_squared": 0.0011527014724763834
      },
      "31": {
        "cosine": 0.007002369500696659,
        "abs_cosine": 0.007002369500696659,
        "r_squared": 4.903317862428678e-05
      },
      "32": {
        "cosine": 0.013206697069108486,
        "abs_cosine": 0.013206697069108486,
        "r_squared": 0.00017441684747519868
      },
      "33": {
        "cosine": 0.008145391009747982,
        "abs_cosine": 0.008145391009747982,
        "r_squared": 6.634739470168325e-05
      },
      "34": {
        "cosine": 0.006305161397904158,
        "abs_cosine": 0.006305161397904158,
        "r_squared": 3.975506025362071e-05
      },
      "35": {
        "cosine": 0.0028051293920725584,
        "abs_cosine": 0.0028051293920725584,
        "r_squared": 7.868750906269361e-06
      },
      "36": {
        "cosine": 0.005335642956197262,
        "abs_cosine": 0.005335642956197262,
        "r_squared": 2.8469085756017455e-05
      },
      "37": {
        "cosine": -0.011537865735590458,
        "abs_cosine": 0.011537865735590458,
        "r_squared": 0.00013312234573251234
      },
      "38": {
        "cosine": -0.0220918171107769,
        "abs_cosine": 0.0220918171107769,
        "r_squared": 0.00048804838325601507
      },
      "39": {
        "cosine": -0.006058086641132832,
        "abs_cosine": 0.006058086641132832,
        "r_squared": 3.670041375147207e-05
      },
      "40": {
        "cosine": -0.009478835389018059,
        "abs_cosine": 0.009478835389018059,
        "r_squared": 8.984832033210113e-05
      }
    }
  },
  "control_profile": {
    "probe_type": "control",
    "n_layers": 35,
    "overall_mean_r2": 0.00017031117467016413,
    "overall_mean_abs_cos": 0.009311304146623504,
    "peak_layer": 15,
    "peak_cosine": 0.02962963841855526,
    "peak_abs_cosine": 0.02962963841855526,
    "peak_r2": 0.0008779154728143258,
    "onset_layer": null,
    "band_stats": {
      "early": {
        "mean_cos": -0.0032406322192400695,
        "mean_abs_cos": 0.0032406322192400695,
        "mean_r2": 1.730518583489051e-05,
        "max_r2": 6.64898752527213e-05,
        "r2_fraction": 0.014515603041151735,
        "n_layers": 5
      },
      "middle": {
        "mean_cos": 0.01148207817071428,
        "mean_abs_cos": 0.01171901599348833,
        "mean_r2": 0.00024770489695931104,
        "max_r2": 0.0008779154728143258,
        "r2_fraction": 0.6233251679438268,
        "n_layers": 15
      },
      "late": {
        "mean_cos": 0.00892714960888649,
        "mean_abs_cos": 0.00892714960888649,
        "mean_r2": 0.00014391944865944177,
        "max_r2": 0.0007268012475020319,
        "r2_fraction": 0.3621592290150217,
        "n_layers": 15
      }
    },
    "normalized_entropy": 0.7256948473097806,