{
  "dim_name": "1_phenomenology",
  "dim_id": 1,
  "reading_profile": {
    "probe_type": "reading",
    "n_layers": 35,
    "overall_mean_r2": 0.00019683913221233234,
    "overall_mean_abs_cos": 0.010056534805335105,
    "peak_layer": 12,
    "peak_cosine": -0.03494837135076523,
    "peak_abs_cosine": 0.03494837135076523,
    "peak_r2": 0.0012213886600709878,
    "onset_layer": null,
    "band_stats": {
      "early": {
        "mean_cos": 0.009837434790097178,
        "mean_abs_cos": 0.014352598716504872,
        "mean_r2": 0.00037889757698018157,
        "max_r2": 0.0011015563705619874,
        "r2_fraction": 0.2749871159993452,
        "n_layers": 5
      },
      "middle": {
        "mean_cos": 0.00037995638170590005,
        "mean_abs_cos": 0.008407529854836563,
        "mean_r2": 0.00014820560688918354,
        "max_r2": 0.0012213886600709878,
        "r2_fraction": 0.3226832386066245,
        "n_layers": 15
      },
      "late": {
        "mean_cos": 0.0038686719179774325,
        "mean_abs_cos": 0.01027351845211039,
        "mean_r2": 0.00018478650927953132,
        "max_r2": 0.0005563534050661567,
        "r2_fraction": 0.4023296453940301,
        "n_layers": 15
      }
    },
    "normalized_entropy": 0.7316807628126251,
    "near_peak_layers": [
      8,
      12
    ],
    "near_peak_fraction": 0.05714285714285714,
    "sign_consistency": 0.6,
    "dominant_sign": "positive",
    "profile_type": "negligible",
    "per_layer": {
      "6": {
        "cosine": -0.010779337957501411,
        "abs_cosine": 0.010779337957501411,
        "r_squared": 0.0001161941268020307
      },
      "7": {
        "cosine": 0.025976236909627914,
        "abs_cosine": 0.025976236909627914,
        "r_squared": 0.0006747648839851156
      },
      "8": {
        "cosine": 0.03318970277905464,
        "abs_cosine": 0.03318970277905464,
        "r_squared": 0.0011015563705619874
      },
      "9": {
        "cosine": -0.0005085718585178256,
        "abs_cosine": 0.0005085718585178256,
        "r_squared": 2.586453352762752e-07
      },
      "10": {
        "cosine": 0.001309144077822566,
        "abs_cosine": 0.001309144077822566,
        "r_squared": 1.7138582164978968e-06
      },
      "11": {
        "cosine": -0.01267804391682148,
        "abs_cosine": 0.01267804391682148,
        "r_squared": 0.00016073279755685413
      },
      "12": {
        "cosine": -0.03494837135076523,
        "abs_cosine": 0.03494837135076523,
        "r_squared": 0.0012213886600709878
      },
      "13": {
        "cosine": 0.003660097485408187,
        "abs_cosine": 0.003660097485408187,
        "r_squared": 1.3396313602691333e-05
      },
      "14": {
        "cosine": -0.0026432513259351254,
        "abs_cosine": 0.0026432513259351254,
        "r_squared": 6.986777572057798e-06
      },
      "15": {
        "cosine": 0.004040344152599573,
        "abs_cosine": 0.004040344152599573,
        "r_squared": 1.6324380871445563e-05
      },
      "16": {
        "cosine": -0.0020953018683940172,
        "abs_cosine": 0.0020953018683940172,
        "r_squared": 4.3902899196954595e-06
      },
      "17": {
        "cosine": -0.0018661899957805872,
        "abs_cosine": 0.0018661899957805872,
        "r_squared": 3.482665100351548e-06
      },
      "18": {
        "cosine": 0.007439017295837402,
        "abs_cosine": 0.007439017295837402,
        "r_squared": 5.533897832776802e-05
      },
      "19": {
        "cosine": -0.0044303941540420055,
        "abs_cosine": 0.0044303941540420055,
        "r_squared": 1.9628392360169578e-05
      },
      "20": {
        "cosine": 0.014974075369536877,
        "abs_cosine": 0.014974075369536877,
        "r_squared": 0.00022422293317257095
      },
      "21": {
        "cosine": 0.011661496013402939,
        "abs_cosine": 0.011661496013402939,
        "r_squared": 0.00013599048927061264
      },
      "22": {
        "cosine": 0.002837829291820526,
        "abs_cosine": 0.002837829291820526,
        "r_squared": 8.053275089514589e-06
      },
      "23": {
        "cosine": 0.0027707843109965324,
        "abs_cosine": 0.0027707843109965324,
        "r_squared": 7.677245698064529e-06
      },
      "24": {
        "cosine": 0.01852250285446644,
        "abs_cosine": 0.01852250285446644,
        "r_squared": 0.00034308311199371735
      },
      "25": {
        "cosine": -0.001545248436741531,
        "abs_cosine": 0.001545248436741531,
        "r_squared": 2.387792731252145e-06
      },
      "26": {
        "cosine": 0.001687143580056727,
        "abs_cosine": 0.001687143580056727,
        "r_squared": 2.8464534597266294e-06
      },
      "27": {
        "cosine": 0.023587144911289215,
        "abs_cosine": 0.023587144911289215,
        "r_squared": 0.0005563534050661567
      },
      "28": {
        "cosine": 0.020558547228574753,
        "abs_cosine": 0.020558547228574753,
        "r_squared": 0.00042265386414953865
      },
      "29": {
        "cosine": 0.0017940697725862265,
        "abs_cosine": 0.0017940697725862265,
        "r_squared": 3.2186863489075943e-06
      },
      "30": {
        "cosine": 0.0017459765076637268,
        "abs_cosine": 0.0017459765076637268,
        "r_squared": 3.048433965313624e-06
      },
      "31": {
        "cosine": 0.02296515740454197,
        "abs_cosine": 0.02296515740454197,
        "r_squared": 0.0005273984546153888
      },
      "32": {
        "cosine": -0.006342094857245684,
        "abs_cosine": 0.006342094857245684,
        "r_squared": 4.022216717830215e-05
      },
      "33": {
        "cosine": -0.000502545153722167,
        "abs_cosine": 0.000502545153722167,
        "r_squared": 2.525516315296365e-07
      },
      "34": {
        "cosine": 0.016279587522149086,
        "abs_cosine": 0.016279587522149086,
        "r_squared": 0.0002650249698913122
      },
      "35": {
        "cosine": 0.003591360989958048,
        "abs_cosine": 0.003591360989958048,
        "r_squared": 1.289787376019245e-05
      },
      "36": {
        "cosine": -0.022731032222509384,
        "abs_cosine": 0.022731032222509384,
        "r_squared": 0.0005166998259007599
      },
      "37": {
        "cosine": -0.015642227604985237,
        "abs_cosine": 0.015642227604985237,
        "r_squared": 0.0002446792844461622
      },
      "38": {
        "cosine": -0.002818449167534709,
        "abs_cosine": 0.002818449167534709,
        "r_squared": 7.943655709977094e-06
      },
      "39": {
        "cosine": 0.00090610864572227,
        "abs_cosine": 0.00090610864572227,
        "r_squared": 8.210328778526462e-07
      },
      "40": {
        "cosine": 0.012951331213116646,
        "abs_cosine": 0.012951331213116646,
        "r_squared": 0.0001677369801918495
      }
    }
  },
  "control_profile": {
    "probe_type": "control",
    "n_layers": 35,
    "overall_mean_r2": 0.00032978183857732864,
    "overall_mean_abs_cos": 0.01378330981408778,
    "peak_layer": 40,
    "peak_cosine": 0.0508306547999382,
    "peak_abs_cosine": 0.0508306547999382,
    "peak_r2": 0.0025837554673904806,
    "onset_layer": 40,
    "band_stats": {
      "early": {
        "mean_cos": 0.00802684824448079,
        "mean_abs_cos": 0.00802684824448079,
        "mean_r2": 9.131548568888043e-05,
        "max_r2": 0.00029519808095296307,
        "r2_fraction": 0.039556664006732176,
        "n_layers": 5
      },
      "middle": {
        "mean_cos": 0.005980509909568355,
        "mean_abs_cos": 0.01300670408915418,
        "mean_r2": 0.00029665783454790363,
        "max_r2": 0.0010460846006768443,
        "r2_fraction": 0.38552478358898307,
        "n_layers": 15
      },
      "late": {
        "mean_cos": 0.016478736062223713,
        "mean_abs_cos": 0.016478736062223713,
        "mean_r2": 0.00044239462690290305,
        "max_r2": 0.0025837554673904806,
        "r2_fraction": 0.5749185524042848,
        "n_layers": 15
      }
    },
    "normalized_entropy": 0.7676818805143664,
    "near_peak_layers": [
      40
    ],