{
  "dim_name": "15_shapes",
  "dim_id": 15,
  "reading_profile": {
    "probe_type": "reading",
    "n_layers": 35,
    "overall_mean_r2": 0.00022185561157066314,
    "overall_mean_abs_cos": 0.011331698414038069,
    "peak_layer": 12,
    "peak_cosine": -0.046947140246629715,
    "peak_abs_cosine": 0.046947140246629715,
    "peak_r2": 0.0022040339773367196,
    "onset_layer": null,
    "band_stats": {
      "early": {
        "mean_cos": 0.013598635047674178,
        "mean_abs_cos": 0.013598635047674178,
        "mean_r2": 0.000259067340365387,
        "max_r2": 0.0008874070932550528,
        "r2_fraction": 0.1668184987081574,
        "n_layers": 5
      },
      "middle": {
        "mean_cos": -0.0053360239757845795,
        "mean_abs_cos": 0.012752642249688506,
        "mean_r2": 0.00029098225661093054,
        "max_r2": 0.0022040339773367196,
        "r2_fraction": 0.5621074018448446,
        "n_layers": 15
      },
      "late": {
        "mean_cos": 0.004271490027895198,
        "mean_abs_cos": 0.00915510903384226,
        "mean_r2": 0.00014032505693215442,
        "max_r2": 0.0006360921446599971,
        "r2_fraction": 0.27107409944699784,
        "n_layers": 15
      }
    },
    "normalized_entropy": 0.7330968154381948,
    "near_peak_layers": [
      12
    ],
    "near_peak_fraction": 0.02857142857142857,
    "sign_consistency": 0.6285714285714286,
    "dominant_sign": "positive",
    "profile_type": "negligible",
    "per_layer": {
      "6": {
        "cosine": 0.007556077558547258,
        "abs_cosine": 0.007556077558547258,
        "r_squared": 5.70943080707815e-05
      },
      "7": {
        "cosine": 0.029789378866553307,
        "abs_cosine": 0.029789378866553307,
        "r_squared": 0.0008874070932550528
      },
      "8": {
        "cosine": 0.0099483672529459,
        "abs_cosine": 0.0099483672529459,
        "r_squared": 9.897001099948635e-05
      },
      "9": {
        "cosine": 0.006011835765093565,
        "abs_cosine": 0.006011835765093565,
        "r_squared": 3.614216926645813e-05
      },
      "10": {
        "cosine": 0.014687515795230865,
        "abs_cosine": 0.014687515795230865,
        "r_squared": 0.00021572312023515616
      },
      "11": {
        "cosine": -0.008947422727942467,
        "abs_cosine": 0.008947422727942467,
        "r_squared": 8.005637347250141e-05
      },
      "12": {
        "cosine": -0.046947140246629715,
        "abs_cosine": 0.046947140246629715,
        "r_squared": 0.0022040339773367196
      },
      "13": {
        "cosine": -0.015142855234444141,
        "abs_cosine": 0.015142855234444141,
        "r_squared": 0.00022930606465133233
      },
      "14": {
        "cosine": -0.008566205389797688,
        "abs_cosine": 0.008566205389797688,
        "r_squared": 7.337987478019895e-05
      },
      "15": {
        "cosine": -0.005300707183778286,
        "abs_cosine": 0.005300707183778286,
        "r_squared": 2.8097496648158728e-05
      },
      "16": {
        "cosine": 0.004021037835627794,
        "abs_cosine": 0.004021037835627794,
        "r_squared": 1.6168745275550256e-05
      },
      "17": {
        "cosine": 0.005004692357033491,
        "abs_cosine": 0.005004692357033491,
        "r_squared": 2.504694558854944e-05
      },
      "18": {
        "cosine": 0.00842607207596302,
        "abs_cosine": 0.00842607207596302,
        "r_squared": 7.099869062932376e-05
      },
      "19": {
        "cosine": -0.025512220337986946,
        "abs_cosine": 0.025512220337986946,
        "r_squared": 0.0006508733865739948
      },
      "20": {
        "cosine": 0.0014299063477665186,
        "abs_cosine": 0.0014299063477665186,
        "r_squared": 2.044632163382984e-06
      },
      "21": {
        "cosine": 0.0069557130336761475,
        "abs_cosine": 0.0069557130336761475,
        "r_squared": 4.8381943806852235e-05
      },
      "22": {
        "cosine": 0.010745746083557606,
        "abs_cosine": 0.010745746083557606,
        "r_squared": 0.00011547105889229362
      },
      "23": {
        "cosine": 0.008495581336319447,
        "abs_cosine": 0.008495581336319447,
        "r_squared": 7.217490224201931e-05
      },
      "24": {
        "cosine": -0.025248445570468903,
        "abs_cosine": 0.025248445570468903,
        "r_squared": 0.0006374840037249307
      },
      "25": {
        "cosine": 0.010545887984335423,
        "abs_cosine": 0.010545887984335423,
        "r_squared": 0.00011121575337815024
      },
      "26": {
        "cosine": -0.011617488227784634,
        "abs_cosine": 0.011617488227784634,
        "r_squared": 0.00013496603272271455
      },
      "27": {
        "cosine": -0.0007344661862589419,
        "abs_cosine": 0.0007344661862589419,
        "r_squared": 5.394405787577547e-07
      },
      "28": {
        "cosine": -0.014364516362547874,
        "abs_cosine": 0.014364516362547874,
        "r_squared": 0.00020633933032990562
      },
      "29": {
        "cosine": -0.002481561154127121,
        "abs_cosine": 0.002481561154127121,
        "r_squared": 6.158145761672729e-06
      },
      "30": {
        "cosine": -0.007260575424879789,
        "abs_cosine": 0.007260575424879789,
        "r_squared": 5.2715955500368334e-05
      },
      "31": {
        "cosine": 0.02522086724638939,
        "abs_cosine": 0.02522086724638939,
        "r_squared": 0.0006360921446599971
      },
      "32": {
        "cosine": 0.005827063228935003,
        "abs_cosine": 0.005827063228935003,
        "r_squared": 3.3954665874006426e-05
      },
      "33": {
        "cosine": 0.013094721361994743,
        "abs_cosine": 0.013094721361994743,
        "r_squared": 0.00017147172754828147
      },
      "34": {
        "cosine": -0.00016853518900461495,
        "abs_cosine": 0.00016853518900461495,
        "r_squared": 2.8404109932821284e-08
      },
      "35": {
        "cosine": 0.004042133688926697,
        "abs_cosine": 0.004042133688926697,
        "r_squared": 1.6338844759156146e-05
      },
      "36": {
        "cosine": 0.0034139829222112894,
        "abs_cosine": 0.0034139829222112894,
        "r_squared": 1.1655279393150335e-05
      },
      "37": {
        "cosine": 0.011825529858469963,
        "abs_cosine": 0.011825529858469963,
        "r_squared": 0.00013984315643356462
      },
      "38": {
        "cosine": 0.0015750951133668423,
        "abs_cosine": 0.0015750951133668423,
        "r_squared": 2.4809246161521057e-06
      },
      "39": {
        "cosine": 0.023096155375242233,
        "abs_cosine": 0.023096155375242233,
        "r_squared": 0.0005334323931173307
      },
      "40": {
        "cosine": 0.012603944167494774,
        "abs_cosine": 0.012603944167494774,
        "r_squared": 0.00015885940857732553
      }
    }
  },
  "control_profile": {
    "probe_type": "control",
    "n_layers": 35,
    "overall_mean_r2": 0.0002457884517958517,
    "overall_mean_abs_cos": 0.012396496161818505,
    "peak_layer": 17,
    "peak_cosine": 0.037382710725069046,
    "peak_abs_cosine": 0.037382710725069046,
    "peak_r2": 0.0013974670611541923,
    "onset_layer": null,
    "band_stats": {
      "early": {
        "mean_cos": 0.010725952312350273,
        "mean_abs_cos": 0.012025162018835545,
        "mean_r2": 0.00029416903328030293,
        "max_r2": 0.0011064012529828915,
        "r2_fraction": 0.17097690027510526,
        "n_layers": 5
      },
      "middle": {
        "mean_cos": 0.015169617735470335,
        "mean_abs_cos": 0.015900221730892856,
        "mean_r2": 0.00035420734814218293,
        "max_r2": 0.0013974670611541923,
        "r2_fraction": 0.6176170934583948,
        "n_layers": 15
      },
      "late": {
        "mean_cos": 0.0016319187513242166,
        "mean_abs_cos": 0.009016548640405138,
        "mean_r2": 0.00012124269495470335,
        "max_r2": 0.0004916304697025198,
        "r2_fraction": 0.2114060062665,
        "n_layers": 15
      }
    },
    "normalized_entropy": 0.7869602283821507,