{
  "dim_name": "1_phenomenology",
  "dim_id": 1,
  "reading_profile": {
    "probe_type": "reading",
    "n_layers": 35,
    "overall_mean_r2": 0.00017099287988765595,
    "overall_mean_abs_cos": 0.010105666614669774,
    "peak_layer": 12,
    "peak_cosine": -0.035415519028902054,
    "peak_abs_cosine": 0.035415519028902054,
    "peak_r2": 0.0012542589880865235,
    "onset_layer": null,
    "band_stats": {
      "early": {
        "mean_cos": 0.0011197899002581835,
        "mean_abs_cos": 0.012846051575616002,
        "mean_r2": 0.0002255353850012386,
        "max_r2": 0.0005457341997107713,
        "r2_fraction": 0.18842504281833894,
        "n_layers": 5
      },
      "middle": {
        "mean_cos": -0.004696279690445711,
        "mean_abs_cos": 0.010256156150717288,
        "mean_r2": 0.00019808444669800097,
        "max_r2": 0.0012542589880865235,
        "r2_fraction": 0.4964729195444808,
        "n_layers": 15
      },
      "late": {
        "mean_cos": 0.0009082030931798121,
        "mean_abs_cos": 0.009041715424973517,
        "mean_r2": 0.00012572047803945002,
        "max_r2": 0.0005167772260392667,
        "r2_fraction": 0.31510203763718025,
        "n_layers": 15
      }
    },
    "normalized_entropy": 0.7702648003284157,
    "near_peak_layers": [
      12
    ],
    "near_peak_fraction": 0.02857142857142857,
    "sign_consistency": 0.5142857142857142,
    "dominant_sign": "negative",
    "profile_type": "negligible",
    "per_layer": {
      "6": {
        "cosine": -0.023360954597592354,
        "abs_cosine": 0.023360954597592354,
        "r_squared": 0.0005457341997107713
      },
      "7": {
        "cosine": 0.014973017387092113,
        "abs_cosine": 0.014973017387092113,
        "r_squared": 0.00022419124967416274
      },
      "8": {
        "cosine": 0.017827624455094337,
        "abs_cosine": 0.017827624455094337,
        "r_squared": 0.00031782419371187767
      },
      "9": {
        "cosine": -0.005954699590802193,
        "abs_cosine": 0.005954699590802193,
        "r_squared": 3.54584472166998e-05
      },
      "10": {
        "cosine": 0.002113961847499013,
        "abs_cosine": 0.002113961847499013,
        "r_squared": 4.46883469268144e-06
      },
      "11": {
        "cosine": -0.02376912720501423,
        "abs_cosine": 0.02376912720501423,
        "r_squared": 0.0005649714080881475
      },
      "12": {
        "cosine": -0.035415519028902054,
        "abs_cosine": 0.035415519028902054,
        "r_squared": 0.0012542589880865235
      },
      "13": {
        "cosine": 0.005812670569866896,
        "abs_cosine": 0.005812670569866896,
        "r_squared": 3.378713915379674e-05
      },
      "14": {
        "cosine": -0.018146224319934845,
        "abs_cosine": 0.018146224319934845,
        "r_squared": 0.0003292854570693948
      },
      "15": {
        "cosine": -0.005198132246732712,
        "abs_cosine": 0.005198132246732712,
        "r_squared": 2.702057885452247e-05
      },
      "16": {
        "cosine": 0.0008119975100271404,
        "abs_cosine": 0.0008119975100271404,
        "r_squared": 6.593399562902759e-07
      },
      "17": {
        "cosine": 0.003815414384007454,
        "abs_cosine": 0.003815414384007454,
        "r_squared": 1.4557386921690979e-05
      },
      "18": {
        "cosine": -0.000697564915753901,
        "abs_cosine": 0.000697564915753901,
        "r_squared": 4.86596811690747e-07
      },
      "19": {
        "cosine": -0.012142116203904152,
        "abs_cosine": 0.012142116203904152,
        "r_squared": 0.00014743098590911177
      },
      "20": {
        "cosine": -0.007595609873533249,
        "abs_cosine": 0.007595609873533249,
        "r_squared": 5.769328935091578e-05
      },
      "21": {
        "cosine": 0.013503504917025566,
        "abs_cosine": 0.013503504917025566,
        "r_squared": 0.00018234464504413364
      },
      "22": {
        "cosine": -0.0061580040492117405,
        "abs_cosine": 0.0061580040492117405,
        "r_squared": 3.792101387010819e-05
      },
      "23": {
        "cosine": -0.0007930410793051124,
        "abs_cosine": 0.0007930410793051124,
        "r_squared": 6.289141534654175e-07
      },
      "24": {
        "cosine": 0.01775548607110977,
        "abs_cosine": 0.01775548607110977,
        "r_squared": 0.0003152572856213731
      },
      "25": {
        "cosine": -0.002227929886430502,
        "abs_cosine": 0.002227929886430502,
        "r_squared": 4.963671578850229e-06
      },
      "26": {
        "cosine": -0.007422111928462982,
        "abs_cosine": 0.007422111928462982,
        "r_squared": 5.508774547863249e-05
      },
      "27": {
        "cosine": 0.000836408173199743,
        "abs_cosine": 0.000836408173199743,
        "r_squared": 6.995786321953313e-07
      },
      "28": {
        "cosine": 0.00650775944814086,
        "abs_cosine": 0.00650775944814086,
        "r_squared": 4.2350933034866626e-05
      },
      "29": {
        "cosine": 0.005796882323920727,
        "abs_cosine": 0.005796882323920727,
        "r_squared": 3.3603844677384566e-05
      },
      "30": {
        "cosine": -0.0119218984618783,
        "abs_cosine": 0.0119218984618783,
        "r_squared": 0.00014213166293533617
      },
      "31": {
        "cosine": 0.02273273468017578,
        "abs_cosine": 0.02273273468017578,
        "r_squared": 0.0005167772260392667
      },
      "32": {
        "cosine": 0.0017843274399638176,
        "abs_cosine": 0.0017843274399638176,
        "r_squared": 3.183824413007831e-06
      },
      "33": {
        "cosine": -0.0029628078918904066,
        "abs_cosine": 0.0029628078918904066,
        "r_squared": 8.778230604248075e-06
      },
      "34": {
        "cosine": 0.005194948520511389,
        "abs_cosine": 0.005194948520511389,
        "r_squared": 2.6987490130763467e-05
      },
      "35": {
        "cosine": 0.017599493265151978,
        "abs_cosine": 0.017599493265151978,
        "r_squared": 0.0003097421631901298
      },
      "36": {
        "cosine": -0.022661423310637474,
        "abs_cosine": 0.022661423310637474,
        "r_squared": 0.0005135401064639035
      },
      "37": {
        "cosine": -0.007039962336421013,
        "abs_cosine": 0.007039962336421013,
        "r_squared": 4.9561069698226407e-05
      },
      "38": {
        "cosine": -0.008993138559162617,
        "abs_cosine": 0.008993138559162617,
        "r_squared": 8.087654114429747e-05
      },
      "39": {
        "cosine": 0.008102357387542725,
        "abs_cosine": 0.008102357387542725,
        "r_squared": 6.564819523546817e-05
      },
      "40": {
        "cosine": 0.0060694776475429535,
        "abs_cosine": 0.0060694776475429535,
        "r_squared": 3.6838558914023545e-05
      }
    }
  },
  "control_profile": {
    "probe_type": "control",
    "n_layers": 35,
    "overall_mean_r2": 0.0002583039632131417,
    "overall_mean_abs_cos": 0.012777816584483454,
    "peak_layer": 40,
    "peak_cosine": 0.042678579688072205,
    "peak_abs_cosine": 0.042678579688072205,
    "peak_r2": 0.0018214611641911294,
    "onset_layer": null,
    "band_stats": {
      "early": {
        "mean_cos": 0.013343291592900642,
        "mean_abs_cos": 0.013343291592900642,
        "mean_r2": 0.000260092422739484,
        "max_r2": 0.0005421656198765223,
        "r2_fraction": 0.14384626518755816,
        "n_layers": 5
      },
      "middle": {
        "mean_cos": 0.0021361448025951782,
        "mean_abs_cos": 0.010889120539650321,
        "mean_r2": 0.00019584511989990033,
        "max_r2": 0.0006905115689639363,
        "r2_fraction": 0.3249412892088862,
        "n_layers": 15
      },
      "late": {
        "mean_cos": 0.014478020959844191,
        "mean_abs_cos": 0.014478020959844191,
        "mean_r2": 0.00032016665335093573,
        "max_r2": 0.0018214611641911294,
        "r2_fraction": 0.5312124456035555,
        "n_layers": 15
      }
    },
    "normalized_entropy": 0.8013871379004975,