{
  "dim_name": "2_emotions",
  "dim_id": 2,
  "reading_profile": {
    "probe_type": "reading",
    "n_layers": 35,
    "overall_mean_r2": 0.00013281297671822347,
    "overall_mean_abs_cos": 0.009056899821319218,
    "peak_layer": 26,
    "peak_cosine": -0.027400584891438484,
    "peak_abs_cosine": 0.027400584891438484,
    "peak_r2": 0.0007507920523929269,
    "onset_layer": null,
    "band_stats": {
      "early": {
        "mean_cos": -0.0036477255634963512,
        "mean_abs_cos": 0.008863403555005788,
        "mean_r2": 0.0001476982628361439,
        "max_r2": 0.0006385156703869743,
        "r2_fraction": 0.15886814944672278,
        "n_layers": 5
      },
      "middle": {
        "mean_cos": -0.002019591179365913,
        "mean_abs_cos": 0.007270346162840724,
        "mean_r2": 8.752275174275101e-05,
        "max_r2": 0.0005663163494876479,
        "r2_fraction": 0.2824253448251079,
        "n_layers": 15
      },
      "late": {
        "mean_cos": -2.762419559682409e-05,
        "mean_abs_cos": 0.010907952235235522,
        "mean_r2": 0.00017314143965438918,
        "max_r2": 0.0007507920523929269,
        "r2_fraction": 0.5587065057281695,
        "n_layers": 15
      }
    },
    "normalized_entropy": 0.7836716446434936,
    "near_peak_layers": [
      6,
      12,
      26
    ],
    "near_peak_fraction": 0.08571428571428572,
    "sign_consistency": 0.5142857142857142,
    "dominant_sign": "positive",
    "profile_type": "negligible",
    "per_layer": {
      "6": {
        "cosine": -0.02526886761188507,
        "abs_cosine": 0.02526886761188507,
        "r_squared": 0.0006385156703869743
      },
      "7": {
        "cosine": 0.006336689461022615,
        "abs_cosine": 0.006336689461022615,
        "r_squared": 4.0153633325435084e-05
      },
      "8": {
        "cosine": 0.004142668563872576,
        "abs_cosine": 0.004142668563872576,
        "r_squared": 1.716170283009807e-05
      },
      "9": {
        "cosine": -0.006008955184370279,
        "abs_cosine": 0.006008955184370279,
        "r_squared": 3.610754240777046e-05
      },
      "10": {
        "cosine": 0.0025598369538784027,
        "abs_cosine": 0.0025598369538784027,
        "r_squared": 6.55276523044146e-06
      },
      "11": {
        "cosine": -0.013425469398498535,
        "abs_cosine": 0.013425469398498535,
        "r_squared": 0.00018024322857002062
      },
      "12": {
        "cosine": -0.023797402158379555,
        "abs_cosine": 0.023797402158379555,
        "r_squared": 0.0005663163494876479
      },
      "13": {
        "cosine": 0.004703641403466463,
        "abs_cosine": 0.004703641403466463,
        "r_squared": 2.212424245240396e-05
      },
      "14": {
        "cosine": -0.00022035231813788414,
        "abs_cosine": 0.00022035231813788414,
        "r_squared": 4.8555144108739304e-08
      },
      "15": {
        "cosine": 0.008302106522023678,
        "abs_cosine": 0.008302106522023678,
        "r_squared": 6.892497270302809e-05
      },
      "16": {
        "cosine": 0.0039566741324961185,
        "abs_cosine": 0.0039566741324961185,
        "r_squared": 1.5655270190763912e-05
      },
      "17": {
        "cosine": 0.0013241455890238285,
        "abs_cosine": 0.0013241455890238285,
        "r_squared": 1.7533615409312617e-06
      },
      "18": {
        "cosine": 0.005930537823587656,
        "abs_cosine": 0.005930537823587656,
        "r_squared": 3.517127887700381e-05
      },
      "19": {
        "cosine": -0.003644249401986599,
        "abs_cosine": 0.003644249401986599,
        "r_squared": 1.3280553703879684e-05
      },
      "20": {
        "cosine": -0.0109720379114151,
        "abs_cosine": 0.0109720379114151,
        "r_squared": 0.00012038561592953023
      },
      "21": {
        "cosine": 0.012191829271614552,
        "abs_cosine": 0.012191829271614552,
        "r_squared": 0.0001486407009881974
      },
      "22": {
        "cosine": -0.010054296813905239,
        "abs_cosine": 0.010054296813905239,
        "r_squared": 0.00010108888442210504
      },
      "23": {
        "cosine": 0.0029717276338487864,
        "abs_cosine": 0.0029717276338487864,
        "r_squared": 8.831165129780506e-06
      },
      "24": {
        "cosine": -0.0028330390341579914,
        "abs_cosine": 0.0028330390341579914,
        "r_squared": 8.026110169062845e-06
      },
      "25": {
        "cosine": -0.004727683030068874,
        "abs_cosine": 0.004727683030068874,
        "r_squared": 2.2350986832801213e-05
      },
      "26": {
        "cosine": -0.027400584891438484,
        "abs_cosine": 0.027400584891438484,
        "r_squared": 0.0007507920523929269
      },
      "27": {
        "cosine": -0.001220650039613247,
        "abs_cosine": 0.001220650039613247,
        "r_squared": 1.4899865192078213e-06
      },
      "28": {
        "cosine": 0.003942700568586588,
        "abs_cosine": 0.003942700568586588,
        "r_squared": 1.5544887773533004e-05
      },
      "29": {
        "cosine": -0.010057675652205944,
        "abs_cosine": 0.010057675652205944,
        "r_squared": 0.00010115683952497626
      },
      "30": {
        "cosine": -0.010754268616437912,
        "abs_cosine": 0.010754268616437912,
        "r_squared": 0.0001156542934745014
      },
      "31": {
        "cosine": 0.008100816048681736,
        "abs_cosine": 0.008100816048681736,
        "r_squared": 6.562322065457957e-05
      },
      "32": {
        "cosine": 0.008285516873002052,
        "abs_cosine": 0.008285516873002052,
        "r_squared": 6.864978985280171e-05
      },
      "33": {
        "cosine": 0.000705977960024029,
        "abs_cosine": 0.000705977960024029,
        "r_squared": 4.984048800396895e-07
      },
      "34": {
        "cosine": 0.013075181283056736,
        "abs_cosine": 0.013075181283056736,
        "r_squared": 0.0001709603655847972
      },
      "35": {
        "cosine": 0.02017647959291935,
        "abs_cosine": 0.02017647959291935,
        "r_squared": 0.00040709032876349097
      },
      "36": {
        "cosine": -0.016809169203042984,
        "abs_cosine": 0.016809169203042984,
        "r_squared": 0.0002825481692965287
      },
      "37": {
        "cosine": -0.0012930923840031028,
        "abs_cosine": 0.0012930923840031028,
        "r_squared": 1.6720879135668278e-06
      },
      "38": {
        "cosine": -0.014481382444500923,
        "abs_cosine": 0.014481382444500923,
        "r_squared": 0.00020971043750389953
      },
      "39": {
        "cosine": 0.009617188945412636,
        "abs_cosine": 0.009617188945412636,
        "r_squared": 9.2490323211767e-05
      },
      "40": {
        "cosine": 0.01769859902560711,
        "abs_cosine": 0.01769859902560711,
        "r_squared": 0.0003132404074692209
      }
    }
  },
  "control_profile": {
    "probe_type": "control",
    "n_layers": 35,
    "overall_mean_r2": 0.0002406092261533315,
    "overall_mean_abs_cos": 0.011551677594460281,
    "peak_layer": 15,
    "peak_cosine": 0.04366578161716461,
    "peak_abs_cosine": 0.04366578161716461,
    "peak_r2": 0.001906700484237911,
    "onset_layer": null,
    "band_stats": {
      "early": {
        "mean_cos": 0.007472248910926282,
        "mean_abs_cos": 0.00805083888117224,
        "mean_r2": 0.00011207571740868588,
        "max_r2": 0.0004098795877792473,
        "r2_fraction": 0.06654282143971613,
        "n_layers": 5
      },
      "middle": {
        "mean_cos": 0.00021570586250163615,
        "mean_abs_cos": 0.014238673019766187,
        "mean_r2": 0.0003561473172720772,
        "max_r2": 0.001906700484237911,
        "r2_fraction": 0.6343670481193747,
        "n_layers": 15
      },
      "late": {
        "mean_cos": 0.00606132362348338,
        "mean_abs_cos": 0.010031628406917055,
        "mean_r2": 0.00016791563794946765,
        "max_r2": 0.0007312617852370806,
        "r2_fraction": 0.29909013044090915,
        "n_layers": 15
      }
    },
    "normalized_entropy": 0.7469760209943391,