{
  "dim_name": "4_intentions",
  "dim_id": 4,
  "reading_profile": {
    "probe_type": "reading",
    "n_layers": 35,
    "overall_mean_r2": 0.00018676524073141392,
    "overall_mean_abs_cos": 0.011255825184551732,
    "peak_layer": 12,
    "peak_cosine": -0.02952801249921322,
    "peak_abs_cosine": 0.02952801249921322,
    "peak_r2": 0.0008719035221536921,
    "onset_layer": null,
    "band_stats": {
      "early": {
        "mean_cos": -0.00036020424449816345,
        "mean_abs_cos": 0.008601814007852227,
        "mean_r2": 0.00012466288040553555,
        "max_r2": 0.0004620686368653204,
        "r2_fraction": 0.09535491103875968,
        "n_layers": 5
      },
      "middle": {
        "mean_cos": -0.00452681794607391,
        "mean_abs_cos": 0.011888945731334389,
        "mean_r2": 0.00019051240193458622,
        "max_r2": 0.0008719035221536921,
        "r2_fraction": 0.43717006407577524,
        "n_layers": 15
      },
      "late": {
        "mean_cos": 0.00087882672669366,
        "mean_abs_cos": 0.011507375030002246,
        "mean_r2": 0.00020371886630353445,
        "max_r2": 0.0008641209471571681,
        "r2_fraction": 0.4674750248854652,
        "n_layers": 15
      }
    },
    "normalized_entropy": 0.8367300093515199,
    "near_peak_layers": [
      12,
      40
    ],
    "near_peak_fraction": 0.05714285714285714,
    "sign_consistency": 0.5714285714285714,
    "dominant_sign": "negative",
    "profile_type": "negligible",
    "per_layer": {
      "6": {
        "cosine": -0.02149578183889389,
        "abs_cosine": 0.02149578183889389,
        "r_squared": 0.0004620686368653204
      },
      "7": {
        "cosine": 0.009778301231563091,
        "abs_cosine": 0.009778301231563091,
        "r_squared": 9.561517497518827e-05
      },
      "8": {
        "cosine": 0.0071743507869541645,
        "abs_cosine": 0.0071743507869541645,
        "r_squared": 5.147130921426984e-05
      },
      "9": {
        "cosine": 0.003651372389867902,
        "abs_cosine": 0.003651372389867902,
        "r_squared": 1.3332520329489633e-05
      },
      "10": {
        "cosine": -0.0009092637919820845,
        "abs_cosine": 0.0009092637919820845,
        "r_squared": 8.267606434096395e-07
      },
      "11": {
        "cosine": -0.013735154643654823,
        "abs_cosine": 0.013735154643654823,
        "r_squared": 0.00018865447308511266
      },
      "12": {
        "cosine": -0.02952801249921322,
        "abs_cosine": 0.02952801249921322,
        "r_squared": 0.0008719035221536921
      },
      "13": {
        "cosine": 0.004312214907258749,
        "abs_cosine": 0.004312214907258749,
        "r_squared": 1.859519740638458e-05
      },
      "14": {
        "cosine": -0.012680541723966599,
        "abs_cosine": 0.012680541723966599,
        "r_squared": 0.0001607961384132578
      },
      "15": {
        "cosine": 0.01587757281959057,
        "abs_cosine": 0.01587757281959057,
        "r_squared": 0.0002520973186414012
      },
      "16": {
        "cosine": 0.011822099797427654,
        "abs_cosine": 0.011822099797427654,
        "r_squared": 0.00013976204362033898
      },
      "17": {
        "cosine": 0.01355078723281622,
        "abs_cosine": 0.01355078723281622,
        "r_squared": 0.00018362383462905505
      },
      "18": {
        "cosine": 0.0011051524197682738,
        "abs_cosine": 0.0011051524197682738,
        "r_squared": 1.221361870919671e-06
      },
      "19": {
        "cosine": -0.013554748147726059,
        "abs_cosine": 0.013554748147726059,
        "r_squared": 0.00018373119734828303
      },
      "20": {
        "cosine": -0.003850839799270034,
        "abs_cosine": 0.003850839799270034,
        "r_squared": 1.4828967159642074e-05
      },
      "21": {
        "cosine": 0.008548131212592125,
        "abs_cosine": 0.008548131212592125,
        "r_squared": 7.307054722769171e-05
      },
      "22": {
        "cosine": -0.014657396823167801,
        "abs_cosine": 0.014657396823167801,
        "r_squared": 0.00021483928163180954
      },
      "23": {
        "cosine": -0.0019282759167253971,
        "abs_cosine": 0.0019282759167253971,
        "r_squared": 3.7182480110231706e-06
      },
      "24": {
        "cosine": -0.01696552149951458,
        "abs_cosine": 0.01696552149951458,
        "r_squared": 0.00028782891975049144
      },
      "25": {
        "cosine": -0.016217736527323723,
        "abs_cosine": 0.016217736527323723,
        "r_squared": 0.0002630149780696901
      },
      "26": {
        "cosine": -0.015516821295022964,
        "abs_cosine": 0.015516821295022964,
        "r_squared": 0.00024077174310167815
      },
      "27": {
        "cosine": 0.005906849633902311,
        "abs_cosine": 0.005906849633902311,
        "r_squared": 3.489087259753187e-05
      },
      "28": {
        "cosine": -0.0020952257327735424,
        "abs_cosine": 0.0020952257327735424,
        "r_squared": 4.389970871276428e-06
      },
      "29": {
        "cosine": -0.015382029116153717,
        "abs_cosine": 0.015382029116153717,
        "r_squared": 0.0002366068197302007
      },
      "30": {
        "cosine": -0.01673758588731289,
        "abs_cosine": 0.01673758588731289,
        "r_squared": 0.0002801467813351756
      },
      "31": {
        "cosine": 0.017511950805783272,
        "abs_cosine": 0.017511950805783272,
        "r_squared": 0.0003066684210241734
      },
      "32": {
        "cosine": 0.009760279208421707,
        "abs_cosine": 0.009760279208421707,
        "r_squared": 9.526305022634907e-05
      },
      "33": {
        "cosine": -0.0028704258147627115,
        "abs_cosine": 0.0028704258147627115,
        "r_squared": 8.239344358056176e-06
      },
      "34": {
        "cosine": -0.0036422687117010355,
        "abs_cosine": 0.0036422687117010355,
        "r_squared": 1.3266121368236321e-05
      },
      "35": {
        "cosine": 0.013272745534777641,
        "abs_cosine": 0.013272745534777641,
        "r_squared": 0.00017616577403095982
      },
      "36": {
        "cosine": -0.022447261959314346,
        "abs_cosine": 0.022447261959314346,
        "r_squared": 0.0005038795694700809
      },
      "37": {
        "cosine": -0.000202356546651572,
        "abs_cosine": 0.000202356546651572,
        "r_squared": 4.094817197274983e-08
      },
      "38": {
        "cosine": -0.0008201372111216187,
        "abs_cosine": 0.0008201372111216187,
        "r_squared": 6.726250450663466e-07
      },
      "39": {
        "cosine": 0.017048753798007965,
        "abs_cosine": 0.017048753798007965,
        "r_squared": 0.000290660006065091
      },
      "40": {
        "cosine": 0.0293959341943264,
        "abs_cosine": 0.0293959341943264,
        "r_squared": 0.0008641209471571681
      }
    }
  },
  "control_profile": {
    "probe_type": "control",
    "n_layers": 35,
    "overall_mean_r2": 0.00041695159781588294,
    "overall_mean_abs_cos": 0.01731020490905004,
    "peak_layer": 16,
    "peak_cosine": 0.03827877342700958,
    "peak_abs_cosine": 0.03827877342700958,
    "peak_r2": 0.001465264495076335,
    "onset_layer": null,
    "band_stats": {
      "early": {
        "mean_cos": 0.01264542918652296,
        "mean_abs_cos": 0.013229721039533616,
        "mean_r2": 0.00034562378189697374,
        "max_r2": 0.0009001719646335588,
        "r2_fraction": 0.11841860360752197,
        "n_layers": 5
      },
      "middle": {
        "mean_cos": 0.008418220809350412,
        "mean_abs_cos": 0.018754322237024706,
        "mean_r2": 0.00047340192391548424,
        "max_r2": 0.001465264495076335,
        "r2_fraction": 0.4865949426353134,
        "n_layers": 15
      },
      "late": {
        "mean_cos": 0.014377479705338677,
        "mean_abs_cos": 0.01722624887091418,
        "mean_r2": 0.00038427721035591805,
        "max_r2": 0.0013371317797056387,
        "r2_fraction": 0.3949864537571647,
        "n_layers": 15
      }
    },
    "normalized_entropy": 0.8599290187455394,