{
  "1_phenomenology": {
    "dim_id": 1,
    "reading_mean_r2": 0.00030229428269874564,
    "control_mean_r2": 0.00022122211920781867,
    "reading_boot_ci95": [
      0.0,
      0.0
    ],
    "control_boot_ci95": [
      0.0,
      0.0
    ]
  },
  "2_emotions": {
    "dim_id": 2,
    "reading_mean_r2": 0.0002129697918210254,
    "control_mean_r2": 0.00017859244821981444,
    "reading_boot_ci95": [
      0.0,
      0.0
    ],
    "control_boot_ci95": [
      0.0,
      0.0
    ]
  },
  "3_agency": {
    "dim_id": 3,
    "reading_mean_r2": 0.00029307743379269175,
    "control_mean_r2": 0.0004291723909671841,
    "reading_boot_ci95": [
      0.0,
      0.0
    ],
    "control_boot_ci95": [
      0.0,
      0.0
    ]
  },
  "4_intentions": {
    "dim_id": 4,
    "reading_mean_r2": 0.00013984135577289357,
    "control_mean_r2": 0.00037115432388964064,
    "reading_boot_ci95": [
      0.0,
      0.0
    ],
    "control_boot_ci95": [
      0.0,
      0.0
    ]
  },
  "5_prediction": {
    "dim_id": 5,
    "reading_mean_r2": 0.00025494466962267833,
    "control_mean_r2": 0.0008878042822537083,
    "reading_boot_ci95": [
      0.0,
      0.0
    ],
    "control_boot_ci95": [
      0.0,
      0.0
    ]
  },
  "6_cognitive": {
    "dim_id": 6,
    "reading_mean_r2": 0.00019649848197757217,
    "control_mean_r2": 0.0003559029159106922,
    "reading_boot_ci95": [
      0.0,
      0.0
    ],
    "control_boot_ci95": [
      0.0,
      0.0
    ]
  },
  "7_social": {
    "dim_id": 7,
    "reading_mean_r2": 0.0002511685595427363,
    "control_mean_r2": 0.0003067734727708569,
    "reading_boot_ci95": [
      0.0,
      0.0
    ],
    "control_boot_ci95": [
      0.0,
      0.0
    ]
  },
  "8_embodiment": {
    "dim_id": 8,
    "reading_mean_r2": 0.0001541332398350276,
    "control_mean_r2": 0.0002839591919758572,
    "reading_boot_ci95": [
      0.0,
      0.0
    ],
    "control_boot_ci95": [
      0.0,
      0.0
    ]
  },
  "9_roles": {
    "dim_id": 9,
    "reading_mean_r2": 0.00019558809720476522,
    "control_mean_r2": 0.0001829410693918305,
    "reading_boot_ci95": [
      0.0,
      0.0
    ],
    "control_boot_ci95": [
      0.0,
      0.0
    ]
  },
  "10_animacy": {
    "dim_id": 10,
    "reading_mean_r2": 0.0002194556071977645,
    "control_mean_r2": 0.0005044208042001721,
    "reading_boot_ci95": [
      0.0,
      0.0
    ],
    "control_boot_ci95": [
      0.0,
      0.0
    ]
  },
  "11_formality": {
    "dim_id": 11,
    "reading_mean_r2": 0.0003116862700178989,
    "control_mean_r2": 0.00044370032217518323,
    "reading_boot_ci95": [
      0.0,
      0.0
    ],
    "control_boot_ci95": [
      0.0,
      0.0
    ]
  },
  "12_expertise": {
    "dim_id": 12,
    "reading_mean_r2": 0.00025625835097437157,
    "control_mean_r2": 0.0008785418101593947,
    "reading_boot_ci95": [
      0.0,
      0.0
    ],
    "control_boot_ci95": [
      0.0,
      0.0
    ]
  },
  "13_helpfulness": {
    "dim_id": 13,
    "reading_mean_r2": 0.00030590593768380477,
    "control_mean_r2": 0.00035177682702434873,
    "reading_boot_ci95": [
      0.0,
      0.0
    ],
    "control_boot_ci95": [
      0.0,
      0.0
    ]
  },
  "14_biological": {
    "dim_id": 14,
    "reading_mean_r2": 0.00023002160430783363,
    "control_mean_r2": 0.000696407028966086,
    "reading_boot_ci95": [
      0.0,
      0.0
    ],
    "control_boot_ci95": [
      0.0,
      0.0
    ]
  },
  "15_shapes": {
    "dim_id": 15,
    "reading_mean_r2": 0.0001892430197825613,
    "control_mean_r2": 0.0005653180102342287,
    "reading_boot_ci95": [
      0.0,
      0.0
    ],
    "control_boot_ci95": [
      0.0,
      0.0
    ]
  },
  "16_human": {
    "dim_id": 16,
    "reading_mean_r2": 0.0003075048826851331,
    "control_mean_r2": 0.0009957836115492616,
    "reading_boot_ci95": [
      0.0,
      0.0
    ],
    "control_boot_ci95": [
      0.0,
      0.0
    ]
  },
  "17_ai": {
    "dim_id": 17,
    "reading_mean_r2": 0.00021332881623862212,
    "control_mean_r2": 0.0002231633951024372,
    "reading_boot_ci95": [
      0.0,
      0.0
    ],
    "control_boot_ci95": [
      0.0,
      0.0
    ]
  },
  "18_attention": {
    "dim_id": 18,
    "reading_mean_r2": 0.0003359128165114717,
    "control_mean_r2": 0.0006048190059738726,
    "reading_boot_ci95": [
      0.0,
      0.0
    ],
    "control_boot_ci95": [
      0.0,
      0.0
    ]
  },
  "25_beliefs": {
    "dim_id": 25,
    "reading_mean_r2": 0.00011529470632587173,
    "control_mean_r2": 0.00021823190404519433,
    "reading_boot_ci95": [
      0.0,
      0.0
    ],
    "control_boot_ci95": [
      0.0,
      0.0
    ]
  },
  "26_desires": {
    "dim_id": 26,
    "reading_mean_r2": 0.00035170309286287015,
    "control_mean_r2": 0.0004342710661906548,
    "reading_boot_ci95": [
      0.0,
      0.0
    ],
    "control_boot_ci95": [
      0.0,
      0.0
    ]
  },
  "27_goals": {
    "dim_id": 27,
    "reading_mean_r2": 0.00018769231169603017,
    "control_mean_r2": 0.0002576186503547014,
    "reading_boot_ci95": [
      0.0,
      0.0
    ],
    "control_boot_ci95": [
      0.0,
      0.0
    ]
  },
  "30_granite_sandstone": {
    "dim_id": 30,
    "reading_mean_r2": 0.00020638872012371554,
    "control_mean_r2": 0.00024684860499565506,
    "reading_boot_ci95": [
      0.0,
      0.0
    ],
    "control_boot_ci95": [
      0.0,
      0.0
    ]
  },
  "31_squares_triangles": {
    "dim_id": 31,
    "reading_mean_r2": 0.0001574310512916673,
    "control_mean_r2": 0.0005142348695951938,
    "reading_boot_ci95": [
      0.0,
      0.0
    ],
    "control_boot_ci95": [
      0.0,
      0.0
    ]
  },
  "32_horizontal_vertical": {
    "dim_id": 32,
    "reading_mean_r2": 0.00028141513212402513,
    "control_mean_r2": 0.0003098708415153081,
    "reading_boot_ci95": [
      0.0,
      0.0
    ],
    "control_boot_ci95": [
      0.0,
      0.0
    ]
  }
}