{
  "0_baseline": {
    "dim_id": 0,
    "entity_overlap": 0.9756097590051046,
    "reading_mean_r2": 0.00028023521867855057,
    "control_mean_r2": 0.0028995554568104443,
    "reading_boot_ci95": [
      0.00014143140094721802,
      0.0006034280617271496
    ],
    "control_boot_ci95": [
      0.0002125804296982243,
      0.0014529939004449106
    ]
  },
  "1_phenomenology": {
    "dim_id": 1,
    "entity_overlap": 0.5669274381021174,
    "reading_mean_r2": 0.0005828874695416277,
    "control_mean_r2": 0.0010491729389585413,
    "reading_boot_ci95": [
      0.0002786506412462566,
      0.0007538872229677287
    ],
    "control_boot_ci95": [
      0.0007451219738719335,
      0.0015991592669772905
    ]
  },
  "2_emotions": {
    "dim_id": 2,
    "entity_overlap": 0.49406216984115,
    "reading_mean_r2": 0.0007909837954387985,
    "control_mean_r2": 0.00157110720670739,
    "reading_boot_ci95": [
      0.00044073832623546695,
      0.0009310101671331344
    ],
    "control_boot_ci95": [
      0.0012293015892884767,
      0.0022338605962479306
    ]
  },
  "3_agency": {
    "dim_id": 3,
    "entity_overlap": 0.5390474730875434,
    "reading_mean_r2": 0.0006665865381574816,
    "control_mean_r2": 0.0019085011171657087,
    "reading_boot_ci95": [
      0.00036530688101805677,
      0.0008222224242083161
    ],
    "control_boot_ci95": [
      0.0014321878271858534,
      0.0026339142887331483
    ]
  },
  "4_intentions": {
    "dim_id": 4,
    "entity_overlap": 0.4166012366370457,
    "reading_mean_r2": 0.0007281900929568963,
    "control_mean_r2": 0.0018697534559073727,
    "reading_boot_ci95": [
      0.0004326932410409649,
      0.0009029583453422122
    ],
    "control_boot_ci95": [
      0.001445285073617556,
      0.00254901944837223
    ]
  },
  "5_prediction": {
    "dim_id": 5,
    "entity_overlap": 0.5677882560142656,
    "reading_mean_r2": 0.0006303524446527993,
    "control_mean_r2": 0.0022783023189226065,
    "reading_boot_ci95": [
      0.00028472109014310683,
      0.0009180563938816949
    ],
    "control_boot_ci95": [
      0.0017147045288316998,
      0.0031057610124812784
    ]
  },
  "6_cognitive": {
    "dim_id": 6,
    "entity_overlap": 0.2395757762033765,
    "reading_mean_r2": 0.0004517632054513201,
    "control_mean_r2": 0.0019281951987249156,
    "reading_boot_ci95": [
      0.0002832130895902874,
      0.000689401041402488
    ],
    "control_boot_ci95": [
      0.001534539681452828,
      0.0027078016172662396
    ]
  },
  "7_social": {
    "dim_id": 7,
    "entity_overlap": 0.5568320940180522,
    "reading_mean_r2": 0.000950968156651842,
    "control_mean_r2": 0.002309891887779089,
    "reading_boot_ci95": [
      0.0005114717685837784,
      0.0011868936092032263
    ],
    "control_boot_ci95": [
      0.0017528782714422292,
      0.003285378011179261
    ]
  },
  "8_embodiment": {
    "dim_id": 8,
    "entity_overlap": 0.6324034182400238,
    "reading_mean_r2": 0.00033590444746915585,
    "control_mean_r2": 0.0008775995607345823,
    "reading_boot_ci95": [
      0.00021396281184296028,
      0.0004403134979114729
    ],
    "control_boot_ci95": [
      0.0006411811068480432,
      0.0013998614590488131
    ]
  },
  "9_roles": {
    "dim_id": 9,
    "entity_overlap": 0.683411560407499,
    "reading_mean_r2": 0.0008239126070991347,
    "control_mean_r2": 0.0013176888257951252,
    "reading_boot_ci95": [
      0.00030069946030380297,
      0.0010865384650289255
    ],
    "control_boot_ci95": [
      0.0008744863090954396,
      0.0021778940513183615
    ]
  },
  "10_animacy": {
    "dim_id": 10,
    "entity_overlap": 0.7429141413147856,
    "reading_mean_r2": 0.0002768124643125339,
    "control_mean_r2": 0.0005252588009918525,
    "reading_boot_ci95": [
      0.00015318021457637844,
      0.0004823237110530484
    ],
    "control_boot_ci95": [
      0.000331286060895707,
      0.0009266452268248039
    ]
  },
  "11_formality": {
    "dim_id": 11,
    "entity_overlap": 0.23351308903316173,
    "reading_mean_r2": 0.0005401653415029179,
    "control_mean_r2": 0.0009163123618300537,
    "reading_boot_ci95": [
      0.0002997704493257648,
      0.0006863533243899546
    ],
    "control_boot_ci95": [
      0.0005304327295406914,
      0.0011946549849176137
    ]
  },
  "12_expertise": {
    "dim_id": 12,
    "entity_overlap": 0.17305628823616157,
    "reading_mean_r2": 0.000583797507200553,
    "control_mean_r2": 0.0015441444476867055,
    "reading_boot_ci95": [
      0.0004554446620180584,
      0.000718528954769462
    ],
    "control_boot_ci95": [
      0.0011393191156065829,
      0.0020669463675025376
    ]
  },
  "13_helpfulness": {
    "dim_id": 13,
    "entity_overlap": 0.19644393165391394,
    "reading_mean_r2": 0.0003606545277384705,
    "control_mean_r2": 0.0005789866977075766,
    "reading_boot_ci95": [
      0.0001754492899060314,
      0.0006105533612751689
    ],
    "control_boot_ci95": [
      0.000243833596996905,
      0.0009555424137185744
    ]
  },
  "14_biological": {
    "dim_id": 14,
    "entity_overlap": 0.5145828683928746,
    "reading_mean_r2": 0.0001781584207160945,
    "control_mean_r2": 0.0004848768278196555,
    "reading_boot_ci95": [
      0.00013681377038089697,
      0.0002600904251647763
    ],
    "control_boot_ci95": [
      0.0003899631043423637,
      0.0007629444921821226
    ]
  },
  "15_shapes": {
    "dim_id": 15,
    "entity_overlap": 0.1273111758708227,
    "reading_mean_r2": 0.00048047143816867355,
    "control_mean_r2": 0.0004869040264911108,
    "reading_boot_ci95": [
      0.0002996376753654765,
      0.0006976405626409991
    ],
    "control_boot_ci95": [
      0.00026669200310495007,
      0.0006955786049449199
    ]
  },
  "16_mind": {
    "dim_id": 16,
    "entity_overlap": 0.6316027059787657,
    "reading_mean_r2": 0.0006744826042829532,
    "control_mean_r2": 0.0018003897213974551,
    "reading_boot_ci95": [
      0.00040825154815832824,
      0.0007617150908932367
    ],
    "control_boot_ci95": [
      0.0015104007929858867,
      0.002525928681958411
    ]
  },
  "17_attention": {
    "dim_id": 17,
    "entity_overlap": 0.4182856680779922,
    "reading_mean_r2": 0.0007811858562027993,
    "control_mean_r2": 0.002484769388999266,
    "reading_boot_ci95": [
      0.0004888269239920236,
      0.0009485038981999157
    ],
    "control_boot_ci95": [
      0.0019922561743323966,
      0.003226608293435581
    ]
  },
  "18_sysprompt_labeled": {
    "dim_id": 18,
    "entity_overlap": 0.28293701388487,
    "reading_mean_r2": 0.0006223517557618319,
    "control_mean_r2": 0.0018879207353824717,
    "reading_boot_ci95": [
      0.00044746911724392955,
      0.0008890952306110306
    ],
    "control_boot_ci95": [
      0.0011646985010080782,
      0.0034791889890963884
    ]
  }
}