{
  "dim_name": "10_animacy",
  "dim_id": 10,
  "reading_profile": {
    "probe_type": "reading",
    "n_layers": 35,
    "overall_mean_r2": 0.00022363932423494662,
    "overall_mean_abs_cos": 0.01201282571502296,
    "peak_layer": 39,
    "peak_cosine": -0.028959253802895546,
    "peak_abs_cosine": 0.028959253802895546,
    "peak_r2": 0.0008386383808205201,
    "onset_layer": null,
    "band_stats": {
      "early": {
        "mean_cos": -0.0038602566346526146,
        "mean_abs_cos": 0.015566735528409481,
        "mean_r2": 0.00030243120914693976,
        "max_r2": 0.0006179869206735106,
        "r2_fraction": 0.1931881103529625,
        "n_layers": 5
      },
      "middle": {
        "mean_cos": 0.0034273753602368138,
        "mean_abs_cos": 0.008543185878079385,
        "mean_r2": 0.00012537823678033825,
        "max_r2": 0.0005194166097935472,
        "r2_fraction": 0.24026870154671937,
        "n_layers": 15
      },
      "late": {
        "mean_cos": -0.013631839988132317,
        "mean_abs_cos": 0.014297828947504362,
        "mean_r2": 0.00029563645005222395,
        "max_r2": 0.0008386383808205201,
        "r2_fraction": 0.5665431881003182,
        "n_layers": 15
      }
    },
    "normalized_entropy": 0.8129294547887003,
    "near_peak_layers": [
      6,
      26,
      27,
      37,
      38,
      39
    ],
    "near_peak_fraction": 0.17142857142857143,
    "sign_consistency": 0.6571428571428571,
    "dominant_sign": "negative",
    "profile_type": "negligible",
    "per_layer": {
      "6": {
        "cosine": -0.024859342724084854,
        "abs_cosine": 0.024859342724084854,
        "r_squared": 0.0006179869206735106
      },
      "7": {
        "cosine": -0.0062507139518857,
        "abs_cosine": 0.0062507139518857,
        "r_squared": 3.907142490829855e-05
      },
      "8": {
        "cosine": 0.006820259615778923,
        "abs_cosine": 0.006820259615778923,
        "r_squared": 4.651594122662486e-05
      },
      "9": {
        "cosine": -0.017457423731684685,
        "abs_cosine": 0.017457423731684685,
        "r_squared": 0.0003047616433475876
      },
      "10": {
        "cosine": 0.022445937618613243,
        "abs_cosine": 0.022445937618613243,
        "r_squared": 0.0005038201155786771
      },
      "11": {
        "cosine": -0.0012073538964614272,
        "abs_cosine": 0.0012073538964614272,
        "r_squared": 1.4577034313005907e-06
      },
      "12": {
        "cosine": 0.01813291199505329,
        "abs_cosine": 0.01813291199505329,
        "r_squared": 0.00032880249742034753
      },
      "13": {
        "cosine": 0.02031956985592842,
        "abs_cosine": 0.02031956985592842,
        "r_squared": 0.00041288491912995495
      },
      "14": {
        "cosine": 0.015577772632241249,
        "abs_cosine": 0.015577772632241249,
        "r_squared": 0.00024266700018180445
      },
      "15": {
        "cosine": 0.0017347873654216528,
        "abs_cosine": 0.0017347873654216528,
        "r_squared": 3.009487203226599e-06
      },
      "16": {
        "cosine": 0.007976447232067585,
        "abs_cosine": 0.007976447232067585,
        "r_squared": 6.362371044595864e-05
      },
      "17": {
        "cosine": 0.011677302420139313,
        "abs_cosine": 0.011677302420139313,
        "r_squared": 0.00013635939181139145
      },
      "18": {
        "cosine": 0.008657131344079971,
        "abs_cosine": 0.008657131344079971,
        "r_squared": 7.494592310865189e-05
      },
      "19": {
        "cosine": -0.00409659231081605,
        "abs_cosine": 0.00409659231081605,
        "r_squared": 1.678206856103718e-05
      },
      "20": {
        "cosine": -0.0009411389473825693,
        "abs_cosine": 0.0009411389473825693,
        "r_squared": 8.857425182803706e-07
      },
      "21": {
        "cosine": 0.0047348132357001305,
        "abs_cosine": 0.0047348132357001305,
        "r_squared": 2.241845637696114e-05
      },
      "22": {
        "cosine": -0.007209194358438253,
        "abs_cosine": 0.007209194358438253,
        "r_squared": 5.197248329773794e-05
      },
      "23": {
        "cosine": -0.0021235861349850893,
        "abs_cosine": 0.0021235861349850893,
        "r_squared": 4.50961807270091e-06
      },
      "24": {
        "cosine": 0.0009684732067398727,
        "abs_cosine": 0.0009684732067398727,
        "r_squared": 9.379403521730122e-07
      },
      "25": {
        "cosine": -0.022790713235735893,
        "abs_cosine": 0.022790713235735893,
        "r_squared": 0.0005194166097935472
      },
      "26": {
        "cosine": -0.026842279359698296,
        "abs_cosine": 0.026842279359698296,
        "r_squared": 0.0007205079612240851
      },
      "27": {
        "cosine": -0.023732954636216164,
        "abs_cosine": 0.023732954636216164,
        "r_squared": 0.0005632531357646943
      },
      "28": {
        "cosine": -0.00866230484098196,
        "abs_cosine": 0.00866230484098196,
        "r_squared": 7.50355251580995e-05
      },
      "29": {
        "cosine": -0.013941186480224133,
        "abs_cosine": 0.013941186480224133,
        "r_squared": 0.00019435668047638414
      },
      "30": {
        "cosine": -0.003702098736539483,
        "abs_cosine": 0.003702098736539483,
        "r_squared": 1.3705535055087237e-05
      },
      "31": {
        "cosine": -0.007227987051010132,
        "abs_cosine": 0.007227987051010132,
        "r_squared": 5.224379680957014e-05
      },
      "32": {
        "cosine": -0.0027877504471689463,
        "abs_cosine": 0.0027877504471689463,
        "r_squared": 7.77155255569066e-06
      },
      "33": {
        "cosine": -0.010197380557656288,
        "abs_cosine": 0.010197380557656288,
        "r_squared": 0.00010398657023766647
      },
      "34": {
        "cosine": 0.004994917195290327,
        "abs_cosine": 0.004994917195290327,
        "r_squared": 2.4949197787806987e-05
      },
      "35": {
        "cosine": -0.012330054305493832,
        "abs_cosine": 0.012330054305493832,
        "r_squared": 0.00015203023917642697
      },
      "36": {
        "cosine": -0.0110436687245965,
        "abs_cosine": 0.0110436687245965,
        "r_squared": 0.0001219626188986309
      },
      "37": {
        "cosine": -0.027363693341612816,
        "abs_cosine": 0.027363693341612816,
        "r_squared": 0.0007487717132938256
      },
      "38": {
        "cosine": -0.028242221102118492,
        "abs_cosine": 0.028242221102118492,
        "r_squared": 0.0007976230527809471
      },
      "39": {
        "cosine": -0.028959253802895546,
        "abs_cosine": 0.028959253802895546,
        "r_squared": 0.0008386383808205201
      },
      "40": {
        "cosine": -0.004439683631062508,
        "abs_cosine": 0.004439683631062508,
        "r_squared": 1.9710790743924372e-05
      }
    }
  },
  "control_profile": {
    "probe_type": "control",
    "n_layers": 35,
    "overall_mean_r2": 0.0005231722695616193,
    "overall_mean_abs_cos": 0.015655816707294434,
    "peak_layer": 8,
    "peak_cosine": -0.08388104289770126,
    "peak_abs_cosine": 0.08388104289770126,
    "peak_r2": 0.007036029357606,
    "onset_layer": 8,
    "band_stats": {
      "early": {
        "mean_cos": -0.025639902602415533,
        "mean_abs_cos": 0.02972120513441041,
        "mean_r2": 0.0017717678001714348,
        "max_r2": 0.007036029357606,
        "r2_fraction": 0.48379797719566464,
        "n_layers": 5
      },
      "middle": {
        "mean_cos": 0.009438022722800572,
        "mean_abs_cos": 0.01414240589365363,
        "mean_r2": 0.0004174454041090885,
        "max_r2": 0.0024183009652035126,
        "r2_fraction": 0.3419622629072428,
        "n_layers": 15
      },
      "late": {
        "mean_cos": 0.00235982450346152,
        "mean_abs_cos": 0.012480764711896578,
        "mean_r2": 0.0002127006248108782,
        "max_r2": 0.0006785126154079703,
        "r2_fraction": 0.17423975989709256,
        "n_layers": 15
      }
    },
    "normalized_entropy": 0.6333741218022985,