{
  "dim_name": "14_biological",
  "dim_id": 14,
  "reading_profile": {
    "probe_type": "reading",
    "n_layers": 35,
    "overall_mean_r2": 0.00025344934394534426,
    "overall_mean_abs_cos": 0.01316828136332333,
    "peak_layer": 14,
    "peak_cosine": 0.04362501949071884,
    "peak_abs_cosine": 0.04362501949071884,
    "peak_r2": 0.0019031423255655988,
    "onset_layer": null,
    "band_stats": {
      "early": {
        "mean_cos": -0.0027733135502785444,
        "mean_abs_cos": 0.015290096076205373,
        "mean_r2": 0.00031118319928185147,
        "max_r2": 0.0008962589329514353,
        "r2_fraction": 0.17539892612283411,
        "n_layers": 5
      },
      "middle": {
        "mean_cos": -0.0024652449724574883,
        "mean_abs_cos": 0.014698191514859597,
        "mean_r2": 0.00033475451132298286,
        "max_r2": 0.0019031423255655988,
        "r2_fraction": 0.5660548056867701,
        "n_layers": 15
      },
      "late": {
        "mean_cos": 0.008302177116274834,
        "mean_abs_cos": 0.010931099640826385,
        "mean_r2": 0.00015289955812220328,
        "max_r2": 0.00035507938546021356,
        "r2_fraction": 0.2585462681903958,
        "n_layers": 15
      }
    },
    "normalized_entropy": 0.8146954764363357,
    "near_peak_layers": [
      14
    ],
    "near_peak_fraction": 0.02857142857142857,
    "sign_consistency": 0.6,
    "dominant_sign": "positive",
    "profile_type": "negligible",
    "per_layer": {
      "6": {
        "cosine": -0.029937583953142166,
        "abs_cosine": 0.029937583953142166,
        "r_squared": 0.0008962589329514353
      },
      "7": {
        "cosine": 0.002552458317950368,
        "abs_cosine": 0.002552458317950368,
        "r_squared": 6.5150434648740215e-06
      },
      "8": {
        "cosine": 0.012309939600527287,
        "abs_cosine": 0.012309939600527287,
        "r_squared": 0.0001515346129686299
      },
      "9": {
        "cosine": -0.015220940113067627,
        "abs_cosine": 0.015220940113067627,
        "r_squared": 0.00023167701792559114
      },
      "10": {
        "cosine": 0.016429558396339417,
        "abs_cosine": 0.016429558396339417,
        "r_squared": 0.000269930389098727
      },
      "11": {
        "cosine": -0.015077113173902035,
        "abs_cosine": 0.015077113173902035,
        "r_squared": 0.0002273193416586503
      },
      "12": {
        "cosine": 0.013792450539767742,
        "abs_cosine": 0.013792450539767742,
        "r_squared": 0.00019023169189193948
      },
      "13": {
        "cosine": 0.001222394872456789,
        "abs_cosine": 0.001222394872456789,
        "r_squared": 1.4942492242086495e-06
      },
      "14": {
        "cosine": 0.04362501949071884,
        "abs_cosine": 0.04362501949071884,
        "r_squared": 0.0019031423255655988
      },
      "15": {
        "cosine": -0.0011037755757570267,
        "abs_cosine": 0.0011037755757570267,
        "r_squared": 1.2183205216377557e-06
      },
      "16": {
        "cosine": 0.018917810171842575,
        "abs_cosine": 0.018917810171842575,
        "r_squared": 0.0003578835416978704
      },
      "17": {
        "cosine": 0.014189423993229866,
        "abs_cosine": 0.014189423993229866,
        "r_squared": 0.0002013397532596474
      },
      "18": {
        "cosine": -0.005548726301640272,
        "abs_cosine": 0.005548726301640272,
        "r_squared": 3.078836357051453e-05
      },
      "19": {
        "cosine": -0.02537873573601246,
        "abs_cosine": 0.02537873573601246,
        "r_squared": 0.0006440802275583558
      },
      "20": {
        "cosine": -0.011792217381298542,
        "abs_cosine": 0.011792217381298542,
        "r_squared": 0.00013905639076779944
      },
      "21": {
        "cosine": -0.008066085167229176,
        "abs_cosine": 0.008066085167229176,
        "r_squared": 6.506172992499452e-05
      },
      "22": {
        "cosine": -0.010434640571475029,
        "abs_cosine": 0.010434640571475029,
        "r_squared": 0.00010888172385587272
      },
      "23": {
        "cosine": -0.014188472181558609,
        "abs_cosine": 0.014188472181558609,
        "r_squared": 0.0002013127428468625
      },
      "24": {
        "cosine": -0.007167000789195299,
        "abs_cosine": 0.007167000789195299,
        "r_squared": 5.136590031232604e-05
      },
      "25": {
        "cosine": -0.029969006776809692,
        "abs_cosine": 0.029969006776809692,
        "r_squared": 0.0008981413671884653
      },
      "26": {
        "cosine": -0.013640212826430798,
        "abs_cosine": 0.013640212826430798,
        "r_squared": 0.00018605540595032725
      },
      "27": {
        "cosine": 0.014942542649805546,
        "abs_cosine": 0.014942542649805546,
        "r_squared": 0.00022327958084125774
      },
      "28": {
        "cosine": 0.009732812643051147,
        "abs_cosine": 0.009732812643051147,
        "r_squared": 9.472764194473626e-05
      },
      "29": {
        "cosine": -0.0060767061077058315,
        "abs_cosine": 0.0060767061077058315,
        "r_squared": 3.692635711942936e-05
      },
      "30": {
        "cosine": 0.005972955375909805,
        "abs_cosine": 0.005972955375909805,
        "r_squared": 3.5676195922609844e-05
      },
      "31": {
        "cosine": 0.01848439872264862,
        "abs_cosine": 0.01848439872264862,
        "r_squared": 0.00034167299613785396
      },
      "32": {
        "cosine": 0.01592717133462429,
        "abs_cosine": 0.01592717133462429,
        "r_squared": 0.0002536747867224777
      },
      "33": {
        "cosine": 0.01284699235111475,
        "abs_cosine": 0.01284699235111475,
        "r_squared": 0.0001650452124696009
      },
      "34": {
        "cosine": 0.018820995464920998,
        "abs_cosine": 0.018820995464920998,
        "r_squared": 0.00035422987029057676
      },
      "35": {
        "cosine": 0.003084216034039855,
        "abs_cosine": 0.003084216034039855,
        "r_squared": 9.512388544628532e-06
      },
      "36": {
        "cosine": 0.003533465089276433,
        "abs_cosine": 0.003533465089276433,
        "r_squared": 1.248537553713531e-05
      },
      "37": {
        "cosine": 0.001886183861643076,
        "abs_cosine": 0.001886183861643076,
        "r_squared": 3.5576895599227863e-06
      },
      "38": {
        "cosine": 0.007081363350152969,
        "abs_cosine": 0.007081363350152969,
        "r_squared": 5.0145706896889686e-05
      },
      "39": {
        "cosine": 0.013092928566038609,
        "abs_cosine": 0.013092928566038609,
        "r_squared": 0.00017142477843538981
      },
      "40": {
        "cosine": 0.018843550235033035,
        "abs_cosine": 0.018843550235033035,
        "r_squared": 0.00035507938546021356
      }
    }
  },
  "control_profile": {
    "probe_type": "control",
    "n_layers": 35,
    "overall_mean_r2": 0.000884259235820125,
    "overall_mean_abs_cos": 0.024575107737577387,
    "peak_layer": 8,
    "peak_cosine": -0.0930272713303566,
    "peak_abs_cosine": 0.0930272713303566,
    "peak_r2": 0.008654073211171787,
    "onset_layer": 8,
    "band_stats": {
      "early": {
        "mean_cos": -0.037419989705085754,
        "mean_abs_cos": 0.037419989705085754,
        "mean_r2": 0.0021914357135832006,
        "max_r2": 0.008654073211171787,
        "r2_fraction": 0.3540389877943926,
        "n_layers": 5
      },
      "middle": {
        "mean_cos": 0.014621739974245429,
        "mean_abs_cos": 0.016675523187344273,
        "mean_r2": 0.00041308711496764784,
        "max_r2": 0.0018517005904272882,
        "r2_fraction": 0.20020976633841744,
        "n_layers": 15
      },
      "late": {
        "mean_cos": 0.028193064965307713,
        "mean_abs_cos": 0.028193064965307713,
        "mean_r2": 0.0009197058640849101,
        "max_r2": 0.0019148865576973512,
        "r2_fraction": 0.44575124586719,
        "n_layers": 15
      }
    },
    "normalized_entropy": 0.7998737805916817,
    "near_peak_layers": [
      8
    ],