{
  "dim_name": "5_prediction",
  "dim_id": 5,
  "reading_profile": {
    "probe_type": "reading",
    "n_layers": 35,
    "overall_mean_r2": 0.00037897578553724743,
    "overall_mean_abs_cos": 0.01619045040736507,
    "peak_layer": 12,
    "peak_cosine": -0.04073585197329521,
    "peak_abs_cosine": 0.04073585197329521,
    "peak_r2": 0.0016594096359902194,
    "onset_layer": null,
    "band_stats": {
      "early": {
        "mean_cos": -0.005322674161288887,
        "mean_abs_cos": 0.008603376022074371,
        "mean_r2": 0.00010792463323773817,
        "max_r2": 0.0003594089597669936,
        "r2_fraction": 0.04068282285210272,
        "n_layers": 5
      },
      "middle": {
        "mean_cos": -0.002294777302692334,
        "mean_abs_cos": 0.01836933788533012,
        "mean_r2": 0.0004483333898048869,
        "max_r2": 0.0016594096359902194,
        "r2_fraction": 0.5070056944998848,
        "n_layers": 15
      },
      "late": {
        "mean_cos": 0.013386817897359531,
        "mean_abs_cos": 0.01654058772449692,
        "mean_r2": 0.00039996856536944435,
        "max_r2": 0.0015563325571921333,
        "r2_fraction": 0.4523114826480124,
        "n_layers": 15
      }
    },
    "normalized_entropy": 0.8333141963865623,
    "near_peak_layers": [
      12,
      14,
      32
    ],
    "near_peak_fraction": 0.08571428571428572,
    "sign_consistency": 0.5714285714285714,
    "dominant_sign": "positive",
    "profile_type": "negligible",
    "per_layer": {
      "6": {
        "cosine": -0.018958084285259247,
        "abs_cosine": 0.018958084285259247,
        "r_squared": 0.0003594089597669936
      },
      "7": {
        "cosine": -0.006951429881155491,
        "abs_cosine": 0.006951429881155491,
        "r_squared": 4.832237739262144e-05
      },
      "8": {
        "cosine": -0.0009195285965688527,
        "abs_cosine": 0.0009195285965688527,
        "r_squared": 8.455328399078838e-07
      },
      "9": {
        "cosine": 0.00820175465196371,
        "abs_cosine": 0.00820175465196371,
        "r_squared": 6.726877937100837e-05
      },
      "10": {
        "cosine": -0.007986082695424557,
        "abs_cosine": 0.007986082695424557,
        "r_squared": 6.377751681815955e-05
      },
      "11": {
        "cosine": -0.018299458548426628,
        "abs_cosine": 0.018299458548426628,
        "r_squared": 0.0003348701831655844
      },
      "12": {
        "cosine": -0.04073585197329521,
        "abs_cosine": 0.04073585197329521,
        "r_squared": 0.0016594096359902194
      },
      "13": {
        "cosine": -0.03059004805982113,
        "abs_cosine": 0.03059004805982113,
        "r_squared": 0.0009357510403021664
      },
      "14": {
        "cosine": 0.039179060608148575,
        "abs_cosine": 0.039179060608148575,
        "r_squared": 0.0015349987901369794
      },
      "15": {
        "cosine": 0.025056513026356697,
        "abs_cosine": 0.025056513026356697,
        "r_squared": 0.0006278288450399828
      },
      "16": {
        "cosine": 0.011594857089221478,
        "abs_cosine": 0.011594857089221478,
        "r_squared": 0.00013444071091946955
      },
      "17": {
        "cosine": 0.0127365468069911,
        "abs_cosine": 0.0127365468069911,
        "r_squared": 0.0001622196245666752
      },
      "18": {
        "cosine": -0.013295603916049004,
        "abs_cosine": 0.013295603916049004,
        "r_squared": 0.0001767730834924576
      },
      "19": {
        "cosine": -0.021508028730750084,
        "abs_cosine": 0.021508028730750084,
        "r_squared": 0.00046259529988277107
      },
      "20": {
        "cosine": -0.006121249403804541,
        "abs_cosine": 0.006121249403804541,
        "r_squared": 3.7469694263577444e-05
      },
      "21": {
        "cosine": 0.011934679932892323,
        "abs_cosine": 0.011934679932892323,
        "r_squared": 0.0001424365851005827
      },
      "22": {
        "cosine": 0.007337586022913456,
        "abs_cosine": 0.007337586022913456,
        "r_squared": 5.384016864365491e-05
      },
      "23": {
        "cosine": 0.012719960883259773,
        "abs_cosine": 0.012719960883259773,
        "r_squared": 0.00016179740487165875
      },
      "24": {
        "cosine": -0.013250228017568588,
        "abs_cosine": 0.013250228017568588,
        "r_squared": 0.0001755685425175596
      },
      "25": {
        "cosine": -0.011180395260453224,
        "abs_cosine": 0.011180395260453224,
        "r_squared": 0.00012500123817996492
      },
      "26": {
        "cosine": -0.015783077105879784,
        "abs_cosine": 0.015783077105879784,
        "r_squared": 0.00024910552293014657
      },
      "27": {
        "cosine": 0.018152961507439613,
        "abs_cosine": 0.018152961507439613,
        "r_squared": 0.0003295300114905843
      },
      "28": {
        "cosine": 0.007894796319305897,
        "abs_cosine": 0.007894796319305897,
        "r_squared": 6.232780892332593e-05
      },
      "29": {
        "cosine": -0.00016862782649695873,
        "abs_cosine": 0.00016862782649695873,
        "r_squared": 2.8435343869088418e-08
      },
      "30": {
        "cosine": 0.0033508872147649527,
        "abs_cosine": 0.0033508872147649527,
        "r_squared": 1.1228445126075222e-05
      },
      "31": {
        "cosine": 0.024508140981197357,
        "abs_cosine": 0.024508140981197357,
        "r_squared": 0.0006006489743542454
      },
      "32": {
        "cosine": 0.03945038095116615,
        "abs_cosine": 0.03945038095116615,
        "r_squared": 0.0015563325571921333
      },
      "33": {
        "cosine": 0.02577270194888115,
        "abs_cosine": 0.02577270194888115,
        "r_squared": 0.0006642321657458622
      },
      "34": {
        "cosine": 0.0204607006162405,
        "abs_cosine": 0.0204607006162405,
        "r_squared": 0.00041864026970742443
      },
      "35": {
        "cosine": 0.021854784339666367,
        "abs_cosine": 0.021854784339666367,
        "r_squared": 0.00047763159853332626
      },
      "36": {
        "cosine": 0.006650337018072605,
        "abs_cosine": 0.006650337018072605,
        "r_squared": 4.422698245394683e-05
      },
      "37": {
        "cosine": 0.0012047416530549526,
        "abs_cosine": 0.0012047416530549526,
        "r_squared": 1.4514024506055798e-06
      },
      "38": {
        "cosine": -0.007701568771153688,
        "abs_cosine": 0.007701568771153688,
        "r_squared": 5.9314161536809734e-05
      },
      "39": {
        "cosine": 0.02620149403810501,
        "abs_cosine": 0.02620149403810501,
        "r_squared": 0.0006865182898288524
      },
      "40": {
        "cosine": 0.028953615576028824,
        "abs_cosine": 0.028953615576028824,
        "r_squared": 0.0008383118549244589
      }
    }
  },
  "control_profile": {
    "probe_type": "control",
    "n_layers": 35,
    "overall_mean_r2": 0.0004917058521806465,
    "overall_mean_abs_cos": 0.017116290673688386,
    "peak_layer": 15,
    "peak_cosine": 0.06686882674694061,
    "peak_abs_cosine": 0.06686882674694061,
    "peak_r2": 0.00447143999051236,
    "onset_layer": 14,
    "band_stats": {
      "early": {
        "mean_cos": 0.006848570518195629,
        "mean_abs_cos": 0.01477349754422903,
        "mean_r2": 0.00026361158947661083,
        "max_r2": 0.0005240034199567901,
        "r2_fraction": 0.07658806241505403,
        "n_layers": 5
      },
      "middle": {
        "mean_cos": 0.016695326154876965,
        "mean_abs_cos": 0.0191936804917835,
        "mean_r2": 0.0007305656482914981,
        "max_r2": 0.00447143999051236,
        "r2_fraction": 0.6367619221226402,
        "n_layers": 15
      },
      "late": {
        "mean_cos": 0.0125248625020807,
        "mean_abs_cos": 0.015819831898746393,
        "mean_r2": 0.00032887747697113977,
        "max_r2": 0.0010229203458448494,
        "r2_fraction": 0.2866500154623056,
        "n_layers": 15
      }
    },
    "normalized_entropy": 0.7542284428376308,
    "near_peak_layers": [
      15
    ],