{
  "0_baseline": {
    "dim_id": 0,
    "entity_overlap": 0.9756097590051046,
    "reading_mean_r2": 0.00017217267092356955,
    "control_mean_r2": 0.00046966634407517817,
    "reading_boot_ci95": [
      0.00014134751646158417,
      0.0004709094743301524
    ],
    "control_boot_ci95": [
      0.00014359222395842847,
      0.000690374580220511
    ]
  },
  "1_phenomenology": {
    "dim_id": 1,
    "entity_overlap": 0.5669274381021174,
    "reading_mean_r2": 0.00021650888265292424,
    "control_mean_r2": 0.0010800104500635656,
    "reading_boot_ci95": [
      0.0001482675051450849,
      0.00033987946338927315
    ],
    "control_boot_ci95": [
      0.0007997747965510379,
      0.0013416126335980486
    ]
  },
  "2_emotions": {
    "dim_id": 2,
    "entity_overlap": 0.49406216984115,
    "reading_mean_r2": 0.00029178643113927385,
    "control_mean_r2": 0.00124094758984988,
    "reading_boot_ci95": [
      0.00020791330877127377,
      0.00041295757477718877
    ],
    "control_boot_ci95": [
      0.0009771821254000437,
      0.0014979333073498855
    ]
  },
  "3_agency": {
    "dim_id": 3,
    "entity_overlap": 0.5390474730875434,
    "reading_mean_r2": 0.0003392833813061125,
    "control_mean_r2": 0.0011142458877810104,
    "reading_boot_ci95": [
      0.00021893869959035557,
      0.00047346297830328215
    ],
    "control_boot_ci95": [
      0.0007892589121031226,
      0.0013873032589119718
    ]
  },
  "4_intentions": {
    "dim_id": 4,
    "entity_overlap": 0.4166012366370457,
    "reading_mean_r2": 0.0005439242642244456,
    "control_mean_r2": 0.0013349878755336342,
    "reading_boot_ci95": [
      0.00037567622009621054,
      0.0006841028569949857
    ],
    "control_boot_ci95": [
      0.001028742227549307,
      0.0016006681674505044
    ]
  },
  "5_prediction": {
    "dim_id": 5,
    "entity_overlap": 0.5677882560142656,
    "reading_mean_r2": 0.0005411141213915848,
    "control_mean_r2": 0.0012081593944025324,
    "reading_boot_ci95": [
      0.00034086697143733617,
      0.0007319216699115088
    ],
    "control_boot_ci95": [
      0.0008164753209379722,
      0.0015903770633939488
    ]
  },
  "6_cognitive": {
    "dim_id": 6,
    "entity_overlap": 0.2395757762033765,
    "reading_mean_r2": 0.00040607447161989724,
    "control_mean_r2": 0.0010305758995614487,
    "reading_boot_ci95": [
      0.00030380417631052414,
      0.000502380132726231
    ],
    "control_boot_ci95": [
      0.0007653247069519952,
      0.0013284170336489412
    ]
  },
  "7_social": {
    "dim_id": 7,
    "entity_overlap": 0.5568320940180522,
    "reading_mean_r2": 0.00046690604224769103,
    "control_mean_r2": 0.0008335138987851771,
    "reading_boot_ci95": [
      0.00027734909780564453,
      0.0007012033772224906
    ],
    "control_boot_ci95": [
      0.0005291031064367334,
      0.001274891478751533
    ]
  },
  "8_embodiment": {
    "dim_id": 8,
    "entity_overlap": 0.6324034182400238,
    "reading_mean_r2": 0.0002893508870805274,
    "control_mean_r2": 0.0008332748322664357,
    "reading_boot_ci95": [
      0.0001924596120406536,
      0.00042442831562694317
    ],
    "control_boot_ci95": [
      0.0006251730733199497,
      0.001031688270372926
    ]
  },
  "9_roles": {
    "dim_id": 9,
    "entity_overlap": 0.683411560407499,
    "reading_mean_r2": 0.00044551261555241835,
    "control_mean_r2": 0.001004713164691621,
    "reading_boot_ci95": [
      0.00026254843307985733,
      0.0006735264652368691
    ],
    "control_boot_ci95": [
      0.0006463888107684887,
      0.0013972282289481247
    ]
  },
  "10_animacy": {
    "dim_id": 10,
    "entity_overlap": 0.7429141413147856,
    "reading_mean_r2": 0.00016702773386607916,
    "control_mean_r2": 0.0005719458255658497,
    "reading_boot_ci95": [
      0.00011109100887540056,
      0.00028867976222710746
    ],
    "control_boot_ci95": [
      0.00037626449099672506,
      0.0007905663113787231
    ]
  },
  "11_formality": {
    "dim_id": 11,
    "entity_overlap": 0.23351308903316173,
    "reading_mean_r2": 0.0003709345745548986,
    "control_mean_r2": 0.001204685194857626,
    "reading_boot_ci95": [
      0.0002555655200807276,
      0.00047255376602561275
    ],
    "control_boot_ci95": [
      0.000669715604384945,
      0.0014726004491251638
    ]
  },
  "12_expertise": {
    "dim_id": 12,
    "entity_overlap": 0.17305628823616157,
    "reading_mean_r2": 0.0005488694944334436,
    "control_mean_r2": 0.0009450660185803221,
    "reading_boot_ci95": [
      0.0004355585043688515,
      0.0006590133458035947
    ],
    "control_boot_ci95": [
      0.0006314193342069899,
      0.001252636434149762
    ]
  },
  "13_helpfulness": {
    "dim_id": 13,
    "entity_overlap": 0.19644393165391394,
    "reading_mean_r2": 0.0006394284325135942,
    "control_mean_r2": 0.0007597651814185032,
    "reading_boot_ci95": [
      0.0002748768584130705,
      0.0008303381902694428
    ],
    "control_boot_ci95": [
      0.0003464677594178943,
      0.0010004177245438492
    ]
  },
  "14_biological": {
    "dim_id": 14,
    "entity_overlap": 0.5145828683928746,
    "reading_mean_r2": 0.00021275406191442202,
    "control_mean_r2": 0.001017355519391787,
    "reading_boot_ci95": [
      0.00017199405205077232,
      0.0002835343692668114
    ],
    "control_boot_ci95": [
      0.0008260987415800435,
      0.001155962492011424
    ]
  },
  "15_shapes": {
    "dim_id": 15,
    "entity_overlap": 0.1273111758708227,
    "reading_mean_r2": 0.00026377614215856055,
    "control_mean_r2": 0.0002919633742101356,
    "reading_boot_ci95": [
      0.00017789072868560938,
      0.00037700797599948084
    ],
    "control_boot_ci95": [
      0.00016175672927953562,
      0.0004653184370167671
    ]
  },
  "16_mind": {
    "dim_id": 16,
    "entity_overlap": 0.6316027059787657,
    "reading_mean_r2": 0.0003928459076039658,
    "control_mean_r2": 0.0012647452546000629,
    "reading_boot_ci95": [
      0.00029145354625833674,
      0.0005104328699691502
    ],
    "control_boot_ci95": [
      0.001032071381766253,
      0.0014663118080208047
    ]
  },
  "17_attention": {
    "dim_id": 17,
    "entity_overlap": 0.4182856680779922,
    "reading_mean_r2": 0.00042169894929118036,
    "control_mean_r2": 0.0014749131196957273,
    "reading_boot_ci95": [
      0.0002979874679321066,
      0.0005388486934170801
    ],
    "control_boot_ci95": [
      0.001150414494933423,
      0.0017271942436131922
    ]
  },
  "18_sysprompt_labeled": {
    "dim_id": 18,
    "entity_overlap": 0.28293701388487,
    "reading_mean_r2": 0.00030820548620167303,
    "control_mean_r2": 0.0011501047640001417,
    "reading_boot_ci95": [
      0.00024036917222453435,
      0.0004024496985562684
    ],
    "control_boot_ci95": [
      0.000781934494878367,
      0.0017009802309913642
    ]
  }
}