{
  "dim_name": "12_expertise",
  "dim_id": 12,
  "reading_profile": {
    "probe_type": "reading",
    "n_layers": 35,
    "overall_mean_r2": 0.0004832999033423024,
    "overall_mean_abs_cos": 0.017632059953679606,
    "peak_layer": 10,
    "peak_cosine": -0.056671999394893646,
    "peak_abs_cosine": 0.056671999394893646,
    "peak_r2": 0.003211715515414826,
    "onset_layer": 10,
    "band_stats": {
      "early": {
        "mean_cos": -0.03676597289741039,
        "mean_abs_cos": 0.03676597289741039,
        "mean_r2": 0.0015610953329407242,
        "max_r2": 0.003211715515414826,
        "r2_fraction": 0.4614394032551259,
        "n_layers": 5
      },
      "middle": {
        "mean_cos": 0.00680858318052439,
        "mean_abs_cos": 0.012876446710833989,
        "mean_r2": 0.0002329067902439902,
        "max_r2": 0.0005690814107146315,
        "r2_fraction": 0.20653262110867077,
        "n_layers": 15
      },
      "late": {
        "mean_cos": 0.012605704064480961,
        "mean_abs_cos": 0.016009702215281627,
        "mean_r2": 0.0003744278732411409,
        "max_r2": 0.0016230921314006747,
        "r2_fraction": 0.33202797563620357,
        "n_layers": 15
      }
    },
    "normalized_entropy": 0.8011366514551607,
    "near_peak_layers": [
      10
    ],
    "near_peak_fraction": 0.02857142857142857,
    "sign_consistency": 0.6285714285714286,
    "dominant_sign": "positive",
    "profile_type": "mixed",
    "per_layer": {
      "6": {
        "cosine": -0.03594266623258591,
        "abs_cosine": 0.03594266623258591,
        "r_squared": 0.0012918752559070712
      },
      "7": {
        "cosine": -0.04236515611410141,
        "abs_cosine": 0.04236515611410141,
        "r_squared": 0.001794806452572184
      },
      "8": {
        "cosine": -0.036953311413526535,
        "abs_cosine": 0.036953311413526535,
        "r_squared": 0.0013655472244250705
      },
      "9": {
        "cosine": -0.011896731331944466,
        "abs_cosine": 0.011896731331944466,
        "r_squared": 0.00014153221638446914
      },
      "10": {
        "cosine": -0.056671999394893646,
        "abs_cosine": 0.056671999394893646,
        "r_squared": 0.003211715515414826
      },
      "11": {
        "cosine": -0.021503746509552002,
        "abs_cosine": 0.021503746509552002,
        "r_squared": 0.0004624111139470699
      },
      "12": {
        "cosine": -0.020943744108080864,
        "abs_cosine": 0.020943744108080864,
        "r_squared": 0.0004386404172647719
      },
      "13": {
        "cosine": -0.003053076099604368,
        "abs_cosine": 0.003053076099604368,
        "r_squared": 9.321273669975422e-06
      },
      "14": {
        "cosine": 0.020523030310869217,
        "abs_cosine": 0.020523030310869217,
        "r_squared": 0.0004211947731408566
      },
      "15": {
        "cosine": 0.023855427280068398,
        "abs_cosine": 0.023855427280068398,
        "r_squared": 0.0005690814107146315
      },
      "16": {
        "cosine": 0.015849560499191284,
        "abs_cosine": 0.015849560499191284,
        "r_squared": 0.00025120856801752467
      },
      "17": {
        "cosine": 0.014356173574924469,
        "abs_cosine": 0.014356173574924469,
        "r_squared": 0.0002060997197133596
      },
      "18": {
        "cosine": 6.571645644726232e-05,
        "abs_cosine": 6.571645644726232e-05,
        "r_squared": 4.318652647984925e-09
      },
      "19": {
        "cosine": 0.009139945730566978,
        "abs_cosine": 0.009139945730566978,
        "r_squared": 8.353860795770954e-05
      },
      "20": {
        "cosine": 0.011305593885481358,
        "abs_cosine": 0.011305593885481358,
        "r_squared": 0.00012781645310343346
      },
      "21": {
        "cosine": 0.0181016493588686,
        "abs_cosine": 0.0181016493588686,
        "r_squared": 0.00032766970951142796
      },
      "22": {
        "cosine": 0.00911130104213953,
        "abs_cosine": 0.00911130104213953,
        "r_squared": 8.301580668049289e-05
      },
      "23": {
        "cosine": 0.022483324632048607,
        "abs_cosine": 0.022483324632048607,
        "r_squared": 0.0005054998865100836
      },
      "24": {
        "cosine": -8.40976008475991e-06,
        "abs_cosine": 8.40976008475991e-06,
        "r_squared": 7.0724064683221e-11
      },
      "25": {
        "cosine": 0.0028460014145821333,
        "abs_cosine": 0.0028460014145821333,
        "r_squared": 8.099724051803504e-06
      },
      "26": {
        "cosine": 0.017743775621056557,
        "abs_cosine": 0.017743775621056557,
        "r_squared": 0.000314841573290401
      },
      "27": {
        "cosine": 0.033925611525774,
        "abs_cosine": 0.033925611525774,
        "r_squared": 0.0011509471173977298
      },
      "28": {
        "cosine": 0.020041270181536674,
        "abs_cosine": 0.020041270181536674,
        "r_squared": 0.00040165251048935105
      },
      "29": {
        "cosine": 0.012200440280139446,
        "abs_cosine": 0.012200440280139446,
        "r_squared": 0.0001488507430292491
      },
      "30": {
        "cosine": 0.0073364004492759705,
        "abs_cosine": 0.0073364004492759705,
        "r_squared": 5.382277155213666e-05
      },
      "31": {
        "cosine": 0.04028761759400368,
        "abs_cosine": 0.04028761759400368,
        "r_squared": 0.0016230921314006747
      },
      "32": {
        "cosine": 0.01948208175599575,
        "abs_cosine": 0.01948208175599575,
        "r_squared": 0.00037955150954730246
      },
      "33": {
        "cosine": 0.022472916170954704,
        "abs_cosine": 0.022472916170954704,
        "r_squared": 0.0005050319612267574
      },
      "34": {
        "cosine": -0.0035666406620293856,
        "abs_cosine": 0.0035666406620293856,
        "r_squared": 1.2720925612041414e-05
      },
      "35": {
        "cosine": 0.004497558809816837,
        "abs_cosine": 0.004497558809816837,
        "r_squared": 2.0228035247761046e-05
      },
      "36": {
        "cosine": -0.011658289469778538,
        "abs_cosine": 0.011658289469778538,
        "r_squared": 0.00013591571336114914
      },
      "37": {
        "cosine": -0.0012938330182805657,
        "abs_cosine": 0.0012938330182805657,
        "r_squared": 1.6740038791929988e-06
      },
      "38": {
        "cosine": -0.0090112229809165,
        "abs_cosine": 0.0090112229809165,
        "r_squared": 8.120213961179765e-05
      },
      "39": {
        "cosine": 0.010695329867303371,
        "abs_cosine": 0.010695329867303371,
        "r_squared": 0.00011439008097043155
      },
      "40": {
        "cosine": 0.025932544842362404,
        "abs_cosine": 0.025932544842362404,
        "r_squared": 0.0006724968820011369
      }
    }
  },
  "control_profile": {
    "probe_type": "control",
    "n_layers": 35,
    "overall_mean_r2": 0.0023509781502666755,
    "overall_mean_abs_cos": 0.03393333711095953,
    "peak_layer": 6,
    "peak_cosine": 0.1562667042016983,
    "peak_abs_cosine": 0.1562667042016983,
    "peak_r2": 0.024419282842061074,
    "onset_layer": 6,
    "band_stats": {
      "early": {
        "mean_cos": 0.09563144966959954,
        "mean_abs_cos": 0.09563144966959954,
        "mean_r2": 0.010583062011270076,
        "max_r2": 0.024419282842061074,
        "r2_fraction": 0.6430795630484772,
        "n_layers": 5
      },
      "middle": {
        "mean_cos": 0.0333121909139057,
        "mean_abs_cos": 0.03394500467305382,
        "mean_r2": 0.0015714169118660258,
        "max_r2": 0.006242188417499017,
        "r2_fraction": 0.28646135682857504,
        "n_layers": 15
      },
      "late": {
        "mean_cos": 0.011535671815120925,
        "mean_abs_cos": 0.01335563202931856,
        "mean_r2": 0.0003865114349995254,
        "max_r2": 0.0024249621451991055,
        "r2_fraction": 0.07045908012294788,
        "n_layers": 15
      }
    },
    "normalized_entropy": 0.6830763408720498,
    "near_peak_layers": [
      6
    ],
    "near_peak_fraction": 0.02857142857142857,