{
  "dim_name": "16_mind",
  "dim_id": 16,
  "reading_profile": {
    "probe_type": "reading",
    "n_layers": 35,
    "overall_mean_r2": 0.00024849671895392603,
    "overall_mean_abs_cos": 0.012755579404724163,
    "peak_layer": 7,
    "peak_cosine": 0.03181374445557594,
    "peak_abs_cosine": 0.03181374445557594,
    "peak_r2": 0.001012114336284689,
    "onset_layer": null,
    "band_stats": {
      "early": {
        "mean_cos": 0.005902720708400011,
        "mean_abs_cos": 0.019980778079479934,
        "mean_r2": 0.0005025457868954354,
        "max_r2": 0.001012114336284689,
        "r2_fraction": 0.28890625024343897,
        "n_layers": 5
      },
      "middle": {
        "mean_cos": 0.007502060007148733,
        "mean_abs_cos": 0.012655805264754842,
        "mean_r2": 0.00023339198395358967,
        "max_r2": 0.0006550435759538099,
        "r2_fraction": 0.4025209523939654,
        "n_layers": 15
      },
      "late": {
        "mean_cos": -1.1064830565980326e-05,
        "mean_abs_cos": 0.01044695398644156,
        "mean_r2": 0.00017891843130709258,
        "max_r2": 0.0004893562396698393,
        "r2_fraction": 0.3085727973625955,
        "n_layers": 15
      }
    },
    "normalized_entropy": 0.8338898941888939,
    "near_peak_layers": [
      7,
      10,
      21
    ],
    "near_peak_fraction": 0.08571428571428572,
    "sign_consistency": 0.6,
    "dominant_sign": "positive",
    "profile_type": "negligible",
    "per_layer": {
      "6": {
        "cosine": 0.014711597934365273,
        "abs_cosine": 0.014711597934365273,
        "r_squared": 0.00021643111378242055
      },
      "7": {
        "cosine": 0.03181374445557594,
        "abs_cosine": 0.03181374445557594,
        "r_squared": 0.001012114336284689
      },
      "8": {
        "cosine": 0.018183404579758644,
        "abs_cosine": 0.018183404579758644,
        "r_squared": 0.00033063620211118763
      },
      "9": {
        "cosine": -0.0046708895824849606,
        "abs_cosine": 0.0046708895824849606,
        "r_squared": 2.181720949176653e-05
      },
      "10": {
        "cosine": -0.030524253845214844,
        "abs_cosine": 0.030524253845214844,
        "r_squared": 0.0009317300728071132
      },
      "11": {
        "cosine": -0.014872195199131966,
        "abs_cosine": 0.014872195199131966,
        "r_squared": 0.0002211821900410839
      },
      "12": {
        "cosine": -0.010097835212945938,
        "abs_cosine": 0.010097835212945938,
        "r_squared": 0.00010196627598781094
      },
      "13": {
        "cosine": -0.0020801920909434557,
        "abs_cosine": 0.0020801920909434557,
        "r_squared": 4.327199135223706e-06
      },
      "14": {
        "cosine": 0.025441622361540794,
        "abs_cosine": 0.025441622361540794,
        "r_squared": 0.0006472761483872526
      },
      "15": {
        "cosine": 0.019771521911025047,
        "abs_cosine": 0.019771521911025047,
        "r_squared": 0.00039091307867814354
      },
      "16": {
        "cosine": 0.0007861169870011508,
        "abs_cosine": 0.0007861169870011508,
        "r_squared": 6.179799172517676e-07
      },
      "17": {
        "cosine": 0.023719092831015587,
        "abs_cosine": 0.023719092831015587,
        "r_squared": 0.000562595364726335
      },
      "18": {
        "cosine": 0.018817638978362083,
        "abs_cosine": 0.018817638978362083,
        "r_squared": 0.000354103536719972
      },
      "19": {
        "cosine": -0.007979015819728374,
        "abs_cosine": 0.007979015819728374,
        "r_squared": 6.366469345147566e-05
      },
      "20": {
        "cosine": 0.01702740415930748,
        "abs_cosine": 0.01702740415930748,
        "r_squared": 0.00028993249240440166
      },
      "21": {
        "cosine": 0.025593819096684456,
        "abs_cosine": 0.025593819096684456,
        "r_squared": 0.0006550435759538099
      },
      "22": {
        "cosine": 0.010977732948958874,
        "abs_cosine": 0.010977732948958874,
        "r_squared": 0.00012051062069865729
      },
      "23": {
        "cosine": -0.001427656738087535,
        "abs_cosine": 0.001427656738087535,
        "r_squared": 2.0382037618067402e-06
      },
      "24": {
        "cosine": 0.009049040265381336,
        "abs_cosine": 0.009049040265381336,
        "r_squared": 8.188512972449272e-05
      },
      "25": {
        "cosine": -0.0021961943712085485,
        "abs_cosine": 0.0021961943712085485,
        "r_squared": 4.823269716128112e-06
      },
      "26": {
        "cosine": 0.0008645363850519061,
        "abs_cosine": 0.0008645363850519061,
        "r_squared": 7.474231610786177e-07
      },
      "27": {
        "cosine": 0.022121397778391838,
        "abs_cosine": 0.022121397778391838,
        "r_squared": 0.0004893562396698393
      },
      "28": {
        "cosine": 0.01603429950773716,
        "abs_cosine": 0.01603429950773716,
        "r_squared": 0.0002570987607038201
      },
      "29": {
        "cosine": 0.004168977960944176,
        "abs_cosine": 0.004168977960944176,
        "r_squared": 1.7380377238838257e-05
      },
      "30": {
        "cosine": 0.0025899859610944986,
        "abs_cosine": 0.0025899859610944986,
        "r_squared": 6.708027278666594e-06
      },
      "31": {
        "cosine": 0.021172592416405678,
        "abs_cosine": 0.021172592416405678,
        "r_squared": 0.0004482786696312392
      },
      "32": {
        "cosine": 0.005345164332538843,
        "abs_cosine": 0.005345164332538843,
        "r_squared": 2.8570781741845417e-05
      },
      "33": {
        "cosine": 0.0058883619494736195,
        "abs_cosine": 0.0058883619494736195,
        "r_squared": 3.4672806448008764e-05
      },
      "34": {
        "cosine": -0.002350517315790057,
        "abs_cosine": 0.002350517315790057,
        "r_squared": 5.524931651828895e-06
      },
      "35": {
        "cosine": -0.0014743737410753965,
        "abs_cosine": 0.0014743737410753965,
        "r_squared": 2.1737779283726604e-06
      },
      "36": {
        "cosine": -0.017887964844703674,
        "abs_cosine": 0.017887964844703674,
        "r_squared": 0.00031997928628535455
      },
      "37": {
        "cosine": -0.019054658710956573,
        "abs_cosine": 0.019054658710956573,
        "r_squared": 0.0003630800185910332
      },
      "38": {
        "cosine": -0.019455622881650925,
        "abs_cosine": 0.019455622881650925,
        "r_squared": 0.00037852126171301903
      },
      "39": {
        "cosine": -0.018212003633379936,
        "abs_cosine": 0.018212003633379936,
        "r_squared": 0.000331677076342244
      },
      "40": {
        "cosine": 8.385237742913887e-05,
        "abs_cosine": 8.385237742913887e-05,
        "r_squared": 7.031221200518758e-09
      }
    }
  },
  "control_profile": {
    "probe_type": "control",
    "n_layers": 35,
    "overall_mean_r2": 0.005581262714818874,
    "overall_mean_abs_cos": 0.048857479368702376,
    "peak_layer": 6,
    "peak_cosine": 0.21832969784736633,
    "peak_abs_cosine": 0.21832969784736633,
    "peak_r2": 0.04766785696212228,
    "onset_layer": 6,
    "band_stats": {
      "early": {
        "mean_cos": 0.170316119492054,
        "mean_abs_cos": 0.170316119492054,
        "mean_r2": 0.031729981950931054,
        "max_r2": 0.04766785696212228,
        "r2_fraction": 0.8121557425317909,
        "n_layers": 5
      },
      "middle": {
        "mean_cos": 0.03928676328311364,
        "mean_abs_cos": 0.0409913685793678,
        "mean_r2": 0.002024445965185558,
        "max_r2": 0.005062651864929046,
        "r2_fraction": 0.15545222357328067,
        "n_layers": 15
      },
      "late": {
        "mean_cos": 0.015341891257169967,
        "mean_abs_cos": 0.01623737678358642,
        "mean_r2": 0.0004218397190814659,
        "max_r2": 0.002299766242321921,
        "r2_fraction": 0.032392033894928556,
        "n_layers": 15
      }
    },
    "normalized_entropy": 0.6152038121104871,
    "near_peak_layers": [
      6,
      7,
      8
    ],