{
  "dim_name": "7_social",
  "dim_id": 7,
  "reading_profile": {
    "probe_type": "reading",
    "n_layers": 35,
    "overall_mean_r2": 0.000502808468216355,
    "overall_mean_abs_cos": 0.01826118116732687,
    "peak_layer": 17,
    "peak_cosine": 0.041795093566179276,
    "peak_abs_cosine": 0.041795093566179276,
    "peak_r2": 0.0017468298462056803,
    "onset_layer": null,
    "band_stats": {
      "early": {
        "mean_cos": 0.012611794332042337,
        "mean_abs_cos": 0.02602338804863393,
        "mean_r2": 0.0008497702708577897,
        "max_r2": 0.0015384580804501807,
        "r2_fraction": 0.24143537878413077,
        "n_layers": 5
      },
      "middle": {
        "mean_cos": 0.01858394085429609,
        "mean_abs_cos": 0.022617748798802496,
        "mean_r2": 0.0006980316015372433,
        "max_r2": 0.0017468298462056803,
        "r2_fraction": 0.5949708876623248,
        "n_layers": 15
      },
      "late": {
        "mean_cos": 0.0019588069291785358,
        "mean_abs_cos": 0.011317211242082218,
        "mean_r2": 0.00019193140068165526,
        "max_r2": 0.0007753792373447338,
        "r2_fraction": 0.16359373355354456,
        "n_layers": 15
      }
    },
    "normalized_entropy": 0.8263599550816826,
    "near_peak_layers": [
      7,
      15,
      17,
      18,
      21
    ],
    "near_peak_fraction": 0.14285714285714285,
    "sign_consistency": 0.6571428571428571,
    "dominant_sign": "positive",
    "profile_type": "negligible",
    "per_layer": {
      "6": {
        "cosine": 0.02409576252102852,
        "abs_cosine": 0.02409576252102852,
        "r_squared": 0.0005806057714698026
      },
      "7": {
        "cosine": 0.03922318294644356,
        "abs_cosine": 0.03922318294644356,
        "r_squared": 0.0015384580804501807
      },
      "8": {
        "cosine": 0.0332690104842186,
        "abs_cosine": 0.0332690104842186,
        "r_squared": 0.001106827058599047
      },
      "9": {
        "cosine": -0.001584504498168826,
        "abs_cosine": 0.001584504498168826,
        "r_squared": 2.5106545047172434e-06
      },
      "10": {
        "cosine": -0.031944479793310165,
        "abs_cosine": 0.031944479793310165,
        "r_squared": 0.0010204497892652015
      },
      "11": {
        "cosine": -0.018832365050911903,
        "abs_cosine": 0.018832365050911903,
        "r_squared": 0.0003546579734108081
      },
      "12": {
        "cosine": -0.010421261191368103,
        "abs_cosine": 0.010421261191368103,
        "r_squared": 0.00010860268481871493
      },
      "13": {
        "cosine": -0.0009999333415180445,
        "abs_cosine": 0.0009999333415180445,
        "r_squared": 9.998666874794422e-07
      },
      "14": {
        "cosine": 0.033060651272535324,
        "abs_cosine": 0.033060651272535324,
        "r_squared": 0.0010930066625641915
      },
      "15": {
        "cosine": 0.03897785767912865,
        "abs_cosine": 0.03897785767912865,
        "r_squared": 0.001519273389254408
      },
      "16": {
        "cosine": 0.025187930092215538,
        "abs_cosine": 0.025187930092215538,
        "r_squared": 0.000634431822330337
      },
      "17": {
        "cosine": 0.041795093566179276,
        "abs_cosine": 0.041795093566179276,
        "r_squared": 0.0017468298462056803
      },
      "18": {
        "cosine": 0.0414782352745533,
        "abs_cosine": 0.0414782352745533,
        "r_squared": 0.0017204440014911976
      },
      "19": {
        "cosine": 0.014893743209540844,
        "abs_cosine": 0.014893743209540844,
        "r_squared": 0.000221823586791744
      },
      "20": {
        "cosine": 0.02990083210170269,
        "abs_cosine": 0.02990083210170269,
        "r_squared": 0.0008940597603742141
      },
      "21": {
        "cosine": 0.039995137602090836,
        "abs_cosine": 0.039995137602090836,
        "r_squared": 0.0015996110318101803
      },
      "22": {
        "cosine": 0.0185133907943964,
        "abs_cosine": 0.0185133907943964,
        "r_squared": 0.0003427456387060414
      },
      "23": {
        "cosine": 0.00964011438190937,
        "abs_cosine": 0.00964011438190937,
        "r_squared": 9.293180529629588e-05
      },
      "24": {
        "cosine": 0.004634574521332979,
        "abs_cosine": 0.004634574521332979,
        "r_squared": 2.1479280993788813e-05
      },
      "25": {
        "cosine": 0.010935111902654171,
        "abs_cosine": 0.010935111902654171,
        "r_squared": 0.00011957667232356892
      },
      "26": {
        "cosine": 0.00782060157507658,
        "abs_cosine": 0.00782060157507658,
        "r_squared": 6.116180899609028e-05
      },
      "27": {
        "cosine": 0.027845632284879684,
        "abs_cosine": 0.027845632284879684,
        "r_squared": 0.0007753792373447338
      },
      "28": {
        "cosine": 0.010733584873378277,
        "abs_cosine": 0.010733584873378277,
        "r_squared": 0.00011520984423401496
      },
      "29": {
        "cosine": 0.004500207025557756,
        "abs_cosine": 0.004500207025557756,
        "r_squared": 2.025186327287939e-05
      },
      "30": {
        "cosine": -0.0038151689805090427,
        "abs_cosine": 0.0038151689805090427,
        "r_squared": 1.4555514349838409e-05
      },
      "31": {
        "cosine": 0.018209733068943024,
        "abs_cosine": 0.018209733068943024,
        "r_squared": 0.0003315943784421571
      },
      "32": {
        "cosine": 0.01821237988770008,
        "abs_cosine": 0.01821237988770008,
        "r_squared": 0.0003316907811739024
      },
      "33": {
        "cosine": 0.008713796734809875,
        "abs_cosine": 0.008713796734809875,
        "r_squared": 7.593025353558325e-05
      },
      "34": {
        "cosine": 0.0035342008341103792,
        "abs_cosine": 0.0035342008341103792,
        "r_squared": 1.24905755358265e-05
      },
      "35": {
        "cosine": -0.0007307919440791011,
        "abs_cosine": 0.0007307919440791011,
        "r_squared": 5.34056865530912e-07
      },
      "36": {
        "cosine": -0.01329927146434784,
        "abs_cosine": 0.01329927146434784,
        "r_squared": 0.00017687062148241672
      },
      "37": {
        "cosine": -0.005559502635151148,
        "abs_cosine": 0.005559502635151148,
        "r_squared": 3.090806955025256e-05
      },
      "38": {
        "cosine": -0.027213923633098602,
        "abs_cosine": 0.027213923633098602,
        "r_squared": 0.0007405976395081226
      },
      "39": {
        "cosine": -0.01018228754401207,
        "abs_cosine": 0.01018228754401207,
        "r_squared": 0.00010367897962894335
      },
      "40": {
        "cosine": -0.009387086145579815,
        "abs_cosine": 0.009387086145579815,
        "r_squared": 8.81173863045365e-05
      }
    }
  },
  "control_profile": {
    "probe_type": "control",
    "n_layers": 35,
    "overall_mean_r2": 0.006590865143335409,
    "overall_mean_abs_cos": 0.05068029791083453,
    "peak_layer": 7,
    "peak_cosine": 0.2419796735048294,
    "peak_abs_cosine": 0.2419796735048294,
    "peak_r2": 0.05855416238950384,
    "onset_layer": 6,
    "band_stats": {
      "early": {
        "mean_cos": 0.1872936949133873,
        "mean_abs_cos": 0.1872936949133873,
        "mean_r2": 0.03817774090852729,
        "max_r2": 0.05855416238950384,
        "r2_fraction": 0.8275033502160852,
        "n_layers": 5
      },
      "middle": {
        "mean_cos": 0.039289954258129,
        "mean_abs_cos": 0.039468932012096045,
        "mean_r2": 0.002183549512284789,
        "max_r2": 0.007050806221060635,
        "r2_fraction": 0.14198544705206312,
        "n_layers": 15
      },
      "late": {
        "mean_cos": 0.015483183735826363,
        "mean_abs_cos": 0.01635386480872209,
        "mean_r2": 0.00046922218598873547,
        "max_r2": 0.003077958021865612,
        "r2_fraction": 0.03051120273185161,
        "n_layers": 15
      }
    },
    "normalized_entropy": 0.5956721516154327,
    "near_peak_layers": [
      6,
      7,
      8
    ],