{
  "0_baseline": {
    "dim_id": 0,
    "entity_overlap": 0.9756097590051046,
    "reading_mean_r2": 0.0001760220121211839,
    "control_mean_r2": 0.00016122697127560038,
    "reading_boot_ci95": [
      0.00014967381636044036,
      0.00034780760870747293
    ],
    "control_boot_ci95": [
      0.00015714995195180426,
      0.000462628431803499
    ]
  },
  "1_phenomenology": {
    "dim_id": 1,
    "entity_overlap": 0.5669274381021174,
    "reading_mean_r2": 0.00026848574017744207,
    "control_mean_r2": 0.00030505097024639686,
    "reading_boot_ci95": [
      0.0002110937431700446,
      0.0003152689141357206
    ],
    "control_boot_ci95": [
      0.000244712677360573,
      0.0003668908463925047
    ]
  },
  "2_emotions": {
    "dim_id": 2,
    "entity_overlap": 0.49406216984115,
    "reading_mean_r2": 0.000226146055981549,
    "control_mean_r2": 0.0003736226188843154,
    "reading_boot_ci95": [
      0.0001992765182955755,
      0.00027246612896940874
    ],
    "control_boot_ci95": [
      0.00030940887005557474,
      0.00041796599683075435
    ]
  },
  "3_agency": {
    "dim_id": 3,
    "entity_overlap": 0.5390474730875434,
    "reading_mean_r2": 0.00022230402136338525,
    "control_mean_r2": 0.0004498821226033787,
    "reading_boot_ci95": [
      0.0001780233667175993,
      0.0002864740468480135
    ],
    "control_boot_ci95": [
      0.00036208217255851566,
      0.0004999634307927076
    ]
  },
  "4_intentions": {
    "dim_id": 4,
    "entity_overlap": 0.4166012366370457,
    "reading_mean_r2": 0.0002732989296454972,
    "control_mean_r2": 0.0004028339791444756,
    "reading_boot_ci95": [
      0.0002297763914575257,
      0.0003059615763171967
    ],
    "control_boot_ci95": [
      0.0003444031426410488,
      0.0004614761211993398
    ]
  },
  "5_prediction": {
    "dim_id": 5,
    "entity_overlap": 0.5677882560142656,
    "reading_mean_r2": 0.00028737516013666676,
    "control_mean_r2": 0.0003579320189430084,
    "reading_boot_ci95": [
      0.00022537776464792277,
      0.00032573011606859385
    ],
    "control_boot_ci95": [
      0.0002879975887621395,
      0.00040515817584617494
    ]
  },
  "6_cognitive": {
    "dim_id": 6,
    "entity_overlap": 0.2395757762033765,
    "reading_mean_r2": 0.00034102008748694367,
    "control_mean_r2": 0.00031034571657950793,
    "reading_boot_ci95": [
      0.00028589612190945747,
      0.00036730131264682504
    ],
    "control_boot_ci95": [
      0.00026639340862301566,
      0.00037706299449467146
    ]
  },
  "7_social": {
    "dim_id": 7,
    "entity_overlap": 0.5568320940180522,
    "reading_mean_r2": 0.00022827621564083843,
    "control_mean_r2": 0.00028950971928167846,
    "reading_boot_ci95": [
      0.00017942273957421645,
      0.00028609019100326336
    ],
    "control_boot_ci95": [
      0.00021466281416174267,
      0.0003490463168765473
    ]
  },
  "8_embodiment": {
    "dim_id": 8,
    "entity_overlap": 0.6324034182400238,
    "reading_mean_r2": 0.00026200530882179685,
    "control_mean_r2": 0.0002949423058508989,
    "reading_boot_ci95": [
      0.0002132191564303946,
      0.0003131542707127278
    ],
    "control_boot_ci95": [
      0.0002439141880875771,
      0.0003658864702824786
    ]
  },
  "9_roles": {
    "dim_id": 9,
    "entity_overlap": 0.683411560407499,
    "reading_mean_r2": 0.00021752606254281655,
    "control_mean_r2": 0.00033488092204126335,
    "reading_boot_ci95": [
      0.00017581863660718025,
      0.00029870403386029375
    ],
    "control_boot_ci95": [
      0.0002447386448359328,
      0.0004132441746224766
    ]
  },
  "10_animacy": {
    "dim_id": 10,
    "entity_overlap": 0.7429141413147856,
    "reading_mean_r2": 0.00022980845011854378,
    "control_mean_r2": 0.00026000507326878205,
    "reading_boot_ci95": [
      0.0001817342455183196,
      0.00031044821266811793
    ],
    "control_boot_ci95": [
      0.00020437142348013473,
      0.0003145014528521672
    ]
  },
  "11_formality": {
    "dim_id": 11,
    "entity_overlap": 0.23351308903316173,
    "reading_mean_r2": 0.000274031097280588,
    "control_mean_r2": 0.0002541062082671348,
    "reading_boot_ci95": [
      0.00020978027543687086,
      0.00032899180787080427
    ],
    "control_boot_ci95": [
      0.0001897853862264483,
      0.0003101486423497781
    ]
  },
  "12_expertise": {
    "dim_id": 12,
    "entity_overlap": 0.17305628823616157,
    "reading_mean_r2": 0.0002712030706853515,
    "control_mean_r2": 0.00024660071166231266,
    "reading_boot_ci95": [
      0.00023193033814949748,
      0.00030182867674383076
    ],
    "control_boot_ci95": [
      0.00020613214213534886,
      0.0002925223924533339
    ]
  },
  "13_helpfulness": {
    "dim_id": 13,
    "entity_overlap": 0.19644393165391394,
    "reading_mean_r2": 0.00029407006061817845,
    "control_mean_r2": 0.00027270002382953927,
    "reading_boot_ci95": [
      0.00019953960714634642,
      0.000337001671316174
    ],
    "control_boot_ci95": [
      0.0001791531492413927,
      0.000349830041606911
    ]
  },
  "14_biological": {
    "dim_id": 14,
    "entity_overlap": 0.5145828683928746,
    "reading_mean_r2": 0.0001820873313097891,
    "control_mean_r2": 0.0002458471211448577,
    "reading_boot_ci95": [
      0.00015342684621387647,
      0.00023067325840548538
    ],
    "control_boot_ci95": [
      0.0002112863785414753,
      0.00028529642355041445
    ]
  },
  "15_shapes": {
    "dim_id": 15,
    "entity_overlap": 0.1273111758708227,
    "reading_mean_r2": 0.0002991538671689487,
    "control_mean_r2": 0.0003004686561792587,
    "reading_boot_ci95": [
      0.00022795780800199112,
      0.0003497810092793044
    ],
    "control_boot_ci95": [
      0.00020646367015617593,
      0.00036133192418406174
    ]
  },
  "16_mind": {
    "dim_id": 16,
    "entity_overlap": 0.6316027059787657,
    "reading_mean_r2": 0.0002598328836137687,
    "control_mean_r2": 0.0003788171319842172,
    "reading_boot_ci95": [
      0.00022170571674065708,
      0.00030489974384769364
    ],
    "control_boot_ci95": [
      0.000330334352686622,
      0.0004296835778727251
    ]
  },
  "17_attention": {
    "dim_id": 17,
    "entity_overlap": 0.4182856680779922,
    "reading_mean_r2": 0.00031823545204645755,
    "control_mean_r2": 0.00030889452066759106,
    "reading_boot_ci95": [
      0.00026423303732676587,
      0.0003461632549750134
    ],
    "control_boot_ci95": [
      0.00025609756900342933,
      0.0003631257540493387
    ]
  },
  "18_sysprompt_labeled": {
    "dim_id": 18,
    "entity_overlap": 0.28293701388487,
    "reading_mean_r2": 0.00019118563112031103,
    "control_mean_r2": 0.0001386453720626121,
    "reading_boot_ci95": [
      0.00016462404096210606,
      0.0002229138943941233
    ],
    "control_boot_ci95": [
      0.00011845446808089863,
      0.00016953585230678446
    ]
  }
}