{
  "dim_name": "20_sysprompt_talkto_human",
  "dim_id": 20,
  "reading_profile": {
    "probe_type": "reading",
    "n_layers": 35,
    "overall_mean_r2": 0.000350971637425207,
    "overall_mean_abs_cos": 0.015480550134920381,
    "peak_layer": 6,
    "peak_cosine": 0.04557567089796066,
    "peak_abs_cosine": 0.04557567089796066,
    "peak_r2": 0.0020771417777992185,
    "onset_layer": null,
    "band_stats": {
      "early": {
        "mean_cos": -0.0038435479742474853,
        "mean_abs_cos": 0.02207381633343175,
        "mean_r2": 0.0007363523375565367,
        "max_r2": 0.0020771417777992185,
        "r2_fraction": 0.29971991996624564,
        "n_layers": 5
      },
      "middle": {
        "mean_cos": -0.004612348925244684,
        "mean_abs_cos": 0.01088689337678564,
        "mean_r2": 0.0001633033023651806,
        "max_r2": 0.0005150738174675464,
        "r2_fraction": 0.19940964488901708,
        "n_layers": 15
      },
      "late": {
        "mean_cos": -0.012417127843946218,
        "mean_abs_cos": 0.017876451493551333,
        "mean_r2": 0.00041017973910812354,
        "max_r2": 0.000987573658265184,
        "r2_fraction": 0.5008704351447372,
        "n_layers": 15
      }
    },
    "normalized_entropy": 0.8312608932284193,
    "near_peak_layers": [
      6
    ],
    "near_peak_fraction": 0.02857142857142857,
    "sign_consistency": 0.6857142857142857,
    "dominant_sign": "negative",
    "profile_type": "negligible",
    "per_layer": {
      "6": {
        "cosine": 0.04557567089796066,
        "abs_cosine": 0.04557567089796066,
        "r_squared": 0.0020771417777992185
      },
      "7": {
        "cosine": -0.00047348724910989404,
        "abs_cosine": 0.00047348724910989404,
        "r_squared": 2.2419017506965485e-07
      },
      "8": {
        "cosine": -0.00991816632449627,
        "abs_cosine": 0.00991816632449627,
        "r_squared": 9.837002324037183e-05
      },
      "9": {
        "cosine": -0.02357802726328373,
        "abs_cosine": 0.02357802726328373,
        "r_squared": 0.0005559233696281508
      },
      "10": {
        "cosine": -0.030823729932308197,
        "abs_cosine": 0.030823729932308197,
        "r_squared": 0.0009501023269398723
      },
      "11": {
        "cosine": 0.00028356260736472905,
        "abs_cosine": 0.00028356260736472905,
        "r_squared": 8.040775229548349e-08
      },
      "12": {
        "cosine": -0.022695237770676613,
        "abs_cosine": 0.022695237770676613,
        "r_squared": 0.0005150738174675464
      },
      "13": {
        "cosine": -0.0021837546955794096,
        "abs_cosine": 0.0021837546955794096,
        "r_squared": 4.76878457046512e-06
      },
      "14": {
        "cosine": 0.009339846670627594,
        "abs_cosine": 0.009339846670627594,
        "r_squared": 8.723273583083335e-05
      },
      "15": {
        "cosine": 0.00825810618698597,
        "abs_cosine": 0.00825810618698597,
        "r_squared": 6.819631779553595e-05
      },
      "16": {
        "cosine": -0.019099805504083633,
        "abs_cosine": 0.019099805504083633,
        "r_squared": 0.00036480257029382346
      },
      "17": {
        "cosine": -0.009570872411131859,
        "abs_cosine": 0.009570872411131859,
        "r_squared": 9.160159871016496e-05
      },
      "18": {
        "cosine": -0.005821202881634235,
        "abs_cosine": 0.005821202881634235,
        "r_squared": 3.3886402989146726e-05
      },
      "19": {
        "cosine": -0.02133912779390812,
        "abs_cosine": 0.02133912779390812,
        "r_squared": 0.000455358375004742
      },
      "20": {
        "cosine": -0.016115542501211166,
        "abs_cosine": 0.016115542501211166,
        "r_squared": 0.00025971071010834346
      },
      "21": {
        "cosine": 0.003990809433162212,
        "abs_cosine": 0.003990809433162212,
        "r_squared": 1.59265599318165e-05
      },
      "22": {
        "cosine": -0.013805706053972244,
        "abs_cosine": 0.013805706053972244,
        "r_squared": 0.00019059751964868588
      },
      "23": {
        "cosine": 0.015203054063022137,
        "abs_cosine": 0.015203054063022137,
        "r_squared": 0.0002311328528431739
      },
      "24": {
        "cosine": -0.005613067653030157,
        "abs_cosine": 0.005613067653030157,
        "r_squared": 3.1506528477493476e-05
      },
      "25": {
        "cosine": 0.009983704425394535,
        "abs_cosine": 0.009983704425394535,
        "r_squared": 9.967435405364242e-05
      },
      "26": {
        "cosine": 0.006110403221100569,
        "abs_cosine": 0.006110403221100569,
        "r_squared": 3.7337027524436206e-05
      },
      "27": {
        "cosine": 0.016606800258159637,
        "abs_cosine": 0.016606800258159637,
        "r_squared": 0.000275785814814411
      },
      "28": {
        "cosine": -0.0046821157447993755,
        "abs_cosine": 0.0046821157447993755,
        "r_squared": 2.192220784769821e-05
      },
      "29": {
        "cosine": -0.020066188648343086,
        "abs_cosine": 0.020066188648343086,
        "r_squared": 0.00040265192687089293
      },
      "30": {
        "cosine": -0.026977378875017166,
        "abs_cosine": 0.026977378875017166,
        "r_squared": 0.0007277789709662225
      },
      "31": {
        "cosine": 0.016663122922182083,
        "abs_cosine": 0.016663122922182083,
        "r_squared": 0.00027765966551974997
      },
      "32": {
        "cosine": -0.006895877420902252,
        "abs_cosine": 0.006895877420902252,
        "r_squared": 4.75531254041095e-05
      },
      "33": {
        "cosine": -0.02489718608558178,
        "abs_cosine": 0.02489718608558178,
        "r_squared": 0.000619869874980087
      },
      "34": {
        "cosine": -0.019369889050722122,
        "abs_cosine": 0.019369889050722122,
        "r_squared": 0.00037519260183728476
      },
      "35": {
        "cosine": -0.018667999655008316,
        "abs_cosine": 0.018667999655008316,
        "r_squared": 0.0003484942111193906
      },
      "36": {
        "cosine": -0.030037906020879745,
        "abs_cosine": 0.030037906020879745,
        "r_squared": 0.0009022757981192037
      },
      "37": {
        "cosine": -0.013426356017589569,
        "abs_cosine": 0.013426356017589569,
        "r_squared": 0.00018026703591106363
      },
      "38": {
        "cosine": -0.030755262821912766,
        "abs_cosine": 0.030755262821912766,
        "r_squared": 0.0009458861912449296
      },
      "39": {
        "cosine": 0.001564600970596075,
        "abs_cosine": 0.001564600970596075,
        "r_squared": 2.44797619719018e-06
      },
      "40": {
        "cosine": -0.031425684690475464,
        "abs_cosine": 0.031425684690475464,
        "r_squared": 0.000987573658265184
      }
    }
  },
  "control_profile": {
    "probe_type": "control",
    "n_layers": 35,
    "overall_mean_r2": 0.0005074951688515111,
    "overall_mean_abs_cos": 0.02003545473728861,
    "peak_layer": 19,
    "peak_cosine": 0.04226414114236832,
    "peak_abs_cosine": 0.04226414114236832,
    "peak_r2": 0.0017862576265020302,
    "onset_layer": null,
    "band_stats": {
      "early": {
        "mean_cos": -0.008363512251526118,
        "mean_abs_cos": 0.008859169948846102,
        "mean_r2": 9.702103719854992e-05,
        "max_r2": 0.00018046160478416354,
        "r2_fraction": 0.027310896776786425,
        "n_layers": 5
      },
      "middle": {
        "mean_cos": 0.01095766316478451,
        "mean_abs_cos": 0.02096386840566993,
        "mean_r2": 0.0005473319715097163,
        "max_r2": 0.0017862576265020302,
        "r2_fraction": 0.4622129614821398,
        "n_layers": 15
      },
      "late": {
        "mean_cos": 0.022832469331721464,
        "mean_abs_cos": 0.022832469331721464,
        "mean_r2": 0.000604483076744293,
        "max_r2": 0.001361223666046088,
        "r2_fraction": 0.5104761417410737,
        "n_layers": 15
      }
    },
    "normalized_entropy": 0.890059798941499,