{
  "dim_name": "22_sysprompt_bare_human",
  "dim_id": 22,
  "reading_profile": {
    "probe_type": "reading",
    "n_layers": 35,
    "overall_mean_r2": 0.00030523754264948506,
    "overall_mean_abs_cos": 0.013863350326261882,
    "peak_layer": 6,
    "peak_cosine": 0.041651368141174316,
    "peak_abs_cosine": 0.041651368141174316,
    "peak_r2": 0.0017348364680316308,
    "onset_layer": null,
    "band_stats": {
      "early": {
        "mean_cos": -0.0013103689067065715,
        "mean_abs_cos": 0.019583032559603454,
        "mean_r2": 0.0006189161751156035,
        "max_r2": 0.0017348364680316308,
        "r2_fraction": 0.2896648809239632,
        "n_layers": 5
      },
      "middle": {
        "mean_cos": -0.0028172658174298705,
        "mean_abs_cos": 0.009043795402006557,
        "mean_r2": 0.0001281167749676573,
        "max_r2": 0.00044022263565418607,
        "r2_fraction": 0.17988347303301735,
        "n_layers": 15
      },
      "late": {
        "mean_cos": -0.012348909381156166,
        "mean_abs_cos": 0.016776344506070018,
        "mean_r2": 0.00037779876617594,
        "max_r2": 0.0010875631113818063,
        "r2_fraction": 0.5304516460430195,
        "n_layers": 15
      }
    },
    "normalized_entropy": 0.8040719227570705,
    "near_peak_layers": [
      6
    ],
    "near_peak_fraction": 0.02857142857142857,
    "sign_consistency": 0.6857142857142857,
    "dominant_sign": "negative",
    "profile_type": "negligible",
    "per_layer": {
      "6": {
        "cosine": 0.041651368141174316,
        "abs_cosine": 0.041651368141174316,
        "r_squared": 0.0017348364680316308
      },
      "7": {
        "cosine": 0.004030290991067886,
        "abs_cosine": 0.004030290991067886,
        "r_squared": 1.6243245472682966e-05
      },
      "8": {
        "cosine": -0.002303031738847494,
        "abs_cosine": 0.002303031738847494,
        "r_squared": 5.303955190138912e-06
      },
      "9": {
        "cosine": -0.01819503679871559,
        "abs_cosine": 0.01819503679871559,
        "r_squared": 0.0003310593641066145
      },
      "10": {
        "cosine": -0.031735435128211975,
        "abs_cosine": 0.031735435128211975,
        "r_squared": 0.0010071378427769506
      },
      "11": {
        "cosine": 0.0038117433432489634,
        "abs_cosine": 0.0038117433432489634,
        "r_squared": 1.4529387314802784e-05
      },
      "12": {
        "cosine": -0.020981483161449432,
        "abs_cosine": 0.020981483161449432,
        "r_squared": 0.00044022263565418607
      },
      "13": {
        "cosine": -0.0021419613622128963,
        "abs_cosine": 0.0021419613622128963,
        "r_squared": 4.5879984772129265e-06
      },
      "14": {
        "cosine": 0.010946683585643768,
        "abs_cosine": 0.010946683585643768,
        "r_squared": 0.00011982988152420271
      },
      "15": {
        "cosine": 0.0135344872251153,
        "abs_cosine": 0.0135344872251153,
        "r_squared": 0.00018318234444680923
      },
      "16": {
        "cosine": -0.01068311370909214,
        "abs_cosine": 0.01068311370909214,
        "r_squared": 0.00011412891852139243
      },
      "17": {
        "cosine": -0.0014078352833166718,
        "abs_cosine": 0.0014078352833166718,
        "r_squared": 1.9820001849513337e-06
      },
      "18": {
        "cosine": -0.00030579190934076905,
        "abs_cosine": 0.00030579190934076905,
        "r_squared": 9.350869181827312e-08
      },
      "19": {
        "cosine": -0.019883261993527412,
        "abs_cosine": 0.019883261993527412,
        "r_squared": 0.0003953441075032517
      },
      "20": {
        "cosine": -0.014876826666295528,
        "abs_cosine": 0.014876826666295528,
        "r_squared": 0.00022131997165900173
      },
      "21": {
        "cosine": 0.005025752820074558,
        "abs_cosine": 0.005025752820074558,
        "r_squared": 2.5258191408487375e-05
      },
      "22": {
        "cosine": -0.01460759062319994,
        "abs_cosine": 0.01460759062319994,
        "r_squared": 0.0002133817038149988
      },
      "23": {
        "cosine": 0.013380304910242558,
        "abs_cosine": 0.013380304910242558,
        "r_squared": 0.0001790325594910611
      },
      "24": {
        "cosine": -0.0025715085212141275,
        "abs_cosine": 0.0025715085212141275,
        "r_squared": 6.612656074676869e-06
      },
      "25": {
        "cosine": -0.0014985859161242843,
        "abs_cosine": 0.0014985859161242843,
        "r_squared": 2.2457597480060604e-06
      },
      "26": {
        "cosine": 0.002337968908250332,
        "abs_cosine": 0.002337968908250332,
        "r_squared": 5.466098615945249e-06
      },
      "27": {
        "cosine": 0.010808663442730904,
        "abs_cosine": 0.010808663442730904,
        "r_squared": 0.00011682720541822747
      },
      "28": {
        "cosine": -0.0025722484569996595,
        "abs_cosine": 0.0025722484569996595,
        "r_squared": 6.616462124537129e-06
      },
      "29": {
        "cosine": -0.018371783196926117,
        "abs_cosine": 0.018371783196926117,
        "r_squared": 0.0003375224178348568
      },
      "30": {
        "cosine": -0.020764106884598732,
        "abs_cosine": 0.020764106884598732,
        "r_squared": 0.00043114813471504046
      },
      "31": {
        "cosine": 0.01010966021567583,
        "abs_cosine": 0.01010966021567583,
        "r_squared": 0.00010220522967641869
      },
      "32": {
        "cosine": -0.003738436382263899,
        "abs_cosine": 0.003738436382263899,
        "r_squared": 1.3975906584234388e-05
      },
      "33": {
        "cosine": -0.029601866379380226,
        "abs_cosine": 0.029601866379380226,
        "r_squared": 0.0008762704931426814
      },
      "34": {
        "cosine": -0.020004695281386375,
        "abs_cosine": 0.020004695281386375,
        "r_squared": 0.0004001878333011223
      },
      "35": {
        "cosine": -0.016589833423495293,
        "abs_cosine": 0.016589833423495293,
        "r_squared": 0.00027522257301932154
      },
      "36": {
        "cosine": -0.027824966236948967,
        "abs_cosine": 0.027824966236948967,
        "r_squared": 0.00077422874608735
      },
      "37": {
        "cosine": -0.016552014276385307,
        "abs_cosine": 0.016552014276385307,
        "r_squared": 0.00027396917660566303
      },
      "38": {
        "cosine": -0.02944123186171055,
        "abs_cosine": 0.02944123186171055,
        "r_squared": 0.0008667861335350004
      },
      "39": {
        "cosine": 0.00994947087019682,
        "abs_cosine": 0.00994947087019682,
        "r_squared": 9.899197059689505e-05
      },
      "40": {
        "cosine": -0.03297822177410126,
        "abs_cosine": 0.03297822177410126,
        "r_squared": 0.0010875631113818063
      }
    }
  },
  "control_profile": {
    "probe_type": "control",
    "n_layers": 35,
    "overall_mean_r2": 0.0004924841454173294,
    "overall_mean_abs_cos": 0.019633883755055388,
    "peak_layer": 31,
    "peak_cosine": 0.039348334074020386,
    "peak_abs_cosine": 0.039348334074020386,
    "peak_r2": 0.0015482913944007137,
    "onset_layer": null,
    "band_stats": {
      "early": {
        "mean_cos": -0.0110508865211159,
        "mean_abs_cos": 0.011938255792483688,
        "mean_r2": 0.00017746704508591165,
        "max_r2": 0.00038308808439510914,
        "r2_fraction": 0.05147868260975086,
        "n_layers": 5
      },
      "middle": {
        "mean_cos": 0.011490055297811826,
        "mean_abs_cos": 0.020910043704013028,
        "mean_r2": 0.0005372499583527081,
        "max_r2": 0.0014691923188377004,
        "r2_fraction": 0.4675277047874253,
        "n_layers": 15
      },
      "late": {
        "mean_cos": 0.020922933126954982,
        "mean_abs_cos": 0.020922933126954982,
        "mean_r2": 0.0005527240325924231,
        "max_r2": 0.0015482913944007137,
        "r2_fraction": 0.48099361260282364,
        "n_layers": 15
      }
    },
    "normalized_entropy": 0.8918152696750264,