{
  "dim_name": "2_emotions",
  "dim_id": 2,
  "reading_profile": {
    "probe_type": "reading",
    "n_layers": 35,
    "overall_mean_r2": 0.0003100302036958828,
    "overall_mean_abs_cos": 0.01433054333985118,
    "peak_layer": 6,
    "peak_cosine": 0.03630008175969124,
    "peak_abs_cosine": 0.03630008175969124,
    "peak_r2": 0.0013176959357602686,
    "onset_layer": null,
    "band_stats": {
      "early": {
        "mean_cos": -0.002502324967645109,
        "mean_abs_cos": 0.017022357671521604,
        "mean_r2": 0.000446368910889882,
        "max_r2": 0.0013176959357602686,
        "r2_fraction": 0.20567991927823248,
        "n_layers": 5
      },
      "middle": {
        "mean_cos": -0.0033122274675406516,
        "mean_abs_cos": 0.012360869941767305,
        "mean_r2": 0.00019695532269227857,
        "max_r2": 0.0005726963452718087,
        "r2_fraction": 0.2722619377232551,
        "n_layers": 15
      },
      "late": {
        "mean_cos": -0.014566299792689582,
        "mean_abs_cos": 0.015402945294044911,
        "mean_r2": 0.0003776588489681539,
        "max_r2": 0.0013112820362207872,
        "r2_fraction": 0.5220581429985124,
        "n_layers": 15
      }
    },
    "normalized_entropy": 0.8209053516236073,
    "near_peak_layers": [
      6,
      33,
      36,
      40
    ],
    "near_peak_fraction": 0.11428571428571428,
    "sign_consistency": 0.7142857142857143,
    "dominant_sign": "negative",
    "profile_type": "negligible",
    "per_layer": {
      "6": {
        "cosine": 0.03630008175969124,
        "abs_cosine": 0.03630008175969124,
        "r_squared": 0.0013176959357602686
      },
      "7": {
        "cosine": -0.0007086725672706962,
        "abs_cosine": 0.0007086725672706962,
        "r_squared": 5.022168076020394e-07
      },
      "8": {
        "cosine": -0.006325408350676298,
        "abs_cosine": 0.006325408350676298,
        "r_squared": 4.0010790802805446e-05
      },
      "9": {
        "cosine": -0.02019939012825489,
        "abs_cosine": 0.02019939012825489,
        "r_squared": 0.0004080153615534411
      },
      "10": {
        "cosine": -0.021578235551714897,
        "abs_cosine": 0.021578235551714897,
        "r_squared": 0.0004656202495252927
      },
      "11": {
        "cosine": 0.007475042250007391,
        "abs_cosine": 0.007475042250007391,
        "r_squared": 5.587625663939556e-05
      },
      "12": {
        "cosine": -0.023931074887514114,
        "abs_cosine": 0.023931074887514114,
        "r_squared": 0.0005726963452718087
      },
      "13": {
        "cosine": -0.004848006647080183,
        "abs_cosine": 0.004848006647080183,
        "r_squared": 2.350316845013364e-05
      },
      "14": {
        "cosine": 0.021640609949827194,
        "abs_cosine": 0.021640609949827194,
        "r_squared": 0.00046831599900055976
      },
      "15": {
        "cosine": 0.00029615598032251,
        "abs_cosine": 0.00029615598032251,
        "r_squared": 8.770836468078693e-08
      },
      "16": {
        "cosine": -0.020585333928465843,
        "abs_cosine": 0.020585333928465843,
        "r_squared": 0.000423755972946447
      },
      "17": {
        "cosine": -0.015171922743320465,
        "abs_cosine": 0.015171922743320465,
        "r_squared": 0.0002301872397292848
      },
      "18": {
        "cosine": 0.012176711112260818,
        "abs_cosine": 0.012176711112260818,
        "r_squared": 0.0001482722935114561
      },
      "19": {
        "cosine": -0.01872631534934044,
        "abs_cosine": 0.01872631534934044,
        "r_squared": 0.0003506748865629433
      },
      "20": {
        "cosine": -0.013269038870930672,
        "abs_cosine": 0.013269038870930672,
        "r_squared": 0.00017606739255826911
      },
      "21": {
        "cosine": 0.007920429110527039,
        "abs_cosine": 0.007920429110527039,
        "r_squared": 6.273319729488414e-05
      },
      "22": {
        "cosine": -0.0084921820089221,
        "abs_cosine": 0.0084921820089221,
        "r_squared": 7.21171552726602e-05
      },
      "23": {
        "cosine": 0.013906240463256836,
        "abs_cosine": 0.013906240463256836,
        "r_squared": 0.0001933835238219217
      },
      "24": {
        "cosine": -0.012524356134235859,
        "abs_cosine": 0.012524356134235859,
        "r_squared": 0.0001568594965771714
      },
      "25": {
        "cosine": 0.004449629690498114,
        "abs_cosine": 0.004449629690498114,
        "r_squared": 1.979920438256234e-05
      },
      "26": {
        "cosine": -0.0069961450062692165,
        "abs_cosine": 0.0069961450062692165,
        "r_squared": 4.8946044948745696e-05
      },
      "27": {
        "cosine": -0.001789551810361445,
        "abs_cosine": 0.001789551810361445,
        "r_squared": 3.202495681967925e-06
      },
      "28": {
        "cosine": -0.004007404204457998,
        "abs_cosine": 0.004007404204457998,
        "r_squared": 1.6059288457907642e-05
      },
      "29": {
        "cosine": -0.025106733664870262,
        "abs_cosine": 0.025106733664870262,
        "r_squared": 0.0006303480753187297
      },
      "30": {
        "cosine": -0.02104312926530838,
        "abs_cosine": 0.02104312926530838,
        "r_squared": 0.000442813289276478
      },
      "31": {
        "cosine": -0.005335839465260506,
        "abs_cosine": 0.005335839465260506,
        "r_squared": 2.847118279903152e-05
      },
      "32": {
        "cosine": -0.010479859076440334,
        "abs_cosine": 0.010479859076440334,
        "r_squared": 0.00010982744626204886
      },
      "33": {
        "cosine": -0.031042322516441345,
        "abs_cosine": 0.031042322516441345,
        "r_squared": 0.0009636257872147613
      },
      "34": {
        "cosine": 0.0019720536656677723,
        "abs_cosine": 0.0019720536656677723,
        "r_squared": 3.888995660273698e-06
      },
      "35": {
        "cosine": -0.019657820463180542,
        "abs_cosine": 0.019657820463180542,
        "r_squared": 0.00038642990536263966
      },
      "36": {
        "cosine": -0.03443819284439087,
        "abs_cosine": 0.03443819284439087,
        "r_squared": 0.0011859891263874545
      },
      "37": {
        "cosine": -0.00709271477535367,
        "abs_cosine": 0.00709271477535367,
        "r_squared": 5.030660288452026e-05
      },
      "38": {
        "cosine": -0.021567996591329575,
        "abs_cosine": 0.021567996591329575,
        "r_squared": 0.00046517847696360415
      },
      "39": {
        "cosine": 0.004302787594497204,
        "abs_cosine": 0.004302787594497204,
        "r_squared": 1.8513981083359034e-05
      },
      "40": {
        "cosine": -0.03621162846684456,
        "abs_cosine": 0.03621162846684456,
        "r_squared": 0.0013112820362207872
      }
    }
  },
  "control_profile": {
    "probe_type": "control",
    "n_layers": 35,
    "overall_mean_r2": 0.00028400694043788165,
    "overall_mean_abs_cos": 0.014144697262340092,
    "peak_layer": 19,
    "peak_cosine": 0.03328848257660866,
    "peak_abs_cosine": 0.03328848257660866,
    "peak_r2": 0.0011081230722531782,
    "onset_layer": null,
    "band_stats": {
      "early": {
        "mean_cos": -0.013020423101261258,
        "mean_abs_cos": 0.013020423101261258,
        "mean_r2": 0.00020382920012142577,
        "max_r2": 0.0003379817394713082,
        "r2_fraction": 0.10252727315504637,
        "n_layers": 5
      },
      "middle": {
        "mean_cos": 0.0043013257964048535,
        "mean_abs_cos": 0.013761167528961475,
        "mean_r2": 0.0002983300475243953,
        "max_r2": 0.0011081230722531782,
        "r2_fraction": 0.45018524707947066,
        "n_layers": 15
      },
      "late": {
        "mean_cos": 0.013920940846825639,
        "mean_abs_cos": 0.014902985049411654,
        "mean_r2": 0.0002964097467901867,
        "max_r2": 0.001033784454254283,
        "r2_fraction": 0.4472874797654829,
        "n_layers": 15
      }
    },
    "normalized_entropy": 0.8591894849928282,