{
  "dim_name": "3_agency",
  "dim_id": 3,
  "reading_profile": {
    "probe_type": "reading",
    "n_layers": 35,
    "overall_mean_r2": 0.0003094184074630963,
    "overall_mean_abs_cos": 0.014280074385793082,
    "peak_layer": 6,
    "peak_cosine": 0.03694677725434303,
    "peak_abs_cosine": 0.03694677725434303,
    "peak_r2": 0.0013650643494820397,
    "onset_layer": null,
    "band_stats": {
      "early": {
        "mean_cos": -0.0015318699646741153,
        "mean_abs_cos": 0.016859685396775605,
        "mean_r2": 0.00044918153417815526,
        "max_r2": 0.0013650643494820397,
        "r2_fraction": 0.20738517505469548,
        "n_layers": 5
      },
      "middle": {
        "mean_cos": -0.0041512818541377785,
        "mean_abs_cos": 0.011961219133809209,
        "mean_r2": 0.00018514255773670007,
        "max_r2": 0.0005110113754641099,
        "r2_fraction": 0.25643855874363025,
        "n_layers": 15
      },
      "late": {
        "mean_cos": -0.01456357075367123,
        "mean_abs_cos": 0.01573905930078278,
        "mean_r2": 0.000387106548284473,
        "max_r2": 0.001228475672210294,
        "r2_fraction": 0.5361762662016745,
        "n_layers": 15
      }
    },
    "normalized_entropy": 0.8172828025669372,
    "near_peak_layers": [
      6,
      33,
      36,
      40
    ],
    "near_peak_fraction": 0.11428571428571428,
    "sign_consistency": 0.6857142857142857,
    "dominant_sign": "negative",
    "profile_type": "negligible",
    "per_layer": {
      "6": {
        "cosine": 0.03694677725434303,
        "abs_cosine": 0.03694677725434303,
        "r_squared": 0.0013650643494820397
      },
      "7": {
        "cosine": 0.0013727613259106874,
        "abs_cosine": 0.0013727613259106874,
        "r_squared": 1.8844736579160686e-06
      },
      "8": {
        "cosine": -0.004936404060572386,
        "abs_cosine": 0.004936404060572386,
        "r_squared": 2.436808504923554e-05
      },
      "9": {
        "cosine": -0.018036488443613052,
        "abs_cosine": 0.018036488443613052,
        "r_squared": 0.0003253149153765872
      },
      "10": {
        "cosine": -0.023005995899438858,
        "abs_cosine": 0.023005995899438858,
        "r_squared": 0.0005292758473249976
      },
      "11": {
        "cosine": 0.007283647544682026,
        "abs_cosine": 0.007283647544682026,
        "r_squared": 5.3051521555152505e-05
      },
      "12": {
        "cosine": -0.02260556071996689,
        "abs_cosine": 0.02260556071996689,
        "r_squared": 0.0005110113754641099
      },
      "13": {
        "cosine": -0.0031446958892047405,
        "abs_cosine": 0.0031446958892047405,
        "r_squared": 9.889112235581194e-06
      },
      "14": {
        "cosine": 0.017716335132718086,
        "abs_cosine": 0.017716335132718086,
        "r_squared": 0.00031386853053478117
      },
      "15": {
        "cosine": 0.0015182842034846544,
        "abs_cosine": 0.0015182842034846544,
        "r_squared": 2.3051869225510315e-06
      },
      "16": {
        "cosine": -0.02006709575653076,
        "abs_cosine": 0.02006709575653076,
        "r_squared": 0.0004026883321017749
      },
      "17": {
        "cosine": -0.01390102505683899,
        "abs_cosine": 0.01390102505683899,
        "r_squared": 0.00019323849763086542
      },
      "18": {
        "cosine": 0.007735060527920723,
        "abs_cosine": 0.007735060527920723,
        "r_squared": 5.9831161370597213e-05
      },
      "19": {
        "cosine": -0.02143928036093712,
        "abs_cosine": 0.02143928036093712,
        "r_squared": 0.000459642742394864
      },
      "20": {
        "cosine": -0.014318651519715786,
        "abs_cosine": 0.014318651519715786,
        "r_squared": 0.0002050237813430592
      },
      "21": {
        "cosine": 0.006953990086913109,
        "abs_cosine": 0.006953990086913109,
        "r_squared": 4.835797812888579e-05
      },
      "22": {
        "cosine": -0.010618319734930992,
        "abs_cosine": 0.010618319734930992,
        "r_squared": 0.00011274871399322497
      },
      "23": {
        "cosine": 0.012992586009204388,
        "abs_cosine": 0.012992586009204388,
        "r_squared": 0.0001688072912065736
      },
      "24": {
        "cosine": -0.014749128371477127,
        "abs_cosine": 0.014749128371477127,
        "r_squared": 0.00021753678771831153
      },
      "25": {
        "cosine": 0.004374626092612743,
        "abs_cosine": 0.004374626092612743,
        "r_squared": 1.913735345016824e-05
      },
      "26": {
        "cosine": -0.0043037706054747105,
        "abs_cosine": 0.0043037706054747105,
        "r_squared": 1.8522441424548156e-05
      },
      "27": {
        "cosine": 0.0014537946553900838,
        "abs_cosine": 0.0014537946553900838,
        "r_squared": 2.1135189000407725e-06
      },
      "28": {
        "cosine": -0.005360618699342012,
        "abs_cosine": 0.005360618699342012,
        "r_squared": 2.873623283973525e-05
      },
      "29": {
        "cosine": -0.02552846074104309,
        "abs_cosine": 0.02552846074104309,
        "r_squared": 0.0006517023078069784
      },
      "30": {
        "cosine": -0.022332813590765,
        "abs_cosine": 0.022332813590765,
        "r_squared": 0.0004987545628798579
      },
      "31": {
        "cosine": -0.0031025337520986795,
        "abs_cosine": 0.0031025337520986795,
        "r_squared": 9.62571568291151e-06
      },
      "32": {
        "cosine": -0.010459101758897305,
        "abs_cosine": 0.010459101758897305,
        "r_squared": 0.00010939280960296869
      },
      "33": {
        "cosine": -0.03145715594291687,
        "abs_cosine": 0.03145715594291687,
        "r_squared": 0.0009895526600169902
      },
      "34": {
        "cosine": -0.003682468319311738,
        "abs_cosine": 0.003682468319311738,
        "r_squared": 1.3560572922734616e-05
      },
      "35": {
        "cosine": -0.023091185837984085,
        "abs_cosine": 0.023091185837984085,
        "r_squared": 0.0005332028634043168
      },
      "36": {
        "cosine": -0.03487085923552513,
        "abs_cosine": 0.03487085923552513,
        "r_squared": 0.0012159768238238083
      },
      "37": {
        "cosine": -0.008542674593627453,
        "abs_cosine": 0.008542674593627453,
        "r_squared": 7.297728921260797e-05
      },
      "38": {
        "cosine": -0.019488465040922165,
        "abs_cosine": 0.019488465040922165,
        "r_squared": 0.00037980026965124536
      },
      "39": {
        "cosine": 0.0073623694479465485,
        "abs_cosine": 0.0073623694479465485,
        "r_squared": 5.4204483888056765e-05
      },
      "40": {
        "cosine": -0.035049617290496826,
        "abs_cosine": 0.035049617290496826,
        "r_squared": 0.001228475672210294
      }
    }
  },
  "control_profile": {
    "probe_type": "control",
    "n_layers": 35,
    "overall_mean_r2": 0.00033293253854395615,
    "overall_mean_abs_cos": 0.015567108789192778,
    "peak_layer": 37,
    "peak_cosine": 0.03777867555618286,
    "peak_abs_cosine": 0.03777867555618286,
    "peak_r2": 0.0014272283267793284,
    "onset_layer": null,
    "band_stats": {
      "early": {
        "mean_cos": -0.013553423620760442,
        "mean_abs_cos": 0.013553423620760442,
        "mean_r2": 0.0002104742627116978,
        "max_r2": 0.0003384854417988782,
        "r2_fraction": 0.09031184499855387,
        "n_layers": 5
      },
      "middle": {
        "mean_cos": 0.004965693643316627,
        "mean_abs_cos": 0.015363807805503409,
        "mean_r2": 0.00034667946501604744,
        "max_r2": 0.0011539326950482792,
        "r2_fraction": 0.44626732559121696,
        "n_layers": 15
      },
      "late": {
        "mean_cos": 0.01592197969245414,
        "mean_abs_cos": 0.016441638162359596,
        "mean_r2": 0.0003600050373492843,
        "max_r2": 0.0014272283267793284,
        "r2_fraction": 0.4634208294102293,
        "n_layers": 15
      }
    },
    "normalized_entropy": 0.8661250718155148,