{
  "dim_name": "6_cognitive",
  "dim_id": 6,
  "reading_profile": {
    "probe_type": "reading",
    "n_layers": 35,
    "overall_mean_r2": 0.00030005388836767597,
    "overall_mean_abs_cos": 0.014181212744110131,
    "peak_layer": 6,
    "peak_cosine": 0.037233415991067886,
    "peak_abs_cosine": 0.037233415991067886,
    "peak_r2": 0.0013863272663639098,
    "onset_layer": null,
    "band_stats": {
      "early": {
        "mean_cos": -0.0017986384453251957,
        "mean_abs_cos": 0.017105635325424372,
        "mean_r2": 0.00045871624506587186,
        "max_r2": 0.0013863272663639098,
        "r2_fraction": 0.2183970769676147,
        "n_layers": 5
      },
      "middle": {
        "mean_cos": -0.0048991588021939,
        "mean_abs_cos": 0.011810956173576415,
        "mean_r2": 0.00018496941779902782,
        "max_r2": 0.000579816029790018,
        "r2_fraction": 0.2641945687136598,
        "n_layers": 15
      },
      "late": {
        "mean_cos": -0.013840140412018325,
        "mean_abs_cos": 0.0155766617875391,
        "mean_r2": 0.0003622509067035922,
        "max_r2": 0.0012048659053731786,
        "r2_fraction": 0.5174083543187254,
        "n_layers": 15
      }
    },
    "normalized_entropy": 0.8256063856534226,
    "near_peak_layers": [
      6,
      36,
      40
    ],
    "near_peak_fraction": 0.08571428571428572,
    "sign_consistency": 0.6571428571428571,
    "dominant_sign": "negative",
    "profile_type": "negligible",
    "per_layer": {
      "6": {
        "cosine": 0.037233415991067886,
        "abs_cosine": 0.037233415991067886,
        "r_squared": 0.0013863272663639098
      },
      "7": {
        "cosine": 0.001034076209180057,
        "abs_cosine": 0.001034076209180057,
        "r_squared": 1.069313606392197e-06
      },
      "8": {
        "cosine": -0.005946399178355932,
        "abs_cosine": 0.005946399178355932,
        "r_squared": 3.5359663188352106e-05
      },
      "9": {
        "cosine": -0.017708422616124153,
        "abs_cosine": 0.017708422616124153,
        "r_squared": 0.0003135882315512574
      },
      "10": {
        "cosine": -0.023605862632393837,
        "abs_cosine": 0.023605862632393837,
        "r_squared": 0.0005572367506194477
      },
      "11": {
        "cosine": 0.005578705109655857,
        "abs_cosine": 0.005578705109655857,
        "r_squared": 3.112195070050037e-05
      },
      "12": {
        "cosine": -0.023051531985402107,
        "abs_cosine": 0.023051531985402107,
        "r_squared": 0.0005313731268740164
      },
      "13": {
        "cosine": -0.004221286624670029,
        "abs_cosine": 0.004221286624670029,
        "r_squared": 1.7819260767618084e-05
      },
      "14": {
        "cosine": 0.01399097591638565,
        "abs_cosine": 0.01399097591638565,
        "r_squared": 0.0001957474070928833
      },
      "15": {
        "cosine": 0.0040238723158836365,
        "abs_cosine": 0.0040238723158836365,
        "r_squared": 1.619154841453474e-05
      },
      "16": {
        "cosine": -0.019515689462423325,
        "abs_cosine": 0.019515689462423325,
        "r_squared": 0.0003808621351937408
      },
      "17": {
        "cosine": -0.011965245008468628,
        "abs_cosine": 0.011965245008468628,
        "r_squared": 0.00014316708811268342
      },
      "18": {
        "cosine": 0.0017823762027546763,
        "abs_cosine": 0.0017823762027546763,
        "r_squared": 3.176864928146179e-06
      },
      "19": {
        "cosine": -0.024079369381070137,
        "abs_cosine": 0.024079369381070137,
        "r_squared": 0.000579816029790018
      },
      "20": {
        "cosine": -0.01679997704923153,
        "abs_cosine": 0.01679997704923153,
        "r_squared": 0.0002822392288547061
      },
      "21": {
        "cosine": 0.0050817267037928104,
        "abs_cosine": 0.0050817267037928104,
        "r_squared": 2.5823946292040942e-05
      },
      "22": {
        "cosine": -0.013316519558429718,
        "abs_cosine": 0.013316519558429718,
        "r_squared": 0.0001773296931500412
      },
      "23": {
        "cosine": 0.01270681619644165,
        "abs_cosine": 0.01270681619644165,
        "r_squared": 0.00016146317785015185
      },
      "24": {
        "cosine": -0.012376243248581886,
        "abs_cosine": 0.012376243248581886,
        "r_squared": 0.00015317139694806872
      },
      "25": {
        "cosine": 0.008674007840454578,
        "abs_cosine": 0.008674007840454578,
        "r_squared": 7.52384120162675e-05
      },
      "26": {
        "cosine": -0.0007112243911251426,
        "abs_cosine": 0.0007112243911251426,
        "r_squared": 5.058401345313298e-07
      },
      "27": {
        "cosine": 0.003480246290564537,
        "abs_cosine": 0.003480246290564537,
        "r_squared": 1.211211424298822e-05
      },
      "28": {
        "cosine": -0.007982557639479637,
        "abs_cosine": 0.007982557639479637,
        "r_squared": 6.372122646761472e-05
      },
      "29": {
        "cosine": -0.02304425835609436,
        "abs_cosine": 0.02304425835609436,
        "r_squared": 0.0005310378431824248
      },
      "30": {
        "cosine": -0.021645110100507736,
        "abs_cosine": 0.021645110100507736,
        "r_squared": 0.000468510791263102
      },
      "31": {
        "cosine": 0.00044745972263626754,
        "abs_cosine": 0.00044745972263626754,
        "r_squared": 2.0022020338172548e-07
      },
      "32": {
        "cosine": -0.010044203139841557,
        "abs_cosine": 0.010044203139841557,
        "r_squared": 0.00010088601671440298
      },
      "33": {
        "cosine": -0.028895780444145203,
        "abs_cosine": 0.028895780444145203,
        "r_squared": 0.0008349661274762443
      },
      "34": {
        "cosine": -0.011442038230597973,
        "abs_cosine": 0.011442038230597973,
        "r_squared": 0.0001309202388704656
      },
      "35": {
        "cosine": -0.02138039842247963,
        "abs_cosine": 0.02138039842247963,
        "r_squared": 0.00045712143670396943
      },
      "36": {
        "cosine": -0.03471117839217186,
        "abs_cosine": 0.03471117839217186,
        "r_squared": 0.0012048659053731786
      },
      "37": {
        "cosine": -0.008188171312212944,
        "abs_cosine": 0.008188171312212944,
        "r_squared": 6.704614943814705e-05
      },
      "38": {
        "cosine": -0.019335588440299034,
        "abs_cosine": 0.019335588440299034,
        "r_squared": 0.00037386498033262563
      },
      "39": {
        "cosine": 0.009096204303205013,
        "abs_cosine": 0.009096204303205013,
        "r_squared": 8.27409327256454e-05
      },
      "40": {
        "cosine": -0.0332455076277256,
        "abs_cosine": 0.0332455076277256,
        "r_squared": 0.0011052637774251611
      }
    }
  },
  "control_profile": {
    "probe_type": "control",
    "n_layers": 35,
    "overall_mean_r2": 0.00042293737002914976,
    "overall_mean_abs_cos": 0.018129686688605165,
    "peak_layer": 37,
    "peak_cosine": 0.03952500969171524,
    "peak_abs_cosine": 0.03952500969171524,
    "peak_r2": 0.0015622263911301837,
    "onset_layer": null,
    "band_stats": {
      "early": {
        "mean_cos": -0.014132516179233789,
        "mean_abs_cos": 0.014132516179233789,
        "mean_r2": 0.00021996416396513483,
        "max_r2": 0.0003267014008165349,
        "r2_fraction": 0.07429812123921206,
        "n_layers": 5
      },
      "middle": {
        "mean_cos": 0.004496215128650268,
        "mean_abs_cos": 0.019509756782402594,
        "mean_r2": 0.00048021862527821004,
        "max_r2": 0.0012590878923370852,
        "r2_fraction": 0.4866157422975068,
        "n_layers": 15
      },
      "late": {
        "mean_cos": 0.01808200676459819,
        "mean_abs_cos": 0.01808200676459819,
        "mean_r2": 0.0004333138501347612,
        "max_r2": 0.0015622263911301837,
        "r2_fraction": 0.4390861364632812,
        "n_layers": 15
      }
    },
    "normalized_entropy": 0.8911251689726795,