{
  "0_baseline": {
    "dim_id": 0,
    "entity_overlap": 0.9756097590051046,
    "reading_mean_r2": 0.0002831870377904891,
    "control_mean_r2": 0.0024911211697395386,
    "reading_boot_ci95": [
      0.00012107644584675081,
      0.0008055720026009963
    ],
    "control_boot_ci95": [
      0.00019075216862544082,
      0.0016452838357509257
    ]
  },
  "1_phenomenology": {
    "dim_id": 1,
    "entity_overlap": 0.5669274381021174,
    "reading_mean_r2": 0.0004513027061373895,
    "control_mean_r2": 0.0009451639738384736,
    "reading_boot_ci95": [
      0.0002476335993750459,
      0.000581725672433323
    ],
    "control_boot_ci95": [
      0.0006142320227831348,
      0.0014809483477357657
    ]
  },
  "2_emotions": {
    "dim_id": 2,
    "entity_overlap": 0.49406216984115,
    "reading_mean_r2": 0.0005445135226694261,
    "control_mean_r2": 0.0013367853563321858,
    "reading_boot_ci95": [
      0.0003225897617702151,
      0.0007120757829864654
    ],
    "control_boot_ci95": [
      0.0009641347703928404,
      0.001991766145253195
    ]
  },
  "3_agency": {
    "dim_id": 3,
    "entity_overlap": 0.5390474730875434,
    "reading_mean_r2": 0.0006845691055078529,
    "control_mean_r2": 0.001691969191962714,
    "reading_boot_ci95": [
      0.00032253752300155604,
      0.0009019959607067751
    ],
    "control_boot_ci95": [
      0.001106855542870545,
      0.002482740812908606
    ]
  },
  "4_intentions": {
    "dim_id": 4,
    "entity_overlap": 0.4166012366370457,
    "reading_mean_r2": 0.0008225378137537367,
    "control_mean_r2": 0.0018208322928147014,
    "reading_boot_ci95": [
      0.0004127725241419903,
      0.0010176874798504057
    ],
    "control_boot_ci95": [
      0.0012646725858624017,
      0.0025907520681814986
    ]
  },
  "5_prediction": {
    "dim_id": 5,
    "entity_overlap": 0.5677882560142656,
    "reading_mean_r2": 0.0006563510600779538,
    "control_mean_r2": 0.0020263461913010753,
    "reading_boot_ci95": [
      0.0002782479236144975,
      0.001014228498447305
    ],
    "control_boot_ci95": [
      0.0013524036284346997,
      0.003015539256609505
    ]
  },
  "6_cognitive": {
    "dim_id": 6,
    "entity_overlap": 0.2395757762033765,
    "reading_mean_r2": 0.0008135005490025574,
    "control_mean_r2": 0.0021655884435784717,
    "reading_boot_ci95": [
      0.00050953317794935,
      0.001025097721935654
    ],
    "control_boot_ci95": [
      0.0016342303130753633,
      0.0029501203247335856
    ]
  },
  "7_social": {
    "dim_id": 7,
    "entity_overlap": 0.5568320940180522,
    "reading_mean_r2": 0.0009280584147205724,
    "control_mean_r2": 0.0019103077795310885,
    "reading_boot_ci95": [
      0.0004013769174254276,
      0.0013669019739196027
    ],
    "control_boot_ci95": [
      0.0012334873474650599,
      0.003031955792437706
    ]
  },
  "8_embodiment": {
    "dim_id": 8,
    "entity_overlap": 0.6324034182400238,
    "reading_mean_r2": 0.0003032827709782211,
    "control_mean_r2": 0.0005416258024433573,
    "reading_boot_ci95": [
      0.00019188955939462968,
      0.00040376918632991396
    ],
    "control_boot_ci95": [
      0.00038844423742039204,
      0.0009685002484129533
    ]
  },
  "9_roles": {
    "dim_id": 9,
    "entity_overlap": 0.683411560407499,
    "reading_mean_r2": 0.00040963376064006234,
    "control_mean_r2": 0.0011088475911570231,
    "reading_boot_ci95": [
      0.00016794177118864545,
      0.0008170572402005381
    ],
    "control_boot_ci95": [
      0.0006605773124259966,
      0.0020668807150952986
    ]
  },
  "10_animacy": {
    "dim_id": 10,
    "entity_overlap": 0.7429141413147856,
    "reading_mean_r2": 0.00046841545566909194,
    "control_mean_r2": 0.0006746586725683394,
    "reading_boot_ci95": [
      0.00024669317433935337,
      0.000716472917482804
    ],
    "control_boot_ci95": [
      0.00034595961002044547,
      0.0009521440737808336
    ]
  },
  "11_formality": {
    "dim_id": 11,
    "entity_overlap": 0.23351308903316173,
    "reading_mean_r2": 0.0004537463269626398,
    "control_mean_r2": 0.0008181301093174427,
    "reading_boot_ci95": [
      0.00023266507134948235,
      0.0006044114039776346
    ],
    "control_boot_ci95": [
      0.0005464521318443067,
      0.0009688280706542689
    ]
  },
  "12_expertise": {
    "dim_id": 12,
    "entity_overlap": 0.17305628823616157,
    "reading_mean_r2": 0.0005819984601148096,
    "control_mean_r2": 0.0013118236379869414,
    "reading_boot_ci95": [
      0.0004011962126319025,
      0.0007658133104346118
    ],
    "control_boot_ci95": [
      0.0008561438906862577,
      0.0018538093096580675
    ]
  },
  "13_helpfulness": {
    "dim_id": 13,
    "entity_overlap": 0.19644393165391394,
    "reading_mean_r2": 0.0006215830819750221,
    "control_mean_r2": 0.000752880365996237,
    "reading_boot_ci95": [
      0.00024201728738245274,
      0.0008236972534540185
    ],
    "control_boot_ci95": [
      0.00025047222450812906,
      0.0012071274778713238
    ]
  },
  "14_biological": {
    "dim_id": 14,
    "entity_overlap": 0.5145828683928746,
    "reading_mean_r2": 0.00025063098204011086,
    "control_mean_r2": 0.0004550885717851083,
    "reading_boot_ci95": [
      0.00017725968777291764,
      0.00032538673140320866
    ],
    "control_boot_ci95": [
      0.00033961095248513347,
      0.0006937426477381911
    ]
  },
  "15_shapes": {
    "dim_id": 15,
    "entity_overlap": 0.1273111758708227,
    "reading_mean_r2": 0.0006205465494390356,
    "control_mean_r2": 0.0006488866706114636,
    "reading_boot_ci95": [
      0.00029386049423170397,
      0.0008498088055229566
    ],
    "control_boot_ci95": [
      0.00028608818888233625,
      0.0009767341022566681
    ]
  },
  "16_mind": {
    "dim_id": 16,
    "entity_overlap": 0.6316027059787657,
    "reading_mean_r2": 0.000600732293649683,
    "control_mean_r2": 0.0015330347640334957,
    "reading_boot_ci95": [
      0.0003121996806098427,
      0.0007698091910580324
    ],
    "control_boot_ci95": [
      0.0011807542039545178,
      0.0022646214278894145
    ]
  },
  "17_attention": {
    "dim_id": 17,
    "entity_overlap": 0.4182856680779922,
    "reading_mean_r2": 0.0009585947935750324,
    "control_mean_r2": 0.0026465618511760415,
    "reading_boot_ci95": [
      0.0005981251580892477,
      0.0011175341985892907
    ],
    "control_boot_ci95": [
      0.002005131270452556,
      0.0034371386228505066
    ]
  },
  "18_sysprompt_labeled": {
    "dim_id": 18,
    "entity_overlap": 0.28293701388487,
    "reading_mean_r2": 0.000873461964359298,
    "control_mean_r2": 0.0024486465390535068,
    "reading_boot_ci95": [
      0.00070081435881714,
      0.0010577220746943853
    ],
    "control_boot_ci95": [
      0.0015379683907233098,
      0.00434400169439032
    ]
  }
}