{
  "0": {
    "mean": 1.0,
    "std": 0.0
  },
  "1": {
    "mean": 0.9998878693580627,
    "std": 4.883164215854924e-05
  },
  "2": {
    "mean": 0.999782503247261,
    "std": 9.41143039913462e-05
  },
  "3": {
    "mean": 0.9997038948535919,
    "std": 9.20476740382584e-05
  },
  "4": {
    "mean": 0.9996709734201431,
    "std": 0.0001335253100047011
  },
  "5": {
    "mean": 0.9995805251598359,
    "std": 0.00016331166516678287
  },
  "6": {
    "mean": 0.99952317237854,
    "std": 0.00022009822612080722
  },
  "7": {
    "mean": 0.9994422692060471,
    "std": 0.00018457465509193495
  },
  "8": {
    "mean": 0.9992917382717132,
    "std": 0.00018661385149296522
  },
  "9": {
    "mean": 0.9993160212039948,
    "std": 0.00020309856455102054
  },
  "10": {
    "mean": 0.9993560993671418,
    "std": 0.00019607357281650883
  },
  "11": {
    "mean": 0.9988889718055725,
    "std": 0.0003080787829292455
  },
  "12": {
    "mean": 0.9986820781230926,
    "std": 0.0006409044114358275
  },
  "13": {
    "mean": 0.9985709458589553,
    "std": 0.0008017739679980435
  },
  "14": {
    "mean": 0.9983829706907272,
    "std": 0.0008686536846209936
  },
  "15": {
    "mean": 0.9981705367565155,
    "std": 0.0008702730145252627
  },
  "16": {
    "mean": 0.998094899058342,
    "std": 0.0009075477926591982
  },
  "17": {
    "mean": 0.9978744035959244,
    "std": 0.001088805139752845
  },
  "18": {
    "mean": 0.9979796260595322,
    "std": 0.0011226730090036332
  },
  "19": {
    "mean": 0.997853010892868,
    "std": 0.0012742049570091181
  },
  "20": {
    "mean": 0.9981223207712173,
    "std": 0.001051911776799724
  },
  "21": {
    "mean": 0.9979026782512664,
    "std": 0.0012712720592461077
  },
  "22": {
    "mean": 0.9982070249319076,
    "std": 0.0008708347355883073
  },
  "23": {
    "mean": 0.9981103605031967,
    "std": 0.0010596485859506865
  },
  "24": {
    "mean": 0.9977478039264679,
    "std": 0.0013032897819213226
  },
  "25": {
    "mean": 0.9979035836458207,
    "std": 0.001272529979178331
  },
  "26": {
    "mean": 0.99772127866745,
    "std": 0.0013624929042224145
  },
  "27": {
    "mean": 0.9975622230768204,
    "std": 0.0011790941157588967
  },
  "28": {
    "mean": 0.997625715136528,
    "std": 0.001128728452834716
  },
  "29": {
    "mean": 0.9973280173540116,
    "std": 0.001332324904670745
  },
  "30": {
    "mean": 0.9973329246044159,
    "std": 0.0012030767487768066
  },
  "31": {
    "mean": 0.9972914326190948,
    "std": 0.0013767989488349863
  },
  "32": {
    "mean": 0.9974124318361283,
    "std": 0.001222204415484181
  },
  "33": {
    "mean": 0.9969529831409454,
    "std": 0.0015845439461457927
  },
  "34": {
    "mean": 0.9971714884042739,
    "std": 0.0012556468140920345
  },
  "35": {
    "mean": 0.9969374138116837,
    "std": 0.001433328467422371
  },
  "36": {
    "mean": 0.9970531779527664,
    "std": 0.0013214458341633812
  },
  "37": {
    "mean": 0.9967832934856414,
    "std": 0.0015440899554906243
  },
  "38": {
    "mean": 0.9965815407037735,
    "std": 0.0016034118347875027
  },
  "39": {
    "mean": 0.996503300666809,
    "std": 0.001453493670838861
  },
  "40": {
    "mean": 0.9972752898931503,
    "std": 0.0011199255345516613
  }
}