{
  "dim_name": "10_animacy",
  "dim_id": 10,
  "reading_profile": {
    "probe_type": "reading",
    "n_layers": 35,
    "overall_mean_r2": 0.00046841545566909194,
    "overall_mean_abs_cos": 0.01864205274863967,
    "peak_layer": 7,
    "peak_cosine": -0.05840792506933212,
    "peak_abs_cosine": 0.05840792506933212,
    "peak_r2": 0.003411485710904716,
    "onset_layer": 7,
    "band_stats": {
      "early": {
        "mean_cos": -0.02564661977812648,
        "mean_abs_cos": 0.027190971933305264,
        "mean_r2": 0.0011920037255334515,
        "max_r2": 0.003411485710904716,
        "r2_fraction": 0.36353678010376334,
        "n_layers": 5
      },
      "middle": {
        "mean_cos": -0.018979063288619123,
        "mean_abs_cos": 0.018979063288619123,
        "mean_r2": 0.00041067898798736953,
        "max_r2": 0.0009006679536995334,
        "r2_fraction": 0.37574609982628954,
        "n_layers": 15
      },
      "late": {
        "mean_cos": -0.014048654539510607,
        "mean_abs_cos": 0.015455402480438352,
        "mean_r2": 0.00028495583339602774,
        "max_r2": 0.0008372741256316291,
        "r2_fraction": 0.2607171200699471,
        "n_layers": 15
      }
    },
    "normalized_entropy": 0.8441150123610843,
    "near_peak_layers": [
      7
    ],
    "near_peak_fraction": 0.02857142857142857,
    "sign_consistency": 0.9142857142857143,
    "dominant_sign": "negative",
    "profile_type": "mixed",
    "per_layer": {
      "6": {
        "cosine": -0.003090245882049203,
        "abs_cosine": 0.003090245882049203,
        "r_squared": 9.549619611522056e-06
      },
      "7": {
        "cosine": -0.05840792506933212,
        "abs_cosine": 0.05840792506933212,
        "r_squared": 0.003411485710904716
      },
      "8": {
        "cosine": -0.03128587082028389,
        "abs_cosine": 0.03128587082028389,
        "r_squared": 0.000978805712983491
      },
      "9": {
        "cosine": -0.03930993750691414,
        "abs_cosine": 0.03930993750691414,
        "r_squared": 0.001545271186797495
      },
      "10": {
        "cosine": 0.0038608803879469633,
        "abs_cosine": 0.0038608803879469633,
        "r_squared": 1.4906397370033494e-05
      },
      "11": {
        "cosine": -0.024414584040641785,
        "abs_cosine": 0.024414584040641785,
        "r_squared": 0.0005960719138775605
      },
      "12": {
        "cosine": -0.011884260922670364,
        "abs_cosine": 0.011884260922670364,
        "r_squared": 0.00014123565767810986
      },
      "13": {
        "cosine": -0.01677965372800827,
        "abs_cosine": 0.01677965372800827,
        "r_squared": 0.00028155677923186184
      },
      "14": {
        "cosine": -0.007708944845944643,
        "abs_cosine": 0.007708944845944643,
        "r_squared": 5.9427830637816476e-05
      },
      "15": {
        "cosine": -0.02821527048945427,
        "abs_cosine": 0.02821527048945427,
        "r_squared": 0.000796101488793069
      },
      "16": {
        "cosine": -0.03001113049685955,
        "abs_cosine": 0.03001113049685955,
        "r_squared": 0.0009006679536995334
      },
      "17": {
        "cosine": -0.010766474530100822,
        "abs_cosine": 0.010766474530100822,
        "r_squared": 0.00011591697380730973
      },
      "18": {
        "cosine": -0.014784195460379124,
        "abs_cosine": 0.014784195460379124,
        "r_squared": 0.0002185724354106947
      },
      "19": {
        "cosine": -0.018949151039123535,
        "abs_cosine": 0.018949151039123535,
        "r_squared": 0.00035907032510351655
      },
      "20": {
        "cosine": -0.021721813827753067,
        "abs_cosine": 0.021721813827753067,
        "r_squared": 0.00047183719596756435
      },
      "21": {
        "cosine": -0.024355748668313026,
        "abs_cosine": 0.024355748668313026,
        "r_squared": 0.0005932024931940318
      },
      "22": {
        "cosine": -0.012652906589210033,
        "abs_cosine": 0.012652906589210033,
        "r_squared": 0.00016009604515527468
      },
      "23": {
        "cosine": -0.024169104173779488,
        "abs_cosine": 0.024169104173779488,
        "r_squared": 0.000584145596563005
      },
      "24": {
        "cosine": -0.010479509830474854,
        "abs_cosine": 0.010479509830474854,
        "r_squared": 0.00010982012628701909
      },
      "25": {
        "cosine": -0.027793200686573982,
        "abs_cosine": 0.027793200686573982,
        "r_squared": 0.0007724620044041765
      },
      "26": {
        "cosine": -0.019631817936897278,
        "abs_cosine": 0.019631817936897278,
        "r_squared": 0.0003854082755074817
      },
      "27": {
        "cosine": -0.020227069035172462,
        "abs_cosine": 0.020227069035172462,
        "r_squared": 0.00040913432175363265
      },
      "28": {
        "cosine": 0.0077383858151733875,
        "abs_cosine": 0.0077383858151733875,
        "r_squared": 5.9882615024476693e-05
      },
      "29": {
        "cosine": -0.012007751502096653,
        "abs_cosine": 0.012007751502096653,
        "r_squared": 0.00014418609613610443
      },
      "30": {
        "cosine": -0.011692727915942669,
        "abs_cosine": 0.011692727915942669,
        "r_squared": 0.000136719886116265
      },
      "31": {
        "cosine": -0.014389964751899242,
        "abs_cosine": 0.014389964751899242,
        "r_squared": 0.00020707108556090262
      },
      "32": {
        "cosine": -0.012598288245499134,
        "abs_cosine": 0.012598288245499134,
        "r_squared": 0.00015871686671668165
      },
      "33": {
        "cosine": -0.02214398793876171,
        "abs_cosine": 0.02214398793876171,
        "r_squared": 0.0004903562018320241
      },
      "34": {
        "cosine": 0.002812223741784692,
        "abs_cosine": 0.002812223741784692,
        "r_squared": 7.908602373857493e-06
      },
      "35": {
        "cosine": -0.01343507133424282,
        "abs_cosine": 0.01343507133424282,
        "r_squared": 0.00018050114175619317
      },
      "36": {
        "cosine": -0.011404233984649181,
        "abs_cosine": 0.011404233984649181,
        "r_squared": 0.00013005655277662734
      },
      "37": {
        "cosine": -0.0271612498909235,
        "abs_cosine": 0.0271612498909235,
        "r_squared": 0.0007377334956371918
      },
      "38": {
        "cosine": -0.011948022060096264,
        "abs_cosine": 0.011948022060096264,
        "r_squared": 0.00014275523114854697
      },
      "39": {
        "cosine": -0.028935689479112625,
        "abs_cosine": 0.028935689479112625,
        "r_squared": 0.0008372741256316291
      },
      "40": {
        "cosine": -0.015704553574323654,
        "abs_cosine": 0.015704553574323654,
        "r_squared": 0.00024663300296880186
      }
    }
  },
  "control_profile": {
    "probe_type": "control",
    "n_layers": 35,
    "overall_mean_r2": 0.0006746586725683394,
    "overall_mean_abs_cos": 0.021188221616583697,
    "peak_layer": 6,
    "peak_cosine": 0.07173480093479156,
    "peak_abs_cosine": 0.07173480093479156,
    "peak_r2": 0.005145881665154173,
    "onset_layer": 6,
    "band_stats": {
      "early": {
        "mean_cos": 0.0050054025836288926,
        "mean_abs_cos": 0.03364146025851369,
        "mean_r2": 0.0017291088474279646,
        "max_r2": 0.005145881665154173,
        "r2_fraction": 0.36613410555030695,
        "n_layers": 5
      },
      "middle": {
        "mean_cos": -0.02655894880493482,
        "mean_abs_cos": 0.02655894880493482,
        "mean_r2": 0.0007774480844242699,
        "max_r2": 0.0014715990387310779,
        "r2_fraction": 0.493867565525261,
        "n_layers": 15
      },
      "late": {
        "mean_cos": -0.011242623384623585,
        "mean_abs_cos": 0.011666414880922578,
        "mean_r2": 0.00022038586909253397,
        "max_r2": 0.0012017329719799102,
        "r2_fraction": 0.13999832892443212,
        "n_layers": 15
      }
    },
    "normalized_entropy": 0.8087155268275942,
    "near_peak_layers": [
      6
    ],