{
  "dim_name": "4_intentions",
  "dim_id": 4,
  "reading_profile": {
    "probe_type": "reading",
    "n_layers": 35,
    "overall_mean_r2": 0.0008225378137537367,
    "overall_mean_abs_cos": 0.025324458818483567,
    "peak_layer": 7,
    "peak_cosine": -0.049181219190359116,
    "peak_abs_cosine": 0.049181219190359116,
    "peak_r2": 0.0024187923210501477,
    "onset_layer": null,
    "band_stats": {
      "early": {
        "mean_cos": -0.02809402421116829,
        "mean_abs_cos": 0.02809402421116829,
        "mean_r2": 0.001031444410770331,
        "max_r2": 0.0024187923210501477,
        "r2_fraction": 0.17913972959635172,
        "n_layers": 5
      },
      "middle": {
        "mean_cos": 0.024686647796382508,
        "mean_abs_cos": 0.0270590688722829,
        "mean_r2": 0.0009017148765692616,
        "max_r2": 0.0020148510250279777,
        "r2_fraction": 0.4698254917324671,
        "n_layers": 15
      },
      "late": {
        "mean_cos": 0.018894968546616535,
        "mean_abs_cos": 0.022666660300455988,
        "mean_r2": 0.0006737252185993472,
        "max_r2": 0.0016648483554801974,
        "r2_fraction": 0.35103477867118116,
        "n_layers": 15
      }
    },
    "normalized_entropy": 0.8957704142531437,
    "near_peak_layers": [
      7,
      10,
      15,
      16,
      23,
      27,
      28
    ],
    "near_peak_fraction": 0.2,
    "sign_consistency": 0.7142857142857143,
    "dominant_sign": "positive",
    "profile_type": "negligible",
    "per_layer": {
      "6": {
        "cosine": -0.008112946525216103,
        "abs_cosine": 0.008112946525216103,
        "r_squared": 6.581990132101603e-05
      },
      "7": {
        "cosine": -0.049181219190359116,
        "abs_cosine": 0.049181219190359116,
        "r_squared": 0.0024187923210501477
      },
      "8": {
        "cosine": -0.022511696442961693,
        "abs_cosine": 0.022511696442961693,
        "r_squared": 0.0005067764767400541
      },
      "9": {
        "cosine": -0.017569739371538162,
        "abs_cosine": 0.017569739371538162,
        "r_squared": 0.0003086957415837782
      },
      "10": {
        "cosine": -0.04309451952576637,
        "abs_cosine": 0.04309451952576637,
        "r_squared": 0.0018571376131566592
      },
      "11": {
        "cosine": -0.012005194090306759,
        "abs_cosine": 0.012005194090306759,
        "r_squared": 0.00014412468514593633
      },
      "12": {
        "cosine": -0.005787963978946209,
        "abs_cosine": 0.005787963978946209,
        "r_squared": 3.350052702157883e-05
      },
      "13": {
        "cosine": 0.002038834150880575,
        "abs_cosine": 0.002038834150880575,
        "r_squared": 4.156844694796916e-06
      },
      "14": {
        "cosine": 0.024120114743709564,
        "abs_cosine": 0.024120114743709564,
        "r_squared": 0.0005817799352497155
      },
      "15": {
        "cosine": 0.04163052514195442,
        "abs_cosine": 0.04163052514195442,
        "r_squared": 0.0017331006235948992
      },
      "16": {
        "cosine": 0.04488709196448326,
        "abs_cosine": 0.04488709196448326,
        "r_squared": 0.0020148510250279777
      },
      "17": {
        "cosine": 0.03657035157084465,
        "abs_cosine": 0.03657035157084465,
        "r_squared": 0.0013373906140151798
      },
      "18": {
        "cosine": 0.03050495870411396,
        "abs_cosine": 0.03050495870411396,
        "r_squared": 0.0009305525055396981
      },
      "19": {
        "cosine": 0.021519005298614502,
        "abs_cosine": 0.021519005298614502,
        "r_squared": 0.000463067589041799
      },
      "20": {
        "cosine": 0.02769458293914795,
        "abs_cosine": 0.02769458293914795,
        "r_squared": 0.0007669899241733447
      },
      "21": {
        "cosine": 0.038252558559179306,
        "abs_cosine": 0.038252558559179306,
        "r_squared": 0.001463258236323442
      },
      "22": {
        "cosine": 0.03881746158003807,
        "abs_cosine": 0.03881746158003807,
        "r_squared": 0.0015067953235177317
      },
      "23": {
        "cosine": 0.040971726179122925,
        "abs_cosine": 0.040971726179122925,
        "r_squared": 0.0016786823460970268
      },
      "24": {
        "cosine": 0.023967526853084564,
        "abs_cosine": 0.023967526853084564,
        "r_squared": 0.0005744423434533297
      },
      "25": {
        "cosine": 0.017118137329816818,
        "abs_cosine": 0.017118137329816818,
        "r_squared": 0.00029303062564246807
      },
      "26": {
        "cosine": 0.028399301692843437,
        "abs_cosine": 0.028399301692843437,
        "r_squared": 0.0008065203366411401
      },
      "27": {
        "cosine": 0.04080255329608917,
        "abs_cosine": 0.04080255329608917,
        "r_squared": 0.0016648483554801974
      },
      "28": {
        "cosine": 0.04029421508312225,
        "abs_cosine": 0.04029421508312225,
        "r_squared": 0.001623623769164917
      },
      "29": {
        "cosine": 0.03322688862681389,
        "abs_cosine": 0.03322688862681389,
        "r_squared": 0.0011040261278186941
      },
      "30": {
        "cosine": 0.02806905284523964,
        "abs_cosine": 0.02806905284523964,
        "r_squared": 0.0007878717276288555
      },
      "31": {
        "cosine": 0.03389481455087662,
        "abs_cosine": 0.03389481455087662,
        "r_squared": 0.0011488584534383173
      },
      "32": {
        "cosine": 0.029642203822731972,
        "abs_cosine": 0.029642203822731972,
        "r_squared": 0.0008786602474683859
      },
      "33": {
        "cosine": 0.027225177735090256,
        "abs_cosine": 0.027225177735090256,
        "r_squared": 0.0007412103027072542
      },
      "34": {
        "cosine": 0.009555026888847351,
        "abs_cosine": 0.009555026888847351,
        "r_squared": 9.129853884659589e-05
      },
      "35": {
        "cosine": 0.02718239650130272,
        "abs_cosine": 0.02718239650130272,
        "r_squared": 0.0007388826795540343
      },
      "36": {
        "cosine": -0.017089184373617172,
        "abs_cosine": 0.017089184373617172,
        "r_squared": 0.00029204022255548134
      },
      "37": {
        "cosine": 0.011275292374193668,
        "abs_cosine": 0.011275292374193668,
        "r_squared": 0.0001271322181235499
      },
      "38": {
        "cosine": 0.0021452929358929396,
        "abs_cosine": 0.0021452929358929396,
        "r_squared": 4.602281780792148e-06
      },
      "39": {
        "cosine": -0.009698018431663513,
        "abs_cosine": 0.009698018431663513,
        "r_squared": 9.405156150088523e-05
      },
      "40": {
        "cosine": -0.0015004853485152125,
        "abs_cosine": 0.0015004853485152125,
        "r_squared": 2.251456281108819e-06
      }
    }
  },
  "control_profile": {
    "probe_type": "control",
    "n_layers": 35,
    "overall_mean_r2": 0.0018208322928147014,
    "overall_mean_abs_cos": 0.03604951139007296,
    "peak_layer": 6,
    "peak_cosine": 0.10461772978305817,
    "peak_abs_cosine": 0.10461772978305817,
    "peak_r2": 0.010944869384960976,
    "onset_layer": 6,
    "band_stats": {
      "early": {
        "mean_cos": 0.04849272072315216,
        "mean_abs_cos": 0.04849272072315216,
        "mean_r2": 0.0033088910241564017,
        "max_r2": 0.010944869384960976,
        "r2_fraction": 0.25960585145703663,
        "n_layers": 5
      },
      "middle": {
        "mean_cos": 0.045374147966504096,
        "mean_abs_cos": 0.045374147966504096,
        "mean_r2": 0.002477696788101538,
        "max_r2": 0.00638507745906175,
        "r2_fraction": 0.5831783938772546,
        "n_layers": 15
      },
      "late": {
        "mean_cos": 0.01994674764573574,
        "mean_abs_cos": 0.022577138369282088,
        "mean_r2": 0.0006679482204139646,
        "max_r2": 0.001943476360332319,
        "r2_fraction": 0.15721575466570883,
        "n_layers": 15
      }
    },
    "normalized_entropy": 0.8360305990967846,
    "near_peak_layers": [
      6
    ],