{
  "dim_name": "5_prediction",
  "dim_id": 5,
  "reading_profile": {
    "probe_type": "reading",
    "n_layers": 35,
    "overall_mean_r2": 0.0006563510600779538,
    "overall_mean_abs_cos": 0.022143104040463057,
    "peak_layer": 15,
    "peak_cosine": 0.04880229011178017,
    "peak_abs_cosine": 0.04880229011178017,
    "peak_r2": 0.0023816635201543562,
    "onset_layer": null,
    "band_stats": {
      "early": {
        "mean_cos": -0.014769015461206436,
        "mean_abs_cos": 0.018248850479722023,
        "mean_r2": 0.000390298321721742,
        "max_r2": 0.0008549578333827967,
        "r2_fraction": 0.0849498180081919,
        "n_layers": 5
      },
      "middle": {
        "mean_cos": 0.02954189507290721,
        "mean_abs_cos": 0.029841062519699334,
        "mean_r2": 0.0011125303925357097,
        "max_r2": 0.0023816635201543562,
        "r2_fraction": 0.7264385915694761,
        "n_layers": 15
      },
      "late": {
        "mean_cos": 0.00989799308590591,
        "mean_abs_cos": 0.015743230081473786,
        "mean_r2": 0.0002888559737389352,
        "max_r2": 0.0006563441465064247,
        "r2_fraction": 0.1886115904223321,
        "n_layers": 15
      }
    },
    "normalized_entropy": 0.8616318678974566,
    "near_peak_layers": [
      14,
      15,
      16,
      17,
      18,
      21,
      22
    ],
    "near_peak_fraction": 0.2,
    "sign_consistency": 0.7428571428571429,
    "dominant_sign": "positive",
    "profile_type": "negligible",
    "per_layer": {
      "6": {
        "cosine": 0.008699587546288967,
        "abs_cosine": 0.008699587546288967,
        "r_squared": 7.568282347554609e-05
      },
      "7": {
        "cosine": -0.029239661991596222,
        "abs_cosine": 0.029239661991596222,
        "r_squared": 0.0008549578333827967
      },
      "8": {
        "cosine": -0.01871444284915924,
        "abs_cosine": 0.01871444284915924,
        "r_squared": 0.00035023037115444744
      },
      "9": {
        "cosine": -0.011280001141130924,
        "abs_cosine": 0.011280001141130924,
        "r_squared": 0.00012723842574391495
      },
      "10": {
        "cosine": -0.02331055887043476,
        "abs_cosine": 0.02331055887043476,
        "r_squared": 0.0005433821548520047
      },
      "11": {
        "cosine": 0.016225280240178108,
        "abs_cosine": 0.016225280240178108,
        "r_squared": 0.00026325971887231417
      },
      "12": {
        "cosine": 0.011699743568897247,
        "abs_cosine": 0.011699743568897247,
        "r_squared": 0.0001368839995779525
      },
      "13": {
        "cosine": 0.011532618664205074,
        "abs_cosine": 0.011532618664205074,
        "r_squared": 0.00013300129325397123
      },
      "14": {
        "cosine": 0.0456065870821476,
        "abs_cosine": 0.0456065870821476,
        "r_squared": 0.002079960785281512
      },
      "15": {
        "cosine": 0.04880229011178017,
        "abs_cosine": 0.04880229011178017,
        "r_squared": 0.0023816635201543562
      },
      "16": {
        "cosine": 0.04195701330900192,
        "abs_cosine": 0.04195701330900192,
        "r_squared": 0.0017603909658117645
      },
      "17": {
        "cosine": 0.04375825077295303,
        "abs_cosine": 0.04375825077295303,
        "r_squared": 0.0019147845107086447
      },
      "18": {
        "cosine": 0.04295547306537628,
        "abs_cosine": 0.04295547306537628,
        "r_squared": 0.0018451726662702672
      },
      "19": {
        "cosine": 0.03180628642439842,
        "abs_cosine": 0.03180628642439842,
        "r_squared": 0.0010116398561108714
      },
      "20": {
        "cosine": 0.029673269018530846,
        "abs_cosine": 0.029673269018530846,
        "r_squared": 0.0008805028942461025
      },
      "21": {
        "cosine": 0.040145233273506165,
        "abs_cosine": 0.040145233273506165,
        "r_squared": 0.0016116397545842265
      },
      "22": {
        "cosine": 0.040509920567274094,
        "abs_cosine": 0.040509920567274094,
        "r_squared": 0.0016410536643668566
      },
      "23": {
        "cosine": 0.03021707385778427,
        "abs_cosine": 0.03021707385778427,
        "r_squared": 0.0009130715525267896
      },
      "24": {
        "cosine": 0.010483141988515854,
        "abs_cosine": 0.010483141988515854,
        "r_squared": 0.00010989626595138413
      },
      "25": {
        "cosine": -0.0022437558509409428,
        "abs_cosine": 0.0022437558509409428,
        "r_squared": 5.034440318631714e-06
      },
      "26": {
        "cosine": 0.013152189552783966,
        "abs_cosine": 0.013152189552783966,
        "r_squared": 0.0001729800900323597
      },
      "27": {
        "cosine": 0.02561921440064907,
        "abs_cosine": 0.02561921440064907,
        "r_squared": 0.0006563441465064247
      },
      "28": {
        "cosine": 0.018814440816640854,
        "abs_cosine": 0.018814440816640854,
        "r_squared": 0.00035398318324288136
      },
      "29": {
        "cosine": 0.01625135727226734,
        "abs_cosine": 0.01625135727226734,
        "r_squared": 0.0002641066131908766
      },
      "30": {
        "cosine": 0.009398171678185463,
        "abs_cosine": 0.009398171678185463,
        "r_squared": 8.832563089264736e-05
      },
      "31": {
        "cosine": 0.018665343523025513,
        "abs_cosine": 0.018665343523025513,
        "r_squared": 0.00034839504883255046
      },
      "32": {
        "cosine": 0.0244915634393692,
        "abs_cosine": 0.0244915634393692,
        "r_squared": 0.0005998366797046462
      },
      "33": {
        "cosine": 0.023568324744701385,
        "abs_cosine": 0.023568324744701385,
        "r_squared": 0.0005554659312717036
      },
      "34": {
        "cosine": 0.012211081571877003,
        "abs_cosine": 0.012211081571877003,
        "r_squared": 0.00014911051315503413
      },
      "35": {
        "cosine": 0.021710531786084175,
        "abs_cosine": 0.021710531786084175,
        "r_squared": 0.0004713471904345713
      },
      "36": {
        "cosine": -0.017567140981554985,
        "abs_cosine": 0.017567140981554985,
        "r_squared": 0.00030860444226582864
      },
      "37": {
        "cosine": -0.0027279832866042852,
        "abs_cosine": 0.0027279832866042852,
        "r_squared": 7.441892811992318e-06
      },
      "38": {
        "cosine": -0.009683883748948574,
        "abs_cosine": 0.009683883748948574,
        "r_squared": 9.377760446315029e-05
      },
      "39": {
        "cosine": 0.008426954969763756,
        "abs_cosine": 0.008426954969763756,
        "r_squared": 7.101357006242606e-05
      },
      "40": {
        "cosine": -0.013860269449651241,
        "abs_cosine": 0.013860269449651241,
        "r_squared": 0.00019210706921693552
      }
    }
  },
  "control_profile": {
    "probe_type": "control",
    "n_layers": 35,
    "overall_mean_r2": 0.0020263461913010753,
    "overall_mean_abs_cos": 0.03542184039085571,
    "peak_layer": 6,
    "peak_cosine": 0.1332891285419464,
    "peak_abs_cosine": 0.1332891285419464,
    "peak_r2": 0.017765991787471513,
    "onset_layer": 6,
    "band_stats": {
      "early": {
        "mean_cos": 0.06912025436758995,
        "mean_abs_cos": 0.06912025436758995,
        "mean_r2": 0.005881793687208539,
        "max_r2": 0.017765991787471513,
        "r2_fraction": 0.4146656897212021,
        "n_layers": 5
      },
      "middle": {
        "mean_cos": 0.045222372934222224,
        "mean_abs_cos": 0.045222372934222224,
        "mean_r2": 0.002465411683876431,
        "max_r2": 0.005190992819862572,
        "r2_fraction": 0.5214336088825913,
        "n_layers": 15
      },
      "late": {
        "mean_cos": 0.012180211604572833,
        "mean_abs_cos": 0.014388503188577791,
        "mean_r2": 0.00030213153342323155,
        "max_r2": 0.0010734659573931188,
        "r2_fraction": 0.06390070139620666,
        "n_layers": 15
      }
    },
    "normalized_entropy": 0.7792435394125031,
    "near_peak_layers": [
      6
    ],