{
  "dim_name": "6_cognitive",
  "dim_id": 6,
  "reading_profile": {
    "probe_type": "reading",
    "n_layers": 35,
    "overall_mean_r2": 0.0008135005490025573,
    "overall_mean_abs_cos": 0.02496471093285696,
    "peak_layer": 15,
    "peak_cosine": 0.0533577986061573,
    "peak_abs_cosine": 0.0533577986061573,
    "peak_r2": 0.002847054672095242,
    "onset_layer": 15,
    "band_stats": {
      "early": {
        "mean_cos": -0.011635701730847358,
        "mean_abs_cos": 0.012778651621192693,
        "mean_r2": 0.0003123644657469008,
        "max_r2": 0.0012184049026233712,
        "r2_fraction": 0.05485367546637002,
        "n_layers": 5
      },
      "middle": {
        "mean_cos": 0.031328195209304494,
        "mean_abs_cos": 0.031328195209304494,
        "mean_r2": 0.0010685792339698698,
        "max_r2": 0.002847054672095242,
        "r2_fraction": 0.5629529438003984,
        "n_layers": 15
      },
      "late": {
        "mean_cos": 0.01806971585028805,
        "mean_abs_cos": 0.022663246426964177,
        "mean_r2": 0.0007254672251204639,
        "max_r2": 0.001923833223617999,
        "r2_fraction": 0.38219338073323167,
        "n_layers": 15
      }
    },
    "normalized_entropy": 0.8969147373456081,
    "near_peak_layers": [
      15,
      27
    ],
    "near_peak_fraction": 0.05714285714285714,
    "sign_consistency": 0.7714285714285715,
    "dominant_sign": "positive",
    "profile_type": "middle-concentrated",
    "per_layer": {
      "6": {
        "cosine": -0.0009821623098105192,
        "abs_cosine": 0.0009821623098105192,
        "r_squared": 9.646428028123343e-07
      },
      "7": {
        "cosine": -0.034905657172203064,
        "abs_cosine": 0.034905657172203064,
        "r_squared": 0.0012184049026233712
      },
      "8": {
        "cosine": -0.009567735716700554,
        "abs_cosine": 0.009567735716700554,
        "r_squared": 9.154156674462746e-05
      },
      "9": {
        "cosine": 0.0028573747258633375,
        "abs_cosine": 0.0028573747258633375,
        "r_squared": 8.164590324002583e-06
      },
      "10": {
        "cosine": -0.015580328181385994,
        "abs_cosine": 0.015580328181385994,
        "r_squared": 0.0002427466262396906
      },
      "11": {
        "cosine": 0.02328111045062542,
        "abs_cosine": 0.02328111045062542,
        "r_squared": 0.0005420101038142201
      },
      "12": {
        "cosine": 0.013672338798642159,
        "abs_cosine": 0.013672338798642159,
        "r_squared": 0.0001869328482248557
      },
      "13": {
        "cosine": 0.024638080969452858,
        "abs_cosine": 0.024638080969452858,
        "r_squared": 0.0006070350338573151
      },
      "14": {
        "cosine": 0.029119066894054413,
        "abs_cosine": 0.029119066894054413,
        "r_squared": 0.0008479200567804157
      },
      "15": {
        "cosine": 0.0533577986061573,
        "abs_cosine": 0.0533577986061573,
        "r_squared": 0.002847054672095242
      },
      "16": {
        "cosine": 0.04105663299560547,
        "abs_cosine": 0.04105663299560547,
        "r_squared": 0.0016856471129358397
      },
      "17": {
        "cosine": 0.02588326297700405,
        "abs_cosine": 0.02588326297700405,
        "r_squared": 0.0006699433023367486
      },
      "18": {
        "cosine": 0.02893335372209549,
        "abs_cosine": 0.02893335372209549,
        "r_squared": 0.0008371389576078969
      },
      "19": {
        "cosine": 0.03157329931855202,
        "abs_cosine": 0.03157329931855202,
        "r_squared": 0.0009968732298588773
      },
      "20": {
        "cosine": 0.039947062730789185,
        "abs_cosine": 0.039947062730789185,
        "r_squared": 0.0015957678208176063
      },
      "21": {
        "cosine": 0.038884133100509644,
        "abs_cosine": 0.038884133100509644,
        "r_squared": 0.0015119758069781497
      },
      "22": {
        "cosine": 0.034480705857276917,
        "abs_cosine": 0.034480705857276917,
        "r_squared": 0.0011889190764160507
      },
      "23": {
        "cosine": 0.036429233849048615,
        "abs_cosine": 0.036429233849048615,
        "r_squared": 0.0013270890788286693
      },
      "24": {
        "cosine": 0.024059226736426353,
        "abs_cosine": 0.024059226736426353,
        "r_squared": 0.0005788463911547727
      },
      "25": {
        "cosine": 0.024607621133327484,
        "abs_cosine": 0.024607621133327484,
        "r_squared": 0.0006055350178413854
      },
      "26": {
        "cosine": 0.03354084864258766,
        "abs_cosine": 0.03354084864258766,
        "r_squared": 0.0011249885276649746
      },
      "27": {
        "cosine": 0.043861523270606995,
        "abs_cosine": 0.043861523270606995,
        "r_squared": 0.001923833223617999
      },
      "28": {
        "cosine": 0.03302846848964691,
        "abs_cosine": 0.03302846848964691,
        "r_squared": 0.001090879730771599
      },
      "29": {
        "cosine": 0.03786852955818176,
        "abs_cosine": 0.03786852955818176,
        "r_squared": 0.0014340255308988858
      },
      "30": {
        "cosine": 0.027595294639468193,
        "abs_cosine": 0.027595294639468193,
        "r_squared": 0.000761500286239062
      },
      "31": {
        "cosine": 0.038017526268959045,
        "abs_cosine": 0.038017526268959045,
        "r_squared": 0.001445332303610991
      },
      "32": {
        "cosine": 0.030293121933937073,
        "abs_cosine": 0.030293121933937073,
        "r_squared": 0.0009176732365043794
      },
      "33": {
        "cosine": 0.02992318384349346,
        "abs_cosine": 0.02992318384349346,
        "r_squared": 0.0008953969313315081
      },
      "34": {
        "cosine": 9.57847514655441e-05,
        "abs_cosine": 9.57847514655441e-05,
        "r_squared": 9.174718613316053e-09
      },
      "35": {
        "cosine": 0.023397395387291908,
        "abs_cosine": 0.023397395387291908,
        "r_squared": 0.0005474381109092687
      },
      "36": {
        "cosine": -0.025541098788380623,
        "abs_cosine": 0.025541098788380623,
        "r_squared": 0.0006523477273178181
      },
      "37": {
        "cosine": 0.007875540293753147,
        "abs_cosine": 0.007875540293753147,
        "r_squared": 6.202413491852941e-05
      },
      "38": {
        "cosine": -0.002766879042610526,
        "abs_cosine": 0.002766879042610526,
        "r_squared": 7.655619636437341e-06
      },
      "39": {
        "cosine": -0.002944209845736623,
        "abs_cosine": 0.002944209845736623,
        "r_squared": 8.668371615732468e-06
      },
      "40": {
        "cosine": -0.0031992916483432055,
        "abs_cosine": 0.0031992916483432055,
        "r_squared": 1.0235467051158585e-05
      }
    }
  },
  "control_profile": {
    "probe_type": "control",
    "n_layers": 35,
    "overall_mean_r2": 0.0021655884435784717,
    "overall_mean_abs_cos": 0.04155015861615539,
    "peak_layer": 6,
    "peak_cosine": 0.11071828752756119,
    "peak_abs_cosine": 0.11071828752756119,
    "peak_r2": 0.012258539193035711,
    "onset_layer": 6,
    "band_stats": {
      "early": {
        "mean_cos": 0.06375479474663734,
        "mean_abs_cos": 0.06375479474663734,
        "mean_r2": 0.0047959564526091816,
        "max_r2": 0.012258539193035711,
        "r2_fraction": 0.3163743499456847,
        "n_layers": 5
      },
      "middle": {
        "mean_cos": 0.04795940009256204,
        "mean_abs_cos": 0.04795940009256204,
        "mean_r2": 0.0024893847850957235,
        "max_r2": 0.005776751625192811,
        "r2_fraction": 0.4926509451858339,
        "n_layers": 15
      },
      "late": {
        "mean_cos": 0.02694712116693457,
        "mean_abs_cos": 0.027739371762921412,
        "mean_r2": 0.0009650027657176495,
        "max_r2": 0.0024255994848677714,
        "r2_fraction": 0.19097470486848142,
        "n_layers": 15
      }
    },
    "normalized_entropy": 0.8844762991373103,
    "near_peak_layers": [
      6
    ],
    "near_peak_fraction": 0.02857142857142857,