{
  "dim_name": "4_intentions",
  "dim_id": 4,
  "reading_profile": {
    "probe_type": "reading",
    "n_layers": 35,
    "overall_mean_r2": 0.0005398671868619207,
    "overall_mean_abs_cos": 0.019164285180158912,
    "peak_layer": 40,
    "peak_cosine": -0.057392966002225876,
    "peak_abs_cosine": 0.057392966002225876,
    "peak_r2": 0.0032939525465326552,
    "onset_layer": 40,
    "band_stats": {
      "early": {
        "mean_cos": -0.012518012709915639,
        "mean_abs_cos": 0.01366680022329092,
        "mean_r2": 0.00037239723333668234,
        "max_r2": 0.0014344171714688603,
        "r2_fraction": 0.09854202303276825,
        "n_layers": 5
      },
      "middle": {
        "mean_cos": -0.011743711951809625,
        "mean_abs_cos": 0.013268278438287477,
        "mean_r2": 0.0002469255635559845,
        "max_r2": 0.00081593479264086,
        "r2_fraction": 0.19602088087465072,
        "n_layers": 15
      },
      "late": {
        "mean_cos": -0.026892786907653014,
        "mean_abs_cos": 0.026892786907653014,
        "mean_r2": 0.000888632128009603,
        "max_r2": 0.0032939525465326552,
        "r2_fraction": 0.705437096092581,
        "n_layers": 15
      }
    },
    "normalized_entropy": 0.8291207934930743,
    "near_peak_layers": [
      40
    ],
    "near_peak_fraction": 0.02857142857142857,
    "sign_consistency": 0.8857142857142857,
    "dominant_sign": "negative",
    "profile_type": "late-concentrated",
    "per_layer": {
      "6": {
        "cosine": -0.009166743606328964,
        "abs_cosine": 0.009166743606328964,
        "r_squared": 8.402918834417294e-05
      },
      "7": {
        "cosine": -0.03787370026111603,
        "abs_cosine": 0.03787370026111603,
        "r_squared": 0.0014344171714688603
      },
      "8": {
        "cosine": -0.018421588465571404,
        "abs_cosine": 0.018421588465571404,
        "r_squared": 0.0003393549215948734
      },
      "9": {
        "cosine": 0.0012616529129445553,
        "abs_cosine": 0.0012616529129445553,
        "r_squared": 1.5917680727414816e-06
      },
      "10": {
        "cosine": 0.0016103158704936504,
        "abs_cosine": 0.0016103158704936504,
        "r_squared": 2.593117202763723e-06
      },
      "11": {
        "cosine": 0.008606947958469391,
        "abs_cosine": 0.008606947958469391,
        "r_squared": 7.407955315980042e-05
      },
      "12": {
        "cosine": -0.009715001098811626,
        "abs_cosine": 0.009715001098811626,
        "r_squared": 9.438124634991111e-05
      },
      "13": {
        "cosine": -0.0019095734460279346,
        "abs_cosine": 0.0019095734460279346,
        "r_squared": 3.646470745775001e-06
      },
      "14": {
        "cosine": -0.005249232519418001,
        "abs_cosine": 0.005249232519418001,
        "r_squared": 2.7554442042915456e-05
      },
      "15": {
        "cosine": 0.002827300690114498,
        "abs_cosine": 0.002827300690114498,
        "r_squared": 7.993629192321917e-06
      },
      "16": {
        "cosine": -0.00796577800065279,
        "abs_cosine": 0.00796577800065279,
        "r_squared": 6.345361915568396e-05
      },
      "17": {
        "cosine": -0.020250873640179634,
        "abs_cosine": 0.020250873640179634,
        "r_squared": 0.00041009788319052234
      },
      "18": {
        "cosine": -0.0040678223595023155,
        "abs_cosine": 0.0040678223595023155,
        "r_squared": 1.6547178748466985e-05
      },
      "19": {
        "cosine": -0.019712038338184357,
        "abs_cosine": 0.019712038338184357,
        "r_squared": 0.0003885644554460499
      },
      "20": {
        "cosine": -0.02856457233428955,
        "abs_cosine": 0.02856457233428955,
        "r_squared": 0.00081593479264086
      },
      "21": {
        "cosine": -0.01241045631468296,
        "abs_cosine": 0.01241045631468296,
        "r_squared": 0.00015401942593865417
      },
      "22": {
        "cosine": -0.014229672960937023,
        "abs_cosine": 0.014229672960937023,
        "r_squared": 0.00020248359257522223
      },
      "23": {
        "cosine": -0.024354413151741028,
        "abs_cosine": 0.024354413151741028,
        "r_squared": 0.0005931374399656963
      },
      "24": {
        "cosine": -0.0261077880859375,
        "abs_cosine": 0.0261077880859375,
        "r_squared": 0.0006816165987402201
      },
      "25": {
        "cosine": -0.01305270567536354,
        "abs_cosine": 0.01305270567536354,
        "r_squared": 0.00017037312544766758
      },
      "26": {
        "cosine": -0.020746488124132156,
        "abs_cosine": 0.020746488124132156,
        "r_squared": 0.0004304167694847566
      },
      "27": {
        "cosine": -0.020992552861571312,
        "abs_cosine": 0.020992552861571312,
        "r_squared": 0.0004406872756458659
      },
      "28": {
        "cosine": -0.03200722858309746,
        "abs_cosine": 0.03200722858309746,
        "r_squared": 0.001024462681570651
      },
      "29": {
        "cosine": -0.03458794578909874,
        "abs_cosine": 0.03458794578909874,
        "r_squared": 0.0011963259939096332
      },
      "30": {
        "cosine": -0.04365505650639534,
        "abs_cosine": 0.04365505650639534,
        "r_squared": 0.00190576395857657
      },
      "31": {
        "cosine": -0.031078899279236794,
        "abs_cosine": 0.031078899279236794,
        "r_squared": 0.0009658979804089453
      },
      "32": {
        "cosine": -0.03073275089263916,
        "abs_cosine": 0.03073275089263916,
        "r_squared": 0.0009445019774290131
      },
      "33": {
        "cosine": -0.03437850624322891,
        "abs_cosine": 0.03437850624322891,
        "r_squared": 0.0011818816915157293
      },
      "34": {
        "cosine": -0.0219273678958416,
        "abs_cosine": 0.0219273678958416,
        "r_squared": 0.0004808094628395848
      },
      "35": {
        "cosine": -0.01927271857857704,
        "abs_cosine": 0.01927271857857704,
        "r_squared": 0.00037143768140902866
      },
      "36": {
        "cosine": -0.02311885356903076,
        "abs_cosine": 0.02311885356903076,
        "r_squared": 0.0005344813903462864
      },
      "37": {
        "cosine": -0.009862461127340794,
        "abs_cosine": 0.009862461127340794,
        "r_squared": 9.726813948830824e-05
      },
      "38": {
        "cosine": -0.02136407233774662,
        "abs_cosine": 0.02136407233774662,
        "r_squared": 0.00045642358685247034
      },
      "39": {
        "cosine": -0.0022739358246326447,
        "abs_cosine": 0.0022739358246326447,
        "r_squared": 5.170784134547746e-06
      },
      "40": {
        "cosine": -0.057392966002225876,
        "abs_cosine": 0.057392966002225876,
        "r_squared": 0.0032939525465326552
      }
    }
  },
  "control_profile": {
    "probe_type": "control",
    "n_layers": 35,
    "overall_mean_r2": 0.0025720301626890717,
    "overall_mean_abs_cos": 0.044058220141700334,
    "peak_layer": 11,
    "peak_cosine": -0.10538507997989655,
    "peak_abs_cosine": 0.10538507997989655,
    "peak_r2": 0.011106015082369192,
    "onset_layer": 7,
    "band_stats": {
      "early": {
        "mean_cos": -0.06948531232774258,
        "mean_abs_cos": 0.06948531232774258,
        "mean_r2": 0.00538502754430697,
        "max_r2": 0.008916431029213578,
        "r2_fraction": 0.2990982222317383,
        "n_layers": 5
      },
      "middle": {
        "mean_cos": -0.05357461919387182,
        "mean_abs_cos": 0.05357461919387182,
        "mean_r2": 0.003406141222876321,
        "max_r2": 0.011106015082369192,
        "r2_fraction": 0.5675574225295766,
        "n_layers": 15
      },
      "late": {
        "mean_cos": -0.02606612369418144,
        "mean_abs_cos": 0.02606612369418144,
        "mean_r2": 0.0008002533086291906,
        "max_r2": 0.001530435014390888,
        "r2_fraction": 0.13334435523868507,
        "n_layers": 15
      }
    },
    "normalized_entropy": 0.8594080917160676,
    "near_peak_layers": [
      8,
      10,
      11,
      12
    ],