{
  "dim_name": "0_baseline",
  "dim_id": 0,
  "reading_profile": {
    "probe_type": "reading",
    "n_layers": 35,
    "overall_mean_r2": 0.0003259188310756926,
    "overall_mean_abs_cos": 0.01503429858878787,
    "peak_layer": 28,
    "peak_cosine": 0.042316947132349014,
    "peak_abs_cosine": 0.042316947132349014,
    "peak_r2": 0.0017907240146020215,
    "onset_layer": null,
    "band_stats": {
      "early": {
        "mean_cos": 0.008682644087821245,
        "mean_abs_cos": 0.015000955481082202,
        "mean_r2": 0.0003104467311314691,
        "max_r2": 0.0009258909432187691,
        "r2_fraction": 0.13607539298176177,
        "n_layers": 5
      },
      "middle": {
        "mean_cos": 0.004902505540909866,
        "mean_abs_cos": 0.011824100627563894,
        "mean_r2": 0.00020684074399497337,
        "max_r2": 0.0012321092456204497,
        "r2_fraction": 0.27198806785151786,
        "n_layers": 15
      },
      "late": {
        "mean_cos": 0.00040774410590529444,
        "mean_abs_cos": 0.01825561091924707,
        "mean_r2": 0.0004501542848044865,
        "max_r2": 0.0017907240146020215,
        "r2_fraction": 0.5919365391667205,
        "n_layers": 15
      }
    },
    "normalized_entropy": 0.8269351287722567,
    "near_peak_layers": [
      20,
      27,
      28
    ],
    "near_peak_fraction": 0.08571428571428572,
    "sign_consistency": 0.5714285714285714,
    "dominant_sign": "positive",
    "profile_type": "negligible",
    "per_layer": {
      "6": {
        "cosine": 0.017788199707865715,
        "abs_cosine": 0.017788199707865715,
        "r_squared": 0.0003164200488469139
      },
      "7": {
        "cosine": 0.005485157947987318,
        "abs_cosine": 0.005485157947987318,
        "r_squared": 3.0086957714368446e-05
      },
      "8": {
        "cosine": 0.030428456142544746,
        "abs_cosine": 0.030428456142544746,
        "r_squared": 0.0009258909432187691
      },
      "9": {
        "cosine": -0.01579577848315239,
        "abs_cosine": 0.01579577848315239,
        "r_squared": 0.00024950661788882
      },
      "10": {
        "cosine": 0.005507185123860836,
        "abs_cosine": 0.005507185123860836,
        "r_squared": 3.0329087988474092e-05
      },
      "11": {
        "cosine": 0.0007485520327463746,
        "abs_cosine": 0.0007485520327463746,
        "r_squared": 5.603301457287295e-07
      },
      "12": {
        "cosine": 0.010258559137582779,
        "abs_cosine": 0.010258559137582779,
        "r_squared": 0.00010523803557928313
      },
      "13": {
        "cosine": 0.019988898187875748,
        "abs_cosine": 0.019988898187875748,
        "r_squared": 0.00039955605076526235
      },
      "14": {
        "cosine": 0.015903575345873833,
        "abs_cosine": 0.015903575345873833,
        "r_squared": 0.000252923708781886
      },
      "15": {
        "cosine": -0.017606522887945175,
        "abs_cosine": 0.017606522887945175,
        "r_squared": 0.0003099896482037373
      },
      "16": {
        "cosine": -0.013746760785579681,
        "abs_cosine": 0.013746760785579681,
        "r_squared": 0.0001889734320959513
      },
      "17": {
        "cosine": -0.0025426791980862617,
        "abs_cosine": 0.0025426791980862617,
        "r_squared": 6.465217504380595e-06
      },
      "18": {
        "cosine": 0.011057602241635323,
        "abs_cosine": 0.011057602241635323,
        "r_squared": 0.0001222705673342185
      },
      "19": {
        "cosine": -0.005139677785336971,
        "abs_cosine": 0.005139677785336971,
        "r_squared": 2.6416287737086354e-05
      },
      "20": {
        "cosine": 0.03510141372680664,
        "abs_cosine": 0.03510141372680664,
        "r_squared": 0.0012321092456204497
      },
      "21": {
        "cosine": -0.0033723115921020508,
        "abs_cosine": 0.0033723115921020508,
        "r_squared": 1.1372485474225869e-05
      },
      "22": {
        "cosine": 0.009280861355364323,
        "abs_cosine": 0.009280861355364323,
        "r_squared": 8.613438749749489e-05
      },
      "23": {
        "cosine": -0.009504010900855064,
        "abs_cosine": 0.009504010900855064,
        "r_squared": 9.032622320357189e-05
      },
      "24": {
        "cosine": 0.012827351689338684,
        "abs_cosine": 0.012827351689338684,
        "r_squared": 0.00016454095136198
      },
      "25": {
        "cosine": 0.010282732546329498,
        "abs_cosine": 0.010282732546329498,
        "r_squared": 0.00010573458861934393
      },
      "26": {
        "cosine": -0.013310766778886318,
        "abs_cosine": 0.013310766778886318,
        "r_squared": 0.00017717651224190365
      },
      "27": {
        "cosine": -0.03558994084596634,
        "abs_cosine": 0.03558994084596634,
        "r_squared": 0.0012666438894193832
      },
      "28": {
        "cosine": 0.042316947132349014,
        "abs_cosine": 0.042316947132349014,
        "r_squared": 0.0017907240146020215
      },
      "29": {
        "cosine": -0.02733735367655754,
        "abs_cosine": 0.02733735367655754,
        "r_squared": 0.0007473309060371941
      },
      "30": {
        "cosine": 0.02639983408153057,
        "abs_cosine": 0.02639983408153057,
        "r_squared": 0.0006969512395323431
      },
      "31": {
        "cosine": 0.02331027388572693,
        "abs_cosine": 0.02331027388572693,
        "r_squared": 0.0005433688686276028
      },
      "32": {
        "cosine": 0.010034395381808281,
        "abs_cosine": 0.010034395381808281,
        "r_squared": 0.00010068909067845536
      },
      "33": {
        "cosine": -0.014821619726717472,
        "abs_cosine": 0.014821619726717472,
        "r_squared": 0.0002196804113234205
      },
      "34": {
        "cosine": 0.0016999631188809872,
        "abs_cosine": 0.0016999631188809872,
        "r_squared": 2.8898746055555733e-06
      },
      "35": {
        "cosine": -0.012101172469556332,
        "abs_cosine": 0.012101172469556332,
        "r_squared": 0.00014643837513794809
      },
      "36": {
        "cosine": 0.015404273755848408,
        "abs_cosine": 0.015404273755848408,
        "r_squared": 0.00023729164994512
      },
      "37": {
        "cosine": -0.003374977968633175,
        "abs_cosine": 0.003374977968633175,
        "r_squared": 1.1390476288759312e-05
      },
      "38": {
        "cosine": -0.012014329433441162,
        "abs_cosine": 0.012014329433441162,
        "r_squared": 0.00014434411173525064
      },
      "39": {
        "cosine": 0.02080947533249855,
        "abs_cosine": 0.02080947533249855,
        "r_squared": 0.00043303426361386566
      },
      "40": {
        "cosine": -0.015308840200304985,
        "abs_cosine": 0.015308840200304985,
        "r_squared": 0.00023436058827847397
      }
    }
  },
  "control_profile": {
    "probe_type": "control",
    "n_layers": 35,
    "overall_mean_r2": 0.0006960346068010957,
    "overall_mean_abs_cos": 0.021528217449252096,
    "peak_layer": 8,
    "peak_cosine": 0.06662353873252869,
    "peak_abs_cosine": 0.06662353873252869,
    "peak_r2": 0.00443869591324475,
    "onset_layer": 8,
    "band_stats": {
      "early": {
        "mean_cos": 0.005788767337799072,
        "mean_abs_cos": 0.028834117203950883,
        "mean_r2": 0.001200012729950488,
        "max_r2": 0.00443869591324475,
        "r2_fraction": 0.24629578517769896,
        "n_layers": 5
      },
      "middle": {
        "mean_cos": 0.0004164391507705053,
        "mean_abs_cos": 0.017127781237165133,
        "mean_r2": 0.00045937244345513654,
        "max_r2": 0.0027872621088654986,
        "r2_fraction": 0.28285074106117813,
        "n_layers": 15
      },
      "late": {
        "mean_cos": 0.004978412669152022,
        "mean_abs_cos": 0.023493353743106127,
        "mean_r2": 0.0007647040624305909,
        "max_r2": 0.0021045571383049855,
        "r2_fraction": 0.4708534737611229,
        "n_layers": 15
      }
    },
    "normalized_entropy": 0.804095768211082,
    "near_peak_layers": [
      8
    ],