{
  "dim_name": "15_shapes",
  "dim_id": 15,
  "reading_profile": {
    "probe_type": "reading",
    "n_layers": 35,
    "overall_mean_r2": 0.00038481395454267604,
    "overall_mean_abs_cos": 0.015936519165656398,
    "peak_layer": 12,
    "peak_cosine": -0.04958530515432358,
    "peak_abs_cosine": 0.04958530515432358,
    "peak_r2": 0.0024587024872473884,
    "onset_layer": null,
    "band_stats": {
      "early": {
        "mean_cos": 0.017067883536219595,
        "mean_abs_cos": 0.017067883536219595,
        "mean_r2": 0.0003285803154036215,
        "max_r2": 0.0008271115193681511,
        "r2_fraction": 0.12198114050579353,
        "n_layers": 5
      },
      "middle": {
        "mean_cos": 0.0003072046674787998,
        "mean_abs_cos": 0.02022861847653985,
        "mean_r2": 0.0006113556964829105,
        "max_r2": 0.0024587024872473884,
        "r2_fraction": 0.6808733963879802,
        "n_layers": 15
      },
      "late": {
        "mean_cos": 0.008548768982291222,
        "mean_abs_cos": 0.011267298397918542,
        "mean_r2": 0.0001770167589821263,
        "max_r2": 0.0004950407180127382,
        "r2_fraction": 0.1971454631062262,
        "n_layers": 15
      }
    },
    "normalized_entropy": 0.7962546258603842,
    "near_peak_layers": [
      12,
      13
    ],
    "near_peak_fraction": 0.05714285714285714,
    "sign_consistency": 0.7142857142857143,
    "dominant_sign": "positive",
    "profile_type": "negligible",
    "per_layer": {
      "6": {
        "cosine": 0.01740078441798687,
        "abs_cosine": 0.01740078441798687,
        "r_squared": 0.00030278729836125465
      },
      "7": {
        "cosine": 0.02875954657793045,
        "abs_cosine": 0.02875954657793045,
        "r_squared": 0.0008271115193681511
      },
      "8": {
        "cosine": 0.01223642285913229,
        "abs_cosine": 0.01223642285913229,
        "r_squared": 0.00014973004438749524
      },
      "9": {
        "cosine": 0.01307186484336853,
        "abs_cosine": 0.01307186484336853,
        "r_squared": 0.00017087365048329417
      },
      "10": {
        "cosine": 0.013870798982679844,
        "abs_cosine": 0.013870798982679844,
        "r_squared": 0.0001923990644179122
      },
      "11": {
        "cosine": -0.013095291331410408,
        "abs_cosine": 0.013095291331410408,
        "r_squared": 0.00017148665505451258
      },
      "12": {
        "cosine": -0.04958530515432358,
        "abs_cosine": 0.04958530515432358,
        "r_squared": 0.0024587024872473884
      },
      "13": {
        "cosine": -0.044304125010967255,
        "abs_cosine": 0.044304125010967255,
        "r_squared": 0.0019628554929874142
      },
      "14": {
        "cosine": 0.03503397852182388,
        "abs_cosine": 0.03503397852182388,
        "r_squared": 0.0012273796510676172
      },
      "15": {
        "cosine": 0.0325152687728405,
        "abs_cosine": 0.0325152687728405,
        "r_squared": 0.0010572427033700565
      },
      "16": {
        "cosine": 0.03462424501776695,
        "abs_cosine": 0.03462424501776695,
        "r_squared": 0.0011988383430503596
      },
      "17": {
        "cosine": 0.012417314574122429,
        "abs_cosine": 0.012417314574122429,
        "r_squared": 0.00015418970123271328
      },
      "18": {
        "cosine": -0.008065612055361271,
        "abs_cosine": 0.008065612055361271,
        "r_squared": 6.505409782758906e-05
      },
      "19": {
        "cosine": -0.006965667009353638,
        "abs_cosine": 0.006965667009353638,
        "r_squared": 4.852051688519765e-05
      },
      "20": {
        "cosine": 0.00647807028144598,
        "abs_cosine": 0.00647807028144598,
        "r_squared": 4.19653945713536e-05
      },
      "21": {
        "cosine": 0.010648827999830246,
        "abs_cosine": 0.010648827999830246,
        "r_squared": 0.00011339753776996864
      },
      "22": {
        "cosine": 0.00758868595585227,
        "abs_cosine": 0.00758868595585227,
        "r_squared": 5.758815453654948e-05
      },
      "23": {
        "cosine": 0.014712282456457615,
        "abs_cosine": 0.014712282456457615,
        "r_squared": 0.0002164512550785905
      },
      "24": {
        "cosine": -0.01697077974677086,
        "abs_cosine": 0.01697077974677086,
        "r_squared": 0.000288007365213408
      },
      "25": {
        "cosine": -0.01042382325977087,
        "abs_cosine": 0.01042382325977087,
        "r_squared": 0.00010865609135094021
      },
      "26": {
        "cosine": -0.014559459872543812,
        "abs_cosine": 0.014559459872543812,
        "r_squared": 0.00021197787178021347
      },
      "27": {
        "cosine": 0.010077198036015034,
        "abs_cosine": 0.010077198036015034,
        "r_squared": 0.00010154992025706525
      },
      "28": {
        "cosine": -0.003937908448278904,
        "abs_cosine": 0.003937908448278904,
        "r_squared": 1.5507122947026365e-05
      },
      "29": {
        "cosine": 0.0018272409215569496,
        "abs_cosine": 0.0018272409215569496,
        "r_squared": 3.3388093854122905e-06
      },
      "30": {
        "cosine": -0.0018916022963821888,
        "abs_cosine": 0.0018916022963821888,
        "r_squared": 3.57815924767837e-06
      },
      "31": {
        "cosine": 0.011868388392031193,
        "abs_cosine": 0.011868388392031193,
        "r_squared": 0.00014085864302410076
      },
      "32": {
        "cosine": 0.020933326333761215,
        "abs_cosine": 0.020933326333761215,
        "r_squared": 0.00043820415139574076
      },
      "33": {
        "cosine": 0.022249510511755943,
        "abs_cosine": 0.022249510511755943,
        "r_squared": 0.0004950407180127382
      },
      "34": {
        "cosine": 0.008676580153405666,
        "abs_cosine": 0.008676580153405666,
        "r_squared": 7.52830431584731e-05
      },
      "35": {
        "cosine": 0.016627361997961998,
        "abs_cosine": 0.016627361997961998,
        "r_squared": 0.0002764691670112708
      },
      "36": {
        "cosine": 0.015965832397341728,
        "abs_cosine": 0.015965832397341728,
        "r_squared": 0.0002549078041400067
      },
      "37": {
        "cosine": 0.017483750358223915,
        "abs_cosine": 0.017483750358223915,
        "r_squared": 0.0003056815265886949
      },
      "38": {
        "cosine": 0.004429609049111605,
        "abs_cosine": 0.004429609049111605,
        "r_squared": 1.9621436327971415e-05
      },
      "39": {
        "cosine": 0.017680233344435692,
        "abs_cosine": 0.017680233344435692,
        "r_squared": 0.0003125906511136957
      },
      "40": {
        "cosine": 0.00080147385597229,
        "abs_cosine": 0.00080147385597229,
        "r_squared": 6.423603418070911e-07
      }
    }
  },
  "control_profile": {
    "probe_type": "control",
    "n_layers": 35,
    "overall_mean_r2": 0.00032569007322642694,
    "overall_mean_abs_cos": 0.013147684875418366,
    "peak_layer": 8,
    "peak_cosine": -0.05768905580043793,
    "peak_abs_cosine": 0.05768905580043793,
    "peak_r2": 0.003328027159146041,
    "onset_layer": 8,
    "band_stats": {
      "early": {
        "mean_cos": -0.022085381764918567,
        "mean_abs_cos": 0.02926132706925273,
        "mean_r2": 0.001198353262397716,
        "max_r2": 0.003328027159146041,
        "r2_fraction": 0.525632609872811,
        "n_layers": 5
      },
      "middle": {
        "mean_cos": 0.011313012851799916,
        "mean_abs_cos": 0.01491308312761248,
        "mean_r2": 0.0003009296050942902,
        "max_r2": 0.0013449525164001136,
        "r2_fraction": 0.39598944320612783,
        "n_layers": 15
      },
      "late": {
        "mean_cos": -0.0018926064782135653,
        "mean_abs_cos": 0.006011072558612796,
        "mean_r2": 5.956281163480052e-05,
        "max_r2": 0.00020261173719792695,
        "r2_fraction": 0.07837794692106102,
        "n_layers": 15
      }
    },
    "normalized_entropy": 0.7089542242331499,
    "near_peak_layers": [
      8
    ],