{
  "dim_name": "7_social",
  "dim_id": 7,
  "reading_profile": {
    "probe_type": "reading",
    "n_layers": 35,
    "overall_mean_r2": 0.000419185443707203,
    "overall_mean_abs_cos": 0.016385555322215493,
    "peak_layer": 12,
    "peak_cosine": -0.05122159421443939,
    "peak_abs_cosine": 0.05122159421443939,
    "peak_r2": 0.002623651713868691,
    "onset_layer": 12,
    "band_stats": {
      "early": {
        "mean_cos": -0.007661787990946323,
        "mean_abs_cos": 0.007769928814377635,
        "mean_r2": 0.00013126487869233983,
        "max_r2": 0.0004952421512016171,
        "r2_fraction": 0.04473467723887688,
        "n_layers": 5
      },
      "middle": {
        "mean_cos": -0.003932994875746469,
        "mean_abs_cos": 0.01757435651961714,
        "mean_r2": 0.0005282901533955044,
        "max_r2": 0.002623651713868691,
        "r2_fraction": 0.5401191027498458,
        "n_layers": 15
      },
      "late": {
        "mean_cos": 0.014719013124704361,
        "mean_abs_cos": 0.018068629627426464,
        "mean_r2": 0.00040605425569052283,
        "max_r2": 0.0014502948936380294,
        "r2_fraction": 0.41514622001127754,
        "n_layers": 15
      }
    },
    "normalized_entropy": 0.7983270839367291,
    "near_peak_layers": [
      12,
      13
    ],
    "near_peak_fraction": 0.05714285714285714,
    "sign_consistency": 0.6,
    "dominant_sign": "positive",
    "profile_type": "middle-concentrated",
    "per_layer": {
      "6": {
        "cosine": -0.022254036739468575,
        "abs_cosine": 0.022254036739468575,
        "r_squared": 0.0004952421512016171
      },
      "7": {
        "cosine": -0.0020147087052464485,
        "abs_cosine": 0.0020147087052464485,
        "r_squared": 4.059051166995821e-06
      },
      "8": {
        "cosine": 0.0002703520585782826,
        "abs_cosine": 0.0002703520585782826,
        "r_squared": 7.309023557751514e-08
      },
      "9": {
        "cosine": -0.0019325235625728965,
        "abs_cosine": 0.0019325235625728965,
        "r_squared": 3.7346473198994397e-06
      },
      "10": {
        "cosine": -0.012378023006021976,
        "abs_cosine": 0.012378023006021976,
        "r_squared": 0.00015321545353760933
      },
      "11": {
        "cosine": -0.020443225279450417,
        "abs_cosine": 0.020443225279450417,
        "r_squared": 0.00041792545982636056
      },
      "12": {
        "cosine": -0.05122159421443939,
        "abs_cosine": 0.05122159421443939,
        "r_squared": 0.002623651713868691
      },
      "13": {
        "cosine": -0.04128384217619896,
        "abs_cosine": 0.04128384217619896,
        "r_squared": 0.001704355624829304
      },
      "14": {
        "cosine": 0.018230771645903587,
        "abs_cosine": 0.018230771645903587,
        "r_squared": 0.0003323610348050822
      },
      "15": {
        "cosine": 0.01407461054623127,
        "abs_cosine": 0.01407461054623127,
        "r_squared": 0.00019809466202808448
      },
      "16": {
        "cosine": 0.011691249907016754,
        "abs_cosine": 0.011691249907016754,
        "r_squared": 0.00013668532438831926
      },
      "17": {
        "cosine": 0.03255589306354523,
        "abs_cosine": 0.03255589306354523,
        "r_squared": 0.0010598861731649922
      },
      "18": {
        "cosine": 0.009291510097682476,
        "abs_cosine": 0.009291510097682476,
        "r_squared": 8.633215989533542e-05
      },
      "19": {
        "cosine": -0.007278202101588249,
        "abs_cosine": 0.007278202101588249,
        "r_squared": 5.297222583156361e-05
      },
      "20": {
        "cosine": -0.0031904776114970446,
        "abs_cosine": 0.0031904776114970446,
        "r_squared": 1.0179147389463886e-05
      },
      "21": {
        "cosine": 0.008445307612419128,
        "abs_cosine": 0.008445307612419128,
        "r_squared": 7.132322066838448e-05
      },
      "22": {
        "cosine": -0.002348181791603565,
        "abs_cosine": 0.002348181791603565,
        "r_squared": 5.513957726418529e-06
      },
      "23": {
        "cosine": 0.008020869456231594,
        "abs_cosine": 0.008020869456231594,
        "r_squared": 6.433434683390891e-05
      },
      "24": {
        "cosine": -0.03403641656041145,
        "abs_cosine": 0.03403641656041145,
        "r_squared": 0.001158477652273851
      },
      "25": {
        "cosine": -0.0015031957300379872,
        "abs_cosine": 0.0015031957300379872,
        "r_squared": 2.2595974028044374e-06
      },
      "26": {
        "cosine": -0.00875380914658308,
        "abs_cosine": 0.00875380914658308,
        "r_squared": 7.66291745748016e-05
      },
      "27": {
        "cosine": 0.0172731950879097,
        "abs_cosine": 0.0172731950879097,
        "r_squared": 0.00029836326854498774
      },
      "28": {
        "cosine": 0.006597134284675121,
        "abs_cosine": 0.006597134284675121,
        "r_squared": 4.3522180770035925e-05
      },
      "29": {
        "cosine": 0.012192662805318832,
        "abs_cosine": 0.012192662805318832,
        "r_squared": 0.0001486610262842053
      },
      "30": {
        "cosine": 0.00687037780880928,
        "abs_cosine": 0.00687037780880928,
        "r_squared": 4.720209123577901e-05
      },
      "31": {
        "cosine": 0.02031608857214451,
        "abs_cosine": 0.02031608857214451,
        "r_squared": 0.0004127434548712207
      },
      "32": {
        "cosine": 0.03808273747563362,
        "abs_cosine": 0.03808273747563362,
        "r_squared": 0.0014502948936380294
      },
      "33": {
        "cosine": 0.0311189666390419,
        "abs_cosine": 0.0311189666390419,
        "r_squared": 0.0009683900846818028
      },
      "34": {
        "cosine": 0.02721538580954075,
        "abs_cosine": 0.02721538580954075,
        "r_squared": 0.000740677224762152
      },
      "35": {
        "cosine": 0.0262557752430439,
        "abs_cosine": 0.0262557752430439,
        "r_squared": 0.0006893657336132369
      },
      "36": {
        "cosine": 0.01789889484643936,
        "abs_cosine": 0.01789889484643936,
        "r_squared": 0.00032037043672389354
      },
      "37": {
        "cosine": 0.010138017125427723,
        "abs_cosine": 0.010138017125427723,
        "r_squared": 0.00010277939123546579
      },
      "38": {
        "cosine": -0.016368314623832703,
        "abs_cosine": 0.016368314623832703,
        "r_squared": 0.0002679217236247755
      },
      "39": {
        "cosine": 0.013370863161981106,
        "abs_cosine": 0.013370863161981106,
        "r_squared": 0.00017877998169642337
      },
      "40": {
        "cosine": 0.018577221781015396,
        "abs_cosine": 0.018577221781015396,
        "r_squared": 0.00034511316910103285
      }
    }
  },
  "control_profile": {
    "probe_type": "control",
    "n_layers": 35,
    "overall_mean_r2": 0.0008705505360095827,
    "overall_mean_abs_cos": 0.024157351099087725,
    "peak_layer": 15,
    "peak_cosine": 0.06874150782823563,
    "peak_abs_cosine": 0.06874150782823563,
    "peak_r2": 0.00472539489849938,
    "onset_layer": 15,
    "band_stats": {
      "early": {
        "mean_cos": 0.001931418664753437,
        "mean_abs_cos": 0.014056227169930935,
        "mean_r2": 0.00023807192471168322,
        "max_r2": 0.000478360870328709,
        "r2_fraction": 0.039067548122717496,
        "n_layers": 5
      },
      "middle": {
        "mean_cos": 0.023356199792275826,
        "mean_abs_cos": 0.03034066411977013,
        "mean_r2": 0.0012864554090017927,
        "max_r2": 0.00472539489849938,
        "r2_fraction": 0.6333211107497047,
        "n_layers": 15
      },
      "late": {
        "mean_cos": 0.020103591300236683,
        "mean_abs_cos": 0.021341079388124247,
        "mean_r2": 0.0006654718667833394,
        "max_r2": 0.0028082078586861986,
        "r2_fraction": 0.3276113411275779,
        "n_layers": 15
      }
    },
    "normalized_entropy": 0.8174199721937814,
    "near_peak_layers": [
      15,
      16
    ],