{
  "dim_name": "13_helpfulness",
  "dim_id": 13,
  "reading_profile": {
    "probe_type": "reading",
    "n_layers": 35,
    "overall_mean_r2": 0.0004371795885297642,
    "overall_mean_abs_cos": 0.01711952616128006,
    "peak_layer": 17,
    "peak_cosine": 0.056855421513319016,
    "peak_abs_cosine": 0.056855421513319016,
    "peak_r2": 0.0032325389554571787,
    "onset_layer": 17,
    "band_stats": {
      "early": {
        "mean_cos": -0.023620092123746873,
        "mean_abs_cos": 0.023620092123746873,
        "mean_r2": 0.0006914502122530707,
        "max_r2": 0.0014655485671335455,
        "r2_fraction": 0.22594513637434746,
        "n_layers": 5
      },
      "middle": {
        "mean_cos": 0.006558083125855774,
        "mean_abs_cos": 0.018592823975874733,
        "mean_r2": 0.0005515423175584614,
        "max_r2": 0.0032325389554571787,
        "r2_fraction": 0.5406823309124675,
        "n_layers": 15
      },
      "late": {
        "mean_cos": 0.006492440941898773,
        "mean_abs_cos": 0.013479373025863122,
        "mean_r2": 0.0002380599849266314,
        "max_r2": 0.0007598754670428177,
        "r2_fraction": 0.23337253271318506,
        "n_layers": 15
      }
    },
    "normalized_entropy": 0.8140365949819132,
    "near_peak_layers": [
      17
    ],
    "near_peak_fraction": 0.02857142857142857,
    "sign_consistency": 0.5428571428571428,
    "dominant_sign": "positive",
    "profile_type": "middle-concentrated",
    "per_layer": {
      "6": {
        "cosine": -0.03828248381614685,
        "abs_cosine": 0.03828248381614685,
        "r_squared": 0.0014655485671335455
      },
      "7": {
        "cosine": -0.030495502054691315,
        "abs_cosine": 0.030495502054691315,
        "r_squared": 0.0009299756455676822
      },
      "8": {
        "cosine": -0.012670082040131092,
        "abs_cosine": 0.012670082040131092,
        "r_squared": 0.00016053097890365246
      },
      "9": {
        "cosine": -0.029038267210125923,
        "abs_cosine": 0.029038267210125923,
        "r_squared": 0.0008432209625666744
      },
      "10": {
        "cosine": -0.007614125497639179,
        "abs_cosine": 0.007614125497639179,
        "r_squared": 5.797490709379908e-05
      },
      "11": {
        "cosine": -0.026962799951434135,
        "abs_cosine": 0.026962799951434135,
        "r_squared": 0.0007269925812210566
      },
      "12": {
        "cosine": -0.025733349844813347,
        "abs_cosine": 0.025733349844813347,
        "r_squared": 0.0006622052942355551
      },
      "13": {
        "cosine": 0.013814013451337814,
        "abs_cosine": 0.013814013451337814,
        "r_squared": 0.00019082696763374207
      },
      "14": {
        "cosine": 0.027511978521943092,
        "abs_cosine": 0.027511978521943092,
        "r_squared": 0.000756908962191858
      },
      "15": {
        "cosine": 0.01858600601553917,
        "abs_cosine": 0.01858600601553917,
        "r_squared": 0.0003454396196096582
      },
      "16": {
        "cosine": 0.034652918577194214,
        "abs_cosine": 0.034652918577194214,
        "r_squared": 0.0012008247659176519
      },
      "17": {
        "cosine": 0.056855421513319016,
        "abs_cosine": 0.056855421513319016,
        "r_squared": 0.0032325389554571787
      },
      "18": {
        "cosine": -0.0007914549787528813,
        "abs_cosine": 0.0007914549787528813,
        "r_squared": 6.264009833927238e-07
      },
      "19": {
        "cosine": -0.001944645424373448,
        "abs_cosine": 0.001944645424373448,
        "r_squared": 3.7816458265365873e-06
      },
      "20": {
        "cosine": -0.01187000423669815,
        "abs_cosine": 0.01187000423669815,
        "r_squared": 0.00014089700057923205
      },
      "21": {
        "cosine": 0.007587567903101444,
        "abs_cosine": 0.007587567903101444,
        "r_squared": 5.757118668417525e-05
      },
      "22": {
        "cosine": 0.006404356565326452,
        "abs_cosine": 0.006404356565326452,
        "r_squared": 4.101578301584003e-05
      },
      "23": {
        "cosine": -0.004035471938550472,
        "abs_cosine": 0.004035471938550472,
        "r_squared": 1.6285033766828307e-05
      },
      "24": {
        "cosine": -0.018922830000519753,
        "abs_cosine": 0.018922830000519753,
        "r_squared": 0.0003580734952285704
      },
      "25": {
        "cosine": 0.02321954071521759,
        "abs_cosine": 0.02321954071521759,
        "r_squared": 0.0005391470710256474
      },
      "26": {
        "cosine": 0.0020366967655718327,
        "abs_cosine": 0.0020366967655718327,
        "r_squared": 4.148133714890765e-06
      },
      "27": {
        "cosine": 0.01981094665825367,
        "abs_cosine": 0.01981094665825367,
        "r_squared": 0.00039247360749617224
      },
      "28": {
        "cosine": -0.005521670915186405,
        "abs_cosine": 0.005521670915186405,
        "r_squared": 3.0488849695615473e-05
      },
      "29": {
        "cosine": -0.017121661454439163,
        "abs_cosine": 0.017121661454439163,
        "r_squared": 0.0002931512909604278
      },
      "30": {
        "cosine": -0.015676233917474747,
        "abs_cosine": 0.015676233917474747,
        "r_squared": 0.00024574430983538564
      },
      "31": {
        "cosine": 0.008210970088839531,
        "abs_cosine": 0.008210970088839531,
        "r_squared": 6.742002979981745e-05
      },
      "32": {
        "cosine": 0.02141445130109787,
        "abs_cosine": 0.02141445130109787,
        "r_squared": 0.00045857872452709225
      },
      "33": {
        "cosine": 0.027565838769078255,
        "abs_cosine": 0.027565838769078255,
        "r_squared": 0.0007598754670428177
      },
      "34": {
        "cosine": -0.014082424342632294,
        "abs_cosine": 0.014082424342632294,
        "r_squared": 0.0001983146753659626
      },
      "35": {
        "cosine": 0.011402465403079987,
        "abs_cosine": 0.011402465403079987,
        "r_squared": 0.00013001621726843604
      },
      "36": {
        "cosine": 0.021925175562500954,
        "abs_cosine": 0.021925175562500954,
        "r_squared": 0.000480713323446489
      },
      "37": {
        "cosine": 0.0007242054562084377,
        "abs_cosine": 0.0007242054562084377,
        "r_squared": 5.244735428020713e-07
      },
      "38": {
        "cosine": 0.01285914983600378,
        "abs_cosine": 0.01285914983600378,
        "r_squared": 0.00016535773450479605
      },
      "39": {
        "cosine": 0.01739434152841568,
        "abs_cosine": 0.01739434152841568,
        "r_squared": 0.00030256311720716633
      },
      "40": {
        "cosine": 0.006444363389164209,
        "abs_cosine": 0.006444363389164209,
        "r_squared": 4.1529819491600015e-05
      }
    }
  },
  "control_profile": {
    "probe_type": "control",
    "n_layers": 35,
    "overall_mean_r2": 0.00031708158833049026,
    "overall_mean_abs_cos": 0.01462390824952828,
    "peak_layer": 13,
    "peak_cosine": 0.04054795578122139,
    "peak_abs_cosine": 0.04054795578122139,
    "peak_r2": 0.0016441367180358851,
    "onset_layer": null,
    "band_stats": {
      "early": {
        "mean_cos": 0.0075490068644285205,
        "mean_abs_cos": 0.01729092635214329,
        "mean_r2": 0.0003788314244790918,
        "max_r2": 0.0011357502944401437,
        "r2_fraction": 0.1706777590289386,
        "n_layers": 5
      },
      "middle": {
        "mean_cos": 0.014738901929619411,
        "mean_abs_cos": 0.017978623982829352,
        "mean_r2": 0.0004409086835947573,
        "max_r2": 0.0016441367180358851,
        "r2_fraction": 0.5959376745672206,
        "n_layers": 15
      },
      "late": {
        "mean_cos": -0.00035015971710284554,
        "mean_abs_cos": 0.010380186482022206,
        "mean_r2": 0.00017267121435002279,
        "max_r2": 0.0011667093345915092,
        "r2_fraction": 0.2333845664038408,
        "n_layers": 15
      }
    },
    "normalized_entropy": 0.8148193191894855,