{
  "dim_name": "17_attention",
  "dim_id": 17,
  "reading_profile": {
    "probe_type": "reading",
    "n_layers": 35,
    "overall_mean_r2": 0.0004965680274562205,
    "overall_mean_abs_cos": 0.018758090499821783,
    "peak_layer": 6,
    "peak_cosine": 0.05328322947025299,
    "peak_abs_cosine": 0.05328322947025299,
    "peak_r2": 0.002839102542779637,
    "onset_layer": 6,
    "band_stats": {
      "early": {
        "mean_cos": 0.024766929727047683,
        "mean_abs_cos": 0.02873109085485339,
        "mean_r2": 0.001154163877311276,
        "max_r2": 0.002839102542779637,
        "r2_fraction": 0.33204021359620745,
        "n_layers": 5
      },
      "middle": {
        "mean_cos": 0.017748658607403437,
        "mean_abs_cos": 0.01816871538758278,
        "mean_r2": 0.00039684935235027884,
        "max_r2": 0.001052094712053822,
        "r2_fraction": 0.3425075406801136,
        "n_layers": 15
      },
      "late": {
        "mean_cos": 0.004340589902130887,
        "mean_abs_cos": 0.016023132160383587,
        "mean_r2": 0.0003770880859438106,
        "max_r2": 0.001419369469642509,
        "r2_fraction": 0.32545224572367915,
        "n_layers": 15
      }
    },
    "normalized_entropy": 0.837058560256168,
    "near_peak_layers": [
      6
    ],
    "near_peak_fraction": 0.02857142857142857,
    "sign_consistency": 0.7714285714285715,
    "dominant_sign": "positive",
    "profile_type": "mixed",
    "per_layer": {
      "6": {
        "cosine": 0.05328322947025299,
        "abs_cosine": 0.05328322947025299,
        "r_squared": 0.002839102542779637
      },
      "7": {
        "cosine": 0.03995136916637421,
        "abs_cosine": 0.03995136916637421,
        "r_squared": 0.0015961118982679157
      },
      "8": {
        "cosine": 0.03469199314713478,
        "abs_cosine": 0.03469199314713478,
        "r_squared": 0.0012035343885208466
      },
      "9": {
        "cosine": 0.0058184596709907055,
        "abs_cosine": 0.0058184596709907055,
        "r_squared": 3.385447294294527e-05
      },
      "10": {
        "cosine": -0.009910402819514275,
        "abs_cosine": 0.009910402819514275,
        "r_squared": 9.821608404503648e-05
      },
      "11": {
        "cosine": 0.0201946459710598,
        "abs_cosine": 0.0201946459710598,
        "r_squared": 0.0004078237258964418
      },
      "12": {
        "cosine": -0.0031504258513450623,
        "abs_cosine": 0.0031504258513450623,
        "r_squared": 9.92518304482326e-06
      },
      "13": {
        "cosine": 0.014203564263880253,
        "abs_cosine": 0.014203564263880253,
        "r_squared": 0.0002017412377981762
      },
      "14": {
        "cosine": 0.0320289209485054,
        "abs_cosine": 0.0320289209485054,
        "r_squared": 0.0010258517771256082
      },
      "15": {
        "cosine": 0.032436009496450424,
        "abs_cosine": 0.032436009496450424,
        "r_squared": 0.001052094712053822
      },
      "16": {
        "cosine": 0.020676620304584503,
        "abs_cosine": 0.020676620304584503,
        "r_squared": 0.00042752262721995615
      },
      "17": {
        "cosine": 0.013707855716347694,
        "abs_cosine": 0.013707855716347694,
        "r_squared": 0.00018790530834020616
      },
      "18": {
        "cosine": 0.012815386988222599,
        "abs_cosine": 0.012815386988222599,
        "r_squared": 0.0001642341436579051
      },
      "19": {
        "cosine": 0.007274053990840912,
        "abs_cosine": 0.007274053990840912,
        "r_squared": 5.29118614616686e-05
      },
      "20": {
        "cosine": 0.018591446802020073,
        "abs_cosine": 0.018591446802020073,
        "r_squared": 0.0003456418941923424
      },
      "21": {
        "cosine": 0.029097603633999825,
        "abs_cosine": 0.029097603633999825,
        "r_squared": 0.0008466705372413598
      },
      "22": {
        "cosine": 0.023171603679656982,
        "abs_cosine": 0.023171603679656982,
        "r_squared": 0.000536923217087093
      },
      "23": {
        "cosine": 0.017428914085030556,
        "abs_cosine": 0.017428914085030556,
        "r_squared": 0.0003037670461833765
      },
      "24": {
        "cosine": 0.012361309491097927,
        "abs_cosine": 0.012361309491097927,
        "r_squared": 0.0001528019723347077
      },
      "25": {
        "cosine": 0.015392369590699673,
        "abs_cosine": 0.015392369590699673,
        "r_squared": 0.000236925041616696
      },
      "26": {
        "cosine": 0.00026948380400426686,
        "abs_cosine": 0.00026948380400426686,
        "r_squared": 7.262152062061011e-08
      },
      "27": {
        "cosine": 0.037674520164728165,
        "abs_cosine": 0.037674520164728165,
        "r_squared": 0.001419369469642509
      },
      "28": {
        "cosine": 0.01698685623705387,
        "abs_cosine": 0.01698685623705387,
        "r_squared": 0.000288553284818336
      },
      "29": {
        "cosine": -0.01983441412448883,
        "abs_cosine": 0.01983441412448883,
        "r_squared": 0.000393403983661722
      },
      "30": {
        "cosine": -0.007837506942451,
        "abs_cosine": 0.007837506942451,
        "r_squared": 6.142651507296763e-05
      },
      "31": {
        "cosine": 0.036956243216991425,
        "abs_cosine": 0.036956243216991425,
        "r_squared": 0.0013657639127134247
      },
      "32": {
        "cosine": 0.006572343874722719,
        "abs_cosine": 0.006572343874722719,
        "r_squared": 4.3195704007605246e-05
      },
      "33": {
        "cosine": 0.010495537891983986,
        "abs_cosine": 0.010495537891983986,
        "r_squared": 0.00011015631564207165
      },
      "34": {
        "cosine": 0.014555612578988075,
        "abs_cosine": 0.014555612578988075,
        "r_squared": 0.0002118658575495959
      },
      "35": {
        "cosine": 0.014493526890873909,
        "abs_cosine": 0.014493526890873909,
        "r_squared": 0.00021006232173648512
      },
      "36": {
        "cosine": -0.030182011425495148,
        "abs_cosine": 0.030182011425495148,
        "r_squared": 0.0009109538136887196
      },
      "37": {
        "cosine": -0.016645893454551697,
        "abs_cosine": 0.016645893454551697,
        "r_squared": 0.000277085768900287
      },
      "38": {
        "cosine": -0.012107794173061848,
        "abs_cosine": 0.012107794173061848,
        "r_squared": 0.00014659867973723043
      },
      "39": {
        "cosine": 0.014723790809512138,
        "abs_cosine": 0.014723790809512138,
        "r_squared": 0.0002167900158022741
      },
      "40": {
        "cosine": -0.0010114468168467283,
        "abs_cosine": 0.0010114468168467283,
        "r_squared": 1.0230246633093792e-06
      }
    }
  },
  "control_profile": {
    "probe_type": "control",
    "n_layers": 35,
    "overall_mean_r2": 0.005106952726281589,
    "overall_mean_abs_cos": 0.04535370597482792,
    "peak_layer": 6,
    "peak_cosine": 0.23466205596923828,
    "peak_abs_cosine": 0.23466205596923828,
    "peak_r2": 0.05506628051170992,
    "onset_layer": 6,
    "band_stats": {
      "early": {
        "mean_cos": 0.15026145800948143,
        "mean_abs_cos": 0.15026145800948143,
        "mean_r2": 0.027027284801130137,
        "max_r2": 0.05506628051170992,
        "r2_fraction": 0.7560361124954033,
        "n_layers": 5
      },
      "middle": {
        "mean_cos": 0.03906575298557679,
        "mean_abs_cos": 0.041463111092646915,
        "mean_r2": 0.002550254520052288,
        "max_r2": 0.008892664593847854,
        "r2_fraction": 0.2140153397651184,
        "n_layers": 15
      },
      "late": {
        "mean_cos": 0.01236099167726934,
        "mean_abs_cos": 0.014275050178791085,
        "mean_r2": 0.0003568735742280383,
        "max_r2": 0.0017067935204187479,
        "r2_fraction": 0.029948547739478124,
        "n_layers": 15
      }
    },
    "normalized_entropy": 0.6059550877311259,
    "near_peak_layers": [
      6,
      8
    ],
    "near_peak_fraction": 0.05714285714285714,