{
  "1_phenomenology": {
    "dim_id": 1,
    "reading_mean_r2": 0.0004987140069805853,
    "control_mean_r2": 0.0009777668801546366,
    "reading_boot_ci95": [
      0.0004892434188025409,
      0.000508128340406516
    ],
    "control_boot_ci95": [
      0.000970881288673436,
      0.000983846278350263
    ]
  },
  "2_emotions": {
    "dim_id": 2,
    "reading_mean_r2": 0.0004907898373174192,
    "control_mean_r2": 0.0009748347798503352,
    "reading_boot_ci95": [
      0.00048251383295204496,
      0.0004982280442106894
    ],
    "control_boot_ci95": [
      0.000968845260571385,
      0.0009813400124095144
    ]
  },
  "3_agency": {
    "dim_id": 3,
    "reading_mean_r2": 0.00049558884648036,
    "control_mean_r2": 0.000977716225427273,
    "reading_boot_ci95": [
      0.0004842172099719997,
      0.0005060651603956966
    ],
    "control_boot_ci95": [
      0.0009700385122910732,
      0.0009847528892211613
    ]
  },
  "4_intentions": {
    "dim_id": 4,
    "reading_mean_r2": 0.00048256447788511407,
    "control_mean_r2": 0.0009646363370880115,
    "reading_boot_ci95": [
      0.0004722178478189685,
      0.000491873721273812
    ],
    "control_boot_ci95": [
      0.000956542258397108,
      0.000972433662651063
    ]
  },
  "5_prediction": {
    "dim_id": 5,
    "reading_mean_r2": 0.0005154893876690168,
    "control_mean_r2": 0.0009874317810202322,
    "reading_boot_ci95": [
      0.0005059210065085566,
      0.0005231011284803143
    ],
    "control_boot_ci95": [
      0.0009790972134477497,
      0.000995394023751468
    ]
  },
  "6_cognitive": {
    "dim_id": 6,
    "reading_mean_r2": 0.0005016301657464394,
    "control_mean_r2": 0.0009722553367547135,
    "reading_boot_ci95": [
      0.0004909697470276925,
      0.0005116917936634431
    ],
    "control_boot_ci95": [
      0.0009657745931231592,
      0.000977661170847664
    ]
  },
  "7_social": {
    "dim_id": 7,
    "reading_mean_r2": 0.00048008943162319064,
    "control_mean_r2": 0.0009645154543371634,
    "reading_boot_ci95": [
      0.00047076457163526466,
      0.0004883892619975443
    ],
    "control_boot_ci95": [
      0.0009579095808825389,
      0.0009715584212365016
    ]
  },
  "8_embodiment": {
    "dim_id": 8,
    "reading_mean_r2": 0.0005148362918838791,
    "control_mean_r2": 0.0009958748539696614,
    "reading_boot_ci95": [
      0.0005033474211410822,
      0.0005259960562033264
    ],
    "control_boot_ci95": [
      0.0009863025277301156,
      0.0010058912807848494
    ]
  },
  "9_roles": {
    "dim_id": 9,
    "reading_mean_r2": 0.00048737599747798916,
    "control_mean_r2": 0.0009578933375224808,
    "reading_boot_ci95": [
      0.0004757690463856035,
      0.0004980150465740496
    ],
    "control_boot_ci95": [
      0.0009511974386479641,
      0.000964201275488903
    ]
  },
  "10_animacy": {
    "dim_id": 10,
    "reading_mean_r2": 0.0005045151503144235,
    "control_mean_r2": 0.0009682470070140131,
    "reading_boot_ci95": [
      0.0004957587970124602,
      0.0005116360109683514
    ],
    "control_boot_ci95": [
      0.0009618300657015889,
      0.0009750775391340434
    ]
  },
  "11_formality": {
    "dim_id": 11,
    "reading_mean_r2": 0.0004997937738144982,
    "control_mean_r2": 0.0009657992922973424,
    "reading_boot_ci95": [
      0.0004879621963255817,
      0.0005104081305264541
    ],
    "control_boot_ci95": [
      0.0009593389401635015,
      0.0009723286471730578
    ]
  },
  "12_expertise": {
    "dim_id": 12,
    "reading_mean_r2": 0.0004998514646273825,
    "control_mean_r2": 0.0009653401848913283,
    "reading_boot_ci95": [
      0.000493076409595643,
      0.0005060160953996401
    ],
    "control_boot_ci95": [
      0.0009585616988995655,
      0.0009719761320607465
    ]
  },
  "13_helpfulness": {
    "dim_id": 13,
    "reading_mean_r2": 0.00047974265971815946,
    "control_mean_r2": 0.0009661731490275034,
    "reading_boot_ci95": [
      0.00047137381559068475,
      0.0004875390106508162
    ],
    "control_boot_ci95": [
      0.0009595461593584517,
      0.000973360585445118
    ]
  },
  "14_biological": {
    "dim_id": 14,
    "reading_mean_r2": 0.0005023811835531089,
    "control_mean_r2": 0.0009848431683584338,
    "reading_boot_ci95": [
      0.0004948746357263922,
      0.000508892272756929
    ],
    "control_boot_ci95": [
      0.0009781448504594314,
      0.000991837453518625
    ]
  },
  "15_shapes": {
    "dim_id": 15,
    "reading_mean_r2": 0.0005222879114247404,
    "control_mean_r2": 0.0009866010267161164,
    "reading_boot_ci95": [
      0.0005133110523353952,
      0.0005306324478123049
    ],
    "control_boot_ci95": [
      0.0009810480313017216,
      0.0009919976733984773
    ]
  },
  "16_human": {
    "dim_id": 16,
    "reading_mean_r2": 0.0005231297663601511,
    "control_mean_r2": 0.0009641442625389877,
    "reading_boot_ci95": [
      0.0005142892509616681,
      0.0005317963699387447
    ],
    "control_boot_ci95": [
      0.0009584922875627509,
      0.0009694600314743339
    ]
  },
  "17_ai": {
    "dim_id": 17,
    "reading_mean_r2": 0.0005514296726878338,
    "control_mean_r2": 0.0009555632973840755,
    "reading_boot_ci95": [
      0.0005444814020199893,
      0.0005575038495478066
    ],
    "control_boot_ci95": [
      0.0009503858462462188,
      0.0009607111352379313
    ]
  },
  "18_attention": {
    "dim_id": 18,
    "reading_mean_r2": 0.0004961908120722319,
    "control_mean_r2": 0.0009660923228198212,
    "reading_boot_ci95": [
      0.0004881212402955019,
      0.0005045525735077054
    ],
    "control_boot_ci95": [
      0.0009606161955381919,
      0.0009716730926489106
    ]
  },
  "20_sysprompt_talkto_human": {
    "dim_id": 20,
    "reading_mean_r2": 0.0004830953166831846,
    "control_mean_r2": 0.0009444288007610886,
    "reading_boot_ci95": [
      0.0004783696847153362,
      0.0004875200303622097
    ],
    "control_boot_ci95": [
      0.0009414919515678593,
      0.0009472940762009908
    ]
  },
  "21_sysprompt_talkto_ai": {
    "dim_id": 21,
    "reading_mean_r2": 0.0005228620098714491,
    "control_mean_r2": 0.0009685012014831056,
    "reading_boot_ci95": [
      0.0005134986539923291,
      0.0005313821946338703
    ],
    "control_boot_ci95": [
      0.0009588341793324089,
      0.000977595126341147
    ]
  },
  "22_sysprompt_bare_human": {
    "dim_id": 22,
    "reading_mean_r2": 0.0004893806089257186,
    "control_mean_r2": 0.0009334879924838795,
    "reading_boot_ci95": [
      0.0004819703698290822,
      0.0004960191219431487
    ],
    "control_boot_ci95": [
      0.0009299627242944378,
      0.0009369505022064823
    ]
  },
  "23_sysprompt_bare_ai": {
    "dim_id": 23,
    "reading_mean_r2": 0.000502330112885642,
    "control_mean_r2": 0.000932655323085233,
    "reading_boot_ci95": [
      0.0004917538668150564,
      0.0005106212692173515
    ],
    "control_boot_ci95": [
      0.0009251429468316328,
      0.0009403807169137647
    ]
  }
}