{
  "1_phenomenology": {
    "dim_id": 1,
    "reading_mean_r2": 0.00023668909525091162,
    "control_mean_r2": 0.00022726829298892634,
    "reading_boot_ci95": [
      0.0,
      0.0
    ],
    "control_boot_ci95": [
      0.0,
      0.0
    ]
  },
  "2_emotions": {
    "dim_id": 2,
    "reading_mean_r2": 0.00014382546875468696,
    "control_mean_r2": 0.00021534028596200788,
    "reading_boot_ci95": [
      0.0,
      0.0
    ],
    "control_boot_ci95": [
      0.0,
      0.0
    ]
  },
  "3_agency": {
    "dim_id": 3,
    "reading_mean_r2": 0.00019124735179494498,
    "control_mean_r2": 0.0003520934527750218,
    "reading_boot_ci95": [
      0.0,
      0.0
    ],
    "control_boot_ci95": [
      0.0,
      0.0
    ]
  },
  "4_intentions": {
    "dim_id": 4,
    "reading_mean_r2": 0.0002052965673101708,
    "control_mean_r2": 0.00020647496709263156,
    "reading_boot_ci95": [
      0.0,
      0.0
    ],
    "control_boot_ci95": [
      0.0,
      0.0
    ]
  },
  "5_prediction": {
    "dim_id": 5,
    "reading_mean_r2": 0.00020760620838610204,
    "control_mean_r2": 0.0003690425391073617,
    "reading_boot_ci95": [
      0.0,
      0.0
    ],
    "control_boot_ci95": [
      0.0,
      0.0
    ]
  },
  "6_cognitive": {
    "dim_id": 6,
    "reading_mean_r2": 0.00022066827261514553,
    "control_mean_r2": 0.00021262196481730932,
    "reading_boot_ci95": [
      0.0,
      0.0
    ],
    "control_boot_ci95": [
      0.0,
      0.0
    ]
  },
  "7_social": {
    "dim_id": 7,
    "reading_mean_r2": 0.000181465172937259,
    "control_mean_r2": 0.00030050336718951933,
    "reading_boot_ci95": [
      0.0,
      0.0
    ],
    "control_boot_ci95": [
      0.0,
      0.0
    ]
  },
  "8_embodiment": {
    "dim_id": 8,
    "reading_mean_r2": 0.00022262998341188075,
    "control_mean_r2": 0.00023508313046890266,
    "reading_boot_ci95": [
      0.0,
      0.0
    ],
    "control_boot_ci95": [
      0.0,
      0.0
    ]
  },
  "9_roles": {
    "dim_id": 9,
    "reading_mean_r2": 0.00024121253276762186,
    "control_mean_r2": 0.000136941340485622,
    "reading_boot_ci95": [
      0.0,
      0.0
    ],
    "control_boot_ci95": [
      0.0,
      0.0
    ]
  },
  "10_animacy": {
    "dim_id": 10,
    "reading_mean_r2": 0.00017974270056351813,
    "control_mean_r2": 0.0002738002690848234,
    "reading_boot_ci95": [
      0.0,
      0.0
    ],
    "control_boot_ci95": [
      0.0,
      0.0
    ]
  },
  "11_formality": {
    "dim_id": 11,
    "reading_mean_r2": 0.000244983644338784,
    "control_mean_r2": 0.00032439044922069697,
    "reading_boot_ci95": [
      0.0,
      0.0
    ],
    "control_boot_ci95": [
      0.0,
      0.0
    ]
  },
  "12_expertise": {
    "dim_id": 12,
    "reading_mean_r2": 0.00013936034795079008,
    "control_mean_r2": 0.00043627034521910156,
    "reading_boot_ci95": [
      0.0,
      0.0
    ],
    "control_boot_ci95": [
      0.0,
      0.0
    ]
  },
  "13_helpfulness": {
    "dim_id": 13,
    "reading_mean_r2": 0.00023100352888898154,
    "control_mean_r2": 0.0003166365440060439,
    "reading_boot_ci95": [
      0.0,
      0.0
    ],
    "control_boot_ci95": [
      0.0,
      0.0
    ]
  },
  "14_biological": {
    "dim_id": 14,
    "reading_mean_r2": 0.0002499895927815842,
    "control_mean_r2": 0.00023958493086488972,
    "reading_boot_ci95": [
      0.0,
      0.0
    ],
    "control_boot_ci95": [
      0.0,
      0.0
    ]
  },
  "15_shapes": {
    "dim_id": 15,
    "reading_mean_r2": 0.0001671963752723761,
    "control_mean_r2": 0.0003276857775132423,
    "reading_boot_ci95": [
      0.0,
      0.0
    ],
    "control_boot_ci95": [
      0.0,
      0.0
    ]
  },
  "16_human": {
    "dim_id": 16,
    "reading_mean_r2": 0.00018186446041398431,
    "control_mean_r2": 0.00031967406701556767,
    "reading_boot_ci95": [
      0.0,
      0.0
    ],
    "control_boot_ci95": [
      0.0,
      0.0
    ]
  },
  "17_ai": {
    "dim_id": 17,
    "reading_mean_r2": 0.00020159397696017722,
    "control_mean_r2": 0.0001745795089720101,
    "reading_boot_ci95": [
      0.0,
      0.0
    ],
    "control_boot_ci95": [
      0.0,
      0.0
    ]
  },
  "18_attention": {
    "dim_id": 18,
    "reading_mean_r2": 0.00014589789991642155,
    "control_mean_r2": 0.00035361578033127995,
    "reading_boot_ci95": [
      0.0,
      0.0
    ],
    "control_boot_ci95": [
      0.0,
      0.0
    ]
  },
  "25_beliefs": {
    "dim_id": 25,
    "reading_mean_r2": 0.0002028914289504351,
    "control_mean_r2": 0.0002761350362427354,
    "reading_boot_ci95": [
      0.0,
      0.0
    ],
    "control_boot_ci95": [
      0.0,
      0.0
    ]
  },
  "26_desires": {
    "dim_id": 26,
    "reading_mean_r2": 0.0002597421991123279,
    "control_mean_r2": 0.00025555786282069413,
    "reading_boot_ci95": [
      0.0,
      0.0
    ],
    "control_boot_ci95": [
      0.0,
      0.0
    ]
  },
  "27_goals": {
    "dim_id": 27,
    "reading_mean_r2": 0.0002552651214145394,
    "control_mean_r2": 0.00033887314610135243,
    "reading_boot_ci95": [
      0.0,
      0.0
    ],
    "control_boot_ci95": [
      0.0,
      0.0
    ]
  },
  "30_granite_sandstone": {
    "dim_id": 30,
    "reading_mean_r2": 0.0001662917824962673,
    "control_mean_r2": 0.0002528557555320921,
    "reading_boot_ci95": [
      0.0,
      0.0
    ],
    "control_boot_ci95": [
      0.0,
      0.0
    ]
  },
  "31_squares_triangles": {
    "dim_id": 31,
    "reading_mean_r2": 0.00016419482117227728,
    "control_mean_r2": 0.0001766088152088705,
    "reading_boot_ci95": [
      0.0,
      0.0
    ],
    "control_boot_ci95": [
      0.0,
      0.0
    ]
  },
  "32_horizontal_vertical": {
    "dim_id": 32,
    "reading_mean_r2": 0.00023846848952337622,
    "control_mean_r2": 0.000247004776657201,
    "reading_boot_ci95": [
      0.0,
      0.0
    ],
    "control_boot_ci95": [
      0.0,
      0.0
    ]
  }
}