{
  "dim_name": "17_ai",
  "dim_id": 17,
  "reading_profile": {
    "probe_type": "reading",
    "n_layers": 35,
    "overall_mean_r2": 0.0002135360522747984,
    "overall_mean_abs_cos": 0.012768313240459454,
    "peak_layer": 10,
    "peak_cosine": -0.031283579766750336,
    "peak_abs_cosine": 0.031283579766750336,
    "peak_r2": 0.000978662363022631,
    "onset_layer": null,
    "band_stats": {
      "early": {
        "mean_cos": -0.006445282883942127,
        "mean_abs_cos": 0.021789412014186382,
        "mean_r2": 0.0005077215647792824,
        "max_r2": 0.000978662363022631,
        "r2_fraction": 0.33966935015725336,
        "n_layers": 5
      },
      "middle": {
        "mean_cos": -0.0011085568034710984,
        "mean_abs_cos": 0.011034332460258155,
        "mean_r2": 0.00016930135144665274,
        "max_r2": 0.0006194702828988957,
        "r2_fraction": 0.3397914369756696,
        "n_layers": 15
      },
      "late": {
        "mean_cos": 0.0029048241209238767,
        "mean_abs_cos": 0.011495261096085112,
        "mean_r2": 0.00015970891560144942,
        "max_r2": 0.00041160928789890985,
        "r2_fraction": 0.32053921286707704,
        "n_layers": 15
      }
    },
    "normalized_entropy": 0.8758206637993866,
    "near_peak_layers": [
      10
    ],
    "near_peak_fraction": 0.02857142857142857,
    "sign_consistency": 0.5714285714285714,
    "dominant_sign": "positive",
    "profile_type": "negligible",
    "per_layer": {
      "6": {
        "cosine": 0.02426874451339245,
        "abs_cosine": 0.02426874451339245,
        "r_squared": 0.0005889719602563161
      },
      "7": {
        "cosine": -0.019777728244662285,
        "abs_cosine": 0.019777728244662285,
        "r_squared": 0.0003911585345197123
      },
      "8": {
        "cosine": -0.019525429233908653,
        "abs_cosine": 0.019525429233908653,
        "r_squared": 0.00038124238676837466
      },
      "9": {
        "cosine": 0.01409157831221819,
        "abs_cosine": 0.01409157831221819,
        "r_squared": 0.00019857257932937803
      },
      "10": {
        "cosine": -0.031283579766750336,
        "abs_cosine": 0.031283579766750336,
        "r_squared": 0.000978662363022631
      },
      "11": {
        "cosine": 0.002175744390115142,
        "abs_cosine": 0.002175744390115142,
        "r_squared": 4.733863651117511e-06
      },
      "12": {
        "cosine": -0.024889159947633743,
        "abs_cosine": 0.024889159947633743,
        "r_squared": 0.0006194702828988957
      },
      "13": {
        "cosine": 0.006120310164988041,
        "abs_cosine": 0.006120310164988041,
        "r_squared": 3.745819651565594e-05
      },
      "14": {
        "cosine": -0.01278750877827406,
        "abs_cosine": 0.01278750877827406,
        "r_squared": 0.00016352038075443612
      },
      "15": {
        "cosine": -0.013795265927910805,
        "abs_cosine": 0.013795265927910805,
        "r_squared": 0.00019030936202177676
      },
      "16": {
        "cosine": -0.023207364603877068,
        "abs_cosine": 0.023207364603877068,
        "r_squared": 0.0005385817718572862
      },
      "17": {
        "cosine": -0.008907225914299488,
        "abs_cosine": 0.008907225914299488,
        "r_squared": 7.933867348836835e-05
      },
      "18": {
        "cosine": 0.004418729338794947,
        "abs_cosine": 0.004418729338794947,
        "r_squared": 1.9525168969527227e-05
      },
      "19": {
        "cosine": -0.007485144305974245,
        "abs_cosine": 0.007485144305974245,
        "r_squared": 5.602738528125866e-05
      },
      "20": {
        "cosine": 0.00030655338196083903,
        "abs_cosine": 0.00030655338196083903,
        "r_squared": 9.397497599162807e-08
      },
      "21": {
        "cosine": 0.010171550326049328,
        "abs_cosine": 0.010171550326049328,
        "r_squared": 0.00010346043603535419
      },
      "22": {
        "cosine": 0.015811655670404434,
        "abs_cosine": 0.015811655670404434,
        "r_squared": 0.0002500084550394327
      },
      "23": {
        "cosine": 0.016334960237145424,
        "abs_cosine": 0.016334960237145424,
        "r_squared": 0.0002668309259491221
      },
      "24": {
        "cosine": 0.005831453949213028,
        "abs_cosine": 0.005831453949213028,
        "r_squared": 3.400585516179222e-05
      },
      "25": {
        "cosine": 0.01327235996723175,
        "abs_cosine": 0.01327235996723175,
        "r_squared": 0.000176155539099776
      },
      "26": {
        "cosine": 0.01773868314921856,
        "abs_cosine": 0.01773868314921856,
        "r_squared": 0.00031466087986837046
      },
      "27": {
        "cosine": 0.004423248581588268,
        "abs_cosine": 0.004423248581588268,
        "r_squared": 1.9565128014522627e-05
      },
      "28": {
        "cosine": 0.012996833771467209,
        "abs_cosine": 0.012996833771467209,
        "r_squared": 0.00016891768808315055
      },
      "29": {
        "cosine": 0.0017479213420301676,
        "abs_cosine": 0.0017479213420301676,
        "r_squared": 3.055229017924542e-06
      },
      "30": {
        "cosine": -0.009682661853730679,
        "abs_cosine": 0.009682661853730679,
        "r_squared": 9.375394057369122e-05
      },
      "31": {
        "cosine": 0.016339482739567757,
        "abs_cosine": 0.016339482739567757,
        "r_squared": 0.00026697869619663264
      },
      "32": {
        "cosine": 0.007384900934994221,
        "abs_cosine": 0.007384900934994221,
        "r_squared": 5.4536761819678516e-05
      },
      "33": {
        "cosine": -0.01081995852291584,
        "abs_cosine": 0.01081995852291584,
        "r_squared": 0.00011707150243761913
      },
      "34": {
        "cosine": 0.014601670205593109,
        "abs_cosine": 0.014601670205593109,
        "r_squared": 0.0002132087727929055
      },
      "35": {
        "cosine": -0.009816111996769905,
        "abs_cosine": 0.009816111996769905,
        "r_squared": 9.635605473313005e-05
      },
      "36": {
        "cosine": -0.018086008727550507,
        "abs_cosine": 0.018086008727550507,
        "r_squared": 0.0003271037116930331
      },
      "37": {
        "cosine": 0.012479742057621479,
        "abs_cosine": 0.012479742057621479,
        "r_squared": 0.0001557439618247664
      },
      "38": {
        "cosine": -0.011525687761604786,
        "abs_cosine": 0.011525687761604786,
        "r_squared": 0.00013284147837800634
      },
      "39": {
        "cosine": 0.02028815634548664,
        "abs_cosine": 0.02028815634548664,
        "r_squared": 0.00041160928789890985
      },
      "40": {
        "cosine": -0.004497848451137543,
        "abs_cosine": 0.004497848451137543,
        "r_squared": 2.0230640689400392e-05
      }
    }
  },
  "control_profile": {
    "probe_type": "control",
    "n_layers": 35,
    "overall_mean_r2": 0.00014802297942534748,
    "overall_mean_abs_cos": 0.010429317713715136,
    "peak_layer": 8,
    "peak_cosine": -0.02156350016593933,
    "peak_abs_cosine": 0.02156350016593933,
    "peak_r2": 0.00046498453940646556,
    "onset_layer": null,
    "band_stats": {
      "early": {
        "mean_cos": -0.01057533547282219,
        "mean_abs_cos": 0.01503179669380188,
        "mean_r2": 0.00023961862610958376,
        "max_r2": 0.00046498453940646556,
        "r2_fraction": 0.23125620382903428,
        "n_layers": 5
      },
      "middle": {
        "mean_cos": -0.006956045185991873,
        "mean_abs_cos": 0.010220491688232868,
        "mean_r2": 0.00015498207117736374,
        "max_r2": 0.00046299263822841344,
        "r2_fraction": 0.44872011025112285,
        "n_layers": 15
      },
      "late": {
        "mean_cos": 0.004151577001903206,
        "mean_abs_cos": 0.009103984079168488,
        "mean_r2": 0.0001105320054452525,
        "max_r2": 0.0003945375166240078,
        "r2_fraction": 0.320023685919843,
        "n_layers": 15
      }
    },
    "normalized_entropy": 0.867332170282056,