{
  "dim_name": "18_attention",
  "dim_id": 18,
  "reading_profile": {
    "probe_type": "reading",
    "n_layers": 35,
    "overall_mean_r2": 0.00021821138136260168,
    "overall_mean_abs_cos": 0.012933101498388819,
    "peak_layer": 10,
    "peak_cosine": -0.030026553198695183,
    "peak_abs_cosine": 0.030026553198695183,
    "peak_r2": 0.0009015938969940719,
    "onset_layer": null,
    "band_stats": {
      "early": {
        "mean_cos": -0.006121202930808067,
        "mean_abs_cos": 0.02133745588362217,
        "mean_r2": 0.0004865339229591585,
        "max_r2": 0.0009015938969940719,
        "r2_fraction": 0.31852071923565933,
        "n_layers": 5
      },
      "middle": {
        "mean_cos": -0.0013483818930884203,
        "mean_abs_cos": 0.011475924495607614,
        "mean_r2": 0.00018547893758285352,
        "max_r2": 0.0006899137762684249,
        "r2_fraction": 0.36428426763727906,
        "n_layers": 15
      },
      "late": {
        "mean_cos": 0.002675384919469555,
        "mean_abs_cos": 0.011588827039425572,
        "mean_r2": 0.00016150297794349758,
        "max_r2": 0.0004415423744977276,
        "r2_fraction": 0.31719501312706155,
        "n_layers": 15
      }
    },
    "normalized_entropy": 0.878355244640125,
    "near_peak_layers": [
      6,
      10,
      16
    ],
    "near_peak_fraction": 0.08571428571428572,
    "sign_consistency": 0.5428571428571428,
    "dominant_sign": "positive",
    "profile_type": "negligible",
    "per_layer": {
      "6": {
        "cosine": 0.02455279789865017,
        "abs_cosine": 0.02455279789865017,
        "r_squared": 0.0006028398846519602
      },
      "7": {
        "cosine": -0.019838407635688782,
        "abs_cosine": 0.019838407635688782,
        "r_squared": 0.00039356241751975496
      },
      "8": {
        "cosine": -0.018781686201691628,
        "abs_cosine": 0.018781686201691628,
        "r_squared": 0.0003527517365788137
      },
      "9": {
        "cosine": 0.013487834483385086,
        "abs_cosine": 0.013487834483385086,
        "r_squared": 0.00018192167905119183
      },
      "10": {
        "cosine": -0.030026553198695183,
        "abs_cosine": 0.030026553198695183,
        "r_squared": 0.0009015938969940719
      },
      "11": {
        "cosine": 0.0054589128121733665,
        "abs_cosine": 0.0054589128121733665,
        "r_squared": 2.9799729090910533e-05
      },
      "12": {
        "cosine": -0.02389020472764969,
        "abs_cosine": 0.02389020472764969,
        "r_squared": 0.0005707418819290155
      },
      "13": {
        "cosine": 0.001661703921854496,
        "abs_cosine": 0.001661703921854496,
        "r_squared": 2.761259923906613e-06
      },
      "14": {
        "cosine": -0.01154709979891777,
        "abs_cosine": 0.01154709979891777,
        "r_squared": 0.0001333355137661668
      },
      "15": {
        "cosine": -0.01655629649758339,
        "abs_cosine": 0.01655629649758339,
        "r_squared": 0.000274110953715892
      },
      "16": {
        "cosine": -0.02626620978116989,
        "abs_cosine": 0.02626620978116989,
        "r_squared": 0.0006899137762684249
      },
      "17": {
        "cosine": -0.011745274998247623,
        "abs_cosine": 0.011745274998247623,
        "r_squared": 0.0001379514847844607
      },
      "18": {
        "cosine": 0.007429276593029499,
        "abs_cosine": 0.007429276593029499,
        "r_squared": 5.5194150695736e-05
      },
      "19": {
        "cosine": -0.00517254788428545,
        "abs_cosine": 0.00517254788428545,
        "r_squared": 2.6755251615225885e-05
      },
      "20": {
        "cosine": -0.0010046642273664474,
        "abs_cosine": 0.0010046642273664474,
        "r_squared": 1.0093502097498208e-06
      },
      "21": {
        "cosine": 0.010008679702877998,
        "abs_cosine": 0.010008679702877998,
        "r_squared": 0.00010017366939480202
      },
      "22": {
        "cosine": 0.01464833039790392,
        "abs_cosine": 0.01464833039790392,
        "r_squared": 0.000214573583446156
      },
      "23": {
        "cosine": 0.016456151381134987,
        "abs_cosine": 0.016456151381134987,
        "r_squared": 0.00027080491827883094
      },
      "24": {
        "cosine": 0.004266911651939154,
        "abs_cosine": 0.004266911651939154,
        "r_squared": 1.8206535045454117e-05
      },
      "25": {
        "cosine": 0.016026603057980537,
        "abs_cosine": 0.016026603057980537,
        "r_squared": 0.0002568520055780711
      },
      "26": {
        "cosine": 0.01851949468255043,
        "abs_cosine": 0.01851949468255043,
        "r_squared": 0.00034297168329701366
      },
      "27": {
        "cosine": 0.006830581929534674,
        "abs_cosine": 0.006830581929534674,
        "r_squared": 4.6656849496085626e-05
      },
      "28": {
        "cosine": 0.010747392661869526,
        "abs_cosine": 0.010747392661869526,
        "r_squared": 0.00011550644902840693
      },
      "29": {
        "cosine": 0.0006762405391782522,
        "abs_cosine": 0.0006762405391782522,
        "r_squared": 4.573012668280933e-07
      },
      "30": {
        "cosine": -0.0092543363571167,
        "abs_cosine": 0.0092543363571167,
        "r_squared": 8.564274141065198e-05
      },
      "31": {
        "cosine": 0.012978803366422653,
        "abs_cosine": 0.012978803366422653,
        "r_squared": 0.000168449336824264
      },
      "32": {
        "cosine": 0.006338540464639664,
        "abs_cosine": 0.006338540464639664,
        "r_squared": 4.0177095221874404e-05
      },
      "33": {
        "cosine": -0.011089764535427094,
        "abs_cosine": 0.011089764535427094,
        "r_squared": 0.0001229828774512165
      },
      "34": {
        "cosine": 0.01726720668375492,
        "abs_cosine": 0.01726720668375492,
        "r_squared": 0.0002981564266595106
      },
      "35": {
        "cosine": -0.008332152850925922,
        "abs_cosine": 0.008332152850925922,
        "r_squared": 6.942477113119298e-05
      },
      "36": {
        "cosine": -0.01808668114244938,
        "abs_cosine": 0.01808668114244938,
        "r_squared": 0.00032712803474863397
      },
      "37": {
        "cosine": 0.012610419653356075,
        "abs_cosine": 0.012610419653356075,
        "r_squared": 0.00015902268383374916
      },
      "38": {
        "cosine": -0.011198185384273529,
        "abs_cosine": 0.011198185384273529,
        "r_squared": 0.00012539935590055729
      },
      "39": {
        "cosine": 0.021012909710407257,
        "abs_cosine": 0.021012909710407257,
        "r_squared": 0.0004415423744977276
      },
      "40": {
        "cosine": -0.008889695629477501,
        "abs_cosine": 0.008889695629477501,
        "r_squared": 7.902668838475138e-05
      }
    }
  },
  "control_profile": {
    "probe_type": "control",
    "n_layers": 35,
    "overall_mean_r2": 0.00015978903409039603,
    "overall_mean_abs_cos": 0.010869697138800153,
    "peak_layer": 25,
    "peak_cosine": -0.023193400353193283,
    "peak_abs_cosine": 0.023193400353193283,
    "peak_r2": 0.0005379338199435063,
    "onset_layer": null,
    "band_stats": {
      "early": {
        "mean_cos": -0.01071474552154541,
        "mean_abs_cos": 0.014287882670760154,
        "mean_r2": 0.00021959363955027615,
        "max_r2": 0.00043812554834167516,
        "r2_fraction": 0.1963246108491198,
        "n_layers": 5
      },
      "middle": {
        "mean_cos": -0.0077650998098154865,
        "mean_abs_cos": 0.011103528675933678,
        "mean_r2": 0.0001780741844202238,
        "max_r2": 0.0005379338199435063,
        "r2_fraction": 0.47761417448391935,
        "n_layers": 15
      },
      "late": {
        "mean_cos": 0.0030244730645790697,
        "mean_abs_cos": 0.009496470424346625,
        "mean_r2": 0.00012156901527394152,
        "max_r2": 0.00040755083378953005,
        "r2_fraction": 0.3260612146669608,
        "n_layers": 15
      }
    },
    "normalized_entropy": 0.8652959380626861,