{
  "dim_name": "4_intentions",
  "dim_id": 4,
  "reading_profile": {
    "probe_type": "reading",
    "n_layers": 35,
    "overall_mean_r2": 0.00021591683580083953,
    "overall_mean_abs_cos": 0.013045900745367232,
    "peak_layer": 10,
    "peak_cosine": -0.027748344466090202,
    "peak_abs_cosine": 0.027748344466090202,
    "peak_r2": 0.0007699706206087988,
    "onset_layer": null,
    "band_stats": {
      "early": {
        "mean_cos": -0.005239926092326641,
        "mean_abs_cos": 0.02060490343719721,
        "mean_r2": 0.0004496991521676966,
        "max_r2": 0.0007699706206087988,
        "r2_fraction": 0.2975346308020825,
        "n_layers": 5
      },
      "middle": {
        "mean_cos": -0.0007972974514511103,
        "mean_abs_cos": 0.011096234172388602,
        "mean_r2": 0.00017412861039556147,
        "max_r2": 0.0005987349375753993,
        "r2_fraction": 0.3456263474573081,
        "n_layers": 15
      },
      "late": {
        "mean_cos": 0.0024641158912951746,
        "mean_abs_cos": 0.012475899754402537,
        "mean_r2": 0.00017977762241716525,
        "max_r2": 0.00043882487954297403,
        "r2_fraction": 0.3568390217406095,
        "n_layers": 15
      }
    },
    "normalized_entropy": 0.8925860721412373,
    "near_peak_layers": [
      6,
      10,
      12,
      16
    ],
    "near_peak_fraction": 0.11428571428571428,
    "sign_consistency": 0.5428571428571428,
    "dominant_sign": "positive",
    "profile_type": "negligible",
    "per_layer": {
      "6": {
        "cosine": 0.024490520358085632,
        "abs_cosine": 0.024490520358085632,
        "r_squared": 0.0005997855874098068
      },
      "7": {
        "cosine": -0.020082976669073105,
        "abs_cosine": 0.020082976669073105,
        "r_squared": 0.00040332595189053466
      },
      "8": {
        "cosine": -0.016780752688646317,
        "abs_cosine": 0.016780752688646317,
        "r_squared": 0.0002815936607975106
      },
      "9": {
        "cosine": 0.013921923004090786,
        "abs_cosine": 0.013921923004090786,
        "r_squared": 0.00019381994013183221
      },
      "10": {
        "cosine": -0.027748344466090202,
        "abs_cosine": 0.027748344466090202,
        "r_squared": 0.0007699706206087988
      },
      "11": {
        "cosine": 0.0039711142890155315,
        "abs_cosine": 0.0039711142890155315,
        "r_squared": 1.576974869642333e-05
      },
      "12": {
        "cosine": -0.024469060823321342,
        "abs_cosine": 0.024469060823321342,
        "r_squared": 0.0005987349375753993
      },
      "13": {
        "cosine": 0.0040477486327290535,
        "abs_cosine": 0.0040477486327290535,
        "r_squared": 1.6384268993759922e-05
      },
      "14": {
        "cosine": -0.01105053536593914,
        "abs_cosine": 0.01105053536593914,
        "r_squared": 0.0001221143318738717
      },
      "15": {
        "cosine": -0.015671435743570328,
        "abs_cosine": 0.015671435743570328,
        "r_squared": 0.00024559389826485367
      },
      "16": {
        "cosine": -0.024457933381199837,
        "abs_cosine": 0.024457933381199837,
        "r_squared": 0.0005981905052792093
      },
      "17": {
        "cosine": -0.009516403079032898,
        "abs_cosine": 0.009516403079032898,
        "r_squared": 9.056192756262682e-05
      },
      "18": {
        "cosine": 0.008834336884319782,
        "abs_cosine": 0.008834336884319782,
        "r_squared": 7.804550818565296e-05
      },
      "19": {
        "cosine": -0.003918338567018509,
        "abs_cosine": 0.003918338567018509,
        "r_squared": 1.5353377125784662e-05
      },
      "20": {
        "cosine": -0.00011778021871577948,
        "abs_cosine": 0.00011778021871577948,
        "r_squared": 1.3872179920736852e-08
      },
      "21": {
        "cosine": 0.011159177869558334,
        "abs_cosine": 0.011159177869558334,
        "r_squared": 0.00012452725072444049
      },
      "22": {
        "cosine": 0.013952447101473808,
        "abs_cosine": 0.013952447101473808,
        "r_squared": 0.00019467078011942487
      },
      "23": {
        "cosine": 0.016929512843489647,
        "abs_cosine": 0.016929512843489647,
        "r_squared": 0.0002866084051178809
      },
      "24": {
        "cosine": 0.0038333607371896505,
        "abs_cosine": 0.0038333607371896505,
        "r_squared": 1.4694654541427181e-05
      },
      "25": {
        "cosine": 0.014514327049255371,
        "abs_cosine": 0.014514327049255371,
        "r_squared": 0.00021066568969274613
      },
      "26": {
        "cosine": 0.018159128725528717,
        "abs_cosine": 0.018159128725528717,
        "r_squared": 0.0003297539560703222
      },
      "27": {
        "cosine": 0.009485078975558281,
        "abs_cosine": 0.009485078975558281,
        "r_squared": 8.996672317257773e-05
      },
      "28": {
        "cosine": 0.01327590737491846,
        "abs_cosine": 0.01327590737491846,
        "r_squared": 0.00017624971662741438
      },
      "29": {
        "cosine": 0.0009919613366946578,
        "abs_cosine": 0.0009919613366946578,
        "r_squared": 9.839872934970523e-07
      },
      "30": {
        "cosine": -0.009131554514169693,
        "abs_cosine": 0.009131554514169693,
        "r_squared": 8.33852878452529e-05
      },
      "31": {
        "cosine": 0.013233611360192299,
        "abs_cosine": 0.013233611360192299,
        "r_squared": 0.00017512846963261067
      },
      "32": {
        "cosine": 0.009359796531498432,
        "abs_cosine": 0.009359796531498432,
        "r_squared": 8.760579111105008e-05
      },
      "33": {
        "cosine": -0.013014016672968864,
        "abs_cosine": 0.013014016672968864,
        "r_squared": 0.0001693646299643116
      },
      "34": {
        "cosine": 0.01646958850324154,
        "abs_cosine": 0.01646958850324154,
        "r_squared": 0.0002712473454661059
      },
      "35": {
        "cosine": -0.008443942293524742,
        "abs_cosine": 0.008443942293524742,
        "r_squared": 7.130016145637588e-05
      },
      "36": {
        "cosine": -0.020948147401213646,
        "abs_cosine": 0.020948147401213646,
        "r_squared": 0.00043882487954297403
      },
      "37": {
        "cosine": 0.01096018310636282,
        "abs_cosine": 0.01096018310636282,
        "r_squared": 0.00012012561372500095
      },
      "38": {
        "cosine": -0.012408589944243431,
        "abs_cosine": 0.012408589944243431,
        "r_squared": 0.0001539731044043792
      },
      "39": {
        "cosine": 0.02011486142873764,
        "abs_cosine": 0.02011486142873764,
        "r_squared": 0.00040460765029731727
      },
      "40": {
        "cosine": -0.011142128147184849,
        "abs_cosine": 0.011142128147184849,
        "r_squared": 0.00012414701964828887
      }
    }
  },
  "control_profile": {
    "probe_type": "control",
    "n_layers": 35,
    "overall_mean_r2": 0.00016154650778530704,
    "overall_mean_abs_cos": 0.010951066793807383,
    "peak_layer": 25,
    "peak_cosine": -0.02381105162203312,
    "peak_abs_cosine": 0.02381105162203312,
    "peak_r2": 0.000566966179347126,
    "onset_layer": null,
    "band_stats": {
      "early": {
        "mean_cos": -0.009755289927124978,
        "mean_abs_cos": 0.013915104791522026,
        "mean_r2": 0.00020783688075126338,
        "max_r2": 0.00042706667546113866,
        "r2_fraction": 0.18379216840716284,
        "n_layers": 5
      },
      "middle": {
        "mean_cos": -0.007388731460863104,
        "mean_abs_cos": 0.010872459857879827,
        "mean_r2": 0.00017536074421499258,
        "max_r2": 0.000566966179347126,
        "r2_fraction": 0.4652196181389921,
        "n_layers": 15
      },
      "late": {
        "mean_cos": 0.003311648095647494,
        "mean_abs_cos": 0.010041661063830058,
        "mean_r2": 0.00013230214703363605,
        "max_r2": 0.00042440744358219,
        "r2_fraction": 0.35098821345384507,
        "n_layers": 15
      }
    },
    "normalized_entropy": 0.8683479538885577,