{
  "dim_name": "7_social",
  "dim_id": 7,
  "reading_profile": {
    "probe_type": "reading",
    "n_layers": 35,
    "overall_mean_r2": 0.00020542443686392042,
    "overall_mean_abs_cos": 0.012097281931034688,
    "peak_layer": 10,
    "peak_cosine": -0.03009261190891266,
    "peak_abs_cosine": 0.03009261190891266,
    "peak_r2": 0.000905565291500432,
    "onset_layer": null,
    "band_stats": {
      "early": {
        "mean_cos": -0.0059318989515304565,
        "mean_abs_cos": 0.021294064819812775,
        "mean_r2": 0.0004823239386689326,
        "max_r2": 0.000905565291500432,
        "r2_fraction": 0.3354197819001023,
        "n_layers": 5
      },
      "middle": {
        "mean_cos": -0.0008386509687018891,
        "mean_abs_cos": 0.010033518149672698,
        "mean_r2": 0.00015027454338331764,
        "max_r2": 0.0005786409829124407,
        "r2_fraction": 0.31351370225914443,
        "n_layers": 15
      },
      "late": {
        "mean_cos": -0.00021166223256538312,
        "mean_abs_cos": 0.011095451416137318,
        "mean_r2": 0.00016827449640951914,
        "max_r2": 0.0007214306129015337,
        "r2_fraction": 0.35106651584075327,
        "n_layers": 15
      }
    },
    "normalized_entropy": 0.8530239056468654,
    "near_peak_layers": [
      10,
      36
    ],
    "near_peak_fraction": 0.05714285714285714,
    "sign_consistency": 0.5428571428571428,
    "dominant_sign": "positive",
    "profile_type": "negligible",
    "per_layer": {
      "6": {
        "cosine": 0.024001795798540115,
        "abs_cosine": 0.024001795798540115,
        "r_squared": 0.0005760862015548179
      },
      "7": {
        "cosine": -0.019868269562721252,
        "abs_cosine": 0.019868269562721252,
        "r_squared": 0.00039474813541695575
      },
      "8": {
        "cosine": -0.018104027956724167,
        "abs_cosine": 0.018104027956724167,
        "r_squared": 0.0003277558282578502
      },
      "9": {
        "cosine": 0.01440361887216568,
        "abs_cosine": 0.01440361887216568,
        "r_squared": 0.00020746423661460733
      },
      "10": {
        "cosine": -0.03009261190891266,
        "abs_cosine": 0.03009261190891266,
        "r_squared": 0.000905565291500432
      },
      "11": {
        "cosine": 0.0013933144509792328,
        "abs_cosine": 0.0013933144509792328,
        "r_squared": 1.941325159307561e-06
      },
      "12": {
        "cosine": -0.024054957553744316,
        "abs_cosine": 0.024054957553744316,
        "r_squared": 0.0005786409829124407
      },
      "13": {
        "cosine": 0.0038777687586843967,
        "abs_cosine": 0.0038777687586843967,
        "r_squared": 1.5037090545828727e-05
      },
      "14": {
        "cosine": -0.016374962404370308,
        "abs_cosine": 0.016374962404370308,
        "r_squared": 0.000268139393744541
      },
      "15": {
        "cosine": -0.01097326073795557,
        "abs_cosine": 0.01097326073795557,
        "r_squared": 0.00012041245122315723
      },
      "16": {
        "cosine": -0.018576061353087425,
        "abs_cosine": 0.018576061353087425,
        "r_squared": 0.0003450700553936682
      },
      "17": {
        "cosine": -0.007874804548919201,
        "abs_cosine": 0.007874804548919201,
        "r_squared": 6.201254668367854e-05
      },
      "18": {
        "cosine": 0.0005540302372537553,
        "abs_cosine": 0.0005540302372537553,
        "r_squared": 3.069495037914524e-07
      },
      "19": {
        "cosine": -0.0036872217897325754,
        "abs_cosine": 0.0036872217897325754,
        "r_squared": 1.3595604526678697e-05
      },
      "20": {
        "cosine": 0.0008217343129217625,
        "abs_cosine": 0.0008217343129217625,
        "r_squared": 6.75247281033001e-07
      },
      "21": {
        "cosine": 0.009589347057044506,
        "abs_cosine": 0.009589347057044506,
        "r_squared": 9.195557698044813e-05
      },
      "22": {
        "cosine": 0.012132427655160427,
        "abs_cosine": 0.012132427655160427,
        "r_squared": 0.00014719580080770154
      },
      "23": {
        "cosine": 0.01615951769053936,
        "abs_cosine": 0.01615951769053936,
        "r_squared": 0.00026113001199085453
      },
      "24": {
        "cosine": 0.007241217885166407,
        "abs_cosine": 0.007241217885166407,
        "r_squared": 5.2435236460453847e-05
      },
      "25": {
        "cosine": 0.017192145809531212,
        "abs_cosine": 0.017192145809531212,
        "r_squared": 0.0002955698775361816
      },
      "26": {
        "cosine": 0.015590815804898739,
        "abs_cosine": 0.015590815804898739,
        "r_squared": 0.0002430735374622803
      },
      "27": {
        "cosine": 0.0077573200687766075,
        "abs_cosine": 0.0077573200687766075,
        "r_squared": 6.017601464944431e-05
      },
      "28": {
        "cosine": 0.004917208105325699,
        "abs_cosine": 0.004917208105325699,
        "r_squared": 2.417893555108075e-05
      },
      "29": {
        "cosine": -0.0025378388818353415,
        "abs_cosine": 0.0025378388818353415,
        "r_squared": 6.440626190155256e-06
      },
      "30": {
        "cosine": -0.007504511158913374,
        "abs_cosine": 0.007504511158913374,
        "r_squared": 5.631768773425535e-05
      },
      "31": {
        "cosine": 0.01971280202269554,
        "abs_cosine": 0.01971280202269554,
        "r_squared": 0.00038859456358598943
      },
      "32": {
        "cosine": 0.009758786298334599,
        "abs_cosine": 0.009758786298334599,
        "r_squared": 9.52339100165631e-05
      },
      "33": {
        "cosine": -0.010201578959822655,
        "abs_cosine": 0.010201578959822655,
        "r_squared": 0.00010407221327349628
      },
      "34": {
        "cosine": 0.0012878522975370288,
        "abs_cosine": 0.0012878522975370288,
        "r_squared": 1.6585635402714037e-06
      },
      "35": {
        "cosine": -0.013143462128937244,
        "abs_cosine": 0.013143462128937244,
        "r_squared": 0.00017275059673480756
      },
      "36": {
        "cosine": -0.026859460398554802,
        "abs_cosine": 0.026859460398554802,
        "r_squared": 0.0007214306129015337
      },
      "37": {
        "cosine": 0.005070022772997618,
        "abs_cosine": 0.005070022772997618,
        "r_squared": 2.5705130918714453e-05
      },
      "38": {
        "cosine": -0.015066319145262241,
        "abs_cosine": 0.015066319145262241,
        "r_squared": 0.00022699397258689556
      },
      "39": {
        "cosine": 0.01753361150622368,
        "abs_cosine": 0.01753361150622368,
        "r_squared": 0.0003074275324511794
      },
      "40": {
        "cosine": -0.0094901816919446,
        "abs_cosine": 0.0094901816919446,
        "r_squared": 9.006354854612045e-05
      }
    }
  },
  "control_profile": {
    "probe_type": "control",
    "n_layers": 35,
    "overall_mean_r2": 0.00015754633879534914,
    "overall_mean_abs_cos": 0.011086374749096909,
    "peak_layer": 15,
    "peak_cosine": -0.022419871762394905,
    "peak_abs_cosine": 0.022419871762394905,
    "peak_r2": 0.0005026506498422324,
    "onset_layer": null,
    "band_stats": {
      "early": {
        "mean_cos": -0.009439077787101268,
        "mean_abs_cos": 0.013785471580922604,
        "mean_r2": 0.00020392155839631405,
        "max_r2": 0.0004082565689293022,
        "r2_fraction": 0.18490846199425243,
        "n_layers": 5
      },
      "middle": {
        "mean_cos": -0.008008995601752151,
        "mean_abs_cos": 0.011549014027696102,
        "mean_r2": 0.00018415223148913774,
        "max_r2": 0.0005026506498422324,
        "r2_fraction": 0.5009471215096623,
        "n_layers": 15
      },
      "late": {
        "mean_cos": 0.0010127283787975708,
        "mean_abs_cos": 0.009724036526555816,
        "mean_r2": 0.0001154820395679056,
        "max_r2": 0.0002948510814854456,
        "r2_fraction": 0.3141444164960854,
        "n_layers": 15
      }
    },
    "normalized_entropy": 0.8852822525763088,