{
  "dim_name": "11_formality",
  "dim_id": 11,
  "reading_profile": {
    "probe_type": "reading",
    "n_layers": 35,
    "overall_mean_r2": 0.0003330889911532467,
    "overall_mean_abs_cos": 0.015159862787030371,
    "peak_layer": 7,
    "peak_cosine": -0.04535527154803276,
    "peak_abs_cosine": 0.04535527154803276,
    "peak_r2": 0.00205710065719579,
    "onset_layer": null,
    "band_stats": {
      "early": {
        "mean_cos": -0.010228759422898293,
        "mean_abs_cos": 0.02512899674475193,
        "mean_r2": 0.000808546000092978,
        "max_r2": 0.00205710065719579,
        "r2_fraction": 0.3467739088041851,
        "n_layers": 5
      },
      "middle": {
        "mean_cos": 0.0062846274115145205,
        "mean_abs_cos": 0.01758782786006729,
        "mean_r2": 0.0003556953012223236,
        "max_r2": 0.0010808210757185521,
        "r2_fraction": 0.45765800560746017,
        "n_layers": 15
      },
      "late": {
        "mean_cos": 0.001994998549344018,
        "mean_abs_cos": 0.009408853061419602,
        "mean_r2": 0.00015199701143759289,
        "max_r2": 0.0008611146045494657,
        "r2_fraction": 0.19556808558835495,
        "n_layers": 15
      }
    },
    "normalized_entropy": 0.8316039295841691,
    "near_peak_layers": [
      7
    ],
    "near_peak_fraction": 0.02857142857142857,
    "sign_consistency": 0.6285714285714286,
    "dominant_sign": "positive",
    "profile_type": "negligible",
    "per_layer": {
      "6": {
        "cosine": -0.02626112662255764,
        "abs_cosine": 0.02626112662255764,
        "r_squared": 0.0006896467714860056
      },
      "7": {
        "cosine": -0.04535527154803276,
        "abs_cosine": 0.04535527154803276,
        "r_squared": 0.00205710065719579
      },
      "8": {
        "cosine": -0.016777992248535156,
        "abs_cosine": 0.016777992248535156,
        "r_squared": 0.0002815010238919058
      },
      "9": {
        "cosine": 0.005962789058685303,
        "abs_cosine": 0.005962789058685303,
        "r_squared": 3.555485335837716e-05
      },
      "10": {
        "cosine": 0.03128780424594879,
        "abs_cosine": 0.03128780424594879,
        "r_squared": 0.0009789266945328112
      },
      "11": {
        "cosine": -0.024053093045949936,
        "abs_cosine": 0.024053093045949936,
        "r_squared": 0.0005785512850771252
      },
      "12": {
        "cosine": -0.012672515586018562,
        "abs_cosine": 0.012672515586018562,
        "r_squared": 0.00016059265127788339
      },
      "13": {
        "cosine": 0.011078402400016785,
        "abs_cosine": 0.011078402400016785,
        "r_squared": 0.00012273099973669765
      },
      "14": {
        "cosine": -0.01534614060074091,
        "abs_cosine": 0.01534614060074091,
        "r_squared": 0.00023550403133770857
      },
      "15": {
        "cosine": -0.015499625355005264,
        "abs_cosine": 0.015499625355005264,
        "r_squared": 0.00024023838614552206
      },
      "16": {
        "cosine": -0.017202628776431084,
        "abs_cosine": 0.017202628776431084,
        "r_squared": 0.0002959304368196948
      },
      "17": {
        "cosine": 0.004704567138105631,
        "abs_cosine": 0.004704567138105631,
        "r_squared": 2.2132951956943406e-05
      },
      "18": {
        "cosine": 0.01019431371241808,
        "abs_cosine": 0.01019431371241808,
        "r_squared": 0.00010392403206719528
      },
      "19": {
        "cosine": 0.013958574272692204,
        "abs_cosine": 0.013958574272692204,
        "r_squared": 0.00019484179572626468
      },
      "20": {
        "cosine": 0.023421209305524826,
        "abs_cosine": 0.023421209305524826,
        "r_squared": 0.0005485530453332027
      },
      "21": {
        "cosine": 0.03287584334611893,
        "abs_cosine": 0.03287584334611893,
        "r_squared": 0.0010808210757185521
      },
      "22": {
        "cosine": 0.019847361370921135,
        "abs_cosine": 0.019847361370921135,
        "r_squared": 0.0003939177533879325
      },
      "23": {
        "cosine": 0.022013084962964058,
        "abs_cosine": 0.022013084962964058,
        "r_squared": 0.0004845759095866743
      },
      "24": {
        "cosine": 0.0163120049983263,
        "abs_cosine": 0.0163120049983263,
        "r_squared": 0.00026608150706542225
      },
      "25": {
        "cosine": 0.02463805302977562,
        "abs_cosine": 0.02463805302977562,
        "r_squared": 0.0006070336570980356
      },
      "26": {
        "cosine": 0.0016276993555948138,
        "abs_cosine": 0.0016276993555948138,
        "r_squared": 2.649405192203772e-06
      },
      "27": {
        "cosine": 0.013414811342954636,
        "abs_cosine": 0.013414811342954636,
        "r_squared": 0.00017995716336706435
      },
      "28": {
        "cosine": 0.008187873288989067,
        "abs_cosine": 0.008187873288989067,
        "r_squared": 6.704126899654064e-05
      },
      "29": {
        "cosine": -0.009819465689361095,
        "abs_cosine": 0.009819465689361095,
        "r_squared": 9.642190642453977e-05
      },
      "30": {
        "cosine": -0.021850913763046265,
        "abs_cosine": 0.021850913763046265,
        "r_squared": 0.00047746243228008467
      },
      "31": {
        "cosine": 0.029344754293560982,
        "abs_cosine": 0.029344754293560982,
        "r_squared": 0.0008611146045494657
      },
      "32": {
        "cosine": 0.00041899728239513934,
        "abs_cosine": 0.00041899728239513934,
        "r_squared": 1.7555872265451214e-07
      },
      "33": {
        "cosine": 0.015746092423796654,
        "abs_cosine": 0.015746092423796654,
        "r_squared": 0.0002479394266187464
      },
      "34": {
        "cosine": 0.00024854944786056876,
        "abs_cosine": 0.00024854944786056876,
        "r_squared": 6.177682803179359e-08
      },
      "35": {
        "cosine": -0.013400562107563019,
        "abs_cosine": 0.013400562107563019,
        "r_squared": 0.00017957506479865382
      },
      "36": {
        "cosine": -0.0025281389243900776,
        "abs_cosine": 0.0025281389243900776,
        "r_squared": 6.3914864210162185e-06
      },
      "37": {
        "cosine": 0.0036203605122864246,
        "abs_cosine": 0.0036203605122864246,
        "r_squared": 1.3107010238922823e-05
      },
      "38": {
        "cosine": -0.008004828356206417,
        "abs_cosine": 0.008004828356206417,
        "r_squared": 6.407727701232633e-05
      },
      "39": {
        "cosine": 0.0059495652094483376,
        "abs_cosine": 0.0059495652094483376,
        "r_squared": 3.539732618147804e-05
      },
      "40": {
        "cosine": 0.006970183923840523,
        "abs_cosine": 0.006970183923840523,
        "r_squared": 4.8583463932164866e-05
      }
    }
  },
  "control_profile": {
    "probe_type": "control",
    "n_layers": 35,
    "overall_mean_r2": 0.0002458343925124823,
    "overall_mean_abs_cos": 0.012072157179604151,
    "peak_layer": 7,
    "peak_cosine": -0.03617585450410843,
    "peak_abs_cosine": 0.03617585450410843,
    "peak_r2": 0.001308692449102422,
    "onset_layer": null,
    "band_stats": {
      "early": {
        "mean_cos": -0.019792096642777323,
        "mean_abs_cos": 0.02119472627528012,
        "mean_r2": 0.0006169671662498342,
        "max_r2": 0.001308692449102422,
        "r2_fraction": 0.3585265906300882,
        "n_layers": 5
      },
      "middle": {
        "mean_cos": -0.004176891311847915,
        "mean_abs_cos": 0.010861978707058977,
        "mean_r2": 0.0001688874759930099,
        "max_r2": 0.0004900322237094169,
        "r2_fraction": 0.2944272610288732,
        "n_layers": 15
      },
      "late": {
        "mean_cos": -0.006337229333197077,
        "mean_abs_cos": 0.010241479286924005,
        "mean_r2": 0.0001990703844528375,
        "max_r2": 0.0010846237428448063,
        "r2_fraction": 0.34704614834103864,
        "n_layers": 15
      }
    },
    "normalized_entropy": 0.7709714184742442,
    "near_peak_layers": [
      7,
      9,
      38
    ],