{
  "dim_name": "14_biological",
  "dim_id": 14,
  "reading_profile": {
    "probe_type": "reading",
    "n_layers": 35,
    "overall_mean_r2": 0.00019501980731750757,
    "overall_mean_abs_cos": 0.010860757518925571,
    "peak_layer": 14,
    "peak_cosine": 0.031005920842289925,
    "peak_abs_cosine": 0.031005920842289925,
    "peak_r2": 0.0009613671272783487,
    "onset_layer": null,
    "band_stats": {
      "early": {
        "mean_cos": 0.008608676167204976,
        "mean_abs_cos": 0.011565731139853597,
        "mean_r2": 0.0002321901256405732,
        "max_r2": 0.0008099991494038422,
        "r2_fraction": 0.1700853795566002,
        "n_layers": 5
      },
      "middle": {
        "mean_cos": 0.006850705142520989,
        "mean_abs_cos": 0.011601602144461745,
        "mean_r2": 0.00024099513328920458,
        "max_r2": 0.0009613671272783487,
        "r2_fraction": 0.5296058383667787,
        "n_layers": 15
      },
      "late": {
        "mean_cos": -0.005071687473294635,
        "mean_abs_cos": 0.009884921686413388,
        "mean_r2": 0.00013665437523812207,
        "max_r2": 0.0003108878233355622,
        "r2_fraction": 0.3003087820766211,
        "n_layers": 15
      }
    },
    "normalized_entropy": 0.793441169901576,
    "near_peak_layers": [
      10,
      13,
      14,
      24
    ],
    "near_peak_fraction": 0.11428571428571428,
    "sign_consistency": 0.5142857142857142,
    "dominant_sign": "negative",
    "profile_type": "negligible",
    "per_layer": {
      "6": {
        "cosine": 0.004448640160262585,
        "abs_cosine": 0.004448640160262585,
        "r_squared": 1.9790399275501115e-05
      },
      "7": {
        "cosine": -0.0073926374316215515,
        "abs_cosine": 0.0073926374316215515,
        "r_squared": 5.465108819541209e-05
      },
      "8": {
        "cosine": 0.016602898016572,
        "abs_cosine": 0.016602898016572,
        "r_squared": 0.0002756562225486904
      },
      "9": {
        "cosine": 0.0009239960927516222,
        "abs_cosine": 0.0009239960927516222,
        "r_squared": 8.537687794202644e-07
      },
      "10": {
        "cosine": 0.028460483998060226,
        "abs_cosine": 0.028460483998060226,
        "r_squared": 0.0008099991494038422
      },
      "11": {
        "cosine": -0.009731301106512547,
        "abs_cosine": 0.009731301106512547,
        "r_squared": 9.469822122561231e-05
      },
      "12": {
        "cosine": 0.004048790317028761,
        "abs_cosine": 0.004048790317028761,
        "r_squared": 1.6392703031265854e-05
      },
      "13": {
        "cosine": 0.02951880916953087,
        "abs_cosine": 0.02951880916953087,
        "r_squared": 0.0008713600947871797
      },
      "14": {
        "cosine": 0.031005920842289925,
        "abs_cosine": 0.031005920842289925,
        "r_squared": 0.0009613671272783487
      },
      "15": {
        "cosine": 0.012330178171396255,
        "abs_cosine": 0.012330178171396255,
        "r_squared": 0.0001520332937383767
      },
      "16": {
        "cosine": 0.017628410831093788,
        "abs_cosine": 0.017628410831093788,
        "r_squared": 0.0003107608684298248
      },
      "17": {
        "cosine": 0.0014431902673095465,
        "abs_cosine": 0.0014431902673095465,
        "r_squared": 2.082798147657e-06
      },
      "18": {
        "cosine": -0.0012125706998631358,
        "abs_cosine": 0.0012125706998631358,
        "r_squared": 1.470327702166575e-06
      },
      "19": {
        "cosine": -0.00034576092730276287,
        "abs_cosine": 0.00034576092730276287,
        "r_squared": 1.1955061884926647e-07
      },
      "20": {
        "cosine": -0.00012896512635052204,
        "abs_cosine": 0.00012896512635052204,
        "r_squared": 1.6632003814606115e-08
      },
      "21": {
        "cosine": 0.0016031538834795356,
        "abs_cosine": 0.0016031538834795356,
        "r_squared": 2.5701023741155163e-06
      },
      "22": {
        "cosine": 0.014273569919168949,
        "abs_cosine": 0.014273569919168949,
        "r_squared": 0.00020373479823740468
      },
      "23": {
        "cosine": -0.011475641280412674,
        "abs_cosine": 0.011475641280412674,
        "r_squared": 0.00013169034279671143
      },
      "24": {
        "cosine": 0.026540281251072884,
        "abs_cosine": 0.026540281251072884,
        "r_squared": 0.0007043865288860508
      },
      "25": {
        "cosine": -0.012737488374114037,
        "abs_cosine": 0.012737488374114037,
        "r_squared": 0.00016224361008069024
      },
      "26": {
        "cosine": -0.006602444685995579,
        "abs_cosine": 0.006602444685995579,
        "r_squared": 4.359227583163126e-05
      },
      "27": {
        "cosine": 0.017596442252397537,
        "abs_cosine": 0.017596442252397537,
        "r_squared": 0.0003096347799419613
      },
      "28": {
        "cosine": 0.0030322473030537367,
        "abs_cosine": 0.0030322473030537367,
        "r_squared": 9.19452370687666e-06
      },
      "29": {
        "cosine": -0.01473312173038721,
        "abs_cosine": 0.01473312173038721,
        "r_squared": 0.00021706487592240784
      },
      "30": {
        "cosine": -0.01763201132416725,
        "abs_cosine": 0.01763201132416725,
        "r_squared": 0.0003108878233355622
      },
      "31": {
        "cosine": -0.0028240664396435022,
        "abs_cosine": 0.0028240664396435022,
        "r_squared": 7.975351255520727e-06
      },
      "32": {
        "cosine": -0.0025690605398267508,
        "abs_cosine": 0.0025690605398267508,
        "r_squared": 6.600072057294916e-06
      },
      "33": {
        "cosine": 0.0011782970977947116,
        "abs_cosine": 0.0011782970977947116,
        "r_squared": 1.3883840506714401e-06
      },
      "34": {
        "cosine": 0.014292269945144653,
        "abs_cosine": 0.014292269945144653,
        "r_squared": 0.00020426898018488515
      },
      "35": {
        "cosine": -0.0020517315715551376,
        "abs_cosine": 0.0020517315715551376,
        "r_squared": 4.209602441716115e-06
      },
      "36": {
        "cosine": -0.016802096739411354,
        "abs_cosine": 0.016802096739411354,
        "r_squared": 0.00028231045484053766
      },
      "37": {
        "cosine": -0.013955021277070045,
        "abs_cosine": 0.013955021277070045,
        "r_squared": 0.00019474261884347768
      },
      "38": {
        "cosine": -0.016774985939264297,
        "abs_cosine": 0.016774985939264297,
        "r_squared": 0.0002814001532625149
      },
      "39": {
        "cosine": -0.011393035762012005,
        "abs_cosine": 0.011393035762012005,
        "r_squared": 0.00012980126387448446
      },
      "40": {
        "cosine": -0.006836992688477039,
        "abs_cosine": 0.006836992688477039,
        "r_squared": 4.6744469022288494e-05
      }
    }
  },
  "control_profile": {
    "probe_type": "control",
    "n_layers": 35,
    "overall_mean_r2": 0.00044200476553880457,
    "overall_mean_abs_cos": 0.014615644645943705,
    "peak_layer": 6,
    "peak_cosine": 0.08579540252685547,
    "peak_abs_cosine": 0.08579540252685547,
    "peak_r2": 0.007360851094745158,
    "onset_layer": 6,
    "band_stats": {
      "early": {
        "mean_cos": 0.01939158095046878,
        "mean_abs_cos": 0.027357097808271648,
        "mean_r2": 0.0016213423805745582,
        "max_r2": 0.007360851094745158,
        "r2_fraction": 0.5240222688543508,
        "n_layers": 5
      },
      "middle": {
        "mean_cos": 0.0027539703451717893,
        "mean_abs_cos": 0.01455256031670918,
        "mean_r2": 0.0003191254577663652,
        "max_r2": 0.0019715388884736923,
        "r2_fraction": 0.3094266487414943,
        "n_layers": 15
      },
      "late": {
        "mean_cos": 0.0016644521344763537,
        "mean_abs_cos": 0.010431577921068916,
        "mean_r2": 0.00017177153496599263,
        "max_r2": 0.0006341189300256844,
        "r2_fraction": 0.16655108240415478,
        "n_layers": 15
      }
    },
    "normalized_entropy": 0.6120088416953646,