{
  "dim_name": "15_shapes",
  "dim_id": 15,
  "reading_profile": {
    "probe_type": "reading",
    "n_layers": 35,
    "overall_mean_r2": 0.00027466894438669416,
    "overall_mean_abs_cos": 0.013913843394922359,
    "peak_layer": 8,
    "peak_cosine": -0.04194436967372894,
    "peak_abs_cosine": 0.04194436967372894,
    "peak_r2": 0.0017593301473264322,
    "onset_layer": null,
    "band_stats": {
      "early": {
        "mean_cos": -0.016720175370574,
        "mean_abs_cos": 0.021020596474409105,
        "mean_r2": 0.0006101950851363283,
        "max_r2": 0.0017593301473264322,
        "r2_fraction": 0.3173665178736884,
        "n_layers": 5
      },
      "middle": {
        "mean_cos": 0.004709344233075777,
        "mean_abs_cos": 0.015004540234804154,
        "mean_r2": 0.00029068732160939073,
        "max_r2": 0.0011883824702078188,
        "r2_fraction": 0.45356522182700004,
        "n_layers": 15
      },
      "late": {
        "mean_cos": -0.0009823415117959182,
        "mean_abs_cos": 0.010454228861878316,
        "mean_r2": 0.000146808520247453,
        "max_r2": 0.000514095827247596,
        "r2_fraction": 0.22906826029931168,
        "n_layers": 15
      }
    },
    "normalized_entropy": 0.825537030975437,
    "near_peak_layers": [
      8,
      12
    ],
    "near_peak_fraction": 0.05714285714285714,
    "sign_consistency": 0.5428571428571428,
    "dominant_sign": "negative",
    "profile_type": "negligible",
    "per_layer": {
      "6": {
        "cosine": -0.026504328474402428,
        "abs_cosine": 0.026504328474402428,
        "r_squared": 0.0007024794278790193
      },
      "7": {
        "cosine": 0.010751052759587765,
        "abs_cosine": 0.010751052759587765,
        "r_squared": 0.00011558513543943969
      },
      "8": {
        "cosine": -0.04194436967372894,
        "abs_cosine": 0.04194436967372894,
        "r_squared": 0.0017593301473264322
      },
      "9": {
        "cosine": -0.021261008456349373,
        "abs_cosine": 0.021261008456349373,
        "r_squared": 0.00045203048058095954
      },
      "10": {
        "cosine": -0.004642223007977009,
        "abs_cosine": 0.004642223007977009,
        "r_squared": 2.1550234455791108e-05
      },
      "11": {
        "cosine": -0.0074954163283109665,
        "abs_cosine": 0.0074954163283109665,
        "r_squared": 5.618126593471065e-05
      },
      "12": {
        "cosine": -0.03447292372584343,
        "abs_cosine": 0.03447292372584343,
        "r_squared": 0.0011883824702078188
      },
      "13": {
        "cosine": -0.008162242360413074,
        "abs_cosine": 0.008162242360413074,
        "r_squared": 6.66222003501216e-05
      },
      "14": {
        "cosine": -0.00481885252520442,
        "abs_cosine": 0.00481885252520442,
        "r_squared": 2.3221339659669016e-05
      },
      "15": {
        "cosine": 0.016934547573328018,
        "abs_cosine": 0.016934547573328018,
        "r_squared": 0.00028677890151330987
      },
      "16": {
        "cosine": 0.016067834571003914,
        "abs_cosine": 0.016067834571003914,
        "r_squared": 0.00025817530780114853
      },
      "17": {
        "cosine": 0.009591737762093544,
        "abs_cosine": 0.009591737762093544,
        "r_squared": 9.200143329677127e-05
      },
      "18": {
        "cosine": 0.009648803621530533,
        "abs_cosine": 0.009648803621530533,
        "r_squared": 9.309941132686073e-05
      },
      "19": {
        "cosine": -0.005247932393103838,
        "abs_cosine": 0.005247932393103838,
        "r_squared": 2.7540794402588576e-05
      },
      "20": {
        "cosine": 0.011968276463449001,
        "abs_cosine": 0.011968276463449001,
        "r_squared": 0.00014323964150554733
      },
      "21": {
        "cosine": 0.014662183821201324,
        "abs_cosine": 0.014662183821201324,
        "r_squared": 0.00021497963440669787
      },
      "22": {
        "cosine": 0.01870310865342617,
        "abs_cosine": 0.01870310865342617,
        "r_squared": 0.0003498062733018649
      },
      "23": {
        "cosine": 0.026982158422470093,
        "abs_cosine": 0.026982158422470093,
        "r_squared": 0.0007280368731352738
      },
      "24": {
        "cosine": -0.01701660268008709,
        "abs_cosine": 0.01701660268008709,
        "r_squared": 0.0002895647667719471
      },
      "25": {
        "cosine": 0.023295482620596886,
        "abs_cosine": 0.023295482620596886,
        "r_squared": 0.0005426795105265315
      },
      "26": {
        "cosine": -0.007133311126381159,
        "abs_cosine": 0.007133311126381159,
        "r_squared": 5.088412762575324e-05
      },
      "27": {
        "cosine": 0.0031975209712982178,
        "abs_cosine": 0.0031975209712982178,
        "r_squared": 1.0224140361891898e-05
      },
      "28": {
        "cosine": -0.010258721187710762,
        "abs_cosine": 0.010258721187710762,
        "r_squared": 0.00010524136040718571
      },
      "29": {
        "cosine": -0.011717541143298149,
        "abs_cosine": 0.011717541143298149,
        "r_squared": 0.0001373007704448849
      },
      "30": {
        "cosine": -0.021944504231214523,
        "abs_cosine": 0.021944504231214523,
        "r_squared": 0.0004815612659537921
      },
      "31": {
        "cosine": 0.022673681378364563,
        "abs_cosine": 0.022673681378364563,
        "r_squared": 0.000514095827247596
      },
      "32": {
        "cosine": -0.0012453538365662098,
        "abs_cosine": 0.0012453538365662098,
        "r_squared": 1.550906178250178e-06
      },
      "33": {
        "cosine": 0.01641681045293808,
        "abs_cosine": 0.01641681045293808,
        "r_squared": 0.000269511665447697
      },
      "34": {
        "cosine": -0.010425209067761898,
        "abs_cosine": 0.010425209067761898,
        "r_squared": 0.0001086849841065449
      },
      "35": {
        "cosine": -0.003201461862772703,
        "abs_cosine": 0.003201461862772703,
        "r_squared": 1.0249358058788067e-05
      },
      "36": {
        "cosine": -0.006590705364942551,
        "abs_cosine": 0.006590705364942551,
        "r_squared": 4.343739720748252e-05
      },
      "37": {
        "cosine": 0.011622508056461811,
        "abs_cosine": 0.011622508056461811,
        "r_squared": 0.0001350826935225197
      },
      "38": {
        "cosine": 0.006130416877567768,
        "abs_cosine": 0.006130416877567768,
        "r_squared": 3.758201109276774e-05
      },
      "39": {
        "cosine": 0.010998217388987541,
        "abs_cosine": 0.010998217388987541,
        "r_squared": 0.00012096078573542793
      },
      "40": {
        "cosine": -0.013257469981908798,
        "abs_cosine": 0.013257469981908798,
        "r_squared": 0.00017576051032121287
      }
    }
  },
  "control_profile": {
    "probe_type": "control",
    "n_layers": 35,
    "overall_mean_r2": 0.0006127744907225536,
    "overall_mean_abs_cos": 0.021110517867574733,
    "peak_layer": 17,
    "peak_cosine": 0.04449791833758354,
    "peak_abs_cosine": 0.04449791833758354,
    "peak_r2": 0.0019800647363782536,
    "onset_layer": null,
    "band_stats": {
      "early": {
        "mean_cos": -0.009446562314406038,
        "mean_abs_cos": 0.0190003318246454,
        "mean_r2": 0.00047936992122312615,
        "max_r2": 0.0010308275891015573,
        "r2_fraction": 0.11175631223949861,
        "n_layers": 5
      },
      "middle": {
        "mean_cos": 0.026303732426216204,
        "mean_abs_cos": 0.02710549021139741,
        "mean_r2": 0.0008671193708681801,
        "max_r2": 0.0019800647363782536,
        "r2_fraction": 0.6064589716793453,
        "n_layers": 15
      },
      "late": {
        "mean_cos": 0.013462662518334886,
        "mean_abs_cos": 0.01581894087139517,
        "mean_r2": 0.0004028978004100697,
        "max_r2": 0.001803463962710486,
        "r2_fraction": 0.28178471608115624,
        "n_layers": 15
      }
    },
    "normalized_entropy": 0.8637952886879706,