{
  "dim_name": "17_attention",
  "dim_id": 17,
  "reading_profile": {
    "probe_type": "reading",
    "n_layers": 35,
    "overall_mean_r2": 0.00040253317627147843,
    "overall_mean_abs_cos": 0.016585731267800188,
    "peak_layer": 15,
    "peak_cosine": 0.0415458083152771,
    "peak_abs_cosine": 0.0415458083152771,
    "peak_r2": 0.0017260541885697478,
    "onset_layer": null,
    "band_stats": {
      "early": {
        "mean_cos": -0.0015383464284241199,
        "mean_abs_cos": 0.009513238910585642,
        "mean_r2": 0.00013611635131873242,
        "max_r2": 0.0004374168798672168,
        "r2_fraction": 0.048307056888197655,
        "n_layers": 5
      },
      "middle": {
        "mean_cos": 0.017617853717577722,
        "mean_abs_cos": 0.01950480477171368,
        "mean_r2": 0.0005459760914561303,
        "max_r2": 0.0017260541885697478,
        "r2_fraction": 0.5812930890530875,
        "n_layers": 15
      },
      "late": {
        "mean_cos": 0.006039399358754357,
        "mean_abs_cos": 0.016024155216291545,
        "mean_r2": 0.0003478958694044086,
        "max_r2": 0.0013379838477425299,
        "r2_fraction": 0.3703998540587148,
        "n_layers": 15
      }
    },
    "normalized_entropy": 0.8337526960548767,
    "near_peak_layers": [
      15,
      16,
      21,
      23,
      27
    ],
    "near_peak_fraction": 0.14285714285714285,
    "sign_consistency": 0.6857142857142857,
    "dominant_sign": "positive",
    "profile_type": "negligible",
    "per_layer": {
      "6": {
        "cosine": 0.001024086493998766,
        "abs_cosine": 0.001024086493998766,
        "r_squared": 1.0487531471906845e-06
      },
      "7": {
        "cosine": -0.020914513617753983,
        "abs_cosine": 0.020914513617753983,
        "r_squared": 0.0004374168798672168
      },
      "8": {
        "cosine": 0.006441711913794279,
        "abs_cosine": 0.006441711913794279,
        "r_squared": 4.1495652380319154e-05
      },
      "9": {
        "cosine": 0.01247143279761076,
        "abs_cosine": 0.01247143279761076,
        "r_squared": 0.00015553663602532134
      },
      "10": {
        "cosine": -0.006714449729770422,
        "abs_cosine": 0.006714449729770422,
        "r_squared": 4.508383517361409e-05
      },
      "11": {
        "cosine": -0.005785784684121609,
        "abs_cosine": 0.005785784684121609,
        "r_squared": 3.3475304411016184e-05
      },
      "12": {
        "cosine": -0.008366348221898079,
        "abs_cosine": 0.008366348221898079,
        "r_squared": 6.999578257005715e-05
      },
      "13": {
        "cosine": 0.004098278935998678,
        "abs_cosine": 0.004098278935998678,
        "r_squared": 1.6795890237250458e-05
      },
      "14": {
        "cosine": 0.023099778220057487,
        "abs_cosine": 0.023099778220057487,
        "r_squared": 0.0005335997538158423
      },
      "15": {
        "cosine": 0.0415458083152771,
        "abs_cosine": 0.0415458083152771,
        "r_squared": 0.0017260541885697478
      },
      "16": {
        "cosine": 0.03346405550837517,
        "abs_cosine": 0.03346405550837517,
        "r_squared": 0.0011198430110676144
      },
      "17": {
        "cosine": 0.021618857979774475,
        "abs_cosine": 0.021618857979774475,
        "r_squared": 0.0004673750203496585
      },
      "18": {
        "cosine": 0.005738564766943455,
        "abs_cosine": 0.005738564766943455,
        "r_squared": 3.293112558440479e-05
      },
      "19": {
        "cosine": 4.622459891834296e-05,
        "abs_cosine": 4.622459891834296e-05,
        "r_squared": 2.1367135451616734e-09
      },
      "20": {
        "cosine": 0.01154360082000494,
        "abs_cosine": 0.01154360082000494,
        "r_squared": 0.00013325471989161872
      },
      "21": {
        "cosine": 0.03739108145236969,
        "abs_cosine": 0.03739108145236969,
        "r_squared": 0.0013980929721777446
      },
      "22": {
        "cosine": 0.022236568853259087,
        "abs_cosine": 0.022236568853259087,
        "r_squared": 0.0004944649943657321
      },
      "23": {
        "cosine": 0.033704861998558044,
        "abs_cosine": 0.033704861998558044,
        "r_squared": 0.0011360177223418422
      },
      "24": {
        "cosine": 0.016366256400942802,
        "abs_cosine": 0.016366256400942802,
        "r_squared": 0.00026785434858140125
      },
      "25": {
        "cosine": 0.027566000819206238,
        "abs_cosine": 0.027566000819206238,
        "r_squared": 0.000759884401164479
      },
      "26": {
        "cosine": -0.0009899602737277746,
        "abs_cosine": 0.0009899602737277746,
        "r_squared": 9.800213435591705e-07
      },
      "27": {
        "cosine": 0.0365784615278244,
        "abs_cosine": 0.0365784615278244,
        "r_squared": 0.0013379838477425299
      },
      "28": {
        "cosine": 0.015505178831517696,
        "abs_cosine": 0.015505178831517696,
        "r_squared": 0.00024041057059734448
      },
      "29": {
        "cosine": -0.00898800604045391,
        "abs_cosine": 0.00898800604045391,
        "r_squared": 8.078425258323599e-05
      },
      "30": {
        "cosine": -0.014645028859376907,
        "abs_cosine": 0.014645028859376907,
        "r_squared": 0.00021447687029198248
      },
      "31": {
        "cosine": 0.03272538632154465,
        "abs_cosine": 0.03272538632154465,
        "r_squared": 0.0010709509098943415
      },
      "32": {
        "cosine": 0.01112770289182663,
        "abs_cosine": 0.01112770289182663,
        "r_squared": 0.00012382577164876674
      },
      "33": {
        "cosine": 0.014792361296713352,
        "abs_cosine": 0.014792361296713352,
        "r_squared": 0.00021881395273250313
      },
      "34": {
        "cosine": 0.01430998183786869,
        "abs_cosine": 0.01430998183786869,
        "r_squared": 0.00020477558020013178
      },
      "35": {
        "cosine": 0.020513812080025673,
        "abs_cosine": 0.020513812080025673,
        "r_squared": 0.0004208164860546072
      },
      "36": {
        "cosine": -0.02545473724603653,
        "abs_cosine": 0.02545473724603653,
        "r_squared": 0.0006479436482647594
      },
      "37": {
        "cosine": -0.009858435951173306,
        "abs_cosine": 0.009858435951173306,
        "r_squared": 9.718875940338632e-05
      },
      "38": {
        "cosine": -0.012513936497271061,
        "abs_cosine": 0.012513936497271061,
        "r_squared": 0.0001565986066577327
      },
      "39": {
        "cosine": 0.019923774525523186,
        "abs_cosine": 0.019923774525523186,
        "r_squared": 0.00039695679134388664
      },
      "40": {
        "cosine": -0.002435564063489437,
        "abs_cosine": 0.002435564063489437,
        "r_squared": 5.931972307361179e-06
      }
    }
  },
  "control_profile": {
    "probe_type": "control",
    "n_layers": 35,
    "overall_mean_r2": 0.0010850151878283028,
    "overall_mean_abs_cos": 0.02345205327396148,
    "peak_layer": 6,
    "peak_cosine": 0.12464448809623718,
    "peak_abs_cosine": 0.12464448809623718,
    "peak_r2": 0.015536248412773013,
    "onset_layer": 6,
    "band_stats": {
      "early": {
        "mean_cos": 0.04054225329309702,
        "mean_abs_cos": 0.04054225329309702,
        "mean_r2": 0.0035400953749710464,
        "max_r2": 0.015536248412773013,
        "r2_fraction": 0.46610214896842345,
        "n_layers": 5
      },
      "middle": {
        "mean_cos": 0.0230417227682968,
        "mean_abs_cos": 0.02611176436766982,
        "mean_r2": 0.0010155265463919442,
        "max_r2": 0.005921866467979209,
        "r2_fraction": 0.4011240281442738,
        "n_layers": 15
      },
      "late": {
        "mean_cos": 0.011397356171316157,
        "mean_abs_cos": 0.015095608840541293,
        "mean_r2": 0.0003361437668837461,
        "max_r2": 0.001157064566854174,
        "r2_fraction": 0.1327738228873025,
        "n_layers": 15
      }
    },
    "normalized_entropy": 0.6509316916408734,
    "near_peak_layers": [
      6
    ],