{
  "dim_name": "18_sysprompt_labeled",
  "dim_id": 18,
  "reading_profile": {
    "probe_type": "reading",
    "n_layers": 35,
    "overall_mean_r2": 0.0005554816252518025,
    "overall_mean_abs_cos": 0.020044426227520618,
    "peak_layer": 15,
    "peak_cosine": 0.051381707191467285,
    "peak_abs_cosine": 0.051381707191467285,
    "peak_r2": 0.002640079833909681,
    "onset_layer": 15,
    "band_stats": {
      "early": {
        "mean_cos": 0.011789577035233378,
        "mean_abs_cos": 0.022456909390166403,
        "mean_r2": 0.0007749309450792883,
        "max_r2": 0.0019498257025779703,
        "r2_fraction": 0.19929447832847713,
        "n_layers": 5
      },
      "middle": {
        "mean_cos": 0.019792187803735335,
        "mean_abs_cos": 0.0214029579423368,
        "mean_r2": 0.0006364987525375215,
        "max_r2": 0.002640079833909681,
        "r2_fraction": 0.49107867345797973,
        "n_layers": 15
      },
      "late": {
        "mean_cos": 0.008137035897622507,
        "mean_abs_cos": 0.01788173345848918,
        "mean_r2": 0.00040131472469025485,
        "max_r2": 0.001556216457701487,
        "r2_fraction": 0.3096268482135431,
        "n_layers": 15
      }
    },
    "normalized_entropy": 0.8470459652352628,
    "near_peak_layers": [
      6,
      15,
      19
    ],
    "near_peak_fraction": 0.08571428571428572,
    "sign_consistency": 0.7428571428571429,
    "dominant_sign": "positive",
    "profile_type": "mixed",
    "per_layer": {
      "6": {
        "cosine": 0.04415683075785637,
        "abs_cosine": 0.04415683075785637,
        "r_squared": 0.0019498257025779703
      },
      "7": {
        "cosine": 0.035275306552648544,
        "abs_cosine": 0.035275306552648544,
        "r_squared": 0.0012443472523833293
      },
      "8": {
        "cosine": 0.006184078752994537,
        "abs_cosine": 0.006184078752994537,
        "r_squared": 3.824283002323847e-05
      },
      "9": {
        "cosine": -0.0013625530991703272,
        "abs_cosine": 0.0013625530991703272,
        "r_squared": 1.8565509480586635e-06
      },
      "10": {
        "cosine": -0.02530577778816223,
        "abs_cosine": 0.02530577778816223,
        "r_squared": 0.000640382389463845
      },
      "11": {
        "cosine": 0.013789553195238113,
        "abs_cosine": 0.013789553195238113,
        "r_squared": 0.00019015177732430166
      },
      "12": {
        "cosine": -0.006294004153460264,
        "abs_cosine": 0.006294004153460264,
        "r_squared": 3.961448828377506e-05
      },
      "13": {
        "cosine": 0.023429743945598602,
        "abs_cosine": 0.023429743945598602,
        "r_squared": 0.0005489529013563144
      },
      "14": {
        "cosine": 0.02159995399415493,
        "abs_cosine": 0.02159995399415493,
        "r_squared": 0.0004665580125496095
      },
      "15": {
        "cosine": 0.051381707191467285,
        "abs_cosine": 0.051381707191467285,
        "r_squared": 0.002640079833909681
      },
      "16": {
        "cosine": 0.03219505771994591,
        "abs_cosine": 0.03219505771994591,
        "r_squared": 0.0010365217415906486
      },
      "17": {
        "cosine": 0.031376101076602936,
        "abs_cosine": 0.031376101076602936,
        "r_squared": 0.000984459718769204
      },
      "18": {
        "cosine": 0.03161094710230827,
        "abs_cosine": 0.03161094710230827,
        "r_squared": 0.0009992519767049318
      },
      "19": {
        "cosine": 0.04279399663209915,
        "abs_cosine": 0.04279399663209915,
        "r_squared": 0.0018313261477481135
      },
      "20": {
        "cosine": 0.014379353262484074,
        "abs_cosine": 0.014379353262484074,
        "r_squared": 0.00020676580024731137
      },
      "21": {
        "cosine": 0.01434698048979044,
        "abs_cosine": 0.01434698048979044,
        "r_squared": 0.00020583584917442752
      },
      "22": {
        "cosine": 0.013696271926164627,
        "abs_cosine": 0.013696271926164627,
        "r_squared": 0.0001875878646754453
      },
      "23": {
        "cosine": 0.01121562346816063,
        "abs_cosine": 0.01121562346816063,
        "r_squared": 0.00012579020977955546
      },
      "24": {
        "cosine": 0.0071483030915260315,
        "abs_cosine": 0.0071483030915260315,
        "r_squared": 5.109823708832062e-05
      },
      "25": {
        "cosine": -0.005786771886050701,
        "abs_cosine": 0.005786771886050701,
        "r_squared": 3.348672886118679e-05
      },
      "26": {
        "cosine": 0.004858056548982859,
        "abs_cosine": 0.004858056548982859,
        "r_squared": 2.3600713433115242e-05
      },
      "27": {
        "cosine": 0.03944890946149826,
        "abs_cosine": 0.03944890946149826,
        "r_squared": 0.001556216457701487
      },
      "28": {
        "cosine": 0.02405032142996788,
        "abs_cosine": 0.02405032142996788,
        "r_squared": 0.0005784179608847723
      },
      "29": {
        "cosine": 0.014791455119848251,
        "abs_cosine": 0.014791455119848251,
        "r_squared": 0.00021878714456248505
      },
      "30": {
        "cosine": -0.0163103137165308,
        "abs_cosine": 0.0163103137165308,
        "r_squared": 0.00026602633353165275
      },
      "31": {
        "cosine": 0.026897018775343895,
        "abs_cosine": 0.026897018775343895,
        "r_squared": 0.000723449619001202
      },
      "32": {
        "cosine": 0.02751728519797325,
        "abs_cosine": 0.02751728519797325,
        "r_squared": 0.0007572009846665978
      },
      "33": {
        "cosine": 0.015646522864699364,
        "abs_cosine": 0.015646522864699364,
        "r_squared": 0.00024481367775556
      },
      "34": {
        "cosine": 0.01864865981042385,
        "abs_cosine": 0.01864865981042385,
        "r_squared": 0.00034777251272491774
      },
      "35": {
        "cosine": 0.011959271505475044,
        "abs_cosine": 0.011959271505475044,
        "r_squared": 0.00014302417494166733
      },
      "36": {
        "cosine": 0.011323269456624985,
        "abs_cosine": 0.011323269456624985,
        "r_squared": 0.00012821643118733628
      },
      "37": {
        "cosine": -0.007398233748972416,
        "abs_cosine": 0.007398233748972416,
        "r_squared": 5.473386260443445e-05
      },
      "38": {
        "cosine": -0.023250561207532883,
        "abs_cosine": 0.023250561207532883,
        "r_squared": 0.0005405885964652329
      },
      "39": {
        "cosine": -0.0061498405411839485,
        "abs_cosine": 0.0061498405411839485,
        "r_squared": 3.782053868198968e-05
      },
      "40": {
        "cosine": -0.019976282492280006,
        "abs_cosine": 0.019976282492280006,
        "r_squared": 0.0003990518622113727
      }
    }
  },
  "control_profile": {
    "probe_type": "control",
    "n_layers": 35,
    "overall_mean_r2": 0.0023664966906289503,
    "overall_mean_abs_cos": 0.03692977553499596,
    "peak_layer": 6,
    "peak_cosine": 0.1437482386827469,
    "peak_abs_cosine": 0.1437482386827469,
    "peak_r2": 0.02066355612439197,
    "onset_layer": 6,
    "band_stats": {
      "early": {
        "mean_cos": 0.08662360459566117,
        "mean_abs_cos": 0.08662360459566117,
        "mean_r2": 0.008858089110710987,
        "max_r2": 0.02066355612439197,
        "r2_fraction": 0.5347319125951625,
        "n_layers": 5
      },
      "middle": {
        "mean_cos": 0.042549176576236886,
        "mean_abs_cos": 0.042549176576236886,
        "mean_r2": 0.002289169940398727,
        "max_r2": 0.007506824041696947,
        "r2_fraction": 0.4145675907700983,
        "n_layers": 15
      },
      "late": {
        "mean_cos": 0.012431454782684644,
        "mean_abs_cos": 0.014745764806866646,
        "mean_r2": 0.00027995930083182807,
        "max_r2": 0.0010301995138407016,
        "r2_fraction": 0.05070049663473935,
        "n_layers": 15
      }
    },
    "normalized_entropy": 0.7368695881680157,
    "near_peak_layers": [
      6
    ],
    "near_peak_fraction": 0.02857142857142857,