{
  "dim_name": "2_emotions",
  "dim_id": 2,
  "reading_profile": {
    "probe_type": "reading",
    "n_layers": 35,
    "overall_mean_r2": 0.00032018269093919547,
    "overall_mean_abs_cos": 0.01445176218569811,
    "peak_layer": 16,
    "peak_cosine": 0.04534979909658432,
    "peak_abs_cosine": 0.04534979909658432,
    "peak_r2": 0.00205660427810056,
    "onset_layer": null,
    "band_stats": {
      "early": {
        "mean_cos": -0.012506049871444703,
        "mean_abs_cos": 0.012506049871444703,
        "mean_r2": 0.0001952306896061979,
        "max_r2": 0.0005602063408668458,
        "r2_fraction": 0.08710682777185985,
        "n_layers": 5
      },
      "middle": {
        "mean_cos": 0.015114403461727004,
        "mean_abs_cos": 0.018240785404729346,
        "mean_r2": 0.0004855190933530183,
        "max_r2": 0.00205660427810056,
        "r2_fraction": 0.6498777645557466,
        "n_layers": 15
      },
      "late": {
        "mean_cos": 0.00038945660926401613,
        "mean_abs_cos": 0.011311309738084674,
        "mean_r2": 0.00019649695563637165,
        "max_r2": 0.0008567498454108459,
        "r2_fraction": 0.2630154076723934,
        "n_layers": 15
      }
    },
    "normalized_entropy": 0.8018501499526914,
    "near_peak_layers": [
      15,
      16
    ],
    "near_peak_fraction": 0.05714285714285714,
    "sign_consistency": 0.5714285714285714,
    "dominant_sign": "positive",
    "profile_type": "negligible",
    "per_layer": {
      "6": {
        "cosine": -0.01349964551627636,
        "abs_cosine": 0.01349964551627636,
        "r_squared": 0.00018224042906512042
      },
      "7": {
        "cosine": -0.023668678477406502,
        "abs_cosine": 0.023668678477406502,
        "r_squared": 0.0005602063408668458
      },
      "8": {
        "cosine": -0.00947889219969511,
        "abs_cosine": 0.00947889219969511,
        "r_squared": 8.984939733344081e-05
      },
      "9": {
        "cosine": -0.004964780993759632,
        "abs_cosine": 0.004964780993759632,
        "r_squared": 2.464905031599688e-05
      },
      "10": {
        "cosine": -0.010918252170085907,
        "abs_cosine": 0.010918252170085907,
        "r_squared": 0.00011920823044958562
      },
      "11": {
        "cosine": -0.0017435558838769794,
        "abs_cosine": 0.0017435558838769794,
        "r_squared": 3.0399871202020347e-06
      },
      "12": {
        "cosine": -0.021704308688640594,
        "abs_cosine": 0.021704308688640594,
        "r_squared": 0.0004710770156517996
      },
      "13": {
        "cosine": 0.005829468835145235,
        "abs_cosine": 0.005829468835145235,
        "r_squared": 3.3982706899929544e-05
      },
      "14": {
        "cosine": 0.028592657297849655,
        "abs_cosine": 0.028592657297849655,
        "r_squared": 0.0008175400513522751
      },
      "15": {
        "cosine": 0.04031559079885483,
        "abs_cosine": 0.04031559079885483,
        "r_squared": 0.001625346861460708
      },
      "16": {
        "cosine": 0.04534979909658432,
        "abs_cosine": 0.04534979909658432,
        "r_squared": 0.00205660427810056
      },
      "17": {
        "cosine": 0.022245341911911964,
        "abs_cosine": 0.022245341911911964,
        "r_squared": 0.000494855236777867
      },
      "18": {
        "cosine": 0.018073059618473053,
        "abs_cosine": 0.018073059618473053,
        "r_squared": 0.00032663548397288134
      },
      "19": {
        "cosine": 0.011660685762763023,
        "abs_cosine": 0.011660685762763023,
        "r_squared": 0.00013597159245790427
      },
      "20": {
        "cosine": 0.002413518261164427,
        "abs_cosine": 0.002413518261164427,
        "r_squared": 5.825070396974158e-06
      },
      "21": {
        "cosine": 0.02090631052851677,
        "abs_cosine": 0.02090631052851677,
        "r_squared": 0.0004370738199147711
      },
      "22": {
        "cosine": 0.00610609445720911,
        "abs_cosine": 0.00610609445720911,
        "r_squared": 3.728438952035982e-05
      },
      "23": {
        "cosine": 0.021869076415896416,
        "abs_cosine": 0.021869076415896416,
        "r_squared": 0.0004782565032843168
      },
      "24": {
        "cosine": 0.013165149837732315,
        "abs_cosine": 0.013165149837732315,
        "r_squared": 0.0001733211702499432
      },
      "25": {
        "cosine": 0.013637163676321507,
        "abs_cosine": 0.013637163676321507,
        "r_squared": 0.0001859722331347827
      },
      "26": {
        "cosine": -0.018705330789089203,
        "abs_cosine": 0.018705330789089203,
        "r_squared": 0.0003498893999292485
      },
      "27": {
        "cosine": 0.0019713493529707193,
        "abs_cosine": 0.0019713493529707193,
        "r_squared": 3.886218271458074e-06
      },
      "28": {
        "cosine": 0.011698528192937374,
        "abs_cosine": 0.011698528192937374,
        "r_squared": 0.00013685556188095058
      },
      "29": {
        "cosine": -0.003696703352034092,
        "abs_cosine": 0.003696703352034092,
        "r_squared": 1.3665615672940092e-05
      },
      "30": {
        "cosine": -0.012271336279809475,
        "abs_cosine": 0.012271336279809475,
        "r_squared": 0.00015058569409216824
      },
      "31": {
        "cosine": -0.0020714334677904844,
        "abs_cosine": 0.0020714334677904844,
        "r_squared": 4.290836611482512e-06
      },
      "32": {
        "cosine": 0.012848535552620888,
        "abs_cosine": 0.012848535552620888,
        "r_squared": 0.00016508486584696294
      },
      "33": {
        "cosine": 0.007742110639810562,
        "abs_cosine": 0.007742110639810562,
        "r_squared": 5.994027715906791e-05
      },
      "34": {
        "cosine": 0.022241223603487015,
        "abs_cosine": 0.022241223603487015,
        "r_squared": 0.0004946720273803079
      },
      "35": {
        "cosine": 0.029270289465785027,
        "abs_cosine": 0.029270289465785027,
        "r_squared": 0.0008567498454108459
      },
      "36": {
        "cosine": -0.011832650750875473,
        "abs_cosine": 0.011832650750875473,
        "r_squared": 0.0001400116237921939
      },
      "37": {
        "cosine": 0.0019837107975035906,
        "abs_cosine": 0.0019837107975035906,
        "r_squared": 3.935108528132331e-06
      },
      "38": {
        "cosine": -0.022532498463988304,
        "abs_cosine": 0.022532498463988304,
        "r_squared": 0.0005077134870296353
      },
      "39": {
        "cosine": -0.0044503542594611645,
        "abs_cosine": 0.0044503542594611645,
        "r_squared": 1.980565303470413e-05
      },
      "40": {
        "cosine": -0.006353591103106737,
        "abs_cosine": 0.006353591103106737,
        "r_squared": 4.0368119905477085e-05
      }
    }
  },
  "control_profile": {
    "probe_type": "control",
    "n_layers": 35,
    "overall_mean_r2": 0.0006715072771217585,
    "overall_mean_abs_cos": 0.01864537168793114,
    "peak_layer": 6,
    "peak_cosine": 0.08117926120758057,
    "peak_abs_cosine": 0.08117926120758057,
    "peak_r2": 0.006590072450208595,
    "onset_layer": 6,
    "band_stats": {
      "early": {
        "mean_cos": 0.020217435841914266,
        "mean_abs_cos": 0.02105702053522691,
        "mean_r2": 0.001388385870963702,
        "max_r2": 0.006590072450208595,
        "r2_fraction": 0.29536662589754314,
        "n_layers": 5
      },
      "middle": {
        "mean_cos": 0.01659200806170702,
        "mean_abs_cos": 0.023843775503337383,
        "mean_r2": 0.0008622236572899185,
        "max_r2": 0.004856275049868408,
        "r2_fraction": 0.5502910201311483,
        "n_layers": 15
      },
      "late": {
        "mean_cos": 0.003343517705798149,
        "mean_abs_cos": 0.01264308492342631,
        "mean_r2": 0.0002418313656729504,
        "max_r2": 0.0012120086391942536,
        "r2_fraction": 0.15434235397130833,
        "n_layers": 15
      }
    },
    "normalized_entropy": 0.6807417189645758,
    "near_peak_layers": [
      6,
      15
    ],