{
  "dim_name": "3_agency",
  "dim_id": 3,
  "reading_profile": {
    "probe_type": "reading",
    "n_layers": 35,
    "overall_mean_r2": 0.0002918433336183694,
    "overall_mean_abs_cos": 0.013219448931548479,
    "peak_layer": 16,
    "peak_cosine": 0.04924539476633072,
    "peak_abs_cosine": 0.04924539476633072,
    "peak_r2": 0.002425108905691753,
    "onset_layer": null,
    "band_stats": {
      "early": {
        "mean_cos": -0.0038470588624477386,
        "mean_abs_cos": 0.010685996897518635,
        "mean_r2": 0.00014430514453712728,
        "max_r2": 0.0003867377569134224,
        "r2_fraction": 0.07063728471220929,
        "n_layers": 5
      },
      "middle": {
        "mean_cos": 0.013015325673040933,
        "mean_abs_cos": 0.01701029695395846,
        "mean_r2": 0.00048103073685248926,
        "max_r2": 0.002425108905691753,
        "r2_fraction": 0.7063928016571362,
        "n_layers": 15
      },
      "late": {
        "mean_cos": 0.0014305455678064996,
        "mean_abs_cos": 0.01027308492048178,
        "mean_r2": 0.00015183532674466367,
        "max_r2": 0.0004979293484725679,
        "r2_fraction": 0.2229699136306546,
        "n_layers": 15
      }
    },
    "normalized_entropy": 0.7672613148225371,
    "near_peak_layers": [
      16
    ],
    "near_peak_fraction": 0.02857142857142857,
    "sign_consistency": 0.6285714285714286,
    "dominant_sign": "positive",
    "profile_type": "negligible",
    "per_layer": {
      "6": {
        "cosine": 0.010367119684815407,
        "abs_cosine": 0.010367119684815407,
        "r_squared": 0.0001074771705592871
      },
      "7": {
        "cosine": -0.01966564916074276,
        "abs_cosine": 0.01966564916074276,
        "r_squared": 0.0003867377569134224
      },
      "8": {
        "cosine": -0.003690189216285944,
        "abs_cosine": 0.003690189216285944,
        "r_squared": 1.361749645199307e-05
      },
      "9": {
        "cosine": 0.006730225402861834,
        "abs_cosine": 0.006730225402861834,
        "r_squared": 4.529593397332673e-05
      },
      "10": {
        "cosine": -0.01297680102288723,
        "abs_cosine": 0.01297680102288723,
        "r_squared": 0.00016839736478760706
      },
      "11": {
        "cosine": -0.003400948829948902,
        "abs_cosine": 0.003400948829948902,
        "r_squared": 1.1566452943930806e-05
      },
      "12": {
        "cosine": -0.02372078038752079,
        "abs_cosine": 0.02372078038752079,
        "r_squared": 0.000562675422192991
      },
      "13": {
        "cosine": -0.0007053938461467624,
        "abs_cosine": 0.0007053938461467624,
        "r_squared": 4.975804781817223e-07
      },
      "14": {
        "cosine": 0.02015509456396103,
        "abs_cosine": 0.02015509456396103,
        "r_squared": 0.0004062278368822114
      },
      "15": {
        "cosine": 0.037745118141174316,
        "abs_cosine": 0.037745118141174316,
        "r_squared": 0.0014246939434912065
      },
      "16": {
        "cosine": 0.04924539476633072,
        "abs_cosine": 0.04924539476633072,
        "r_squared": 0.002425108905691753
      },
      "17": {
        "cosine": 0.02513546124100685,
        "abs_cosine": 0.02513546124100685,
        "r_squared": 0.0006317914117981577
      },
      "18": {
        "cosine": 0.010895870625972748,
        "abs_cosine": 0.010895870625972748,
        "r_squared": 0.00011871999669793576
      },
      "19": {
        "cosine": 0.006998863536864519,
        "abs_cosine": 0.006998863536864519,
        "r_squared": 4.8984090807651726e-05
      },
      "20": {
        "cosine": 0.010931858792901039,
        "abs_cosine": 0.010931858792901039,
        "r_squared": 0.00011950553666792776
      },
      "21": {
        "cosine": 0.02704392373561859,
        "abs_cosine": 0.02704392373561859,
        "r_squared": 0.0007313738110179546
      },
      "22": {
        "cosine": 0.00013089696585666388,
        "abs_cosine": 0.00013089696585666388,
        "r_squared": 1.713401567048063e-08
      },
      "23": {
        "cosine": 0.023383205756545067,
        "abs_cosine": 0.023383205756545067,
        "r_squared": 0.0005467743114529224
      },
      "24": {
        "cosine": -0.002135161543264985,
        "abs_cosine": 0.002135161543264985,
        "r_squared": 4.558914815837713e-06
      },
      "25": {
        "cosine": 0.013526481576263905,
        "abs_cosine": 0.013526481576263905,
        "r_squared": 0.00018296570383300684
      },
      "26": {
        "cosine": -0.005549449473619461,
        "abs_cosine": 0.005549449473619461,
        "r_squared": 3.0796389460255313e-05
      },
      "27": {
        "cosine": 0.018380096182227135,
        "abs_cosine": 0.018380096182227135,
        "r_squared": 0.0003378279356679205
      },
      "28": {
        "cosine": 0.016525372862815857,
        "abs_cosine": 0.016525372862815857,
        "r_squared": 0.00027308794825509075
      },
      "29": {
        "cosine": -0.010070647113025188,
        "abs_cosine": 0.010070647113025188,
        "r_squared": 0.00010141793327508256
      },
      "30": {
        "cosine": -0.017041243612766266,
        "abs_cosine": 0.017041243612766266,
        "r_squared": 0.00029040398386964705
      },
      "31": {
        "cosine": 0.02231433056294918,
        "abs_cosine": 0.02231433056294918,
        "r_squared": 0.0004979293484725679
      },
      "32": {
        "cosine": 0.005721008405089378,
        "abs_cosine": 0.005721008405089378,
        "r_squared": 3.272993717110331e-05
      },
      "33": {
        "cosine": 6.329301686491817e-05,
        "abs_cosine": 6.329301686491817e-05,
        "r_squared": 4.006005983862816e-09
      },
      "34": {
        "cosine": 0.009947952814400196,
        "abs_cosine": 0.009947952814400196,
        "r_squared": 9.896176519753278e-05
      },
      "35": {
        "cosine": 0.005543996579945087,
        "abs_cosine": 0.005543996579945087,
        "r_squared": 3.0735898078442826e-05
      },
      "36": {
        "cosine": -0.014452088624238968,
        "abs_cosine": 0.014452088624238968,
        "r_squared": 0.00020886286560285738
      },
      "37": {
        "cosine": 0.006762082222849131,
        "abs_cosine": 0.006762082222849131,
        "r_squared": 4.572575598857224e-05
      },
      "38": {
        "cosine": -0.017917627468705177,
        "abs_cosine": 0.017917627468705177,
        "r_squared": 0.0003210413741072983
      },
      "39": {
        "cosine": 0.002519096015021205,
        "abs_cosine": 0.002519096015021205,
        "r_squared": 6.345844732895715e-06
      },
      "40": {
        "cosine": -0.0012879888527095318,
        "abs_cosine": 0.0012879888527095318,
        "r_squared": 1.658915284704016e-06
      }
    }
  },
  "control_profile": {
    "probe_type": "control",
    "n_layers": 35,
    "overall_mean_r2": 0.0009563194327332341,
    "overall_mean_abs_cos": 0.02363850452072386,
    "peak_layer": 6,
    "peak_cosine": 0.08824242651462555,
    "peak_abs_cosine": 0.08824242651462555,
    "peak_r2": 0.00778672583718909,
    "onset_layer": 6,
    "band_stats": {
      "early": {
        "mean_cos": 0.027123005036264657,
        "mean_abs_cos": 0.02884655585512519,
        "mean_r2": 0.0017954325008031863,
        "max_r2": 0.00778672583718909,
        "r2_fraction": 0.26820573594800745,
        "n_layers": 5
      },
      "middle": {
        "mean_cos": 0.022517993673682214,
        "mean_abs_cos": 0.028054419532418252,
        "mean_r2": 0.0011920960104311409,
        "max_r2": 0.00623269707295121,
        "r2_fraction": 0.5342339313597217,
        "n_layers": 15
      },
      "late": {
        "mean_cos": 0.01138894217244039,
        "mean_abs_cos": 0.017486572397562364,
        "mean_r2": 0.0004408384990120104,
        "max_r2": 0.002266380780287014,
        "r2_fraction": 0.197560332692271,
        "n_layers": 15
      }
    },
    "normalized_entropy": 0.7314568225074648,
    "near_peak_layers": [
      6,
      16
    ],