{
  "0_baseline": {
    "dim_id": 0,
    "entity_overlap": 0.9756097590051046,
    "reading_mean_r2": 0.00016340534807560947,
    "control_mean_r2": 0.00017182115129238794,
    "reading_boot_ci95": [
      0.0001333088593482393,
      0.0002910216367915782
    ],
    "control_boot_ci95": [
      0.00013818894293066234,
      0.0003281293651308045
    ]
  },
  "1_phenomenology": {
    "dim_id": 1,
    "entity_overlap": 0.5669274381021174,
    "reading_mean_r2": 0.00021440076860097682,
    "control_mean_r2": 0.0002494077334438387,
    "reading_boot_ci95": [
      0.00015847970465979072,
      0.0002658915310644387
    ],
    "control_boot_ci95": [
      0.00018760597235256755,
      0.0003234727009565024
    ]
  },
  "2_emotions": {
    "dim_id": 2,
    "entity_overlap": 0.49406216984115,
    "reading_mean_r2": 0.00015293068644094124,
    "control_mean_r2": 0.0003420296828620492,
    "reading_boot_ci95": [
      0.00012694647341896523,
      0.00020610258332520734
    ],
    "control_boot_ci95": [
      0.0002729056002160775,
      0.0003922837268799286
    ]
  },
  "3_agency": {
    "dim_id": 3,
    "entity_overlap": 0.5390474730875434,
    "reading_mean_r2": 0.00013902251305136115,
    "control_mean_r2": 0.00042050358607364705,
    "reading_boot_ci95": [
      0.00010080425593766321,
      0.00020304457322256096
    ],
    "control_boot_ci95": [
      0.00031958778204443884,
      0.00047915836200186597
    ]
  },
  "4_intentions": {
    "dim_id": 4,
    "entity_overlap": 0.4166012366370457,
    "reading_mean_r2": 0.0001915224983258063,
    "control_mean_r2": 0.0003621468788816253,
    "reading_boot_ci95": [
      0.00014587254724498863,
      0.00022758286207461072
    ],
    "control_boot_ci95": [
      0.0003001673803329779,
      0.00042403951922367867
    ]
  },
  "5_prediction": {
    "dim_id": 5,
    "entity_overlap": 0.5677882560142656,
    "reading_mean_r2": 0.0002536447829257744,
    "control_mean_r2": 0.00033108819510687987,
    "reading_boot_ci95": [
      0.00018315932920030348,
      0.0002964773174490157
    ],
    "control_boot_ci95": [
      0.0002523783822768112,
      0.00038460640218455954
    ]
  },
  "6_cognitive": {
    "dim_id": 6,
    "entity_overlap": 0.2395757762033765,
    "reading_mean_r2": 0.00026555646954111,
    "control_mean_r2": 0.00025473371146320594,
    "reading_boot_ci95": [
      0.00020980748860051132,
      0.00029677755973363875
    ],
    "control_boot_ci95": [
      0.00020844419284443762,
      0.00032587385225142857
    ]
  },
  "7_social": {
    "dim_id": 7,
    "entity_overlap": 0.5568320940180522,
    "reading_mean_r2": 0.00019662368551122511,
    "control_mean_r2": 0.00029481400755533295,
    "reading_boot_ci95": [
      0.00014599286193098956,
      0.0002572499644211429
    ],
    "control_boot_ci95": [
      0.00020920142054322907,
      0.0003525086146318385
    ]
  },
  "8_embodiment": {
    "dim_id": 8,
    "entity_overlap": 0.6324034182400238,
    "reading_mean_r2": 0.0001951814684232019,
    "control_mean_r2": 0.00026615471052177314,
    "reading_boot_ci95": [
      0.00014552469637127668,
      0.0002568578430665794
    ],
    "control_boot_ci95": [
      0.0002089099554660789,
      0.0003477832365201983
    ]
  },
  "9_roles": {
    "dim_id": 9,
    "entity_overlap": 0.683411560407499,
    "reading_mean_r2": 0.00014492855595248612,
    "control_mean_r2": 0.000304834855499567,
    "reading_boot_ci95": [
      0.00011876296569268051,
      0.00022861494922054543
    ],
    "control_boot_ci95": [
      0.00021712476967552646,
      0.00037782471101058664
    ]
  },
  "10_animacy": {
    "dim_id": 10,
    "entity_overlap": 0.7429141413147856,
    "reading_mean_r2": 0.0002197419031734659,
    "control_mean_r2": 0.0002513014418558613,
    "reading_boot_ci95": [
      0.00016698283627032546,
      0.0003079723840193155
    ],
    "control_boot_ci95": [
      0.00019230526280579208,
      0.0003052856253209726
    ]
  },
  "11_formality": {
    "dim_id": 11,
    "entity_overlap": 0.23351308903316173,
    "reading_mean_r2": 0.00023037066851904715,
    "control_mean_r2": 0.00022346780524667783,
    "reading_boot_ci95": [
      0.00017335683658300513,
      0.0002805919233682908
    ],
    "control_boot_ci95": [
      0.0001674711504226843,
      0.0002778040489873031
    ]
  },
  "12_expertise": {
    "dim_id": 12,
    "entity_overlap": 0.17305628823616157,
    "reading_mean_r2": 0.00026791399036055143,
    "control_mean_r2": 0.00022807719577757585,
    "reading_boot_ci95": [
      0.00023100699254292233,
      0.00029026206739984185
    ],
    "control_boot_ci95": [
      0.00018851281870285106,
      0.00027377968568863384
    ]
  },
  "13_helpfulness": {
    "dim_id": 13,
    "entity_overlap": 0.19644393165391394,
    "reading_mean_r2": 0.00026167018201904966,
    "control_mean_r2": 0.00023195065447051278,
    "reading_boot_ci95": [
      0.00018215489846762066,
      0.00030193693130739735
    ],
    "control_boot_ci95": [
      0.0001610063825563594,
      0.0003018453940751885
    ]
  },
  "14_biological": {
    "dim_id": 14,
    "entity_overlap": 0.5145828683928746,
    "reading_mean_r2": 0.00015077722206893003,
    "control_mean_r2": 0.00023309651947828723,
    "reading_boot_ci95": [
      0.000121727050163123,
      0.00020790621969734018
    ],
    "control_boot_ci95": [
      0.00020331044569241456,
      0.0002695859492176555
    ]
  },
  "15_shapes": {
    "dim_id": 15,
    "entity_overlap": 0.1273111758708227,
    "reading_mean_r2": 0.00019806191846968862,
    "control_mean_r2": 0.00020613274493038307,
    "reading_boot_ci95": [
      0.00015235401803327761,
      0.00025443013785307606
    ],
    "control_boot_ci95": [
      0.0001348999107625513,
      0.0002643748216608464
    ]
  },
  "16_mind": {
    "dim_id": 16,
    "entity_overlap": 0.6316027059787657,
    "reading_mean_r2": 0.00019488094592756805,
    "control_mean_r2": 0.0003518532970338921,
    "reading_boot_ci95": [
      0.00015149478602271752,
      0.00024672513765085533
    ],
    "control_boot_ci95": [
      0.00029205301070212117,
      0.00041327795374328973
    ]
  },
  "17_attention": {
    "dim_id": 17,
    "entity_overlap": 0.4182856680779922,
    "reading_mean_r2": 0.0002640306655719074,
    "control_mean_r2": 0.00025857517752782755,
    "reading_boot_ci95": [
      0.00021165248372304849,
      0.0002950538197112924
    ],
    "control_boot_ci95": [
      0.0002166455065914939,
      0.0003130508870981928
    ]
  },
  "18_sysprompt_labeled": {
    "dim_id": 18,
    "entity_overlap": 0.28293701388487,
    "reading_mean_r2": 0.0001797280332842268,
    "control_mean_r2": 8.068497454928806e-05,
    "reading_boot_ci95": [
      0.00015266246891645674,
      0.0002117448940423626
    ],
    "control_boot_ci95": [
      7.23163448761779e-05,
      9.845596222944103e-05
    ]
  }
}