{
  "dim_name": "13_helpfulness",
  "dim_id": 13,
  "reading_profile": {
    "probe_type": "reading",
    "n_layers": 35,
    "overall_mean_r2": 0.0006215830819750221,
    "overall_mean_abs_cos": 0.02251058688852936,
    "peak_layer": 33,
    "peak_cosine": 0.0428287535905838,
    "peak_abs_cosine": 0.0428287535905838,
    "peak_r2": 0.0018343021341229448,
    "onset_layer": null,
    "band_stats": {
      "early": {
        "mean_cos": -0.01992543078958988,
        "mean_abs_cos": 0.01992543078958988,
        "mean_r2": 0.0004409831062243224,
        "max_r2": 0.0009563484876734564,
        "r2_fraction": 0.1013502272347981,
        "n_layers": 5
      },
      "middle": {
        "mean_cos": 0.016952033208993574,
        "mean_abs_cos": 0.022890948868977527,
        "mean_r2": 0.000635254707970467,
        "max_r2": 0.001561297725793942,
        "r2_fraction": 0.43799779240543896,
        "n_layers": 15
      },
      "late": {
        "mean_cos": 0.022991943607727685,
        "mean_abs_cos": 0.022991943607727685,
        "mean_r2": 0.0006681114478964773,
        "max_r2": 0.0018343021341229448,
        "r2_fraction": 0.46065198035976296,
        "n_layers": 15
      }
    },
    "normalized_entropy": 0.9060018725512954,
    "near_peak_layers": [
      14,
      17,
      20,
      27,
      32,
      33
    ],
    "near_peak_fraction": 0.17142857142857143,
    "sign_consistency": 0.7714285714285715,
    "dominant_sign": "positive",
    "profile_type": "negligible",
    "per_layer": {
      "6": {
        "cosine": -0.02123059518635273,
        "abs_cosine": 0.02123059518635273,
        "r_squared": 0.0004507381719667837
      },
      "7": {
        "cosine": -0.030924884602427483,
        "abs_cosine": 0.030924884602427483,
        "r_squared": 0.0009563484876734564
      },
      "8": {
        "cosine": -0.015050319023430347,
        "abs_cosine": 0.015050319023430347,
        "r_squared": 0.0002265121027070294
      },
      "9": {
        "cosine": -0.011428176425397396,
        "abs_cosine": 0.011428176425397396,
        "r_squared": 0.0001306032164100088
      },
      "10": {
        "cosine": -0.020993178710341454,
        "abs_cosine": 0.020993178710341454,
        "r_squared": 0.00044071355236433365
      },
      "11": {
        "cosine": -0.02004147320985794,
        "abs_cosine": 0.02004147320985794,
        "r_squared": 0.00040166064842145355
      },
      "12": {
        "cosine": -0.014989339746534824,
        "abs_cosine": 0.014989339746534824,
        "r_squared": 0.00022468030603704867
      },
      "13": {
        "cosine": -0.009511054493486881,
        "abs_cosine": 0.009511054493486881,
        "r_squared": 9.0460157578077e-05
      },
      "14": {
        "cosine": 0.0373636931180954,
        "abs_cosine": 0.0373636931180954,
        "r_squared": 0.0013960455634232094
      },
      "15": {
        "cosine": 0.02405487187206745,
        "abs_cosine": 0.02405487187206745,
        "r_squared": 0.0005786368607815819
      },
      "16": {
        "cosine": 0.02746153436601162,
        "abs_cosine": 0.02746153436601162,
        "r_squared": 0.0007541358697356372
      },
      "17": {
        "cosine": 0.03951326012611389,
        "abs_cosine": 0.03951326012611389,
        "r_squared": 0.001561297725793942
      },
      "18": {
        "cosine": 0.02710951864719391,
        "abs_cosine": 0.02710951864719391,
        "r_squared": 0.0007349260012825543
      },
      "19": {
        "cosine": 0.024165255948901176,
        "abs_cosine": 0.024165255948901176,
        "r_squared": 0.0005839595950759037
      },
      "20": {
        "cosine": 0.038936637341976166,
        "abs_cosine": 0.038936637341976166,
        "r_squared": 0.0015160617275005728
      },
      "21": {
        "cosine": 0.026606373488903046,
        "abs_cosine": 0.026606373488903046,
        "r_squared": 0.0007078991102310028
      },
      "22": {
        "cosine": 0.02300356701016426,
        "abs_cosine": 0.02300356701016426,
        "r_squared": 0.0005291640951911175
      },
      "23": {
        "cosine": 0.01837499439716339,
        "abs_cosine": 0.01837499439716339,
        "r_squared": 0.000337640419095786
      },
      "24": {
        "cosine": 0.01044261921197176,
        "abs_cosine": 0.01044261921197176,
        "r_squared": 0.0001090482960062417
      },
      "25": {
        "cosine": 0.0017900400562211871,
        "abs_cosine": 0.0017900400562211871,
        "r_squared": 3.2042434028763507e-06
      },
      "26": {
        "cosine": 0.008438248187303543,
        "abs_cosine": 0.008438248187303543,
        "r_squared": 7.120403247053153e-05
      },
      "27": {
        "cosine": 0.041432883590459824,
        "abs_cosine": 0.041432883590459824,
        "r_squared": 0.001716683842620595
      },
      "28": {
        "cosine": 0.02432108297944069,
        "abs_cosine": 0.02432108297944069,
        "r_squared": 0.0005915150772928396
      },
      "29": {
        "cosine": 0.016167612746357918,
        "abs_cosine": 0.016167612746357918,
        "r_squared": 0.000261391701916195
      },
      "30": {
        "cosine": 0.026160376146435738,
        "abs_cosine": 0.026160376146435738,
        "r_squared": 0.0006843652801230039
      },
      "31": {
        "cosine": 0.029513852670788765,
        "abs_cosine": 0.029513852670788765,
        "r_squared": 0.0008710674994730251
      },
      "32": {
        "cosine": 0.03925895690917969,
        "abs_cosine": 0.03925895690917969,
        "r_squared": 0.0015412656975968275
      },
      "33": {
        "cosine": 0.0428287535905838,
        "abs_cosine": 0.0428287535905838,
        "r_squared": 0.0018343021341229448
      },
      "34": {
        "cosine": 0.008896282874047756,
        "abs_cosine": 0.008896282874047756,
        "r_squared": 7.91438489750754e-05
      },
      "35": {
        "cosine": 0.023922545835375786,
        "abs_cosine": 0.023922545835375786,
        "r_squared": 0.0005722881992456554
      },
      "36": {
        "cosine": 0.02237909659743309,
        "abs_cosine": 0.02237909659743309,
        "r_squared": 0.0005008239645172413
      },
      "37": {
        "cosine": 0.02289390191435814,
        "abs_cosine": 0.02289390191435814,
        "r_squared": 0.0005241307448642513
      },
      "38": {
        "cosine": 0.025221724063158035,
        "abs_cosine": 0.025221724063158035,
        "r_squared": 0.0006361353647180851
      },
      "39": {
        "cosine": 0.01156887412071228,
        "abs_cosine": 0.01156887412071228,
        "r_squared": 0.00013383884842088634
      },
      "40": {
        "cosine": 0.0018749618902802467,
        "abs_cosine": 0.0018749618902802467,
        "r_squared": 3.515482090003276e-06
      }
    }
  },
  "control_profile": {
    "probe_type": "control",
    "n_layers": 35,
    "overall_mean_r2": 0.0007528803659962369,
    "overall_mean_abs_cos": 0.022905898124112613,
    "peak_layer": 15,
    "peak_cosine": 0.07369077950716019,
    "peak_abs_cosine": 0.07369077950716019,
    "peak_r2": 0.0054303309843729,
    "onset_layer": 15,
    "band_stats": {
      "early": {
        "mean_cos": 0.002221214724704623,
        "mean_abs_cos": 0.018412814615294336,
        "mean_r2": 0.0004501377976354631,
        "max_r2": 0.0009525509881065132,
        "r2_fraction": 0.08541250717452024,
        "n_layers": 5
      },
      "middle": {
        "mean_cos": 0.032073731635076305,
        "mean_abs_cos": 0.032073731635076305,
        "mean_r2": 0.0013263222780881545,
        "max_r2": 0.0054303309843729,
        "r2_fraction": 0.7549988804850744,
        "n_layers": 15
      },
      "late": {
        "mean_cos": 0.01041964623145759,
        "mean_abs_cos": 0.01523575911608835,
        "mean_r2": 0.0002803526433579107,
        "max_r2": 0.0008517609017100504,
        "r2_fraction": 0.15958861234040544,
        "n_layers": 15
      }
    },
    "normalized_entropy": 0.8217409395704535,
    "near_peak_layers": [
      15
    ],