{
  "dim_name": "17_attention",
  "dim_id": 17,
  "reading_profile": {
    "probe_type": "reading",
    "n_layers": 35,
    "overall_mean_r2": 0.0009585947935750322,
    "overall_mean_abs_cos": 0.02703102151863277,
    "peak_layer": 15,
    "peak_cosine": 0.061831410974264145,
    "peak_abs_cosine": 0.061831410974264145,
    "peak_r2": 0.0038231233830683525,
    "onset_layer": 15,
    "band_stats": {
      "early": {
        "mean_cos": -0.013314850069582463,
        "mean_abs_cos": 0.013314850069582463,
        "mean_r2": 0.0003338783221546063,
        "max_r2": 0.001171543287182844,
        "r2_fraction": 0.04975710642769141,
        "n_layers": 5
      },
      "middle": {
        "mean_cos": 0.03611628133803606,
        "mean_abs_cos": 0.03611628133803606,
        "mean_r2": 0.0014990764529272704,
        "max_r2": 0.0038231233830683525,
        "r2_fraction": 0.6702115860371014,
        "n_layers": 15
      },
      "late": {
        "mean_cos": 0.017095646494999527,
        "mean_abs_cos": 0.022517818848912914,
        "mean_r2": 0.0006263519580296028,
        "max_r2": 0.0015711401515849932,
        "r2_fraction": 0.2800313075352073,
        "n_layers": 15
      }
    },
    "normalized_entropy": 0.882872414538021,
    "near_peak_layers": [
      15,
      16,
      21
    ],
    "near_peak_fraction": 0.08571428571428572,
    "sign_consistency": 0.7714285714285715,
    "dominant_sign": "positive",
    "profile_type": "middle-concentrated",
    "per_layer": {
      "6": {
        "cosine": -0.010738415643572807,
        "abs_cosine": 0.010738415643572807,
        "r_squared": 0.00011531357053412919
      },
      "7": {
        "cosine": -0.03422781452536583,
        "abs_cosine": 0.03422781452536583,
        "r_squared": 0.001171543287182844
      },
      "8": {
        "cosine": -0.019501084461808205,
        "abs_cosine": 0.019501084461808205,
        "r_squared": 0.0003802922951865774
      },
      "9": {
        "cosine": -0.0011603996390476823,
        "abs_cosine": 0.0011603996390476823,
        "r_squared": 1.3465273223019913e-06
      },
      "10": {
        "cosine": -0.0009465360781177878,
        "abs_cosine": 0.0009465360781177878,
        "r_squared": 8.95930547178603e-07
      },
      "11": {
        "cosine": 0.02578037977218628,
        "abs_cosine": 0.02578037977218628,
        "r_squared": 0.0006646279811981515
      },
      "12": {
        "cosine": 0.010462126694619656,
        "abs_cosine": 0.010462126694619656,
        "r_squared": 0.0001094560949742732
      },
      "13": {
        "cosine": 0.01625538058578968,
        "abs_cosine": 0.01625538058578968,
        "r_squared": 0.00026423739798886806
      },
      "14": {
        "cosine": 0.047040801495313644,
        "abs_cosine": 0.047040801495313644,
        "r_squared": 0.0022128370053215024
      },
      "15": {
        "cosine": 0.061831410974264145,
        "abs_cosine": 0.061831410974264145,
        "r_squared": 0.0038231233830683525
      },
      "16": {
        "cosine": 0.050171371549367905,
        "abs_cosine": 0.050171371549367905,
        "r_squared": 0.0025171665231447232
      },
      "17": {
        "cosine": 0.0419817753136158,
        "abs_cosine": 0.0419817753136158,
        "r_squared": 0.001762469458482921
      },
      "18": {
        "cosine": 0.03466317057609558,
        "abs_cosine": 0.03466317057609558,
        "r_squared": 0.0012015353943874985
      },
      "19": {
        "cosine": 0.03235042095184326,
        "abs_cosine": 0.03235042095184326,
        "r_squared": 0.0010465497357614595
      },
      "20": {
        "cosine": 0.04249536246061325,
        "abs_cosine": 0.04249536246061325,
        "r_squared": 0.0018058558306588979
      },
      "21": {
        "cosine": 0.05017483979463577,
        "abs_cosine": 0.05017483979463577,
        "r_squared": 0.0025175145484173655
      },
      "22": {
        "cosine": 0.04572309926152229,
        "abs_cosine": 0.04572309926152229,
        "r_squared": 0.0020906018060790205
      },
      "23": {
        "cosine": 0.03816250339150429,
        "abs_cosine": 0.03816250339150429,
        "r_squared": 0.0014563766651065763
      },
      "24": {
        "cosine": 0.02523382008075714,
        "abs_cosine": 0.02523382008075714,
        "r_squared": 0.0006367456758680223
      },
      "25": {
        "cosine": 0.01941775716841221,
        "abs_cosine": 0.01941775716841221,
        "r_squared": 0.0003770492934514237
      },
      "26": {
        "cosine": 0.028179919347167015,
        "abs_cosine": 0.028179919347167015,
        "r_squared": 0.0007941078544128378
      },
      "27": {
        "cosine": 0.03963761031627655,
        "abs_cosine": 0.03963761031627655,
        "r_squared": 0.0015711401515849932
      },
      "28": {
        "cosine": 0.03129664063453674,
        "abs_cosine": 0.03129664063453674,
        "r_squared": 0.0009794797150073364
      },
      "29": {
        "cosine": 0.03144211322069168,
        "abs_cosine": 0.03144211322069168,
        "r_squared": 0.0009886064837827946
      },
      "30": {
        "cosine": 0.022692464292049408,
        "abs_cosine": 0.022692464292049408,
        "r_squared": 0.0005149479356459374
      },
      "31": {
        "cosine": 0.033937353640794754,
        "abs_cosine": 0.033937353640794754,
        "r_squared": 0.001151743972140365
      },
      "32": {
        "cosine": 0.02358381636440754,
        "abs_cosine": 0.02358381636440754,
        "r_squared": 0.0005561963943100968
      },
      "33": {
        "cosine": 0.027911564335227013,
        "abs_cosine": 0.027911564335227013,
        "r_squared": 0.0007790554236395165
      },
      "34": {
        "cosine": 0.01194374356418848,
        "abs_cosine": 0.01194374356418848,
        "r_squared": 0.00014265301032709374
      },
      "35": {
        "cosine": 0.031139632686972618,
        "abs_cosine": 0.031139632686972618,
        "r_squared": 0.0009696767238795735
      },
      "36": {
        "cosine": -0.025785138830542564,
        "abs_cosine": 0.025785138830542564,
        "r_squared": 0.000664873384510354
      },
      "37": {
        "cosine": 0.007281105034053326,
        "abs_cosine": 0.007281105034053326,
        "r_squared": 5.301449051691668e-05
      },
      "38": {
        "cosine": -0.0022359632421284914,
        "abs_cosine": 0.0022359632421284914,
        "r_squared": 4.999531620149755e-06
      },
      "39": {
        "cosine": 0.008055026642978191,
        "abs_cosine": 0.008055026642978191,
        "r_squared": 6.488345421908851e-05
      },
      "40": {
        "cosine": -0.012645190581679344,
        "abs_cosine": 0.012645190581679344,
        "r_squared": 0.000159900844846992
      }
    }
  },
  "control_profile": {
    "probe_type": "control",
    "n_layers": 35,
    "overall_mean_r2": 0.002646561851176042,
    "overall_mean_abs_cos": 0.0440629204934729,
    "peak_layer": 6,
    "peak_cosine": 0.13305775821208954,
    "peak_abs_cosine": 0.13305775821208954,
    "peak_r2": 0.01770436702042688,
    "onset_layer": 6,
    "band_stats": {
      "early": {
        "mean_cos": 0.07417232990264892,
        "mean_abs_cos": 0.07417232990264892,
        "mean_r2": 0.006588902388275281,
        "max_r2": 0.01770436702042688,
        "r2_fraction": 0.3556583305753245,
        "n_layers": 5
      },
      "middle": {
        "mean_cos": 0.05336791810890039,
        "mean_abs_cos": 0.05336791810890039,
        "mean_r2": 0.0031776247498065857,
        "max_r2": 0.006724176325523468,
        "r2_fraction": 0.5145691863892702,
        "n_layers": 15
      },
      "late": {
        "mean_cos": 0.024508133856579663,
        "mean_abs_cos": 0.024721453074986736,
        "mean_r2": 0.0008013854401790849,
        "max_r2": 0.0026956806456440163,
        "r2_fraction": 0.12977248303540523,
        "n_layers": 15
      }
    },
    "normalized_entropy": 0.8476958287292042,
    "near_peak_layers": [
      6
    ],
    "near_peak_fraction": 0.02857142857142857,