{
  "dim_name": "18_sysprompt_labeled",
  "dim_id": 18,
  "reading_profile": {
    "probe_type": "reading",
    "n_layers": 35,
    "overall_mean_r2": 0.000873461964359298,
    "overall_mean_abs_cos": 0.02614087681286037,
    "peak_layer": 16,
    "peak_cosine": 0.05492749065160751,
    "peak_abs_cosine": 0.05492749065160751,
    "peak_r2": 0.0030170292292824308,
    "onset_layer": 15,
    "band_stats": {
      "early": {
        "mean_cos": 0.006776273902505636,
        "mean_abs_cos": 0.013724255468696355,
        "mean_r2": 0.00021030780376970608,
        "max_r2": 0.00034608210300574385,
        "r2_fraction": 0.03439642845712089,
        "n_layers": 5
      },
      "middle": {
        "mean_cos": 0.026394409018879135,
        "mean_abs_cos": 0.030895804784571133,
        "mean_r2": 0.0011740661798979534,
        "max_r2": 0.0030170292292824308,
        "r2_fraction": 0.5760654046628717,
        "n_layers": 15
      },
      "late": {
        "mean_cos": 0.01392804856101672,
        "mean_abs_cos": 0.025524822622537614,
        "mean_r2": 0.0007939091356838397,
        "max_r2": 0.001912725894372136,
        "r2_fraction": 0.3895381668800074,
        "n_layers": 15
      }
    },
    "normalized_entropy": 0.8850021228992901,
    "near_peak_layers": [
      15,
      16,
      18,
      19
    ],
    "near_peak_fraction": 0.11428571428571428,
    "sign_consistency": 0.7428571428571429,
    "dominant_sign": "positive",
    "profile_type": "middle-concentrated",
    "per_layer": {
      "6": {
        "cosine": 0.016544537618756294,
        "abs_cosine": 0.016544537618756294,
        "r_squared": 0.0002737217250184422
      },
      "7": {
        "cosine": 0.007628387305885553,
        "abs_cosine": 0.007628387305885553,
        "r_squared": 5.819229288859585e-05
      },
      "8": {
        "cosine": 0.008475116454064846,
        "abs_cosine": 0.008475116454064846,
        "r_squared": 7.182759890996069e-05
      },
      "9": {
        "cosine": 0.018603282049298286,
        "abs_cosine": 0.018603282049298286,
        "r_squared": 0.00034608210300574385
      },
      "10": {
        "cosine": -0.0173699539154768,
        "abs_cosine": 0.0173699539154768,
        "r_squared": 0.0003017152990257878
      },
      "11": {
        "cosine": -0.001951219281181693,
        "abs_cosine": 0.001951219281181693,
        "r_squared": 3.807256683255203e-06
      },
      "12": {
        "cosine": -0.015303841792047024,
        "abs_cosine": 0.015303841792047024,
        "r_squared": 0.00023420757359600506
      },
      "13": {
        "cosine": -0.01650540716946125,
        "abs_cosine": 0.01650540716946125,
        "r_squared": 0.00027242846582970284
      },
      "14": {
        "cosine": 0.019513670355081558,
        "abs_cosine": 0.019513670355081558,
        "r_squared": 0.0003807833307267888
      },
      "15": {
        "cosine": 0.05025331303477287,
        "abs_cosine": 0.05025331303477287,
        "r_squared": 0.002525395470970873
      },
      "16": {
        "cosine": 0.05492749065160751,
        "abs_cosine": 0.05492749065160751,
        "r_squared": 0.0030170292292824308
      },
      "17": {
        "cosine": 0.03926834091544151,
        "abs_cosine": 0.03926834091544151,
        "r_squared": 0.001542002598251338
      },
      "18": {
        "cosine": 0.05304861441254616,
        "abs_cosine": 0.05304861441254616,
        "r_squared": 0.002814155491091
      },
      "19": {
        "cosine": 0.04485158622264862,
        "abs_cosine": 0.04485158622264862,
        "r_squared": 0.0020116647866876836
      },
      "20": {
        "cosine": 0.0332089439034462,
        "abs_cosine": 0.0332089439034462,
        "r_squared": 0.0011028339551822364
      },
      "21": {
        "cosine": 0.0267428457736969,
        "abs_cosine": 0.0267428457736969,
        "r_squared": 0.0007151798000757381
      },
      "22": {
        "cosine": 0.03150894120335579,
        "abs_cosine": 0.03150894120335579,
        "r_squared": 0.0009928133757565322
      },
      "23": {
        "cosine": 0.0279201902449131,
        "abs_cosine": 0.0279201902449131,
        "r_squared": 0.0007795370233121407
      },
      "24": {
        "cosine": 0.02902740053832531,
        "abs_cosine": 0.02902740053832531,
        "r_squared": 0.0008425899820123685
      },
      "25": {
        "cosine": 0.019405266270041466,
        "abs_cosine": 0.019405266270041466,
        "r_squared": 0.000376564359011209
      },
      "26": {
        "cosine": 0.02858479879796505,
        "abs_cosine": 0.02858479879796505,
        "r_squared": 0.0008170907223201442
      },
      "27": {
        "cosine": 0.043047498911619186,
        "abs_cosine": 0.043047498911619186,
        "r_squared": 0.001853087162545855
      },
      "28": {
        "cosine": 0.04373472183942795,
        "abs_cosine": 0.04373472183942795,
        "r_squared": 0.001912725894372136
      },
      "29": {
        "cosine": 0.041962023824453354,
        "abs_cosine": 0.041962023824453354,
        "r_squared": 0.0017608114434439909
      },
      "30": {
        "cosine": 0.03006972000002861,
        "abs_cosine": 0.03006972000002861,
        "r_squared": 0.0009041880608801206
      },
      "31": {
        "cosine": 0.026188336312770844,
        "abs_cosine": 0.026188336312770844,
        "r_squared": 0.000685828958830792
      },
      "32": {
        "cosine": 0.033784687519073486,
        "abs_cosine": 0.033784687519073486,
        "r_squared": 0.0011414051107614398
      },
      "33": {
        "cosine": 0.023943448439240456,
        "abs_cosine": 0.023943448439240456,
        "r_squared": 0.0005732887231625662
      },
      "34": {
        "cosine": 0.012325620278716087,
        "abs_cosine": 0.012325620278716087,
        "r_squared": 0.00015192091525509724
      },
      "35": {
        "cosine": 0.012255677953362465,
        "abs_cosine": 0.012255677953362465,
        "r_squared": 0.00015020164209653478
      },
      "36": {
        "cosine": -0.00425367895513773,
        "abs_cosine": 0.00425367895513773,
        "r_squared": 1.8093784653381607e-05
      },
      "37": {
        "cosine": -0.009590758942067623,
        "abs_cosine": 0.009590758942067623,
        "r_squared": 9.198265708485007e-05
      },
      "38": {
        "cosine": -0.030927015468478203,
        "abs_cosine": 0.030927015468478203,
        "r_squared": 0.00095648028578749
      },
      "39": {
        "cosine": -0.02178335376083851,
        "abs_cosine": 0.02178335376083851,
        "r_squared": 0.0004745145010698372
      },
      "40": {
        "cosine": -0.020420998334884644,
        "abs_cosine": 0.020420998334884644,
        "r_squared": 0.0004170171729933614
      }
    }
  },
  "control_profile": {
    "probe_type": "control",
    "n_layers": 35,
    "overall_mean_r2": 0.0024486465390535068,
    "overall_mean_abs_cos": 0.0421755647685911,
    "peak_layer": 9,
    "peak_cosine": 0.12340264022350311,
    "peak_abs_cosine": 0.12340264022350311,
    "peak_r2": 0.015228211614131348,
    "onset_layer": 6,
    "band_stats": {
      "early": {
        "mean_cos": 0.0845303975045681,
        "mean_abs_cos": 0.0845303975045681,
        "mean_r2": 0.007855243593549246,
        "max_r2": 0.015228211614131348,
        "r2_fraction": 0.45828486811946506,
        "n_layers": 5
      },
      "middle": {
        "mean_cos": 0.048143435766299564,
        "mean_abs_cos": 0.048143435766299564,
        "mean_r2": 0.002443828513137922,
        "max_r2": 0.0039169516967852425,
        "r2_fraction": 0.42772815935449426,
        "n_layers": 15
      },
      "late": {
        "mean_cos": 0.02046984378248453,
        "mean_abs_cos": 0.02208941619222363,
        "mean_r2": 0.0006512655468038454,
        "max_r2": 0.002017489241667017,
        "r2_fraction": 0.11398697252604065,
        "n_layers": 15
      }
    },
    "normalized_entropy": 0.8446568760723954,
    "near_peak_layers": [
      9,
      10
    ],