{
  "dim_name": "7_social",
  "dim_id": 7,
  "reading_profile": {
    "probe_type": "reading",
    "n_layers": 35,
    "overall_mean_r2": 0.0009280584147205724,
    "overall_mean_abs_cos": 0.02548488479800913,
    "peak_layer": 16,
    "peak_cosine": 0.05945860967040062,
    "peak_abs_cosine": 0.05945860967040062,
    "peak_r2": 0.003535326263937058,
    "onset_layer": 16,
    "band_stats": {
      "early": {
        "mean_cos": -0.019191949825835764,
        "mean_abs_cos": 0.019191949825835764,
        "mean_r2": 0.0006666577278224644,
        "max_r2": 0.0021135231620839634,
        "r2_fraction": 0.10261942217185407,
        "n_layers": 5
      },
      "middle": {
        "mean_cos": 0.031850919034332036,
        "mean_abs_cos": 0.03567488258704543,
        "mean_r2": 0.001543663977681327,
        "max_r2": 0.003535326263937058,
        "r2_fraction": 0.7128541325152806,
        "n_layers": 15
      },
      "late": {
        "mean_cos": 0.013266278275599083,
        "mean_abs_cos": 0.01739253199969729,
        "mean_r2": 0.0003995864140591873,
        "max_r2": 0.0010847979658330648,
        "r2_fraction": 0.18452644531286538,
        "n_layers": 15
      }
    },
    "normalized_entropy": 0.8482699832142581,
    "near_peak_layers": [
      15,
      16,
      17,
      18
    ],
    "near_peak_fraction": 0.11428571428571428,
    "sign_consistency": 0.6857142857142857,
    "dominant_sign": "positive",
    "profile_type": "middle-concentrated",
    "per_layer": {
      "6": {
        "cosine": -1.4454182746703736e-05,
        "abs_cosine": 1.4454182746703736e-05,
        "r_squared": 2.0892339887510797e-10
      },
      "7": {
        "cosine": -0.045973069965839386,
        "abs_cosine": 0.045973069965839386,
        "r_squared": 0.0021135231620839634
      },
      "8": {
        "cosine": -0.005126534029841423,
        "abs_cosine": 0.005126534029841423,
        "r_squared": 2.628135115912214e-05
      },
      "9": {
        "cosine": -0.012729654088616371,
        "abs_cosine": 0.012729654088616371,
        "r_squared": 0.0001620440932158275
      },
      "10": {
        "cosine": -0.032116036862134933,
        "abs_cosine": 0.032116036862134933,
        "r_squared": 0.0010314398237300099
      },
      "11": {
        "cosine": -0.017881490290164948,
        "abs_cosine": 0.017881490290164948,
        "r_squared": 0.0003197476949972633
      },
      "12": {
        "cosine": -0.010798236355185509,
        "abs_cosine": 0.010798236355185509,
        "r_squared": 0.00011660190838245002
      },
      "13": {
        "cosine": 0.007478721905499697,
        "abs_cosine": 0.007478721905499697,
        "r_squared": 5.5931281339801015e-05
      },
      "14": {
        "cosine": 0.04526837170124054,
        "abs_cosine": 0.04526837170124054,
        "r_squared": 0.0020492254764816753
      },
      "15": {
        "cosine": 0.04979561269283295,
        "abs_cosine": 0.04979561269283295,
        "r_squared": 0.0024796030434546257
      },
      "16": {
        "cosine": 0.05945860967040062,
        "abs_cosine": 0.05945860967040062,
        "r_squared": 0.003535326263937058
      },
      "17": {
        "cosine": 0.05216924846172333,
        "abs_cosine": 0.05216924846172333,
        "r_squared": 0.002721630485061022
      },
      "18": {
        "cosine": 0.05178210884332657,
        "abs_cosine": 0.05178210884332657,
        "r_squared": 0.0026813867962621196
      },
      "19": {
        "cosine": 0.04334482178092003,
        "abs_cosine": 0.04334482178092003,
        "r_squared": 0.0018787735752197193
      },
      "20": {
        "cosine": 0.03664827719330788,
        "abs_cosine": 0.03664827719330788,
        "r_squared": 0.0013430962212375303
      },
      "21": {
        "cosine": 0.047358330339193344,
        "abs_cosine": 0.047358330339193344,
        "r_squared": 0.0022428114525161608
      },
      "22": {
        "cosine": 0.04317434877157211,
        "abs_cosine": 0.04317434877157211,
        "r_squared": 0.0018640243918493504
      },
      "23": {
        "cosine": 0.034725867211818695,
        "abs_cosine": 0.034725867211818695,
        "r_squared": 0.0012058858536128647
      },
      "24": {
        "cosine": 0.013146631419658661,
        "abs_cosine": 0.013146631419658661,
        "r_squared": 0.0001728339176843563
      },
      "25": {
        "cosine": 0.022092562168836594,
        "abs_cosine": 0.022092562168836594,
        "r_squared": 0.00048808130318390985
      },
      "26": {
        "cosine": 0.026631785556674004,
        "abs_cosine": 0.026631785556674004,
        "r_squared": 0.0007092520019366701
      },
      "27": {
        "cosine": 0.03293627128005028,
        "abs_cosine": 0.03293627128005028,
        "r_squared": 0.0010847979658330648
      },
      "28": {
        "cosine": 0.019720448181033134,
        "abs_cosine": 0.019720448181033134,
        "r_squared": 0.00038889607646081306
      },
      "29": {
        "cosine": 0.019905613735318184,
        "abs_cosine": 0.019905613735318184,
        "r_squared": 0.00039623345817968794
      },
      "30": {
        "cosine": 0.005804332438856363,
        "abs_cosine": 0.005804332438856363,
        "r_squared": 3.369027506076026e-05
      },
      "31": {
        "cosine": 0.021843722090125084,
        "abs_cosine": 0.021843722090125084,
        "r_squared": 0.00047714819475061857
      },
      "32": {
        "cosine": 0.031125426292419434,
        "abs_cosine": 0.031125426292419434,
        "r_squared": 0.000968792161884835
      },
      "33": {
        "cosine": 0.027543876320123672,
        "abs_cosine": 0.027543876320123672,
        "r_squared": 0.0007586651227382696
      },
      "34": {
        "cosine": 0.014552869834005833,
        "abs_cosine": 0.014552869834005833,
        "r_squared": 0.00021178602040551695
      },
      "35": {
        "cosine": 0.024295484647154808,
        "abs_cosine": 0.024295484647154808,
        "r_squared": 0.000590270574240135
      },
      "36": {
        "cosine": -0.006444079801440239,
        "abs_cosine": 0.006444079801440239,
        "r_squared": 4.152616448733007e-05
      },
      "37": {
        "cosine": 0.005581246688961983,
        "abs_cosine": 0.005581246688961983,
        "r_squared": 3.1150314603049095e-05
      },
      "38": {
        "cosine": -0.009995613247156143,
        "abs_cosine": 0.009995613247156143,
        "r_squared": 9.991228418672338e-05
      },
      "39": {
        "cosine": -0.00030932575464248657,
        "abs_cosine": 0.00030932575464248657,
        "r_squared": 9.56824224851438e-08
      },
      "40": {
        "cosine": -0.014197884127497673,
        "abs_cosine": 0.014197884127497673,
        "r_squared": 0.00020157991369785036
      }
    }
  },
  "control_profile": {
    "probe_type": "control",
    "n_layers": 35,
    "overall_mean_r2": 0.001910307779531089,
    "overall_mean_abs_cos": 0.03510828430298716,
    "peak_layer": 6,
    "peak_cosine": 0.12554876506328583,
    "peak_abs_cosine": 0.12554876506328583,
    "peak_r2": 0.01576249240891614,
    "onset_layer": 6,
    "band_stats": {
      "early": {
        "mean_cos": 0.07280981168150902,
        "mean_abs_cos": 0.07280981168150902,
        "mean_r2": 0.00616560167964372,
        "max_r2": 0.01576249240891614,
        "r2_fraction": 0.46107765952003155,
        "n_layers": 5
      },
      "middle": {
        "mean_cos": 0.03996463620569557,
        "mean_abs_cos": 0.040151608944870534,
        "mean_r2": 0.0019852484436335863,
        "max_r2": 0.004373415025882288,
        "r2_fraction": 0.4453841264082047,
        "n_layers": 15
      },
      "late": {
        "mean_cos": 0.014948976195106904,
        "mean_abs_cos": 0.017497783868263166,
        "mean_r2": 0.00041693581539104625,
        "max_r2": 0.0013415934963632026,
        "r2_fraction": 0.09353821407176345,
        "n_layers": 15
      }
    },
    "normalized_entropy": 0.7961158637895753,
    "near_peak_layers": [
      6
    ],