{
  "dim_name": "8_embodiment",
  "dim_id": 8,
  "reading_profile": {
    "probe_type": "reading",
    "n_layers": 35,
    "overall_mean_r2": 0.0003032827709782211,
    "overall_mean_abs_cos": 0.011093505908502267,
    "peak_layer": 7,
    "peak_cosine": -0.06784802675247192,
    "peak_abs_cosine": 0.06784802675247192,
    "peak_r2": 0.004603354734204146,
    "onset_layer": 7,
    "band_stats": {
      "early": {
        "mean_cos": -0.034049376472830774,
        "mean_abs_cos": 0.034049376472830774,
        "mean_r2": 0.0014642099213016257,
        "max_r2": 0.004603354734204146,
        "r2_fraction": 0.6896957754163129,
        "n_layers": 5
      },
      "middle": {
        "mean_cos": -0.0026067426369991153,
        "mean_abs_cos": 0.0037081957270856947,
        "mean_r2": 3.5936859557974436e-05,
        "max_r2": 0.0002207488997638127,
        "r2_fraction": 0.05078267779424203,
        "n_layers": 15
      },
      "late": {
        "mean_cos": -0.002388679375872016,
        "mean_abs_cos": 0.010826859235142669,
        "mean_r2": 0.00018365296562399962,
        "max_r2": 0.0006445474500034326,
        "r2_fraction": 0.25952154678944517,
        "n_layers": 15
      }
    },
    "normalized_entropy": 0.6050715101271412,
    "near_peak_layers": [
      7
    ],
    "near_peak_fraction": 0.02857142857142857,
    "sign_consistency": 0.6,
    "dominant_sign": "negative",
    "profile_type": "early-concentrated",
    "per_layer": {
      "6": {
        "cosine": -0.023915419355034828,
        "abs_cosine": 0.023915419355034828,
        "r_squared": 0.0005719472829271745
      },
      "7": {
        "cosine": -0.06784802675247192,
        "abs_cosine": 0.06784802675247192,
        "r_squared": 0.004603354734204146
      },
      "8": {
        "cosine": -0.03160291165113449,
        "abs_cosine": 0.03160291165113449,
        "r_squared": 0.0009987440248294122
      },
      "9": {
        "cosine": -0.02834494225680828,
        "abs_cosine": 0.02834494225680828,
        "r_squared": 0.0008034357515417957
      },
      "10": {
        "cosine": -0.018535582348704338,
        "abs_cosine": 0.018535582348704338,
        "r_squared": 0.0003435678130055998
      },
      "11": {
        "cosine": -0.0025808997452259064,
        "abs_cosine": 0.0025808997452259064,
        "r_squared": 6.661043494907148e-06
      },
      "12": {
        "cosine": -0.014857620932161808,
        "abs_cosine": 0.014857620932161808,
        "r_squared": 0.0002207488997638127
      },
      "13": {
        "cosine": -0.0011426109122112393,
        "abs_cosine": 0.0011426109122112393,
        "r_squared": 1.3055596967042005e-06
      },
      "14": {
        "cosine": -0.013103015720844269,
        "abs_cosine": 0.013103015720844269,
        "r_squared": 0.00017168902098069205
      },
      "15": {
        "cosine": 0.0010759193683043122,
        "abs_cosine": 0.0010759193683043122,
        "r_squared": 1.1576024870923503e-06
      },
      "16": {
        "cosine": -0.0002448486047796905,
        "abs_cosine": 0.0002448486047796905,
        "r_squared": 5.995083926256108e-08
      },
      "17": {
        "cosine": -0.00031189803848974407,
        "abs_cosine": 0.00031189803848974407,
        "r_squared": 9.728038641374987e-08
      },
      "18": {
        "cosine": -0.0008110098424367607,
        "abs_cosine": 0.0008110098424367607,
        "r_squared": 6.577369645292994e-07
      },
      "19": {
        "cosine": -0.003549522953107953,
        "abs_cosine": 0.003549522953107953,
        "r_squared": 1.2599113194640204e-05
      },
      "20": {
        "cosine": 0.001653960905969143,
        "abs_cosine": 0.001653960905969143,
        "r_squared": 2.735586678474268e-06
      },
      "21": {
        "cosine": 0.002338853431865573,
        "abs_cosine": 0.002338853431865573,
        "r_squared": 5.470235375749368e-06
      },
      "22": {
        "cosine": 0.000597026664763689,
        "abs_cosine": 0.000597026664763689,
        "r_squared": 3.5644083843885434e-07
      },
      "23": {
        "cosine": -0.0003362838760949671,
        "abs_cosine": 0.0003362838760949671,
        "r_squared": 1.130868453214552e-07
      },
      "24": {
        "cosine": 0.002595137804746628,
        "abs_cosine": 0.002595137804746628,
        "r_squared": 6.7347402256251465e-06
      },
      "25": {
        "cosine": -0.010424327105283737,
        "abs_cosine": 0.010424327105283737,
        "r_squared": 0.00010866659559795322
      },
      "26": {
        "cosine": 0.001552556292153895,
        "abs_cosine": 0.001552556292153895,
        "r_squared": 2.4104310403066503e-06
      },
      "27": {
        "cosine": 0.004562977235764265,
        "abs_cosine": 0.004562977235764265,
        "r_squared": 2.0820761254102893e-05
      },
      "28": {
        "cosine": 0.017012931406497955,
        "abs_cosine": 0.017012931406497955,
        "r_squared": 0.0002894398350422045
      },
      "29": {
        "cosine": 0.008396388962864876,
        "abs_cosine": 0.008396388962864876,
        "r_squared": 7.04993476157191e-05
      },
      "30": {
        "cosine": 0.00355232204310596,
        "abs_cosine": 0.00355232204310596,
        "r_squared": 1.2618991897936501e-05
      },
      "31": {
        "cosine": 0.01647181436419487,
        "abs_cosine": 0.01647181436419487,
        "r_squared": 0.00027132066844849645
      },
      "32": {
        "cosine": 0.0027846680022776127,
        "abs_cosine": 0.0027846680022776127,
        "r_squared": 7.75437588290879e-06
      },
      "33": {
        "cosine": -0.0025772955268621445,
        "abs_cosine": 0.0025772955268621445,
        "r_squared": 6.642452232783619e-06
      },
      "34": {
        "cosine": 0.0018028755439445376,
        "abs_cosine": 0.0018028755439445376,
        "r_squared": 3.2503602269533125e-06
      },
      "35": {
        "cosine": 0.00714981509372592,
        "abs_cosine": 0.00714981509372592,
        "r_squared": 5.111985587447098e-05
      },
      "36": {
        "cosine": -0.022212591022253036,
        "abs_cosine": 0.022212591022253036,
        "r_squared": 0.0004933991999218762
      },
      "37": {
        "cosine": -0.009073037654161453,
        "abs_cosine": 0.009073037654161453,
        "r_squared": 8.232001227383157e-05
      },
      "38": {
        "cosine": -0.02538793906569481,
        "abs_cosine": 0.02538793906569481,
        "r_squared": 0.0006445474500034326
      },
      "39": {
        "cosine": -0.01851603388786316,
        "abs_cosine": 0.01851603388786316,
        "r_squared": 0.0003428435109364969
      },
      "40": {
        "cosine": -0.021349642425775528,
        "abs_cosine": 0.021349642425775528,
        "r_squared": 0.00045580723170847437
      }
    }
  },
  "control_profile": {
    "probe_type": "control",
    "n_layers": 35,
    "overall_mean_r2": 0.0005416258024433574,
    "overall_mean_abs_cos": 0.014925630771488483,
    "peak_layer": 6,
    "peak_cosine": 0.1027817577123642,
    "peak_abs_cosine": 0.1027817577123642,
    "peak_r2": 0.010564089718443137,
    "onset_layer": 6,
    "band_stats": {
      "early": {
        "mean_cos": 0.023195619881153106,
        "mean_abs_cos": 0.033241388574242595,
        "mean_r2": 0.002372827785731216,
        "max_r2": 0.010564089718443137,
        "r2_fraction": 0.6258479496959561,
        "n_layers": 5
      },
      "middle": {
        "mean_cos": 0.010487785667646677,
        "mean_abs_cos": 0.014445745157233129,
        "mean_r2": 0.0003270822379287959,
        "max_r2": 0.0017524385657541885,
        "r2_fraction": 0.2588098671391188,
        "n_layers": 15
      },
      "late": {
        "mean_cos": 0.002846329798921943,
        "mean_abs_cos": 0.009300263784825801,
        "mean_r2": 0.00014576870586196605,
        "max_r2": 0.0007219976602046464,
        "r2_fraction": 0.1153421831649249,
        "n_layers": 15
      }
    },
    "normalized_entropy": 0.534183745597612,
    "near_peak_layers": [
      6
    ],