{
  "dim_name": "15_shapes",
  "dim_id": 15,
  "reading_profile": {
    "probe_type": "reading",
    "n_layers": 35,
    "overall_mean_r2": 0.00048047143816867355,
    "overall_mean_abs_cos": 0.01666606972991888,
    "peak_layer": 8,
    "peak_cosine": -0.05756529048085213,
    "peak_abs_cosine": 0.05756529048085213,
    "peak_r2": 0.0033137626681448845,
    "onset_layer": 8,
    "band_stats": {
      "early": {
        "mean_cos": -0.046506367623806,
        "mean_abs_cos": 0.046506367623806,
        "mean_r2": 0.0022005111504628085,
        "max_r2": 0.0033137626681448845,
        "r2_fraction": 0.6542714317808063,
        "n_layers": 5
      },
      "middle": {
        "mean_cos": 0.0012156452052295209,
        "mean_abs_cos": 0.015019685743997495,
        "mean_r2": 0.00029841098002341895,
        "max_r2": 0.0012944953379254859,
        "r2_fraction": 0.26617694591273433,
        "n_layers": 15
      },
      "late": {
        "mean_cos": -0.0035727229823047917,
        "mean_abs_cos": 0.008365687751211225,
        "mean_r2": 8.918532554921653e-05,
        "max_r2": 0.00027241789009383247,
        "r2_fraction": 0.07955162230645935,
        "n_layers": 15
      }
    },
    "normalized_entropy": 0.7422805255845997,
    "near_peak_layers": [
      7,
      8
    ],
    "near_peak_fraction": 0.05714285714285714,
    "sign_consistency": 0.6,
    "dominant_sign": "negative",
    "profile_type": "early-concentrated",
    "per_layer": {
      "6": {
        "cosine": -0.04401735961437225,
        "abs_cosine": 0.04401735961437225,
        "r_squared": 0.0019375279474209695
      },
      "7": {
        "cosine": -0.04795894771814346,
        "abs_cosine": 0.04795894771814346,
        "r_squared": 0.002300060666231618
      },
      "8": {
        "cosine": -0.05756529048085213,
        "abs_cosine": 0.05756529048085213,
        "r_squared": 0.0033137626681448845
      },
      "9": {
        "cosine": -0.043433479964733124,
        "abs_cosine": 0.043433479964733124,
        "r_squared": 0.0018864671818468737
      },
      "10": {
        "cosine": -0.03955676034092903,
        "abs_cosine": 0.03955676034092903,
        "r_squared": 0.0015647372886696959
      },
      "11": {
        "cosine": -0.017120715230703354,
        "abs_cosine": 0.017120715230703354,
        "r_squared": 0.0002931188900108378
      },
      "12": {
        "cosine": -0.021700700744986534,
        "abs_cosine": 0.021700700744986534,
        "r_squared": 0.0004709204128234591
      },
      "13": {
        "cosine": -0.035979095846414566,
        "abs_cosine": 0.035979095846414566,
        "r_squared": 0.0012944953379254859
      },
      "14": {
        "cosine": -0.0166730135679245,
        "abs_cosine": 0.0166730135679245,
        "r_squared": 0.00027798938143619445
      },
      "15": {
        "cosine": 0.0072012050077319145,
        "abs_cosine": 0.0072012050077319145,
        "r_squared": 5.18573535633832e-05
      },
      "16": {
        "cosine": 0.004343335051089525,
        "abs_cosine": 0.004343335051089525,
        "r_squared": 1.886455936602285e-05
      },
      "17": {
        "cosine": 0.020807188004255295,
        "abs_cosine": 0.020807188004255295,
        "r_squared": 0.00043293907264442544
      },
      "18": {
        "cosine": 0.02175823412835598,
        "abs_cosine": 0.02175823412835598,
        "r_squared": 0.0004734207523843549
      },
      "19": {
        "cosine": 0.006695188116282225,
        "abs_cosine": 0.006695188116282225,
        "r_squared": 4.4825543912406724e-05
      },
      "20": {
        "cosine": 0.01990574225783348,
        "abs_cosine": 0.01990574225783348,
        "r_squared": 0.00039623857483529756
      },
      "21": {
        "cosine": 0.01972128264605999,
        "abs_cosine": 0.01972128264605999,
        "r_squared": 0.0003889289892057869
      },
      "22": {
        "cosine": 0.007490994408726692,
        "abs_cosine": 0.007490994408726692,
        "r_squared": 5.6114997231574565e-05
      },
      "23": {
        "cosine": 0.013841812498867512,
        "abs_cosine": 0.013841812498867512,
        "r_squared": 0.00019159577325380487
      },
      "24": {
        "cosine": -0.008495382033288479,
        "abs_cosine": 0.008495382033288479,
        "r_squared": 7.217151589152069e-05
      },
      "25": {
        "cosine": -0.0035613966174423695,
        "abs_cosine": 0.0035613966174423695,
        "r_squared": 1.2683545866729951e-05
      },
      "26": {
        "cosine": -0.006721492391079664,
        "abs_cosine": 0.006721492391079664,
        "r_squared": 4.517845996334182e-05
      },
      "27": {
        "cosine": 0.005401702132076025,
        "abs_cosine": 0.005401702132076025,
        "r_squared": 2.9178385923674674e-05
      },
      "28": {
        "cosine": -0.012908469885587692,
        "abs_cosine": 0.012908469885587692,
        "r_squared": 0.00016662859478712433
      },
      "29": {
        "cosine": 0.004816713742911816,
        "abs_cosine": 0.004816713742911816,
        "r_squared": 2.3200731281155552e-05
      },
      "30": {
        "cosine": -0.0019345111213624477,
        "abs_cosine": 0.0019345111213624477,
        "r_squared": 3.742333278674995e-06
      },
      "31": {
        "cosine": 0.007442427799105644,
        "abs_cosine": 0.007442427799105644,
        "r_squared": 5.5389731544900483e-05
      },
      "32": {
        "cosine": -0.0014629525830969214,
        "abs_cosine": 0.0014629525830969214,
        "r_squared": 2.140230260389955e-06
      },
      "33": {
        "cosine": 0.010242916643619537,
        "abs_cosine": 0.010242916643619537,
        "r_squared": 0.00010491734136813813
      },
      "34": {
        "cosine": -0.013241475448012352,
        "abs_cosine": 0.013241475448012352,
        "r_squared": 0.00017533667204031392
      },
      "35": {
        "cosine": -0.007023720070719719,
        "abs_cosine": 0.007023720070719719,
        "r_squared": 4.9332643631831014e-05
      },
      "36": {
        "cosine": -0.013727358542382717,
        "abs_cosine": 0.013727358542382717,
        "r_squared": 0.00018844037255112776
      },
      "37": {
        "cosine": 0.008043475449085236,
        "abs_cosine": 0.008043475449085236,
        "r_squared": 6.469749730003693e-05
      },
      "38": {
        "cosine": -0.011812468990683556,
        "abs_cosine": 0.011812468990683556,
        "r_squared": 0.00013953442365586058
      },
      "39": {
        "cosine": -0.00420054467394948,
        "abs_cosine": 0.00420054467394948,
        "r_squared": 1.7644575557845344e-05
      },
      "40": {
        "cosine": -0.016505086794495583,
        "abs_cosine": 0.016505086794495583,
        "r_squared": 0.00027241789009383247
      }
    }
  },
  "control_profile": {
    "probe_type": "control",
    "n_layers": 35,
    "overall_mean_r2": 0.0004869040264911107,
    "overall_mean_abs_cos": 0.017895687178991336,
    "peak_layer": 6,
    "peak_cosine": 0.053387049585580826,
    "peak_abs_cosine": 0.053387049585580826,
    "peak_r2": 0.002850177063453266,
    "onset_layer": 6,
    "band_stats": {
      "early": {
        "mean_cos": 0.0050857606343925,
        "mean_abs_cos": 0.025264352280646562,
        "mean_r2": 0.0008893559200517428,
        "max_r2": 0.002850177063453266,
        "r2_fraction": 0.26093611637856745,
        "n_layers": 5
      },
      "middle": {
        "mean_cos": 0.020709405342737835,
        "mean_abs_cos": 0.022249025230606397,
        "mean_r2": 0.0006197078495912888,
        "max_r2": 0.0021681698166988728,
        "r2_fraction": 0.5454649457517177,
        "n_layers": 15
      },
      "late": {
        "mean_cos": 0.007787114858122853,
        "mean_abs_cos": 0.011086127426824532,
        "mean_r2": 0.00021994957220405537,
        "max_r2": 0.001223827606943395,
        "r2_fraction": 0.19359893786971494,
        "n_layers": 15
      }
    },
    "normalized_entropy": 0.8151181195123991,
    "near_peak_layers": [
      6,
      17
    ],