{
  "dim_name": "4_intentions",
  "dim_id": 4,
  "reading_profile": {
    "probe_type": "reading",
    "n_layers": 35,
    "overall_mean_r2": 0.0007281900929568963,
    "overall_mean_abs_cos": 0.02367029270556356,
    "peak_layer": 21,
    "peak_cosine": 0.052098460495471954,
    "peak_abs_cosine": 0.052098460495471954,
    "peak_r2": 0.002714249585998252,
    "onset_layer": 21,
    "band_stats": {
      "early": {
        "mean_cos": -0.03042636811733246,
        "mean_abs_cos": 0.03042636811733246,
        "mean_r2": 0.0011854398102448705,
        "max_r2": 0.0023631883382949775,
        "r2_fraction": 0.23256090127927626,
        "n_layers": 5
      },
      "middle": {
        "mean_cos": 0.021242249508698782,
        "mean_abs_cos": 0.027211651826898258,
        "mean_r2": 0.0008809443582300112,
        "max_r2": 0.002714249585998252,
        "r2_fraction": 0.5184739338673265,
        "n_layers": 15
      },
      "late": {
        "mean_cos": 0.013919161027297377,
        "mean_abs_cos": 0.01787690844697257,
        "mean_r2": 0.00042301925525445674,
        "max_r2": 0.0014408835671436138,
        "r2_fraction": 0.2489651648533972,
        "n_layers": 15
      }
    },
    "normalized_entropy": 0.876373841609897,
    "near_peak_layers": [
      7,
      10,
      17,
      21
    ],
    "near_peak_fraction": 0.11428571428571428,
    "sign_consistency": 0.6857142857142857,
    "dominant_sign": "positive",
    "profile_type": "middle-concentrated",
    "per_layer": {
      "6": {
        "cosine": -0.013186339288949966,
        "abs_cosine": 0.013186339288949966,
        "r_squared": 0.0001738795438433055
      },
      "7": {
        "cosine": -0.04861263558268547,
        "abs_cosine": 0.04861263558268547,
        "r_squared": 0.0023631883382949775
      },
      "8": {
        "cosine": -0.03518712893128395,
        "abs_cosine": 0.03518712893128395,
        "r_squared": 0.0012381340424268
      },
      "9": {
        "cosine": -0.009803920984268188,
        "abs_cosine": 0.009803920984268188,
        "r_squared": 9.611686666577413e-05
      },
      "10": {
        "cosine": -0.045341815799474716,
        "abs_cosine": 0.045341815799474716,
        "r_squared": 0.002055880259993495
      },
      "11": {
        "cosine": -0.012556549161672592,
        "abs_cosine": 0.012556549161672592,
        "r_squared": 0.00015766692684950068
      },
      "12": {
        "cosine": -0.017018288373947144,
        "abs_cosine": 0.017018288373947144,
        "r_squared": 0.0002896221391788245
      },
      "13": {
        "cosine": -0.015195679850876331,
        "abs_cosine": 0.015195679850876331,
        "r_squared": 0.00023090868613032892
      },
      "14": {
        "cosine": 0.022462856024503708,
        "abs_cosine": 0.022462856024503708,
        "r_squared": 0.0005045799007775825
      },
      "15": {
        "cosine": 0.0345582515001297,
        "abs_cosine": 0.0345582515001297,
        "r_squared": 0.0011942727467462166
      },
      "16": {
        "cosine": 0.03256601467728615,
        "abs_cosine": 0.03256601467728615,
        "r_squared": 0.0010605453119612168
      },
      "17": {
        "cosine": 0.043836530297994614,
        "abs_cosine": 0.043836530297994614,
        "r_squared": 0.0019216413885669997
      },
      "18": {
        "cosine": 0.03372858092188835,
        "abs_cosine": 0.03372858092188835,
        "r_squared": 0.0011376171710043709
      },
      "19": {
        "cosine": 0.011832666583359241,
        "abs_cosine": 0.011832666583359241,
        "r_squared": 0.00014001199847294647
      },
      "20": {
        "cosine": 0.03574090078473091,
        "abs_cosine": 0.03574090078473091,
        "r_squared": 0.0012774119889039787
      },
      "21": {
        "cosine": 0.052098460495471954,
        "abs_cosine": 0.052098460495471954,
        "r_squared": 0.002714249585998252
      },
      "22": {
        "cosine": 0.03335161507129669,
        "abs_cosine": 0.03335161507129669,
        "r_squared": 0.0011123302278639446
      },
      "23": {
        "cosine": 0.0307344738394022,
        "abs_cosine": 0.0307344738394022,
        "r_squared": 0.0009446078821848981
      },
      "24": {
        "cosine": 0.01562553271651268,
        "abs_cosine": 0.01562553271651268,
        "r_squared": 0.00024415727267480813
      },
      "25": {
        "cosine": 0.01686837710440159,
        "abs_cosine": 0.01686837710440159,
        "r_squared": 0.0002845421461362997
      },
      "26": {
        "cosine": 0.02227647975087166,
        "abs_cosine": 0.02227647975087166,
        "r_squared": 0.000496241550090995
      },
      "27": {
        "cosine": 0.03795897215604782,
        "abs_cosine": 0.03795897215604782,
        "r_squared": 0.0014408835671436138
      },
      "28": {
        "cosine": 0.03419221565127373,
        "abs_cosine": 0.03419221565127373,
        "r_squared": 0.001169107611143208
      },
      "29": {
        "cosine": 0.026225266978144646,
        "abs_cosine": 0.026225266978144646,
        "r_squared": 0.000687764628074964
      },
      "30": {
        "cosine": 0.01878143660724163,
        "abs_cosine": 0.01878143660724163,
        "r_squared": 0.000352742361031836
      },
      "31": {
        "cosine": 0.02496878057718277,
        "abs_cosine": 0.02496878057718277,
        "r_squared": 0.0006234400035114995
      },
      "32": {
        "cosine": 0.023351291194558144,
        "abs_cosine": 0.023351291194558144,
        "r_squared": 0.0005452828004530487
      },
      "33": {
        "cosine": 0.016477016732096672,
        "abs_cosine": 0.016477016732096672,
        "r_squared": 0.0002714920803897937
      },
      "34": {
        "cosine": 0.008120869286358356,
        "abs_cosine": 0.008120869286358356,
        "r_squared": 6.594851796611848e-05
      },
      "35": {
        "cosine": 0.017031114548444748,
        "abs_cosine": 0.017031114548444748,
        "r_squared": 0.00029005886276224635
      },
      "36": {
        "cosine": -0.01610121689736843,
        "abs_cosine": 0.01610121689736843,
        "r_squared": 0.0002592491855761027
      },
      "37": {
        "cosine": 0.0023578733671456575,
        "abs_cosine": 0.0023578733671456575,
        "r_squared": 5.559566815494801e-06
      },
      "38": {
        "cosine": -0.006758900824934244,
        "abs_cosine": 0.006758900824934244,
        "r_squared": 4.5682740361296806e-05
      },
      "39": {
        "cosine": -0.006822987925261259,
        "abs_cosine": 0.006822987925261259,
        "r_squared": 4.655316422826094e-05
      },
      "40": {
        "cosine": 0.006729204207658768,
        "abs_cosine": 0.006729204207658768,
        "r_squared": 4.5282189268372464e-05
      }
    }
  },
  "control_profile": {
    "probe_type": "control",
    "n_layers": 35,
    "overall_mean_r2": 0.0018697534559073727,
    "overall_mean_abs_cos": 0.03412463867571205,
    "peak_layer": 6,
    "peak_cosine": 0.1224658340215683,
    "peak_abs_cosine": 0.1224658340215683,
    "peak_r2": 0.014997880502598315,
    "onset_layer": 6,
    "band_stats": {
      "early": {
        "mean_cos": 0.055744169652462004,
        "mean_abs_cos": 0.055744169652462004,
        "mean_r2": 0.004334304681317863,
        "max_r2": 0.014997880502598315,
        "r2_fraction": 0.33115937349340213,
        "n_layers": 5
      },
      "middle": {
        "mean_cos": 0.04186807914326588,
        "mean_abs_cos": 0.04301715834687154,
        "mean_r2": 0.002403186156544199,
        "max_r2": 0.006446155830702127,
        "r2_fraction": 0.5508410325325004,
        "n_layers": 15
      },
      "late": {
        "mean_cos": 0.01336520853607605,
        "mean_abs_cos": 0.018025608678969244,
        "mean_r2": 0.0005148036801337158,
        "max_r2": 0.0021073789486819733,
        "r2_fraction": 0.11799959397409736,
        "n_layers": 15
      }
    },
    "normalized_entropy": 0.7814059568886508,
    "near_peak_layers": [
      6
    ],
    "near_peak_fraction": 0.02857142857142857,