{
  "dim_name": "5_prediction",
  "dim_id": 5,
  "reading_profile": {
    "probe_type": "reading",
    "n_layers": 35,
    "overall_mean_r2": 0.0006303524446527993,
    "overall_mean_abs_cos": 0.020721721465400023,
    "peak_layer": 21,
    "peak_cosine": 0.05822072550654411,
    "peak_abs_cosine": 0.05822072550654411,
    "peak_r2": 0.0033896528785083563,
    "onset_layer": 21,
    "band_stats": {
      "early": {
        "mean_cos": -0.0203247444704175,
        "mean_abs_cos": 0.0203247444704175,
        "mean_r2": 0.0005944683508067228,
        "max_r2": 0.0011953371446667,
        "r2_fraction": 0.13472470970113018,
        "n_layers": 5
      },
      "middle": {
        "mean_cos": 0.026881196076283233,
        "mean_abs_cos": 0.027435111042965823,
        "mean_r2": 0.0010289414523823937,
        "max_r2": 0.0033896528785083563,
        "r2_fraction": 0.6995688077433788,
        "n_layers": 15
      },
      "late": {
        "mean_cos": 0.008451598727454742,
        "mean_abs_cos": 0.014140657552828392,
        "mean_r2": 0.00024372480153856372,
        "max_r2": 0.0006811681136156822,
        "r2_fraction": 0.16570648255549097,
        "n_layers": 15
      }
    },
    "normalized_entropy": 0.828007504895323,
    "near_peak_layers": [
      21
    ],
    "near_peak_fraction": 0.02857142857142857,
    "sign_consistency": 0.7142857142857143,
    "dominant_sign": "positive",
    "profile_type": "middle-concentrated",
    "per_layer": {
      "6": {
        "cosine": -0.002255156636238098,
        "abs_cosine": 0.002255156636238098,
        "r_squared": 5.085731453968734e-06
      },
      "7": {
        "cosine": -0.03457364812493324,
        "abs_cosine": 0.03457364812493324,
        "r_squared": 0.0011953371446667
      },
      "8": {
        "cosine": -0.031812481582164764,
        "abs_cosine": 0.031812481582164764,
        "r_squared": 0.0010120339844155724
      },
      "9": {
        "cosine": -0.006099770776927471,
        "abs_cosine": 0.006099770776927471,
        "r_squared": 3.7207203531058365e-05
      },
      "10": {
        "cosine": -0.02688266523182392,
        "abs_cosine": 0.02688266523182392,
        "r_squared": 0.0007226776899663147
      },
      "11": {
        "cosine": 0.00823961105197668,
        "abs_cosine": 0.00823961105197668,
        "r_squared": 6.789119028785626e-05
      },
      "12": {
        "cosine": 0.0002616700658109039,
        "abs_cosine": 0.0002616700658109039,
        "r_squared": 6.847122334148278e-08
      },
      "13": {
        "cosine": -0.004154362250119448,
        "abs_cosine": 0.004154362250119448,
        "r_squared": 1.725872570521752e-05
      },
      "14": {
        "cosine": 0.039026807993650436,
        "abs_cosine": 0.039026807993650436,
        "r_squared": 0.0015230917421732576
      },
      "15": {
        "cosine": 0.041232526302337646,
        "abs_cosine": 0.041232526302337646,
        "r_squared": 0.0017001212252729658
      },
      "16": {
        "cosine": 0.023805230855941772,
        "abs_cosine": 0.023805230855941772,
        "r_squared": 0.0005666890161046823
      },
      "17": {
        "cosine": 0.043950702995061874,
        "abs_cosine": 0.043950702995061874,
        "r_squared": 0.0019316642937601408
      },
      "18": {
        "cosine": 0.04339142143726349,
        "abs_cosine": 0.04339142143726349,
        "r_squared": 0.0018828154543462094
      },
      "19": {
        "cosine": 0.02147802524268627,
        "abs_cosine": 0.02147802524268627,
        "r_squared": 0.0004613055683254687
      },
      "20": {
        "cosine": 0.03835925832390785,
        "abs_cosine": 0.03835925832390785,
        "r_squared": 0.0014714326991602938
      },
      "21": {
        "cosine": 0.05822072550654411,
        "abs_cosine": 0.05822072550654411,
        "r_squared": 0.0033896528785083563
      },
      "22": {
        "cosine": 0.036822669208049774,
        "abs_cosine": 0.036822669208049774,
        "r_squared": 0.001355908967605457
      },
      "23": {
        "cosine": 0.026731140911579132,
        "abs_cosine": 0.026731140911579132,
        "r_squared": 0.0007145538944346996
      },
      "24": {
        "cosine": 0.01588357239961624,
        "abs_cosine": 0.01588357239961624,
        "r_squared": 0.00025228787217385085
      },
      "25": {
        "cosine": 0.00996894109994173,
        "abs_cosine": 0.00996894109994173,
        "r_squared": 9.937978665410744e-05
      },
      "26": {
        "cosine": 0.008822607807815075,
        "abs_cosine": 0.008822607807815075,
        "r_squared": 7.783840853051952e-05
      },
      "27": {
        "cosine": 0.025884991511702538,
        "abs_cosine": 0.025884991511702538,
        "r_squared": 0.0006700327855609124
      },
      "28": {
        "cosine": 0.015907345339655876,
        "abs_cosine": 0.015907345339655876,
        "r_squared": 0.0002530436357550715
      },
      "29": {
        "cosine": 0.011619042605161667,
        "abs_cosine": 0.011619042605161667,
        "r_squared": 0.00013500215106056201
      },
      "30": {
        "cosine": 0.005005315411835909,
        "abs_cosine": 0.005005315411835909,
        "r_squared": 2.5053182371962074e-05
      },
      "31": {
        "cosine": 0.015574375167489052,
        "abs_cosine": 0.015574375167489052,
        "r_squared": 0.00024256116185769963
      },
      "32": {
        "cosine": 0.026099197566509247,
        "abs_cosine": 0.026099197566509247,
        "r_squared": 0.0006811681136156822
      },
      "33": {
        "cosine": 0.015009893104434013,
        "abs_cosine": 0.015009893104434013,
        "r_squared": 0.00022529689100653574
      },
      "34": {
        "cosine": 0.013134939596056938,
        "abs_cosine": 0.013134939596056938,
        "r_squared": 0.0001725266381920644
      },
      "35": {
        "cosine": 0.021669579669833183,
        "abs_cosine": 0.021669579669833183,
        "r_squared": 0.0004695706830672476
      },
      "36": {
        "cosine": -0.014640193432569504,
        "abs_cosine": 0.014640193432569504,
        "r_squared": 0.00021433526374305123
      },
      "37": {
        "cosine": -0.00595659576356411,
        "abs_cosine": 0.00595659576356411,
        "r_squared": 3.54810330905099e-05
      },
      "38": {
        "cosine": -0.017948998138308525,
        "abs_cosine": 0.017948998138308525,
        "r_squared": 0.0003221665341690029
      },
      "39": {
        "cosine": 0.010714634321630001,
        "abs_cosine": 0.010714634321630001,
        "r_squared": 0.00011480338864625159
      },
      "40": {
        "cosine": -0.004122153855860233,
        "abs_cosine": 0.004122153855860233,
        "r_squared": 1.699215241138339e-05
      }
    }
  },
  "control_profile": {
    "probe_type": "control",
    "n_layers": 35,
    "overall_mean_r2": 0.0022783023189226065,
    "overall_mean_abs_cos": 0.03653980572707951,
    "peak_layer": 6,
    "peak_cosine": 0.15314093232154846,
    "peak_abs_cosine": 0.15314093232154846,
    "peak_r2": 0.023452145152313086,
    "onset_layer": 6,
    "band_stats": {
      "early": {
        "mean_cos": 0.076674322783947,
        "mean_abs_cos": 0.076674322783947,
        "mean_r2": 0.007426367169283149,
        "max_r2": 0.023452145152313086,
        "r2_fraction": 0.465657953643999,
        "n_layers": 5
      },
      "middle": {
        "mean_cos": 0.04304456881557902,
        "mean_abs_cos": 0.0434747075351576,
        "mean_r2": 0.0024671403320904563,
        "max_r2": 0.005896210553019365,
        "r2_fraction": 0.4640937455175866,
        "n_layers": 15
      },
      "late": {
        "mean_cos": 0.012125915335491299,
        "mean_abs_cos": 0.01622673156671226,
        "mean_r2": 0.000373442688967909,
        "max_r2": 0.0016133789226142753,
        "r2_fraction": 0.07024830083841442,
        "n_layers": 15
      }
    },
    "normalized_entropy": 0.7482713452278246,
    "near_peak_layers": [
      6
    ],
    "near_peak_fraction": 0.02857142857142857,