{
  "dim_name": "7_social",
  "dim_id": 7,
  "reading_profile": {
    "probe_type": "reading",
    "n_layers": 35,
    "overall_mean_r2": 0.0009509681566518415,
    "overall_mean_abs_cos": 0.024942156562714705,
    "peak_layer": 17,
    "peak_cosine": 0.06426884233951569,
    "peak_abs_cosine": 0.06426884233951569,
    "peak_r2": 0.004130484095661524,
    "onset_layer": 15,
    "band_stats": {
      "early": {
        "mean_cos": -0.01660660542547703,
        "mean_abs_cos": 0.01660660542547703,
        "mean_r2": 0.0005005604765126951,
        "max_r2": 0.001490417996885554,
        "r2_fraction": 0.07519561932923227,
        "n_layers": 5
      },
      "middle": {
        "mean_cos": 0.031966482568532226,
        "mean_abs_cos": 0.036857456372429924,
        "mean_r2": 0.001725787872618046,
        "max_r2": 0.004130484095661524,
        "r2_fraction": 0.7777582969583552,
        "n_layers": 15
      },
      "late": {
        "mean_cos": 0.009777782073554894,
        "mean_abs_cos": 0.015805373798745373,
        "mean_r2": 0.0003262843340653531,
        "max_r2": 0.001113982298039995,
        "r2_fraction": 0.14704608371241285,
        "n_layers": 15
      }
    },
    "normalized_entropy": 0.8123201019943762,
    "near_peak_layers": [
      15,
      16,
      17,
      18,
      21
    ],
    "near_peak_fraction": 0.14285714285714285,
    "sign_consistency": 0.6857142857142857,
    "dominant_sign": "positive",
    "profile_type": "middle-concentrated",
    "per_layer": {
      "6": {
        "cosine": -0.0019403640180826187,
        "abs_cosine": 0.0019403640180826187,
        "r_squared": 3.765012522669725e-06
      },
      "7": {
        "cosine": -0.038605932146310806,
        "abs_cosine": 0.038605932146310806,
        "r_squared": 0.001490417996885554
      },
      "8": {
        "cosine": -0.007970230653882027,
        "abs_cosine": 0.007970230653882027,
        "r_squared": 6.352457667608072e-05
      },
      "9": {
        "cosine": -0.004040829837322235,
        "abs_cosine": 0.004040829837322235,
        "r_squared": 1.632830577419364e-05
      },
      "10": {
        "cosine": -0.030475670471787453,
        "abs_cosine": 0.030475670471787453,
        "r_squared": 0.0009287664907049777
      },
      "11": {
        "cosine": -0.014675874263048172,
        "abs_cosine": 0.014675874263048172,
        "r_squared": 0.00021538128538479973
      },
      "12": {
        "cosine": -0.016421407461166382,
        "abs_cosine": 0.016421407461166382,
        "r_squared": 0.0002696626230056509
      },
      "13": {
        "cosine": -0.005585021805018187,
        "abs_cosine": 0.005585021805018187,
        "r_squared": 3.11924685625286e-05
      },
      "14": {
        "cosine": 0.037648964673280716,
        "abs_cosine": 0.037648964673280716,
        "r_squared": 0.0014174445409699393
      },
      "15": {
        "cosine": 0.05381939187645912,
        "abs_cosine": 0.05381939187645912,
        "r_squared": 0.002896526941951874
      },
      "16": {
        "cosine": 0.05205634608864784,
        "abs_cosine": 0.05205634608864784,
        "r_squared": 0.0027098631681010815
      },
      "17": {
        "cosine": 0.06426884233951569,
        "abs_cosine": 0.06426884233951569,
        "r_squared": 0.004130484095661524
      },
      "18": {
        "cosine": 0.0617121160030365,
        "abs_cosine": 0.0617121160030365,
        "r_squared": 0.0038083852615722336
      },
      "19": {
        "cosine": 0.04110654070973396,
        "abs_cosine": 0.04110654070973396,
        "r_squared": 0.0016897476891210156
      },
      "20": {
        "cosine": 0.046618323773145676,
        "abs_cosine": 0.046618323773145676,
        "r_squared": 0.0021732681114178393
      },
      "21": {
        "cosine": 0.061700817197561264,
        "abs_cosine": 0.061700817197561264,
        "r_squared": 0.003806990842846872
      },
      "22": {
        "cosine": 0.03354892134666443,
        "abs_cosine": 0.03354892134666443,
        "r_squared": 0.0011255301235246762
      },
      "23": {
        "cosine": 0.028966015204787254,
        "abs_cosine": 0.028966015204787254,
        "r_squared": 0.0008390300368439664
      },
      "24": {
        "cosine": 0.008144074119627476,
        "abs_cosine": 0.008144074119627476,
        "r_squared": 6.632594326598604e-05
      },
      "25": {
        "cosine": 0.02658918872475624,
        "abs_cosine": 0.02658918872475624,
        "r_squared": 0.0007069849570407044
      },
      "26": {
        "cosine": 0.019910398870706558,
        "abs_cosine": 0.019910398870706558,
        "r_squared": 0.000396423983190633
      },
      "27": {
        "cosine": 0.028090132400393486,
        "abs_cosine": 0.028090132400393486,
        "r_squared": 0.0007890555382716359
      },
      "28": {
        "cosine": 0.01757943443953991,
        "abs_cosine": 0.01757943443953991,
        "r_squared": 0.00030903651521408185
      },
      "29": {
        "cosine": 0.0165255144238472,
        "abs_cosine": 0.0165255144238472,
        "r_squared": 0.0002730926269727818
      },
      "30": {
        "cosine": 0.003116210224106908,
        "abs_cosine": 0.003116210224106908,
        "r_squared": 9.710766160828425e-06
      },
      "31": {
        "cosine": 0.01729419454932213,
        "abs_cosine": 0.01729419454932213,
        "r_squared": 0.0002990891651098032
      },
      "32": {
        "cosine": 0.03337637335062027,
        "abs_cosine": 0.03337637335062027,
        "r_squared": 0.001113982298039995
      },
      "33": {
        "cosine": 0.014871577732264996,
        "abs_cosine": 0.014871577732264996,
        "r_squared": 0.00022116382424680007
      },
      "34": {
        "cosine": 0.014372484758496284,
        "abs_cosine": 0.014372484758496284,
        "r_squared": 0.000206568318133208
      },
      "35": {
        "cosine": 0.015699757263064384,
        "abs_cosine": 0.015699757263064384,
        "r_squared": 0.0002464823781191429
      },
      "36": {
        "cosine": -0.006930212490260601,
        "abs_cosine": 0.006930212490260601,
        "r_squared": 4.802784516016404e-05
      },
      "37": {
        "cosine": 0.009899700060486794,
        "abs_cosine": 0.009899700060486794,
        "r_squared": 9.800406128760222e-05
      },
      "38": {
        "cosine": -0.02779223583638668,
        "abs_cosine": 0.02779223583638668,
        "r_squared": 0.0007724083727853361
      },
      "39": {
        "cosine": 0.001137890969403088,
        "abs_cosine": 0.001137890969403088,
        "r_squared": 1.2947958582490996e-06
      },
      "40": {
        "cosine": -0.010484489612281322,
        "abs_cosine": 0.010484489612281322,
        "r_squared": 0.00010992452243003496
      }
    }
  },
  "control_profile": {
    "probe_type": "control",
    "n_layers": 35,
    "overall_mean_r2": 0.0023098918877790895,
    "overall_mean_abs_cos": 0.03473131208614047,
    "peak_layer": 6,
    "peak_cosine": 0.15778832137584686,
    "peak_abs_cosine": 0.15778832137584686,
    "peak_r2": 0.024897154362607532,
    "onset_layer": 6,
    "band_stats": {
      "early": {
        "mean_cos": 0.08940733671188354,
        "mean_abs_cos": 0.08940733671188354,
        "mean_r2": 0.009507585057477841,
        "max_r2": 0.024897154362607532,
        "r2_fraction": 0.5880043321371433,
        "n_layers": 5
      },
      "middle": {
        "mean_cos": 0.035081740197104715,
        "mean_abs_cos": 0.0358756655594334,
        "mean_r2": 0.0018636633408830926,
        "max_r2": 0.005833032535576876,
        "r2_fraction": 0.3457793261252643,
        "n_layers": 15
      },
      "late": {
        "mean_cos": 0.011808433135350545,
        "mean_abs_cos": 0.015361617070933182,
        "mean_r2": 0.0003568893781088358,
        "max_r2": 0.002243502733159597,
        "r2_fraction": 0.06621634173759233,
        "n_layers": 15
      }
    },
    "normalized_entropy": 0.704973465561319,
    "near_peak_layers": [
      6
    ],