{
  "0_baseline": {
    "dim_id": 0,
    "reading_mean_r2": 0.0005158693933925172,
    "control_mean_r2": 0.00730218759308536,
    "reading_boot_ci95": [
      0.00040535052854334436,
      0.0006104956659721998
    ],
    "control_boot_ci95": [
      0.005645787215230332,
      0.007792304723331404
    ]
  },
  "1_phenomenology": {
    "dim_id": 1,
    "reading_mean_r2": 0.00027594269029280956,
    "control_mean_r2": 0.0057391481811608375,
    "reading_boot_ci95": [
      0.00021786259064827943,
      0.00035647332178340407
    ],
    "control_boot_ci95": [
      0.0047613277052520634,
      0.006103934676686796
    ]
  },
  "2_emotions": {
    "dim_id": 2,
    "reading_mean_r2": 0.0002568157821183817,
    "control_mean_r2": 0.006696231441133057,
    "reading_boot_ci95": [
      0.00018870788470968727,
      0.00036685419002213893
    ],
    "control_boot_ci95": [
      0.0059228601380809,
      0.0071474710996680905
    ]
  },
  "3_agency": {
    "dim_id": 3,
    "reading_mean_r2": 0.00034441896191736535,
    "control_mean_r2": 0.007905630716298408,
    "reading_boot_ci95": [
      0.0002504787306513773,
      0.0005121604448610167
    ],
    "control_boot_ci95": [
      0.006918418527926117,
      0.008230634598511992
    ]
  },
  "4_intentions": {
    "dim_id": 4,
    "reading_mean_r2": 0.0004526048123569472,
    "control_mean_r2": 0.007490911510258903,
    "reading_boot_ci95": [
      0.00027825313526359276,
      0.0006120106102007435
    ],
    "control_boot_ci95": [
      0.006348171111047322,
      0.008080822462080927
    ]
  },
  "5_prediction": {
    "dim_id": 5,
    "reading_mean_r2": 0.00036517180325923855,
    "control_mean_r2": 0.008696242453857611,
    "reading_boot_ci95": [
      0.00023415941588721204,
      0.0006175563557130385
    ],
    "control_boot_ci95": [
      0.0074767195073830025,
      0.009193898566074658
    ]
  },
  "6_cognitive": {
    "dim_id": 6,
    "reading_mean_r2": 0.0005294510221913629,
    "control_mean_r2": 0.0075004796209571425,
    "reading_boot_ci95": [
      0.0003816783895347925,
      0.0006612265442055278
    ],
    "control_boot_ci95": [
      0.006449603224176361,
      0.008002862404692983
    ]
  },
  "7_social": {
    "dim_id": 7,
    "reading_mean_r2": 0.0004813801959673922,
    "control_mean_r2": 0.009182517035704994,
    "reading_boot_ci95": [
      0.000316531227501301,
      0.0007450789572825436
    ],
    "control_boot_ci95": [
      0.007937266026202245,
      0.009677914757506074
    ]
  },
  "8_embodiment": {
    "dim_id": 8,
    "reading_mean_r2": 0.00019128403756567058,
    "control_mean_r2": 0.005838136094574116,
    "reading_boot_ci95": [
      0.00015938115406732167,
      0.0002385551672534427
    ],
    "control_boot_ci95": [
      0.0048461625346766695,
      0.0063505040970991055
    ]
  },
  "9_roles": {
    "dim_id": 9,
    "reading_mean_r2": 0.00029209480515197364,
    "control_mean_r2": 0.007672454386546753,
    "reading_boot_ci95": [
      0.00021903052795953047,
      0.000439130282580133
    ],
    "control_boot_ci95": [
      0.0062603119097829184,
      0.008356932183237097
    ]
  },
  "10_animacy": {
    "dim_id": 10,
    "reading_mean_r2": 0.00031001855920609567,
    "control_mean_r2": 0.005200501994822041,
    "reading_boot_ci95": [
      0.00024093833819423233,
      0.0003845031356491516
    ],
    "control_boot_ci95": [
      0.004036003676028285,
      0.0058348142935435235
    ]
  },
  "11_formality": {
    "dim_id": 11,
    "reading_mean_r2": 0.00046362998418465263,
    "control_mean_r2": 0.0015687129347192483,
    "reading_boot_ci95": [
      0.00030208207548318346,
      0.0005474138527736555
    ],
    "control_boot_ci95": [
      0.0006368278210165832,
      0.002228810892311619
    ]
  },
  "12_expertise": {
    "dim_id": 12,
    "reading_mean_r2": 0.0005900253187727175,
    "control_mean_r2": 0.004327030316955032,
    "reading_boot_ci95": [
      0.0004564904876996172,
      0.0007299124446121403
    ],
    "control_boot_ci95": [
      0.0034739912399101903,
      0.005014740663759781
    ]
  },
  "13_helpfulness": {
    "dim_id": 13,
    "reading_mean_r2": 0.00034640868530323173,
    "control_mean_r2": 0.0007939354671746317,
    "reading_boot_ci95": [
      0.00018642170123495537,
      0.0005084582342212409
    ],
    "control_boot_ci95": [
      0.00028224643215473956,
      0.0013197977700048443
    ]
  },
  "14_biological": {
    "dim_id": 14,
    "reading_mean_r2": 0.000208725961644099,
    "control_mean_r2": 0.0034872901642868915,
    "reading_boot_ci95": [
      0.00017864384283766804,
      0.000247484935293456
    ],
    "control_boot_ci95": [
      0.0030209831344007875,
      0.0038554199387317066
    ]
  },
  "15_shapes": {
    "dim_id": 15,
    "reading_mean_r2": 0.0006533525215365053,
    "control_mean_r2": 0.00056480719620018,
    "reading_boot_ci95": [
      0.00037936198550141516,
      0.0008080105671338266
    ],
    "control_boot_ci95": [
      0.0002663503410635977,
      0.0010753808758329356
    ]
  },
  "16_mind": {
    "dim_id": 16,
    "reading_mean_r2": 0.00028922408734538216,
    "control_mean_r2": 0.008013022009063632,
    "reading_boot_ci95": [
      0.00024803298420478215,
      0.00033565874779708377
    ],
    "control_boot_ci95": [
      0.007629117978730958,
      0.00829440831401404
    ]
  },
  "17_attention": {
    "dim_id": 17,
    "reading_mean_r2": 0.0005901388362428545,
    "control_mean_r2": 0.008816978444287443,
    "reading_boot_ci95": [
      0.00040887307839951596,
      0.00072973931169476
    ],
    "control_boot_ci95": [
      0.0075741678170802,
      0.009296712758053544
    ]
  },
  "18_sysprompt_labeled": {
    "dim_id": 18,
    "reading_mean_r2": 0.0010023805263064134,
    "control_mean_r2": 0.00738015193743345,
    "reading_boot_ci95": [
      0.0008311174012161177,
      0.0012046615419605087
    ],
    "control_boot_ci95": [
      0.0059208501474587874,
      0.009223353943643427
    ]
  },
  "25_beliefs": {
    "dim_id": 25,
    "reading_mean_r2": 0.00034401292703117317,
    "control_mean_r2": 0.007768899043596819,
    "reading_boot_ci95": [
      0.00026832611257387887,
      0.0004328949602827156
    ],
    "control_boot_ci95": [
      0.006798361016458835,
      0.008144298407381352
    ]
  },
  "26_desires": {
    "dim_id": 26,
    "reading_mean_r2": 0.00027748595607012607,
    "control_mean_r2": 0.007386687180593112,
    "reading_boot_ci95": [
      0.00019444388079775513,
      0.0003875899151551988
    ],
    "control_boot_ci95": [
      0.006689198889866513,
      0.007725070343141056
    ]
  },
  "27_goals": {
    "dim_id": 27,
    "reading_mean_r2": 0.00033480453190066545,
    "control_mean_r2": 0.007561522227200005,
    "reading_boot_ci95": [
      0.00021903878662007044,
      0.00047957196126158854
    ],
    "control_boot_ci95": [
      0.0063471176137558935,
      0.008130579214949191
    ]
  },
  "30_granite_sandstone": {
    "dim_id": 30,
    "reading_mean_r2": 0.0003443021783299936,
    "control_mean_r2": 0.0003245223455663121,
    "reading_boot_ci95": [
      0.00016142114777789593,
      0.0006042758717083376
    ],
    "control_boot_ci95": [
      0.00018493177656980919,
      0.0008461640613939501
    ]
  },
  "31_squares_triangles": {
    "dim_id": 31,
    "reading_mean_r2": 0.00032140476186549036,
    "control_mean_r2": 0.0002800033838623858,
    "reading_boot_ci95": [
      0.0001718093464981466,
      0.0005942412237104465
    ],
    "control_boot_ci95": [
      0.00020014529623779194,
      0.0007070947625343484
    ]
  },
  "32_horizontal_vertical": {
    "dim_id": 32,
    "reading_mean_r2": 0.00027325662074707444,
    "control_mean_r2": 0.0003520513143786261,
    "reading_boot_ci95": [
      0.00015116051012408388,
      0.0006032436609086328
    ],
    "control_boot_ci95": [
      0.0002126640623832923,
      0.0011889010047144973
    ]
  }
}