{
  "1_phenomenology": {
    "dim_id": 1,
    "reading_mean_r2": 0.00021662476546425554,
    "control_mean_r2": 0.00015867730327140102,
    "reading_boot_ci95": [
      0.0002136646616796081,
      0.0002195780428578873
    ],
    "control_boot_ci95": [
      0.0001559276919805585,
      0.0001613413429306645
    ]
  },
  "2_emotions": {
    "dim_id": 2,
    "reading_mean_r2": 0.00022330243801299286,
    "control_mean_r2": 0.00015419456169270235,
    "reading_boot_ci95": [
      0.00022065372780260374,
      0.00022597737638549464
    ],
    "control_boot_ci95": [
      0.00015132657939361798,
      0.00015733934318643773
    ]
  },
  "3_agency": {
    "dim_id": 3,
    "reading_mean_r2": 0.00021292545586956905,
    "control_mean_r2": 0.00015804312358135133,
    "reading_boot_ci95": [
      0.0002087626696176813,
      0.0002172471911665299
    ],
    "control_boot_ci95": [
      0.00015524245165411237,
      0.00016088287300994393
    ]
  },
  "4_intentions": {
    "dim_id": 4,
    "reading_mean_r2": 0.00021363115410848483,
    "control_mean_r2": 0.00016076903712309012,
    "reading_boot_ci95": [
      0.00021008989045893893,
      0.00021726692566139433
    ],
    "control_boot_ci95": [
      0.00015727860250406268,
      0.00016430619347031352
    ]
  },
  "5_prediction": {
    "dim_id": 5,
    "reading_mean_r2": 0.0002205714653693743,
    "control_mean_r2": 0.00015179981548323816,
    "reading_boot_ci95": [
      0.00021790171341197343,
      0.0002233372073390295
    ],
    "control_boot_ci95": [
      0.00014843461700857373,
      0.00015553428111567743
    ]
  },
  "6_cognitive": {
    "dim_id": 6,
    "reading_mean_r2": 0.0002090111671239637,
    "control_mean_r2": 0.00015719548148700614,
    "reading_boot_ci95": [
      0.00020586118853659186,
      0.0002126105989730216
    ],
    "control_boot_ci95": [
      0.00015345547558176474,
      0.00016093644716291735
    ]
  },
  "7_social": {
    "dim_id": 7,
    "reading_mean_r2": 0.00021676166500480488,
    "control_mean_r2": 0.00015660476303194874,
    "reading_boot_ci95": [
      0.0002136862802075282,
      0.0002197966862489309
    ],
    "control_boot_ci95": [
      0.00015291277962919486,
      0.00016041974637765152
    ]
  },
  "8_embodiment": {
    "dim_id": 8,
    "reading_mean_r2": 0.00021266860652596073,
    "control_mean_r2": 0.00016803826409019285,
    "reading_boot_ci95": [
      0.00020890653020355526,
      0.00021639626979418864
    ],
    "control_boot_ci95": [
      0.00016450365213725862,
      0.00017165515868554354
    ]
  },
  "9_roles": {
    "dim_id": 9,
    "reading_mean_r2": 0.00020832382350937864,
    "control_mean_r2": 0.00015866681496149067,
    "reading_boot_ci95": [
      0.0002051409143577863,
      0.00021169852428164072
    ],
    "control_boot_ci95": [
      0.00015598494321009048,
      0.0001616011508930109
    ]
  },
  "10_animacy": {
    "dim_id": 10,
    "reading_mean_r2": 0.00020755356406635154,
    "control_mean_r2": 0.00016147630490731107,
    "reading_boot_ci95": [
      0.00020455684863542173,
      0.00021068075218880601
    ],
    "control_boot_ci95": [
      0.0001580484922018006,
      0.00016504774561394248
    ]
  },
  "11_formality": {
    "dim_id": 11,
    "reading_mean_r2": 0.0002246359171085238,
    "control_mean_r2": 0.00015420856179127677,
    "reading_boot_ci95": [
      0.00022106596057176357,
      0.0002277240269325827
    ],
    "control_boot_ci95": [
      0.000150566940749314,
      0.00015862096678166237
    ]
  },
  "12_expertise": {
    "dim_id": 12,
    "reading_mean_r2": 0.00021721896653250386,
    "control_mean_r2": 0.00015428414700353803,
    "reading_boot_ci95": [
      0.00021365706335801257,
      0.00022078133985330853
    ],
    "control_boot_ci95": [
      0.00015129348881472388,
      0.00015788455671893268
    ]
  },
  "13_helpfulness": {
    "dim_id": 13,
    "reading_mean_r2": 0.00022248778306594057,
    "control_mean_r2": 0.00015554604261023658,
    "reading_boot_ci95": [
      0.00021984849785084922,
      0.0002253975465935124
    ],
    "control_boot_ci95": [
      0.00015214291402734477,
      0.0001593113692623496
    ]
  },
  "14_biological": {
    "dim_id": 14,
    "reading_mean_r2": 0.00020707890180738273,
    "control_mean_r2": 0.00017485950940338243,
    "reading_boot_ci95": [
      0.00020388351783267935,
      0.0002103395374864813
    ],
    "control_boot_ci95": [
      0.00017161801863096486,
      0.0001781031288681688
    ]
  },
  "15_shapes": {
    "dim_id": 15,
    "reading_mean_r2": 0.00021684993556437727,
    "control_mean_r2": 0.0001630841805122244,
    "reading_boot_ci95": [
      0.0002133272875052399,
      0.00022005851070383193
    ],
    "control_boot_ci95": [
      0.00016072808739420755,
      0.000165545321734703
    ]
  },
  "16_human": {
    "dim_id": 16,
    "reading_mean_r2": 0.00021553870258782465,
    "control_mean_r2": 0.00014792467298159936,
    "reading_boot_ci95": [
      0.0002131559372480575,
      0.00021793610273637036
    ],
    "control_boot_ci95": [
      0.00014588305313774247,
      0.00015035787593685497
    ]
  },
  "17_ai": {
    "dim_id": 17,
    "reading_mean_r2": 0.00021290258038294442,
    "control_mean_r2": 0.00014702284291746563,
    "reading_boot_ci95": [
      0.00021008393700203267,
      0.00021593741706924478
    ],
    "control_boot_ci95": [
      0.00014511329269871305,
      0.0001494174729443958
    ]
  },
  "18_attention": {
    "dim_id": 18,
    "reading_mean_r2": 0.00021338584870104395,
    "control_mean_r2": 0.00015932910892222017,
    "reading_boot_ci95": [
      0.0002104667181035744,
      0.00021608258888000865
    ],
    "control_boot_ci95": [
      0.0001561646581954528,
      0.00016268169665273685
    ]
  },
  "20_sysprompt_talkto_human": {
    "dim_id": 20,
    "reading_mean_r2": 0.0002436593388388738,
    "control_mean_r2": 0.00016283046856811544,
    "reading_boot_ci95": [
      0.0002422194615724109,
      0.0002451620227205773
    ],
    "control_boot_ci95": [
      0.00016049826141643239,
      0.00016506288757539765
    ]
  },
  "21_sysprompt_talkto_ai": {
    "dim_id": 21,
    "reading_mean_r2": 0.00023247892395304785,
    "control_mean_r2": 0.0001535744233649233,
    "reading_boot_ci95": [
      0.00022597626974129353,
      0.0002374778108781381
    ],
    "control_boot_ci95": [
      0.00014978017819493113,
      0.00015756182427003162
    ]
  },
  "22_sysprompt_bare_human": {
    "dim_id": 22,
    "reading_mean_r2": 0.00022700915326276006,
    "control_mean_r2": 0.00019178645850948184,
    "reading_boot_ci95": [
      0.00022385094264703667,
      0.00022961329303557325
    ],
    "control_boot_ci95": [
      0.0001891851012323959,
      0.00019394708216860285
    ]
  },
  "23_sysprompt_bare_ai": {
    "dim_id": 23,
    "reading_mean_r2": 0.00021307698438236084,
    "control_mean_r2": 0.00017444060415203297,
    "reading_boot_ci95": [
      0.00020666775975278237,
      0.00021871915126100758
    ],
    "control_boot_ci95": [
      0.00016781022842993987,
      0.00018174873333311471
    ]
  }
}