{
  "dim_name": "0_baseline",
  "dim_id": 0,
  "reading_profile": {
    "probe_type": "reading",
    "n_layers": 35,
    "overall_mean_r2": 0.0004001800239352284,
    "overall_mean_abs_cos": 0.012549725480909858,
    "peak_layer": 6,
    "peak_cosine": 0.07495201379060745,
    "peak_abs_cosine": 0.07495201379060745,
    "peak_r2": 0.00561780437126741,
    "onset_layer": 6,
    "band_stats": {
      "early": {
        "mean_cos": 0.024591695703566074,
        "mean_abs_cos": 0.03175074514001608,
        "mean_r2": 0.0018209844851152603,
        "max_r2": 0.00561780437126741,
        "r2_fraction": 0.6500590363622369,
        "n_layers": 5
      },
      "middle": {
        "mean_cos": 0.0005592599355926116,
        "mean_abs_cos": 0.011749313600982228,
        "mean_r2": 0.00024653046461808913,
        "max_r2": 0.0016111100826317198,
        "r2_fraction": 0.26402095828964606,
        "n_layers": 15
      },
      "late": {
        "mean_cos": -6.0952904944618544e-05,
        "mean_abs_cos": 0.006949797474468748,
        "mean_r2": 8.022809619235697e-05,
        "max_r2": 0.00035017843411444885,
        "r2_fraction": 0.08592000534811702,
        "n_layers": 15
      }
    },
    "normalized_entropy": 0.55847826912819,
    "near_peak_layers": [
      6
    ],
    "near_peak_fraction": 0.02857142857142857,
    "sign_consistency": 0.5428571428571428,
    "dominant_sign": "negative",
    "profile_type": "early-concentrated",
    "per_layer": {
      "6": {
        "cosine": 0.07495201379060745,
        "abs_cosine": 0.07495201379060745,
        "r_squared": 0.00561780437126741
      },
      "7": {
        "cosine": 0.008969664573669434,
        "abs_cosine": 0.008969664573669434,
        "r_squared": 8.045488256414046e-05
      },
      "8": {
        "cosine": 0.0569344237446785,
        "abs_cosine": 0.0569344237446785,
        "r_squared": 0.0032415286071386107
      },
      "9": {
        "cosine": -0.010525532998144627,
        "abs_cosine": 0.010525532998144627,
        "r_squared": 0.00011078684489503141
      },
      "10": {
        "cosine": -0.007372090592980385,
        "abs_cosine": 0.007372090592980385,
        "r_squared": 5.434771971110988e-05
      },
      "11": {
        "cosine": 0.005253398325294256,
        "abs_cosine": 0.005253398325294256,
        "r_squared": 2.7598193964204496e-05
      },
      "12": {
        "cosine": -0.006397796794772148,
        "abs_cosine": 0.006397796794772148,
        "r_squared": 4.093180382719677e-05
      },
      "13": {
        "cosine": -0.0019882756751030684,
        "abs_cosine": 0.0019882756751030684,
        "r_squared": 3.953240160206562e-06
      },
      "14": {
        "cosine": 0.02117319032549858,
        "abs_cosine": 0.02117319032549858,
        "r_squared": 0.0004483039885597867
      },
      "15": {
        "cosine": -0.006667804438620806,
        "abs_cosine": 0.006667804438620806,
        "r_squared": 4.445961603169132e-05
      },
      "16": {
        "cosine": 0.0019611427560448647,
        "abs_cosine": 0.0019611427560448647,
        "r_squared": 3.8460809095872475e-06
      },
      "17": {
        "cosine": 0.02687932550907135,
        "abs_cosine": 0.02687932550907135,
        "r_squared": 0.0007224981398226138
      },
      "18": {
        "cosine": -0.04013863578438759,
        "abs_cosine": 0.04013863578438759,
        "r_squared": 0.0016111100826317198
      },
      "19": {
        "cosine": -0.008974761702120304,
        "abs_cosine": 0.008974761702120304,
        "r_squared": 8.054634760984534e-05
      },
      "20": {
        "cosine": 0.004627475515007973,
        "abs_cosine": 0.004627475515007973,
        "r_squared": 2.1413529641998302e-05
      },
      "21": {
        "cosine": -0.015902966260910034,
        "abs_cosine": 0.015902966260910034,
        "r_squared": 0.0002529043358956429
      },
      "22": {
        "cosine": -0.0038551618345081806,
        "abs_cosine": 0.0038551618345081806,
        "r_squared": 1.486227277024848e-05
      },
      "23": {
        "cosine": 0.017630988731980324,
        "abs_cosine": 0.017630988731980324,
        "r_squared": 0.00031085176366721715
      },
      "24": {
        "cosine": 0.00902588665485382,
        "abs_cosine": 0.00902588665485382,
        "r_squared": 8.14666299062683e-05
      },
      "25": {
        "cosine": 0.005762893706560135,
        "abs_cosine": 0.005762893706560135,
        "r_squared": 3.321094387311041e-05
      },
      "26": {
        "cosine": -0.007789289578795433,
        "abs_cosine": 0.007789289578795433,
        "r_squared": 6.0673032142331135e-05
      },
      "27": {
        "cosine": 0.004947453737258911,
        "abs_cosine": 0.004947453737258911,
        "r_squared": 2.4477298482317167e-05
      },
      "28": {
        "cosine": -0.0017554668011143804,
        "abs_cosine": 0.0017554668011143804,
        "r_squared": 3.0816636898147554e-06
      },
      "29": {
        "cosine": 0.012093560770154,
        "abs_cosine": 0.012093560770154,
        "r_squared": 0.0001462542121014078
      },
      "30": {
        "cosine": -0.0008283714414574206,
        "abs_cosine": 0.0008283714414574206,
        "r_squared": 6.861992450222448e-07
      },
      "31": {
        "cosine": -0.004641771782189608,
        "abs_cosine": 0.004641771782189608,
        "r_squared": 2.1546045277931686e-05
      },
      "32": {
        "cosine": -0.010841568000614643,
        "abs_cosine": 0.010841568000614643,
        "r_squared": 0.00011753959671195139
      },
      "33": {
        "cosine": -0.0027387330774217844,
        "abs_cosine": 0.0027387330774217844,
        "r_squared": 7.500658869364198e-06
      },
      "34": {
        "cosine": -0.0002813699538819492,
        "abs_cosine": 0.0002813699538819492,
        "r_squared": 7.916905094753021e-08
      },
      "35": {
        "cosine": -0.0015535942511633039,
        "abs_cosine": 0.0015535942511633039,
        "r_squared": 2.413655097247667e-06
      },
      "36": {
        "cosine": -0.0034374077804386616,
        "abs_cosine": 0.0034374077804386616,
        "r_squared": 1.1815772249020246e-05
      },
      "37": {
        "cosine": 0.015724439173936844,
        "abs_cosine": 0.015724439173936844,
        "r_squared": 0.0002472579873348396
      },
      "38": {
        "cosine": -0.018713055178523064,
        "abs_cosine": 0.018713055178523064,
        "r_squared": 0.00035017843411444885
      },
      "39": {
        "cosine": 0.005494680255651474,
        "abs_cosine": 0.005494680255651474,
        "r_squared": 3.0191511111846148e-05
      },
      "40": {
        "cosine": 0.013406200334429741,
        "abs_cosine": 0.013406200334429741,
        "r_squared": 0.0001797262074068641
      }
    }
  },
  "control_profile": {
    "probe_type": "control",
    "n_layers": 35,
    "overall_mean_r2": 0.0015389551773992243,
    "overall_mean_abs_cos": 0.021664844043386568,
    "peak_layer": 8,
    "peak_cosine": 0.15399719774723053,
    "peak_abs_cosine": 0.15399719774723053,
    "peak_r2": 0.023715136913999624,
    "onset_layer": 6,
    "band_stats": {
      "early": {
        "mean_cos": 0.03580020628869533,
        "mean_abs_cos": 0.07416705638170243,
        "mean_r2": 0.008911243561484653,
        "max_r2": 0.023715136913999624,
        "r2_fraction": 0.8272071943311486,
        "n_layers": 5
      },
      "middle": {
        "mean_cos": 0.004251671844394877,
        "mean_abs_cos": 0.015693608064126844,
        "mean_r2": 0.0004905864123651991,
        "max_r2": 0.004099458188111527,
        "r2_fraction": 0.13661952126533147,
        "n_layers": 15
      },
      "late": {
        "mean_cos": 0.0018652484829848011,
        "mean_abs_cos": 0.010135342576541006,
        "mean_r2": 0.00012989448107144,
        "max_r2": 0.0004704776676925683,
        "r2_fraction": 0.03617328440351982,
        "n_layers": 15
      }
    },
    "normalized_entropy": 0.47336340913508773,
    "near_peak_layers": [
      8
    ],