{
  "dim_name": "11_formality",
  "dim_id": 11,
  "reading_profile": {
    "probe_type": "reading",
    "n_layers": 35,
    "overall_mean_r2": 0.00034225141410763584,
    "overall_mean_abs_cos": 0.01404636588579576,
    "peak_layer": 9,
    "peak_cosine": -0.05170341581106186,
    "peak_abs_cosine": 0.05170341581106186,
    "peak_r2": 0.0026732432065315614,
    "onset_layer": 9,
    "band_stats": {
      "early": {
        "mean_cos": -0.024777065962553024,
        "mean_abs_cos": 0.028265195339918135,
        "mean_r2": 0.0010573331525592228,
        "max_r2": 0.0026732432065315614,
        "r2_fraction": 0.4413351910220088,
        "n_layers": 5
      },
      "middle": {
        "mean_cos": 0.005890104128047824,
        "mean_abs_cos": 0.01318075565310816,
        "mean_r2": 0.00029273908210145484,
        "max_r2": 0.0014656712171939312,
        "r2_fraction": 0.3665714777016319,
        "n_layers": 15
      },
      "late": {
        "mean_cos": -0.008329500711988657,
        "mean_abs_cos": 0.010172366300442567,
        "mean_r2": 0.00015340316662995458,
        "max_r2": 0.0005484992129080359,
        "r2_fraction": 0.19209333127635933,
        "n_layers": 15
      }
    },
    "normalized_entropy": 0.7479622513461859,
    "near_peak_layers": [
      9
    ],
    "near_peak_fraction": 0.02857142857142857,
    "sign_consistency": 0.5714285714285714,
    "dominant_sign": "negative",
    "profile_type": "mixed",
    "per_layer": {
      "6": {
        "cosine": 0.00872032344341278,
        "abs_cosine": 0.00872032344341278,
        "r_squared": 7.604404095773454e-05
      },
      "7": {
        "cosine": -0.01177046075463295,
        "abs_cosine": 0.01177046075463295,
        "r_squared": 0.00013854374637635447
      },
      "8": {
        "cosine": -0.03241722658276558,
        "abs_cosine": 0.03241722658276558,
        "r_squared": 0.0010508765793183633
      },
      "9": {
        "cosine": -0.05170341581106186,
        "abs_cosine": 0.05170341581106186,
        "r_squared": 0.0026732432065315614
      },
      "10": {
        "cosine": -0.036714550107717514,
        "abs_cosine": 0.036714550107717514,
        "r_squared": 0.0013479581896121001
      },
      "11": {
        "cosine": -0.03828408569097519,
        "abs_cosine": 0.03828408569097519,
        "r_squared": 0.0014656712171939312
      },
      "12": {
        "cosine": -0.009979765862226486,
        "abs_cosine": 0.009979765862226486,
        "r_squared": 9.959572666486116e-05
      },
      "13": {
        "cosine": 0.0015770901227369905,
        "abs_cosine": 0.0015770901227369905,
        "r_squared": 2.4872132552345756e-06
      },
      "14": {
        "cosine": 0.010331854224205017,
        "abs_cosine": 0.010331854224205017,
        "r_squared": 0.00010674721171022306
      },
      "15": {
        "cosine": 0.031390778720378876,
        "abs_cosine": 0.031390778720378876,
        "r_squared": 0.0009853809886717912
      },
      "16": {
        "cosine": 0.01492728479206562,
        "abs_cosine": 0.01492728479206562,
        "r_squared": 0.00022282383126343355
      },
      "17": {
        "cosine": 0.013695414178073406,
        "abs_cosine": 0.013695414178073406,
        "r_squared": 0.00018756436950897407
      },
      "18": {
        "cosine": 0.005046040751039982,
        "abs_cosine": 0.005046040751039982,
        "r_squared": 2.5462527261156144e-05
      },
      "19": {
        "cosine": 0.004350799135863781,
        "abs_cosine": 0.004350799135863781,
        "r_squared": 1.8929453120633023e-05
      },
      "20": {
        "cosine": 0.007663035299628973,
        "abs_cosine": 0.007663035299628973,
        "r_squared": 5.8722110003359704e-05
      },
      "21": {
        "cosine": 0.02924533747136593,
        "abs_cosine": 0.02924533747136593,
        "r_squared": 0.0008552897638140801
      },
      "22": {
        "cosine": 0.016306551173329353,
        "abs_cosine": 0.016306551173329353,
        "r_squared": 0.0002659036111684089
      },
      "23": {
        "cosine": 0.0011469406308606267,
        "abs_cosine": 0.0011469406308606267,
        "r_squared": 1.3154728107189724e-06
      },
      "24": {
        "cosine": 0.007350321859121323,
        "abs_cosine": 0.007350321859121323,
        "r_squared": 5.402723143267674e-05
      },
      "25": {
        "cosine": -0.006416034884750843,
        "abs_cosine": 0.006416034884750843,
        "r_squared": 4.1165503642339764e-05
      },
      "26": {
        "cosine": -0.013651655055582523,
        "abs_cosine": 0.013651655055582523,
        "r_squared": 0.00018636768575661187
      },
      "27": {
        "cosine": -0.012695573270320892,
        "abs_cosine": 0.012695573270320892,
        "r_squared": 0.00016117758066208632
      },
      "28": {
        "cosine": -0.0037640996742993593,
        "abs_cosine": 0.0037640996742993593,
        "r_squared": 1.4168446358060543e-05
      },
      "29": {
        "cosine": -0.004435909446328878,
        "abs_cosine": 0.004435909446328878,
        "r_squared": 1.9677292616029777e-05
      },
      "30": {
        "cosine": -0.020192783325910568,
        "abs_cosine": 0.020192783325910568,
        "r_squared": 0.00040774849844717187
      },
      "31": {
        "cosine": 0.013537946157157421,
        "abs_cosine": 0.013537946157157421,
        "r_squared": 0.00018327598615409339
      },
      "32": {
        "cosine": -0.011812945827841759,
        "abs_cosine": 0.011812945827841759,
        "r_squared": 0.00013954568913152401
      },
      "33": {
        "cosine": -0.00010419241152703762,
        "abs_cosine": 0.00010419241152703762,
        "r_squared": 1.0856058619819562e-08
      },
      "34": {
        "cosine": -0.0035840373020619154,
        "abs_cosine": 0.0035840373020619154,
        "r_squared": 1.2845323382571253e-05
      },
      "35": {
        "cosine": -0.013325609266757965,
        "abs_cosine": 0.013325609266757965,
        "r_squared": 0.00017757186233030575
      },
      "36": {
        "cosine": -0.004608470015227795,
        "abs_cosine": 0.004608470015227795,
        "r_squared": 2.123799588125367e-05
      },
      "37": {
        "cosine": -0.00811750441789627,
        "abs_cosine": 0.00811750441789627,
        "r_squared": 6.589387797456547e-05
      },
      "38": {
        "cosine": -0.019051162526011467,
        "abs_cosine": 0.019051162526011467,
        "r_squared": 0.0003629467935925036
      },
      "39": {
        "cosine": 0.0002835457562468946,
        "abs_cosine": 0.0002835457562468946,
        "r_squared": 8.039819588562337e-08
      },
      "40": {
        "cosine": -0.02342006005346775,
        "abs_cosine": 0.02342006005346775,
        "r_squared": 0.0005484992129080359
      }
    }
  },
  "control_profile": {
    "probe_type": "control",
    "n_layers": 35,
    "overall_mean_r2": 0.00034092609664128647,
    "overall_mean_abs_cos": 0.01329492425346481,
    "peak_layer": 9,
    "peak_cosine": -0.061328571289777756,
    "peak_abs_cosine": 0.061328571289777756,
    "peak_r2": 0.0037611936564453524,
    "onset_layer": 9,
    "band_stats": {
      "early": {
        "mean_cos": -0.012436994351446629,
        "mean_abs_cos": 0.03254085462540388,
        "mean_r2": 0.0013900807479900019,
        "max_r2": 0.0037611936564453524,
        "r2_fraction": 0.5824809715506041,
        "n_layers": 5
      },
      "middle": {
        "mean_cos": 0.004960573022253811,
        "mean_abs_cos": 0.012174045923165977,
        "mean_r2": 0.00023299610200149613,
        "max_r2": 0.0013014542543668406,
        "r2_fraction": 0.2928947747623462,
        "n_layers": 15
      },
      "late": {
        "mean_cos": 0.001583088639502724,
        "mean_abs_cos": 0.008000492459783952,
        "mean_r2": 9.913787416483825e-05,
        "max_r2": 0.00045299418657164525,
        "r2_fraction": 0.12462425368704953,
        "n_layers": 15
      }
    },
    "normalized_entropy": 0.6840578592666257,
    "near_peak_layers": [
      9
    ],