{
  "dim_name": "7_social",
  "dim_id": 7,
  "reading_profile": {
    "probe_type": "reading",
    "n_layers": 35,
    "overall_mean_r2": 0.0006633976127706399,
    "overall_mean_abs_cos": 0.023216239023687583,
    "peak_layer": 17,
    "peak_cosine": 0.047293100506067276,
    "peak_abs_cosine": 0.047293100506067276,
    "peak_r2": 0.002236637355476981,
    "onset_layer": null,
    "band_stats": {
      "early": {
        "mean_cos": -0.010500905849039555,
        "mean_abs_cos": 0.018486812897026538,
        "mean_r2": 0.0004804223417226508,
        "max_r2": 0.0017023731779808315,
        "r2_fraction": 0.10345494433813146,
        "n_layers": 5
      },
      "middle": {
        "mean_cos": 0.017985401240487895,
        "mean_abs_cos": 0.02766292734692494,
        "mean_r2": 0.0008995177895231618,
        "max_r2": 0.002236637355476981,
        "r2_fraction": 0.581110960697169,
        "n_layers": 15
      },
      "late": {
        "mean_cos": 0.01901513358267645,
        "mean_abs_cos": 0.020346026076003908,
        "mean_r2": 0.00048826919303411435,
        "max_r2": 0.0010740326097471442,
        "r2_fraction": 0.3154340949646996,
        "n_layers": 15
      }
    },
    "normalized_entropy": 0.8992389534431688,
    "near_peak_layers": [
      10,
      15,
      16,
      17,
      18
    ],
    "near_peak_fraction": 0.14285714285714285,
    "sign_consistency": 0.7714285714285715,
    "dominant_sign": "positive",
    "profile_type": "negligible",
    "per_layer": {
      "6": {
        "cosine": 0.011879198253154755,
        "abs_cosine": 0.011879198253154755,
        "r_squared": 0.00014111535113775497
      },
      "7": {
        "cosine": -0.013839631341397762,
        "abs_cosine": 0.013839631341397762,
        "r_squared": 0.00019153539566579923
      },
      "8": {
        "cosine": 0.008085569366812706,
        "abs_cosine": 0.008085569366812706,
        "r_squared": 6.537643198554002e-05
      },
      "9": {
        "cosine": -0.017369840294122696,
        "abs_cosine": 0.017369840294122696,
        "r_squared": 0.0003017113518433284
      },
      "10": {
        "cosine": -0.041259825229644775,
        "abs_cosine": 0.041259825229644775,
        "r_squared": 0.0017023731779808315
      },
      "11": {
        "cosine": -0.03224349394440651,
        "abs_cosine": 0.03224349394440651,
        "r_squared": 0.0010396429017429792
      },
      "12": {
        "cosine": -0.014388383366167545,
        "abs_cosine": 0.014388383366167545,
        "r_squared": 0.0002070255758918069
      },
      "13": {
        "cosine": -0.010699594393372536,
        "abs_cosine": 0.010699594393372536,
        "r_squared": 0.000114481320182689
      },
      "14": {
        "cosine": 0.03044867143034935,
        "abs_cosine": 0.03044867143034935,
        "r_squared": 0.0009271215918733727
      },
      "15": {
        "cosine": 0.04456169530749321,
        "abs_cosine": 0.04456169530749321,
        "r_squared": 0.0019857446886778624
      },
      "16": {
        "cosine": 0.03906833007931709,
        "abs_cosine": 0.03906833007931709,
        "r_squared": 0.0015263344151864727
      },
      "17": {
        "cosine": 0.047293100506067276,
        "abs_cosine": 0.047293100506067276,
        "r_squared": 0.002236637355476981
      },
      "18": {
        "cosine": 0.038933686912059784,
        "abs_cosine": 0.038933686912059784,
        "r_squared": 0.0015158319765662953
      },
      "19": {
        "cosine": 0.017741253599524498,
        "abs_cosine": 0.017741253599524498,
        "r_squared": 0.00031475207928264096
      },
      "20": {
        "cosine": 0.02485853247344494,
        "abs_cosine": 0.02485853247344494,
        "r_squared": 0.0006179466367333165
      },
      "21": {
        "cosine": 0.015618319623172283,
        "abs_cosine": 0.015618319623172283,
        "r_squared": 0.0002439319078515684
      },
      "22": {
        "cosine": 0.030287526547908783,
        "abs_cosine": 0.030287526547908783,
        "r_squared": 0.0009173342643902793
      },
      "23": {
        "cosine": 0.036250561475753784,
        "abs_cosine": 0.036250561475753784,
        "r_squared": 0.0013141032073074044
      },
      "24": {
        "cosine": -0.015249974094331264,
        "abs_cosine": 0.015249974094331264,
        "r_squared": 0.00023256170987777467
      },
      "25": {
        "cosine": 0.017300786450505257,
        "abs_cosine": 0.017300786450505257,
        "r_squared": 0.0002993172118059863
      },
      "26": {
        "cosine": 0.004778683185577393,
        "abs_cosine": 0.004778683185577393,
        "r_squared": 2.2835812988120097e-05
      },
      "27": {
        "cosine": 0.029178790748119354,
        "abs_cosine": 0.029178790748119354,
        "r_squared": 0.0008514018295225356
      },
      "28": {
        "cosine": 0.01997792162001133,
        "abs_cosine": 0.01997792162001133,
        "r_squared": 0.0003991173522553161
      },
      "29": {
        "cosine": 0.024429652839899063,
        "abs_cosine": 0.024429652839899063,
        "r_squared": 0.0005968079378779884
      },
      "30": {
        "cosine": 0.00365068600513041,
        "abs_cosine": 0.00365068600513041,
        "r_squared": 1.3327508308055033e-05
      },
      "31": {
        "cosine": 0.021227926015853882,
        "abs_cosine": 0.021227926015853882,
        "r_squared": 0.00045062484293456606
      },
      "32": {
        "cosine": 0.03277243673801422,
        "abs_cosine": 0.03277243673801422,
        "r_squared": 0.0010740326097471442
      },
      "33": {
        "cosine": 0.027843069285154343,
        "abs_cosine": 0.027843069285154343,
        "r_squared": 0.0007752365072179052
      },
      "34": {
        "cosine": 0.021895406767725945,
        "abs_cosine": 0.021895406767725945,
        "r_squared": 0.0004794088375241791
      },
      "35": {
        "cosine": 0.03204047679901123,
        "abs_cosine": 0.03204047679901123,
        "r_squared": 0.001026592153507977
      },
      "36": {
        "cosine": 0.020841503515839577,
        "abs_cosine": 0.020841503515839577,
        "r_squared": 0.00043436826880075344
      },
      "37": {
        "cosine": 0.021408837288618088,
        "abs_cosine": 0.021408837288618088,
        "r_squared": 0.0004583383140505243
      },
      "38": {
        "cosine": -0.00998169369995594,
        "abs_cosine": 0.00998169369995594,
        "r_squared": 9.963420911974011e-05
      },
      "39": {
        "cosine": 0.021051714196801186,
        "abs_cosine": 0.021051714196801186,
        "r_squared": 0.0004431746706238006
      },
      "40": {
        "cosine": 0.014111592434346676,
        "abs_cosine": 0.014111592434346676,
        "r_squared": 0.00019913704103311034
      }
    }
  },
  "control_profile": {
    "probe_type": "control",
    "n_layers": 35,
    "overall_mean_r2": 0.0012685619616688178,
    "overall_mean_abs_cos": 0.03192796639965049,
    "peak_layer": 6,
    "peak_cosine": 0.059709422290325165,
    "peak_abs_cosine": 0.059709422290325165,
    "peak_r2": 0.0035652151102443796,
    "onset_layer": 6,
    "band_stats": {
      "early": {
        "mean_cos": 0.04189949631690979,
        "mean_abs_cos": 0.04189949631690979,
        "mean_r2": 0.0019954634404083125,
        "max_r2": 0.0035652151102443796,
        "r2_fraction": 0.22471602837405436,
        "n_layers": 5
      },
      "middle": {
        "mean_cos": 0.03326017622215052,
        "mean_abs_cos": 0.03343485685375829,
        "mean_r2": 0.001414652751338858,
        "max_r2": 0.003292138443246273,
        "r2_fraction": 0.4779267934033144,
        "n_layers": 15
      },
      "late": {
        "mean_cos": 0.02709723263978958,
        "mean_abs_cos": 0.02709723263978958,
        "mean_r2": 0.0008801706790856127,
        "max_r2": 0.0033922261052344305,
        "r2_fraction": 0.29735717822263136,
        "n_layers": 15
      }
    },
    "normalized_entropy": 0.9003252477053995,