{
  "dim_name": "1_phenomenology",
  "dim_id": 1,
  "reading_profile": {
    "probe_type": "reading",
    "n_layers": 35,
    "overall_mean_r2": 0.00020963563399238307,
    "overall_mean_abs_cos": 0.0115466831867317,
    "peak_layer": 16,
    "peak_cosine": 0.030436186119914055,
    "peak_abs_cosine": 0.030436186119914055,
    "peak_r2": 0.000926361425526049,
    "onset_layer": null,
    "band_stats": {
      "early": {
        "mean_cos": -0.0019089175388216973,
        "mean_abs_cos": 0.00662936195731163,
        "mean_r2": 5.4671460814223035e-05,
        "max_r2": 0.0001126204297906587,
        "r2_fraction": 0.03725611213611673,
        "n_layers": 5
      },
      "middle": {
        "mean_cos": 0.009878765671358754,
        "mean_abs_cos": 0.01381264259495462,
        "mean_r2": 0.00030834945347735443,
        "max_r2": 0.000926361425526049,
        "r2_fraction": 0.6303783534282659,
        "n_layers": 15
      },
      "late": {
        "mean_cos": -0.0004374834708869457,
        "mean_abs_cos": 0.010919830854982137,
        "mean_r2": 0.00016257653890013168,
        "max_r2": 0.0004877879434730982,
        "r2_fraction": 0.3323655344356173,
        "n_layers": 15
      }
    },
    "normalized_entropy": 0.8095789796196391,
    "near_peak_layers": [
      15,
      16,
      21,
      24
    ],
    "near_peak_fraction": 0.11428571428571428,
    "sign_consistency": 0.6571428571428571,
    "dominant_sign": "positive",
    "profile_type": "negligible",
    "per_layer": {
      "6": {
        "cosine": 0.0018325760029256344,
        "abs_cosine": 0.0018325760029256344,
        "r_squared": 3.3583348064988947e-06
      },
      "7": {
        "cosine": -0.010612277314066887,
        "abs_cosine": 0.010612277314066887,
        "r_squared": 0.0001126204297906587
      },
      "8": {
        "cosine": 0.009968535043299198,
        "abs_cosine": 0.009968535043299198,
        "r_squared": 9.937169090948415e-05
      },
      "9": {
        "cosine": -0.004917444195598364,
        "abs_cosine": 0.004917444195598364,
        "r_squared": 2.418125741682404e-05
      },
      "10": {
        "cosine": -0.005815977230668068,
        "abs_cosine": 0.005815977230668068,
        "r_squared": 3.382559114764941e-05
      },
      "11": {
        "cosine": -0.004685869440436363,
        "abs_cosine": 0.004685869440436363,
        "r_squared": 2.1957372412815396e-05
      },
      "12": {
        "cosine": -0.023025264963507652,
        "abs_cosine": 0.023025264963507652,
        "r_squared": 0.000530162826639733
      },
      "13": {
        "cosine": 0.00046849303180351853,
        "abs_cosine": 0.00046849303180351853,
        "r_squared": 2.1948572084845263e-07
      },
      "14": {
        "cosine": 0.021785017102956772,
        "abs_cosine": 0.021785017102956772,
        "r_squared": 0.00047458697017611906
      },
      "15": {
        "cosine": 0.02923009730875492,
        "abs_cosine": 0.02923009730875492,
        "r_squared": 0.0008543985886792817
      },
      "16": {
        "cosine": 0.030436186119914055,
        "abs_cosine": 0.030436186119914055,
        "r_squared": 0.000926361425526049
      },
      "17": {
        "cosine": 0.011673531495034695,
        "abs_cosine": 0.011673531495034695,
        "r_squared": 0.00013627133756556695
      },
      "18": {
        "cosine": 0.005108541343361139,
        "abs_cosine": 0.005108541343361139,
        "r_squared": 2.6097194656830034e-05
      },
      "19": {
        "cosine": 0.00011637958232313395,
        "abs_cosine": 0.00011637958232313395,
        "r_squared": 1.3544207181707111e-08
      },
      "20": {
        "cosine": 0.0008521077688783407,
        "abs_cosine": 0.0008521077688783407,
        "r_squared": 7.260876497828237e-07
      },
      "21": {
        "cosine": 0.02491266280412674,
        "abs_cosine": 0.02491266280412674,
        "r_squared": 0.00062064076799212
      },
      "22": {
        "cosine": -0.0017929425230249763,
        "abs_cosine": 0.0017929425230249763,
        "r_squared": 3.2146428908711675e-06
      },
      "23": {
        "cosine": 0.013540695421397686,
        "abs_cosine": 0.013540695421397686,
        "r_squared": 0.00018335043249506026
      },
      "24": {
        "cosine": 0.025467362254858017,
        "abs_cosine": 0.025467362254858017,
        "r_squared": 0.0006485865402201668
      },
      "25": {
        "cosine": 0.014094487763941288,
        "abs_cosine": 0.014094487763941288,
        "r_squared": 0.0001986545853278907
      },
      "26": {
        "cosine": 0.0035382339265197515,
        "abs_cosine": 0.0035382339265197515,
        "r_squared": 1.2519099318775379e-05
      },
      "27": {
        "cosine": 0.00423608161509037,
        "abs_cosine": 0.00423608161509037,
        "r_squared": 1.794438744970664e-05
      },
      "28": {
        "cosine": 0.00865915697067976,
        "abs_cosine": 0.00865915697067976,
        "r_squared": 7.498099944287188e-05
      },
      "29": {
        "cosine": 0.002584675094112754,
        "abs_cosine": 0.002584675094112754,
        "r_squared": 6.680545342126773e-06
      },
      "30": {
        "cosine": -0.017822543159127235,
        "abs_cosine": 0.017822543159127235,
        "r_squared": 0.000317643044658953
      },
      "31": {
        "cosine": 0.014469671994447708,
        "abs_cosine": 0.014469671994447708,
        "r_squared": 0.00020937140762690432
      },
      "32": {
        "cosine": 0.006188349332660437,
        "abs_cosine": 0.006188349332660437,
        "r_squared": 3.829566746303887e-05
      },
      "33": {
        "cosine": 0.005282578989863396,
        "abs_cosine": 0.005282578989863396,
        "r_squared": 2.7905640784146174e-05
      },
      "34": {
        "cosine": 0.011572935618460178,
        "abs_cosine": 0.011572935618460178,
        "r_squared": 0.00013393283882902427
      },
      "35": {
        "cosine": 0.022085921838879585,
        "abs_cosine": 0.022085921838879585,
        "r_squared": 0.0004877879434730982
      },
      "36": {
        "cosine": -0.02133975736796856,
        "abs_cosine": 0.02133975736796856,
        "r_squared": 0.0004553852445237684
      },
      "37": {
        "cosine": -0.008845038712024689,
        "abs_cosine": 0.008845038712024689,
        "r_squared": 7.823470981721536e-05
      },
      "38": {
        "cosine": -0.017461232841014862,
        "abs_cosine": 0.017461232841014862,
        "r_squared": 0.00030489465232813595
      },
      "39": {
        "cosine": -0.0035785208456218243,
        "abs_cosine": 0.0035785208456218243,
        "r_squared": 1.2805811442549936e-05
      },
      "40": {
        "cosine": -0.016132764518260956,
        "abs_cosine": 0.016132764518260956,
        "r_squared": 0.00026026609100165965
      }
    }
  },
  "control_profile": {
    "probe_type": "control",
    "n_layers": 35,
    "overall_mean_r2": 0.0004710081274091106,
    "overall_mean_abs_cos": 0.014497488535874124,
    "peak_layer": 6,
    "peak_cosine": 0.07925081998109818,
    "peak_abs_cosine": 0.07925081998109818,
    "peak_r2": 0.00628069246767643,
    "onset_layer": 6,
    "band_stats": {
      "early": {
        "mean_cos": 0.013782889395952225,
        "mean_abs_cos": 0.02470715790987015,
        "mean_r2": 0.0013967171774088866,
        "max_r2": 0.00628069246767643,
        "r2_fraction": 0.4236254402693502,
        "n_layers": 5
      },
      "middle": {
        "mean_cos": 0.00551959074412783,
        "mean_abs_cos": 0.01683378117159009,
        "mean_r2": 0.0005161537444885658,
        "max_r2": 0.002761727941417727,
        "r2_fraction": 0.4696495341911971,
        "n_layers": 15
      },
      "late": {
        "mean_cos": -0.00323987907031551,
        "mean_abs_cos": 0.008757972775492817,
        "mean_r2": 0.0001172928269963967,
        "max_r2": 0.00044298427821993017,
        "r2_fraction": 0.10672502553945278,
        "n_layers": 15
      }
    },
    "normalized_entropy": 0.6164966437003394,