{
  "0_baseline": {
    "dim_id": 0,
    "entity_overlap": 0.9756097590051046,
    "reading_mean_r2": 0.0001915868412196117,
    "control_mean_r2": 0.0001592901928509418,
    "reading_boot_ci95": [
      0.0001400247841549015,
      0.0003970056983155778
    ],
    "control_boot_ci95": [
      0.0001464511700108491,
      0.0003655558091088516
    ]
  },
  "1_phenomenology": {
    "dim_id": 1,
    "entity_overlap": 0.5669274381021174,
    "reading_mean_r2": 0.0002779844135879964,
    "control_mean_r2": 0.0002755586213678716,
    "reading_boot_ci95": [
      0.0001944780711319007,
      0.00036317562542466917
    ],
    "control_boot_ci95": [
      0.00022054395557339983,
      0.0003247494402075847
    ]
  },
  "2_emotions": {
    "dim_id": 2,
    "entity_overlap": 0.49406216984115,
    "reading_mean_r2": 0.00024969323867153295,
    "control_mean_r2": 0.00038240563720941994,
    "reading_boot_ci95": [
      0.00020223611623161155,
      0.0003241681192215944
    ],
    "control_boot_ci95": [
      0.00031863114200689067,
      0.00041605562226163775
    ]
  },
  "3_agency": {
    "dim_id": 3,
    "entity_overlap": 0.5390474730875434,
    "reading_mean_r2": 0.00023669054063297747,
    "control_mean_r2": 0.0003772317877502885,
    "reading_boot_ci95": [
      0.00018497364679753017,
      0.00032050883944258814
    ],
    "control_boot_ci95": [
      0.0003067635748997582,
      0.0004128254464398108
    ]
  },
  "4_intentions": {
    "dim_id": 4,
    "entity_overlap": 0.4166012366370457,
    "reading_mean_r2": 0.00027888480503229134,
    "control_mean_r2": 0.00039615735769677103,
    "reading_boot_ci95": [
      0.00021772659113761556,
      0.0003485430177987425
    ],
    "control_boot_ci95": [
      0.00032895027824538393,
      0.0004452651129710851
    ]
  },
  "5_prediction": {
    "dim_id": 5,
    "entity_overlap": 0.5677882560142656,
    "reading_mean_r2": 0.00020239995906205888,
    "control_mean_r2": 0.00027911235766049967,
    "reading_boot_ci95": [
      0.0001571861820266973,
      0.0002766732251300361
    ],
    "control_boot_ci95": [
      0.00024064539591156885,
      0.0003138423771161269
    ]
  },
  "6_cognitive": {
    "dim_id": 6,
    "entity_overlap": 0.2395757762033765,
    "reading_mean_r2": 0.00028682421287442797,
    "control_mean_r2": 0.00024433118489842614,
    "reading_boot_ci95": [
      0.00022824978498468723,
      0.00033579416467522353
    ],
    "control_boot_ci95": [
      0.00019360282464748048,
      0.0003215749219308794
    ]
  },
  "7_social": {
    "dim_id": 7,
    "entity_overlap": 0.5568320940180522,
    "reading_mean_r2": 0.0003739061657934956,
    "control_mean_r2": 0.00036080654873237744,
    "reading_boot_ci95": [
      0.00023295638686537845,
      0.0005150493082695209
    ],
    "control_boot_ci95": [
      0.0002823727562164351,
      0.0004067561486029325
    ]
  },
  "8_embodiment": {
    "dim_id": 8,
    "entity_overlap": 0.6324034182400238,
    "reading_mean_r2": 0.0002636919042841165,
    "control_mean_r2": 0.00028338085410220933,
    "reading_boot_ci95": [
      0.00020551933129267044,
      0.0003421356928700006
    ],
    "control_boot_ci95": [
      0.00021778775765193698,
      0.0003480308344186555
    ]
  },
  "9_roles": {
    "dim_id": 9,
    "entity_overlap": 0.683411560407499,
    "reading_mean_r2": 0.00027360811144199805,
    "control_mean_r2": 0.000380048658841117,
    "reading_boot_ci95": [
      0.00018132718358774834,
      0.00043291269298222
    ],
    "control_boot_ci95": [
      0.0002700708959264619,
      0.00044878350999492267
    ]
  },
  "10_animacy": {
    "dim_id": 10,
    "entity_overlap": 0.7429141413147856,
    "reading_mean_r2": 0.0002565085888626415,
    "control_mean_r2": 0.00024048918929203252,
    "reading_boot_ci95": [
      0.0001946015543142294,
      0.0003554099787957862
    ],
    "control_boot_ci95": [
      0.00017107051608042777,
      0.0002931669175344564
    ]
  },
  "11_formality": {
    "dim_id": 11,
    "entity_overlap": 0.23351308903316173,
    "reading_mean_r2": 0.0003492537354706685,
    "control_mean_r2": 0.0003282078018955209,
    "reading_boot_ci95": [
      0.0002368257324576532,
      0.00044627524094039024
    ],
    "control_boot_ci95": [
      0.00021482992087842832,
      0.0004071276404782615
    ]
  },
  "12_expertise": {
    "dim_id": 12,
    "entity_overlap": 0.17305628823616157,
    "reading_mean_r2": 0.00033724956920188026,
    "control_mean_r2": 0.000289331348874104,
    "reading_boot_ci95": [
      0.0002719203187110632,
      0.00042103663196976234
    ],
    "control_boot_ci95": [
      0.0002320580563247144,
      0.00036570749739957503
    ]
  },
  "13_helpfulness": {
    "dim_id": 13,
    "entity_overlap": 0.19644393165391394,
    "reading_mean_r2": 0.0002339892242557361,
    "control_mean_r2": 0.00023482706925933842,
    "reading_boot_ci95": [
      0.00015991307510625273,
      0.0003136783405357141
    ],
    "control_boot_ci95": [
      0.00015685322723379172,
      0.0003336166046836169
    ]
  },
  "14_biological": {
    "dim_id": 14,
    "entity_overlap": 0.5145828683928746,
    "reading_mean_r2": 0.00024295709493658005,
    "control_mean_r2": 0.00024279269263370495,
    "reading_boot_ci95": [
      0.00020779927601684967,
      0.00030144178556135273
    ],
    "control_boot_ci95": [
      0.00021045670263509098,
      0.00027980960936159233
    ]
  },
  "15_shapes": {
    "dim_id": 15,
    "entity_overlap": 0.1273111758708227,
    "reading_mean_r2": 0.00033616172702420236,
    "control_mean_r2": 0.00027028950553216035,
    "reading_boot_ci95": [
      0.00022634533509586667,
      0.00042293141840384166
    ],
    "control_boot_ci95": [
      0.00018329966317365596,
      0.00036755608039216943
    ]
  },
  "16_mind": {
    "dim_id": 16,
    "entity_overlap": 0.6316027059787657,
    "reading_mean_r2": 0.0002819873229704102,
    "control_mean_r2": 0.0003751952443907372,
    "reading_boot_ci95": [
      0.0002166932179776307,
      0.00036508136467360957
    ],
    "control_boot_ci95": [
      0.00032545246108411295,
      0.00040254760316954616
    ]
  },
  "17_attention": {
    "dim_id": 17,
    "entity_overlap": 0.4182856680779922,
    "reading_mean_r2": 0.0003134303601262803,
    "control_mean_r2": 0.0002789658928779752,
    "reading_boot_ci95": [
      0.00023117193570462624,
      0.0003953871908386011
    ],
    "control_boot_ci95": [
      0.00023050978182842725,
      0.00033309869362923075
    ]
  },
  "18_sysprompt_labeled": {
    "dim_id": 18,
    "entity_overlap": 0.28293701388487,
    "reading_mean_r2": 0.00025043156378385577,
    "control_mean_r2": 0.0001937012851549745,
    "reading_boot_ci95": [
      0.00021778866785269728,
      0.0002856824203454813
    ],
    "control_boot_ci95": [
      0.00017047189211007134,
      0.00021845142384021112
    ]
  }
}