{
  "dim_name": "12_expertise",
  "dim_id": 12,
  "reading_profile": {
    "probe_type": "reading",
    "n_layers": 35,
    "overall_mean_r2": 0.0015433075549888867,
    "overall_mean_abs_cos": 0.03784032416130815,
    "peak_layer": 7,
    "peak_cosine": -0.05695375055074692,
    "peak_abs_cosine": 0.05695375055074692,
    "peak_r2": 0.003243729701796705,
    "onset_layer": 7,
    "band_stats": {
      "early": {
        "mean_cos": -0.035105057060718536,
        "mean_abs_cos": 0.035105057060718536,
        "mean_r2": 0.0014434931958821466,
        "max_r2": 0.003243729701796705,
        "r2_fraction": 0.13361776985465118,
        "n_layers": 5
      },
      "middle": {
        "mean_cos": -0.038127702722946806,
        "mean_abs_cos": 0.038127702722946806,
        "mean_r2": 0.0015263106692642039,
        "max_r2": 0.0029977006981207754,
        "r2_fraction": 0.4238514493471028,
        "n_layers": 15
      },
      "late": {
        "mean_cos": -0.03846470129986604,
        "mean_abs_cos": 0.03846470129986604,
        "mean_r2": 0.0015935758937491503,
        "max_r2": 0.003017986521533858,
        "r2_fraction": 0.44253078079824626,
        "n_layers": 15
      }
    },
    "normalized_entropy": 0.9607375271876811,
    "near_peak_layers": [
      6,
      7,
      16,
      17,
      20,
      28,
      29,
      30,
      33
    ],
    "near_peak_fraction": 0.2571428571428571,
    "sign_consistency": 1.0,
    "dominant_sign": "negative",
    "profile_type": "distributed",
    "per_layer": {
      "6": {
        "cosine": -0.046816643327474594,
        "abs_cosine": 0.046816643327474594,
        "r_squared": 0.0021917980924519714
      },
      "7": {
        "cosine": -0.05695375055074692,
        "abs_cosine": 0.05695375055074692,
        "r_squared": 0.003243729701796705
      },
      "8": {
        "cosine": -0.030133051797747612,
        "abs_cosine": 0.030133051797747612,
        "r_squared": 0.0009080008106457406
      },
      "9": {
        "cosine": -0.022779244929552078,
        "abs_cosine": 0.022779244929552078,
        "r_squared": 0.0005188939995605241
      },
      "10": {
        "cosine": -0.01884259469807148,
        "abs_cosine": 0.01884259469807148,
        "r_squared": 0.00035504337495579144
      },
      "11": {
        "cosine": -0.026283854618668556,
        "abs_cosine": 0.026283854618668556,
        "r_squared": 0.0006908410136153044
      },
      "12": {
        "cosine": -0.03773816302418709,
        "abs_cosine": 0.03773816302418709,
        "r_squared": 0.0014241689484401215
      },
      "13": {
        "cosine": -0.021226173266768456,
        "abs_cosine": 0.021226173266768456,
        "r_squared": 0.00045055043155087585
      },
      "14": {
        "cosine": -0.043975234031677246,
        "abs_cosine": 0.043975234031677246,
        "r_squared": 0.0019338212081407846
      },
      "15": {
        "cosine": -0.042550403624773026,
        "abs_cosine": 0.042550403624773026,
        "r_squared": 0.0018105368486310974
      },
      "16": {
        "cosine": -0.0467156246304512,
        "abs_cosine": 0.0467156246304512,
        "r_squared": 0.002182349584613219
      },
      "17": {
        "cosine": -0.054751262068748474,
        "abs_cosine": 0.054751262068748474,
        "r_squared": 0.0029977006981207754
      },
      "18": {
        "cosine": -0.04140664264559746,
        "abs_cosine": 0.04140664264559746,
        "r_squared": 0.00171451005518021
      },
      "19": {
        "cosine": -0.03456886485219002,
        "abs_cosine": 0.03456886485219002,
        "r_squared": 0.0011950064171689784
      },
      "20": {
        "cosine": -0.04787074774503708,
        "abs_cosine": 0.04787074774503708,
        "r_squared": 0.0022916084896689726
      },
      "21": {
        "cosine": -0.042599353939294815,
        "abs_cosine": 0.042599353939294815,
        "r_squared": 0.0018147049560453127
      },
      "22": {
        "cosine": -0.03169849514961243,
        "abs_cosine": 0.03169849514961243,
        "r_squared": 0.0010047945947500025
      },
      "23": {
        "cosine": -0.034429434686899185,
        "abs_cosine": 0.034429434686899185,
        "r_squared": 0.0011853859728594568
      },
      "24": {
        "cosine": -0.030405763536691666,
        "abs_cosine": 0.030405763536691666,
        "r_squared": 0.0009245104562492085
      },
      "25": {
        "cosine": -0.03569552302360535,
        "abs_cosine": 0.03569552302360535,
        "r_squared": 0.0012741703639287394
      },
      "26": {
        "cosine": -0.03718021512031555,
        "abs_cosine": 0.03718021512031555,
        "r_squared": 0.0013823683963929412
      },
      "27": {
        "cosine": -0.04058074578642845,
        "abs_cosine": 0.04058074578642845,
        "r_squared": 0.0016467969285827305
      },
      "28": {
        "cosine": -0.053656481206417084,
        "abs_cosine": 0.053656481206417084,
        "r_squared": 0.0028790179754545897
      },
      "29": {
        "cosine": -0.049103062599897385,
        "abs_cosine": 0.049103062599897385,
        "r_squared": 0.0024111107566894413
      },
      "30": {
        "cosine": -0.054936204105615616,
        "abs_cosine": 0.054936204105615616,
        "r_squared": 0.003017986521533858
      },
      "31": {
        "cosine": -0.0447237491607666,
        "abs_cosine": 0.0447237491607666,
        "r_squared": 0.0020002137389951713
      },
      "32": {
        "cosine": -0.03565821796655655,
        "abs_cosine": 0.03565821796655655,
        "r_squared": 0.0012715085085504563
      },
      "33": {
        "cosine": -0.052100736647844315,
        "abs_cosine": 0.052100736647844315,
        "r_squared": 0.0027144867592480276
      },
      "34": {
        "cosine": -0.034017644822597504,
        "abs_cosine": 0.034017644822597504,
        "r_squared": 0.0011572001592763947
      },
      "35": {
        "cosine": -0.041910238564014435,
        "abs_cosine": 0.041910238564014435,
        "r_squared": 0.0017564680964926027
      },
      "36": {
        "cosine": -0.033827196806669235,
        "abs_cosine": 0.033827196806669235,
        "r_squared": 0.0011442792437971333
      },
      "37": {
        "cosine": -0.023263337090611458,
        "abs_cosine": 0.023263337090611458,
        "r_squared": 0.0005411828525914188
      },
      "38": {
        "cosine": -0.021827636286616325,
        "abs_cosine": 0.021827636286616325,
        "r_squared": 0.0004764457058608097
      },
      "39": {
        "cosine": -0.0228168535977602,
        "abs_cosine": 0.0228168535977602,
        "r_squared": 0.0005206088081016226
      },
      "40": {
        "cosine": -0.0313681997358799,
        "abs_cosine": 0.0313681997358799,
        "r_squared": 0.0009839639546700557
      }
    }
  },
  "control_profile": {
    "probe_type": "control",
    "n_layers": 35,
    "overall_mean_r2": 0.001962456391030012,
    "overall_mean_abs_cos": 0.04144750496904765,
    "peak_layer": 11,
    "peak_cosine": -0.07686006277799606,
    "peak_abs_cosine": 0.07686006277799606,
    "peak_r2": 0.005907469250237496,
    "onset_layer": 8,
    "band_stats": {
      "early": {
        "mean_cos": -0.04814451523125172,
        "mean_abs_cos": 0.04814451523125172,
        "mean_r2": 0.002471539109486157,
        "max_r2": 0.004543584732520145,
        "r2_fraction": 0.17991585303740895,
        "n_layers": 5
      },
      "middle": {
        "mean_cos": -0.05018174226085345,
        "mean_abs_cos": 0.05018174226085345,
        "mean_r2": 0.002696614044800352,
        "max_r2": 0.005907469250237496,
        "r2_fraction": 0.5889005935460765,
        "n_layers": 15
      },
      "late": {
        "mean_cos": -0.030480930923173825,
        "mean_abs_cos": 0.030480930923173825,
        "mean_r2": 0.0010586044977742913,
        "max_r2": 0.002073531732151024,
        "r2_fraction": 0.2311835534165148,
        "n_layers": 15
      }
    },
    "normalized_entropy": 0.9333544169024892,