{
  "dim_name": "4_intentions",
  "dim_id": 4,
  "reading_profile": {
    "probe_type": "reading",
    "n_layers": 35,
    "overall_mean_r2": 0.0016374271668572994,
    "overall_mean_abs_cos": 0.03913209853427751,
    "peak_layer": 7,
    "peak_cosine": -0.05809847265481949,
    "peak_abs_cosine": 0.05809847265481949,
    "peak_r2": 0.003375432524822808,
    "onset_layer": 7,
    "band_stats": {
      "early": {
        "mean_cos": -0.0373883381485939,
        "mean_abs_cos": 0.0373883381485939,
        "mean_r2": 0.0015525307560013038,
        "max_r2": 0.003375432524822808,
        "r2_fraction": 0.13545036535937424,
        "n_layers": 5
      },
      "middle": {
        "mean_cos": -0.039261580506960554,
        "mean_abs_cos": 0.039261580506960554,
        "mean_r2": 0.0015993788950164048,
        "max_r2": 0.0028574233641372043,
        "r2_fraction": 0.4186128774080061,
        "n_layers": 15
      },
      "late": {
        "mean_cos": -0.039583870023488996,
        "mean_abs_cos": 0.039583870023488996,
        "mean_r2": 0.0017037742423168592,
        "max_r2": 0.0030312466262421567,
        "r2_fraction": 0.4459367572326196,
        "n_layers": 15
      }
    },
    "normalized_entropy": 0.9647861025030382,
    "near_peak_layers": [
      7,
      16,
      17,
      20,
      28,
      29,
      30,
      31,
      33
    ],
    "near_peak_fraction": 0.2571428571428571,
    "sign_consistency": 1.0,
    "dominant_sign": "negative",
    "profile_type": "distributed",
    "per_layer": {
      "6": {
        "cosine": -0.0448775477707386,
        "abs_cosine": 0.0448775477707386,
        "r_squared": 0.0020139942939149252
      },
      "7": {
        "cosine": -0.05809847265481949,
        "abs_cosine": 0.05809847265481949,
        "r_squared": 0.003375432524822808
      },
      "8": {
        "cosine": -0.03138839080929756,
        "abs_cosine": 0.03138839080929756,
        "r_squared": 0.0009852310775971956
      },
      "9": {
        "cosine": -0.027993151918053627,
        "abs_cosine": 0.027993151918053627,
        "r_squared": 0.0007836165543072295
      },
      "10": {
        "cosine": -0.024584127590060234,
        "abs_cosine": 0.024584127590060234,
        "r_squared": 0.0006043793293643608
      },
      "11": {
        "cosine": -0.03304469957947731,
        "abs_cosine": 0.03304469957947731,
        "r_squared": 0.001091952170297908
      },
      "12": {
        "cosine": -0.03979416936635971,
        "abs_cosine": 0.03979416936635971,
        "r_squared": 0.0015835759155585216
      },
      "13": {
        "cosine": -0.02136380970478058,
        "abs_cosine": 0.02136380970478058,
        "r_squared": 0.00045641236510207683
      },
      "14": {
        "cosine": -0.039114776998758316,
        "abs_cosine": 0.039114776998758316,
        "r_squared": 0.0015299657796625926
      },
      "15": {
        "cosine": -0.03993261978030205,
        "abs_cosine": 0.03993261978030205,
        "r_squared": 0.0015946141225181704
      },
      "16": {
        "cosine": -0.04674699530005455,
        "abs_cosine": 0.04674699530005455,
        "r_squared": 0.002185281569583322
      },
      "17": {
        "cosine": -0.05072783678770065,
        "abs_cosine": 0.05072783678770065,
        "r_squared": 0.0025733134251595957
      },
      "18": {
        "cosine": -0.039930228143930435,
        "abs_cosine": 0.039930228143930435,
        "r_squared": 0.0015944231196263342
      },
      "19": {
        "cosine": -0.03717499226331711,
        "abs_cosine": 0.03717499226331711,
        "r_squared": 0.0013819800497776868
      },
      "20": {
        "cosine": -0.05345487222075462,
        "abs_cosine": 0.05345487222075462,
        "r_squared": 0.0028574233641372043
      },
      "21": {
        "cosine": -0.0444815419614315,
        "abs_cosine": 0.0444815419614315,
        "r_squared": 0.0019786075752665916
      },
      "22": {
        "cosine": -0.03156955540180206,
        "abs_cosine": 0.03156955540180206,
        "r_squared": 0.0009966368282674498
      },
      "23": {
        "cosine": -0.035559989511966705,
        "abs_cosine": 0.035559989511966705,
        "r_squared": 0.001264512854091182
      },
      "24": {
        "cosine": -0.03557611256837845,
        "abs_cosine": 0.03557611256837845,
        "r_squared": 0.001265659785477935
      },
      "25": {
        "cosine": -0.04045150801539421,
        "abs_cosine": 0.04045150801539421,
        "r_squared": 0.001636324500719502
      },
      "26": {
        "cosine": -0.042133837938308716,
        "abs_cosine": 0.042133837938308716,
        "r_squared": 0.0017752602994116629
      },
      "27": {
        "cosine": -0.04316549375653267,
        "abs_cosine": 0.04316549375653267,
        "r_squared": 0.0018632598512452608
      },
      "28": {
        "cosine": -0.053864799439907074,
        "abs_cosine": 0.053864799439907074,
        "r_squared": 0.0029014166187014134
      },
      "29": {
        "cosine": -0.05149749293923378,
        "abs_cosine": 0.05149749293923378,
        "r_squared": 0.002651991779026433
      },
      "30": {
        "cosine": -0.05484248697757721,
        "abs_cosine": 0.05484248697757721,
        "r_squared": 0.003007698377885726
      },
      "31": {
        "cosine": -0.04793243855237961,
        "abs_cosine": 0.04793243855237961,
        "r_squared": 0.002297518665577647
      },
      "32": {
        "cosine": -0.03910139948129654,
        "abs_cosine": 0.03910139948129654,
        "r_squared": 0.0015289194413959373
      },
      "33": {
        "cosine": -0.05505675822496414,
        "abs_cosine": 0.05505675822496414,
        "r_squared": 0.0030312466262421567
      },
      "34": {
        "cosine": -0.023742349818348885,
        "abs_cosine": 0.023742349818348885,
        "r_squared": 0.0005636991748968513
      },
      "35": {
        "cosine": -0.0436459518969059,
        "abs_cosine": 0.0436459518969059,
        "r_squared": 0.0019049691169870236
      },
      "36": {
        "cosine": -0.03302799165248871,
        "abs_cosine": 0.03302799165248871,
        "r_squared": 0.0010908482325968638
      },
      "37": {
        "cosine": -0.023589110001921654,
        "abs_cosine": 0.023589110001921654,
        "r_squared": 0.0005564461106827602
      },
      "38": {
        "cosine": -0.0219154953956604,
        "abs_cosine": 0.0219154953956604,
        "r_squared": 0.0004802889384372122
      },
      "39": {
        "cosine": -0.023470118641853333,
        "abs_cosine": 0.023470118641853333,
        "r_squared": 0.0005508464690626713
      },
      "40": {
        "cosine": -0.03677232563495636,
        "abs_cosine": 0.03677232563495636,
        "r_squared": 0.0013522039326032687
      }
    }
  },
  "control_profile": {
    "probe_type": "control",
    "n_layers": 35,
    "overall_mean_r2": 0.001955834525821542,
    "overall_mean_abs_cos": 0.04100872121219124,
    "peak_layer": 11,
    "peak_cosine": -0.0830862894654274,
    "peak_abs_cosine": 0.0830862894654274,
    "peak_r2": 0.006903331497132792,
    "onset_layer": 8,
    "band_stats": {
      "early": {
        "mean_cos": -0.04910141713917256,
        "mean_abs_cos": 0.04910141713917256,
        "mean_r2": 0.002591152092657404,
        "max_r2": 0.004378165153342606,
        "r2_fraction": 0.1892617088911737,
        "n_layers": 5
      },
      "middle": {
        "mean_cos": -0.049897073705991106,
        "mean_abs_cos": 0.049897073705991106,
        "mean_r2": 0.002696169106001012,
        "max_r2": 0.006903331497132792,
        "r2_fraction": 0.5907969361281422,
        "n_layers": 15
      },
      "late": {
        "mean_cos": -0.029422803409397603,
        "mean_abs_cos": 0.029422803409397603,
        "mean_r2": 0.0010037274233634528,
        "max_r2": 0.0020255882779776635,
        "r2_fraction": 0.2199413549806843,
        "n_layers": 15
      }
    },
    "normalized_entropy": 0.9248409615874017,
    "near_peak_layers": [
      11,
      12
    ],