{
  "dim_name": "8_embodiment",
  "dim_id": 8,
  "reading_profile": {
    "probe_type": "reading",
    "n_layers": 35,
    "overall_mean_r2": 0.0018057170430609334,
    "overall_mean_abs_cos": 0.041099330889327185,
    "peak_layer": 7,
    "peak_cosine": -0.05963649973273277,
    "peak_abs_cosine": 0.05963649973273277,
    "peak_r2": 0.003556512100372236,
    "onset_layer": 7,
    "band_stats": {
      "early": {
        "mean_cos": -0.03901416100561619,
        "mean_abs_cos": 0.03901416100561619,
        "mean_r2": 0.0016807596635955413,
        "max_r2": 0.003556512100372236,
        "r2_fraction": 0.13297128932436467,
        "n_layers": 5
      },
      "middle": {
        "mean_cos": -0.041055556014180185,
        "mean_abs_cos": 0.041055556014180185,
        "mean_r2": 0.0017490095788020284,
        "max_r2": 0.0030338585525022665,
        "r2_fraction": 0.4151123990620737,
        "n_layers": 15
      },
      "late": {
        "mean_cos": -0.04183816239237785,
        "mean_abs_cos": 0.04183816239237785,
        "mean_r2": 0.0019040769671416356,
        "max_r2": 0.003214050923133982,
        "r2_fraction": 0.45191631161356166,
        "n_layers": 15
      }
    },
    "normalized_entropy": 0.9654711183020457,
    "near_peak_layers": [
      7,
      16,
      17,
      20,
      28,
      29,
      30,
      31,
      33,
      35
    ],
    "near_peak_fraction": 0.2857142857142857,
    "sign_consistency": 1.0,
    "dominant_sign": "negative",
    "profile_type": "distributed",
    "per_layer": {
      "6": {
        "cosine": -0.04637160152196884,
        "abs_cosine": 0.04637160152196884,
        "r_squared": 0.002150325427712263
      },
      "7": {
        "cosine": -0.05963649973273277,
        "abs_cosine": 0.05963649973273277,
        "r_squared": 0.003556512100372236
      },
      "8": {
        "cosine": -0.03472583368420601,
        "abs_cosine": 0.03472583368420601,
        "r_squared": 0.0012058835250631367
      },
      "9": {
        "cosine": -0.029891442507505417,
        "abs_cosine": 0.029891442507505417,
        "r_squared": 0.0008934983351795017
      },
      "10": {
        "cosine": -0.0244454275816679,
        "abs_cosine": 0.0244454275816679,
        "r_squared": 0.0005975789296505697
      },
      "11": {
        "cosine": -0.03460802137851715,
        "abs_cosine": 0.03460802137851715,
        "r_squared": 0.0011977151437359002
      },
      "12": {
        "cosine": -0.04080915078520775,
        "abs_cosine": 0.04080915078520775,
        "r_squared": 0.0016653867878098222
      },
      "13": {
        "cosine": -0.022248266264796257,
        "abs_cosine": 0.022248266264796257,
        "r_squared": 0.0004949853517892712
      },
      "14": {
        "cosine": -0.040169261395931244,
        "abs_cosine": 0.040169261395931244,
        "r_squared": 0.001613569561094652
      },
      "15": {
        "cosine": -0.042809903621673584,
        "abs_cosine": 0.042809903621673584,
        "r_squared": 0.001832687848096981
      },
      "16": {
        "cosine": -0.049008212983608246,
        "abs_cosine": 0.049008212983608246,
        "r_squared": 0.002401804939846708
      },
      "17": {
        "cosine": -0.052584774792194366,
        "abs_cosine": 0.052584774792194366,
        "r_squared": 0.0027651585399458
      },
      "18": {
        "cosine": -0.04046974703669548,
        "abs_cosine": 0.04046974703669548,
        "r_squared": 0.0016378004252141226
      },
      "19": {
        "cosine": -0.03899068012833595,
        "abs_cosine": 0.03899068012833595,
        "r_squared": 0.0015202731368702121
      },
      "20": {
        "cosine": -0.05508047342300415,
        "abs_cosine": 0.05508047342300415,
        "r_squared": 0.0030338585525022665
      },
      "21": {
        "cosine": -0.0468466579914093,
        "abs_cosine": 0.0468466579914093,
        "r_squared": 0.002194609364964073
      },
      "22": {
        "cosine": -0.03187728300690651,
        "abs_cosine": 0.03187728300690651,
        "r_squared": 0.0010161611719024105
      },
      "23": {
        "cosine": -0.03912265598773956,
        "abs_cosine": 0.03912265598773956,
        "r_squared": 0.0015305822115350143
      },
      "24": {
        "cosine": -0.03653223440051079,
        "abs_cosine": 0.03653223440051079,
        "r_squared": 0.0013346041502938638
      },
      "25": {
        "cosine": -0.04467601701617241,
        "abs_cosine": 0.04467601701617241,
        "r_squared": 0.0019959464964293266
      },
      "26": {
        "cosine": -0.046611569821834564,
        "abs_cosine": 0.046611569821834564,
        "r_squared": 0.0021726384412557587
      },
      "27": {
        "cosine": -0.04708351567387581,
        "abs_cosine": 0.04708351567387581,
        "r_squared": 0.002216857448212109
      },
      "28": {
        "cosine": -0.05669260025024414,
        "abs_cosine": 0.05669260025024414,
        "r_squared": 0.003214050923133982
      },
      "29": {
        "cosine": -0.05395077168941498,
        "abs_cosine": 0.05395077168941498,
        "r_squared": 0.0029106857658833807
      },
      "30": {
        "cosine": -0.0563436858355999,
        "abs_cosine": 0.0563436858355999,
        "r_squared": 0.0031746109335407807
      },
      "31": {
        "cosine": -0.05041663721203804,
        "abs_cosine": 0.05041663721203804,
        "r_squared": 0.002541837307770259
      },
      "32": {
        "cosine": -0.0430399551987648,
        "abs_cosine": 0.0430399551987648,
        "r_squared": 0.0018524377435116812
      },
      "33": {
        "cosine": -0.05587014928460121,
        "abs_cosine": 0.05587014928460121,
        "r_squared": 0.0031214735810836253
      },
      "34": {
        "cosine": -0.021550390869379044,
        "abs_cosine": 0.021550390869379044,
        "r_squared": 0.00046441934662301565
      },
      "35": {
        "cosine": -0.04802938178181648,
        "abs_cosine": 0.04802938178181648,
        "r_squared": 0.002306821514343485
      },
      "36": {
        "cosine": -0.03270002827048302,
        "abs_cosine": 0.03270002827048302,
        "r_squared": 0.0010692918488903885
      },
      "37": {
        "cosine": -0.025907181203365326,
        "abs_cosine": 0.025907181203365326,
        "r_squared": 0.0006711820379040057
      },
      "38": {
        "cosine": -0.022405585274100304,
        "abs_cosine": 0.022405585274100304,
        "r_squared": 0.0005020102514749804
      },
      "39": {
        "cosine": -0.026404494419693947,
        "abs_cosine": 0.026404494419693947,
        "r_squared": 0.0006971973255596488
      },
      "40": {
        "cosine": -0.04056648910045624,
        "abs_cosine": 0.04056648910045624,
        "r_squared": 0.0016456400379374347
      }
    }
  },
  "control_profile": {
    "probe_type": "control",
    "n_layers": 35,
    "overall_mean_r2": 0.002241646710256518,
    "overall_mean_abs_cos": 0.043900235556066036,
    "peak_layer": 11,
    "peak_cosine": -0.08720338344573975,
    "peak_abs_cosine": 0.08720338344573975,
    "peak_r2": 0.007604430084384717,
    "onset_layer": 8,
    "band_stats": {
      "early": {
        "mean_cos": -0.05415947437286377,
        "mean_abs_cos": 0.05415947437286377,
        "mean_r2": 0.0031472841833099785,
        "max_r2": 0.005322008769582942,
        "r2_fraction": 0.20057220619554694,
        "n_layers": 5
      },
      "middle": {
        "mean_cos": -0.05282157063484192,
        "mean_abs_cos": 0.05282157063484192,
        "mean_r2": 0.0030271567330206104,
        "max_r2": 0.007604430084384717,
        "r2_fraction": 0.578749933985718,
        "n_layers": 15
      },
      "late": {
        "mean_cos": -0.03155915420502424,
        "mean_abs_cos": 0.03155915420502424,
        "mean_r2": 0.0011542575298079385,
        "max_r2": 0.002332488581120576,
        "r2_fraction": 0.22067785981873508,
        "n_layers": 15
      }
    },
    "normalized_entropy": 0.9248925271099555,