{
  "dim_name": "14_biological",
  "dim_id": 14,
  "reading_profile": {
    "probe_type": "reading",
    "n_layers": 35,
    "overall_mean_r2": 0.00017450138608929598,
    "overall_mean_abs_cos": 0.010713571895030327,
    "peak_layer": 7,
    "peak_cosine": -0.03141244873404503,
    "peak_abs_cosine": 0.03141244873404503,
    "peak_r2": 0.0009867419354690071,
    "onset_layer": null,
    "band_stats": {
      "early": {
        "mean_cos": -0.008339929021894931,
        "mean_abs_cos": 0.014643370918929578,
        "mean_r2": 0.00029044751117913905,
        "max_r2": 0.0009867419354690071,
        "r2_fraction": 0.2377774900641035,
        "n_layers": 5
      },
      "middle": {
        "mean_cos": -0.00309329819768512,
        "mean_abs_cos": 0.010544408360146917,
        "mean_r2": 0.00017320619878443005,
        "max_r2": 0.0006017514700740328,
        "r2_fraction": 0.4253904780589214,
        "n_layers": 15
      },
      "late": {
        "mean_cos": -0.005110822586963574,
        "mean_abs_cos": 0.009572802421947321,
        "mean_r2": 0.00013714786503088084,
        "max_r2": 0.0003620228417050009,
        "r2_fraction": 0.336832031876975,
        "n_layers": 15
      }
    },
    "normalized_entropy": 0.8270703942336469,
    "near_peak_layers": [
      7
    ],
    "near_peak_fraction": 0.02857142857142857,
    "sign_consistency": 0.6571428571428571,
    "dominant_sign": "negative",
    "profile_type": "negligible",
    "per_layer": {
      "6": {
        "cosine": -0.014056534506380558,
        "abs_cosine": 0.014056534506380558,
        "r_squared": 0.00019758616232906732
      },
      "7": {
        "cosine": -0.03141244873404503,
        "abs_cosine": 0.03141244873404503,
        "r_squared": 0.0009867419354690071
      },
      "8": {
        "cosine": 0.007887441664934158,
        "abs_cosine": 0.007887441664934158,
        "r_squared": 6.221173601773933e-05
      },
      "9": {
        "cosine": -0.011989266611635685,
        "abs_cosine": 0.011989266611635685,
        "r_squared": 0.00014374251388488222
      },
      "10": {
        "cosine": 0.007871163077652454,
        "abs_cosine": 0.007871163077652454,
        "r_squared": 6.195520819499926e-05
      },
      "11": {
        "cosine": -0.024530623108148575,
        "abs_cosine": 0.024530623108148575,
        "r_squared": 0.0006017514700740328
      },
      "12": {
        "cosine": -0.016844071447849274,
        "abs_cosine": 0.016844071447849274,
        "r_squared": 0.0002837227429402511
      },
      "13": {
        "cosine": 0.008621558547019958,
        "abs_cosine": 0.008621558547019958,
        "r_squared": 7.43312717796929e-05
      },
      "14": {
        "cosine": 0.015130259096622467,
        "abs_cosine": 0.015130259096622467,
        "r_squared": 0.0002289247403309269
      },
      "15": {
        "cosine": -0.0030575518030673265,
        "abs_cosine": 0.0030575518030673265,
        "r_squared": 9.34862302844026e-06
      },
      "16": {
        "cosine": 0.010342348366975784,
        "abs_cosine": 0.010342348366975784,
        "r_squared": 0.00010696416974388667
      },
      "17": {
        "cosine": -0.004811028949916363,
        "abs_cosine": 0.004811028949916363,
        "r_squared": 2.314599955693334e-05
      },
      "18": {
        "cosine": -0.0015732274623587728,
        "abs_cosine": 0.0015732274623587728,
        "r_squared": 2.4750446483198237e-06
      },
      "19": {
        "cosine": -0.008132782764732838,
        "abs_cosine": 0.008132782764732838,
        "r_squared": 6.61421554983355e-05
      },
      "20": {
        "cosine": 0.0005658470327034593,
        "abs_cosine": 0.0005658470327034593,
        "r_squared": 3.201828644193097e-07
      },
      "21": {
        "cosine": -0.0001639909896766767,
        "abs_cosine": 0.0001639909896766767,
        "r_squared": 2.689304469513588e-08
      },
      "22": {
        "cosine": 0.005927453748881817,
        "abs_cosine": 0.005927453748881817,
        "r_squared": 3.5134707945133105e-05
      },
      "23": {
        "cosine": -0.021722277626395226,
        "abs_cosine": 0.021722277626395226,
        "r_squared": 0.0004718573452781906
      },
      "24": {
        "cosine": 0.015295859426259995,
        "abs_cosine": 0.015295859426259995,
        "r_squared": 0.00023396331558790673
      },
      "25": {
        "cosine": -0.02144724503159523,
        "abs_cosine": 0.02144724503159523,
        "r_squared": 0.0004599843194452863
      },
      "26": {
        "cosine": -0.012731151655316353,
        "abs_cosine": 0.012731151655316353,
        "r_squared": 0.0001620822224706643
      },
      "27": {
        "cosine": 0.016832295805215836,
        "abs_cosine": 0.016832295805215836,
        "r_squared": 0.0002833261820742866
      },
      "28": {
        "cosine": 0.0008429301669821143,
        "abs_cosine": 0.0008429301669821143,
        "r_squared": 7.105312664084951e-07
      },
      "29": {
        "cosine": -0.01617450825870037,
        "abs_cosine": 0.01617450825870037,
        "r_squared": 0.0002616147174107665
      },
      "30": {
        "cosine": -0.017756205052137375,
        "abs_cosine": 0.017756205052137375,
        "r_squared": 0.00031528281785354884
      },
      "31": {
        "cosine": -0.0006498696166090667,
        "abs_cosine": 0.0006498696166090667,
        "r_squared": 4.2233051859161537e-07
      },
      "32": {
        "cosine": -0.00545349158346653,
        "abs_cosine": 0.00545349158346653,
        "r_squared": 2.974057045094028e-05
      },
      "33": {
        "cosine": -0.000856098544318229,
        "abs_cosine": 0.000856098544318229,
        "r_squared": 7.329047175837906e-07
      },
      "34": {
        "cosine": 0.014744259417057037,
        "abs_cosine": 0.014744259417057037,
        "r_squared": 0.00021739318575747513
      },
      "35": {
        "cosine": -0.0031284114811569452,
        "abs_cosine": 0.0031284114811569452,
        "r_squared": 9.786958395434592e-06
      },
      "36": {
        "cosine": -0.019026897847652435,
        "abs_cosine": 0.019026897847652435,
        "r_squared": 0.0003620228417050009
      },
      "37": {
        "cosine": -0.01310153678059578,
        "abs_cosine": 0.01310153678059578,
        "r_squared": 0.00017165026601330402
      },
      "38": {
        "cosine": -0.01341729424893856,
        "abs_cosine": 0.01341729424893856,
        "r_squared": 0.00018002378496259977
      },
      "39": {
        "cosine": -0.007831722497940063,
        "abs_cosine": 0.007831722497940063,
        "r_squared": 6.133587728474055e-05
      },
      "40": {
        "cosine": 0.0010453633731231093,
        "abs_cosine": 0.0010453633731231093,
        "r_squared": 1.0927845818673251e-06
      }
    }
  },
  "control_profile": {
    "probe_type": "control",
    "n_layers": 35,
    "overall_mean_r2": 0.0005115156522394548,
    "overall_mean_abs_cos": 0.015486447832414083,
    "peak_layer": 6,
    "peak_cosine": 0.0759136825799942,
    "peak_abs_cosine": 0.0759136825799942,
    "peak_r2": 0.005762887202856115,
    "onset_layer": 6,
    "band_stats": {
      "early": {
        "mean_cos": 0.008258651569485664,
        "mean_abs_cos": 0.024113848432898523,
        "mean_r2": 0.0012648648427807936,
        "max_r2": 0.005762887202856115,
        "r2_fraction": 0.353254053417558,
        "n_layers": 5
      },
      "middle": {
        "mean_cos": 0.01285440563224256,
        "mean_abs_cos": 0.017373012735818823,
        "mean_r2": 0.0006247415408039721,
        "max_r2": 0.0034229621538826027,
        "r2_fraction": 0.5234373053064154,
        "n_layers": 15
      },
      "late": {
        "mean_cos": 0.0004432389046996832,
        "mean_abs_cos": 0.010724082728847862,
        "mean_r2": 0.00014717336682782447,
        "max_r2": 0.0003551705079135048,
        "r2_fraction": 0.12330864127602645,
        "n_layers": 15
      }
    },
    "normalized_entropy": 0.6387394354352535,
    "near_peak_layers": [
      6
    ],