{
  "dim_name": "7_social",
  "dim_id": 7,
  "reading_profile": {
    "probe_type": "reading",
    "n_layers": 35,
    "overall_mean_r2": 0.0006749255923074608,
    "overall_mean_abs_cos": 0.020934156064010626,
    "peak_layer": 15,
    "peak_cosine": 0.0541040301322937,
    "peak_abs_cosine": 0.0541040301322937,
    "peak_r2": 0.0029272460765561448,
    "onset_layer": 7,
    "band_stats": {
      "early": {
        "mean_cos": -0.01757864886894822,
        "mean_abs_cos": 0.022863873932510614,
        "mean_r2": 0.000865340242646441,
        "max_r2": 0.002760220311316175,
        "r2_fraction": 0.18316098259237806,
        "n_layers": 5
      },
      "middle": {
        "mean_cos": 0.019890278259602687,
        "mean_abs_cos": 0.027253939886577427,
        "mean_r2": 0.0009815675734695755,
        "max_r2": 0.0029272460765561448,
        "r2_fraction": 0.6232862140595944,
        "n_layers": 15
      },
      "late": {
        "mean_cos": 0.005413088904848943,
        "mean_abs_cos": 0.013971132951943825,
        "mean_r2": 0.0003048120610323528,
        "max_r2": 0.0012861454815321083,
        "r2_fraction": 0.19355280334802744,
        "n_layers": 15
      }
    },
    "normalized_entropy": 0.8111249822138974,
    "near_peak_layers": [
      7,
      14,
      15,
      16
    ],
    "near_peak_fraction": 0.11428571428571428,
    "sign_consistency": 0.6571428571428571,
    "dominant_sign": "positive",
    "profile_type": "middle-concentrated",
    "per_layer": {
      "6": {
        "cosine": 0.013213062658905983,
        "abs_cosine": 0.013213062658905983,
        "r_squared": 0.00017458502482817564
      },
      "7": {
        "cosine": -0.05253779888153076,
        "abs_cosine": 0.05253779888153076,
        "r_squared": 0.002760220311316175
      },
      "8": {
        "cosine": -0.01052667386829853,
        "abs_cosine": 0.01052667386829853,
        "r_squared": 0.00011081086272951915
      },
      "9": {
        "cosine": -0.0023251925595104694,
        "abs_cosine": 0.0023251925595104694,
        "r_squared": 5.406520438802848e-06
      },
      "10": {
        "cosine": -0.03571664169430733,
        "abs_cosine": 0.03571664169430733,
        "r_squared": 0.0012756784939195326
      },
      "11": {
        "cosine": 0.00110177684109658,
        "abs_cosine": 0.00110177684109658,
        "r_squared": 1.2139122075767586e-06
      },
      "12": {
        "cosine": -0.03511660546064377,
        "abs_cosine": 0.03511660546064377,
        "r_squared": 0.0012331759790785157
      },
      "13": {
        "cosine": 0.011961225420236588,
        "abs_cosine": 0.011961225420236588,
        "r_squared": 0.00014307091355371393
      },
      "14": {
        "cosine": 0.05271406099200249,
        "abs_cosine": 0.05271406099200249,
        "r_squared": 0.0027787722262685582
      },
      "15": {
        "cosine": 0.0541040301322937,
        "abs_cosine": 0.0541040301322937,
        "r_squared": 0.0029272460765561448
      },
      "16": {
        "cosine": 0.050120238214731216,
        "abs_cosine": 0.050120238214731216,
        "r_squared": 0.0025120382787014034
      },
      "17": {
        "cosine": 0.028232833370566368,
        "abs_cosine": 0.028232833370566368,
        "r_squared": 0.0007970928801301659
      },
      "18": {
        "cosine": 0.02374165877699852,
        "abs_cosine": 0.02374165877699852,
        "r_squared": 0.0005636663614834309
      },
      "19": {
        "cosine": 0.029538914561271667,
        "abs_cosine": 0.029538914561271667,
        "r_squared": 0.0008725474734581073
      },
      "20": {
        "cosine": 0.018202532082796097,
        "abs_cosine": 0.018202532082796097,
        "r_squared": 0.0003313321742252212
      },
      "21": {
        "cosine": 0.02642694301903248,
        "abs_cosine": 0.02642694301903248,
        "r_squared": 0.0006983833173311894
      },
      "22": {
        "cosine": 0.012538453564047813,
        "abs_cosine": 0.012538453564047813,
        "r_squared": 0.00015721281777778331
      },
      "23": {
        "cosine": 0.03460176661610603,
        "abs_cosine": 0.03460176661610603,
        "r_squared": 0.00119728225295547
      },
      "24": {
        "cosine": -0.020110856741666794,
        "abs_cosine": 0.020110856741666794,
        "r_squared": 0.00040444655888384473
      },
      "25": {
        "cosine": 0.010297202505171299,
        "abs_cosine": 0.010297202505171299,
        "r_squared": 0.00010603237943250608
      },
      "26": {
        "cosine": -0.0007256022072397172,
        "abs_cosine": 0.0007256022072397172,
        "r_squared": 5.264985631511496e-07
      },
      "27": {
        "cosine": 0.02750425972044468,
        "abs_cosine": 0.02750425972044468,
        "r_squared": 0.0007564843027696756
      },
      "28": {
        "cosine": 0.014278287999331951,
        "abs_cosine": 0.014278287999331951,
        "r_squared": 0.0002038695081918668
      },
      "29": {
        "cosine": -0.0009717573411762714,
        "abs_cosine": 0.0009717573411762714,
        "r_squared": 9.443123301299764e-07
      },
      "30": {
        "cosine": -0.01407006848603487,
        "abs_cosine": 0.01407006848603487,
        "r_squared": 0.00019796682720171158
      },
      "31": {
        "cosine": 0.008625001646578312,
        "abs_cosine": 0.008625001646578312,
        "r_squared": 7.439065340347859e-05
      },
      "32": {
        "cosine": 0.032122645527124405,
        "abs_cosine": 0.032122645527124405,
        "r_squared": 0.0010318643556612855
      },
      "33": {
        "cosine": 0.0053777266293764114,
        "abs_cosine": 0.0053777266293764114,
        "r_squared": 2.891994370030418e-05
      },
      "34": {
        "cosine": 0.017752593383193016,
        "abs_cosine": 0.017752593383193016,
        "r_squared": 0.00031515457182898846
      },
      "35": {
        "cosine": 0.017093446105718613,
        "abs_cosine": 0.017093446105718613,
        "r_squared": 0.0002921858997691068
      },
      "36": {
        "cosine": -0.0019670070614665747,
        "abs_cosine": 0.0019670070614665747,
        "r_squared": 3.869116779859369e-06
      },
      "37": {
        "cosine": 0.013737351633608341,
        "abs_cosine": 0.013737351633608341,
        "r_squared": 0.00018871482990540176
      },
      "38": {
        "cosine": -0.03586287051439285,
        "abs_cosine": 0.03586287051439285,
        "r_squared": 0.0012861454815321083
      },
      "39": {
        "cosine": 0.00889035128057003,
        "abs_cosine": 0.00889035128057003,
        "r_squared": 7.903834589193318e-05
      },
      "40": {
        "cosine": -0.010588024742901325,
        "abs_cosine": 0.010588024742901325,
        "r_squared": 0.00011210626795629067
      }
    }
  },
  "control_profile": {
    "probe_type": "control",
    "n_layers": 35,
    "overall_mean_r2": 0.0006061044097225522,
    "overall_mean_abs_cos": 0.019444859543416116,
    "peak_layer": 16,
    "peak_cosine": 0.06916595995426178,
    "peak_abs_cosine": 0.06916595995426178,
    "peak_r2": 0.004783930016394544,
    "onset_layer": 16,
    "band_stats": {
      "early": {
        "mean_cos": 0.005383423529565334,
        "mean_abs_cos": 0.014880539290606976,
        "mean_r2": 0.0003310560407051239,
        "max_r2": 0.0010441234952915934,
        "r2_fraction": 0.07802899853901568,
        "n_layers": 5
      },
      "middle": {
        "mean_cos": 0.021815603754172724,
        "mean_abs_cos": 0.026406982199599346,
        "mean_r2": 0.001009747175303976,
        "max_r2": 0.004783930016394544,
        "r2_fraction": 0.7139838986059894,
        "n_layers": 15
      },
      "late": {
        "mean_cos": 0.005588826218930383,
        "mean_abs_cos": 0.014004176971502602,
        "mean_r2": 0.0002941444338136045,
        "max_r2": 0.0015935277601775294,
        "r2_fraction": 0.207987102854995,
        "n_layers": 15
      }
    },
    "normalized_entropy": 0.7764663968642066,
    "near_peak_layers": [
      16
    ],