{
  "dim_name": "2_emotions",
  "dim_id": 2,
  "reading_profile": {
    "probe_type": "reading",
    "n_layers": 35,
    "overall_mean_r2": 0.0002482112870925346,
    "overall_mean_abs_cos": 0.01265535594762436,
    "peak_layer": 16,
    "peak_cosine": -0.033172525465488434,
    "peak_abs_cosine": 0.033172525465488434,
    "peak_r2": 0.0011004164457584786,
    "onset_layer": null,
    "band_stats": {
      "early": {
        "mean_cos": 0.011950327409431338,
        "mean_abs_cos": 0.015977797703817485,
        "mean_r2": 0.0004018629171647803,
        "max_r2": 0.0010801208939133083,
        "r2_fraction": 0.23129080405193167,
        "n_layers": 5
      },
      "middle": {
        "mean_cos": 0.00034618851107855636,
        "mean_abs_cos": 0.012902898139630754,
        "mean_r2": 0.00023124824281121504,
        "max_r2": 0.0011004164457584786,
        "r2_fraction": 0.399282365186268,
        "n_layers": 15
      },
      "late": {
        "mean_cos": -0.0060081250267103314,
        "mean_abs_cos": 0.011300333170220256,
        "mean_r2": 0.00021395712134977238,
        "max_r2": 0.0009349437165574771,
        "r2_fraction": 0.3694268307618004,
        "n_layers": 15
      }
    },
    "normalized_entropy": 0.8036076509046197,
    "near_peak_layers": [
      6,
      9,
      11,
      16,
      40
    ],
    "near_peak_fraction": 0.14285714285714285,
    "sign_consistency": 0.5142857142857142,
    "dominant_sign": "negative",
    "profile_type": "negligible",
    "per_layer": {
      "6": {
        "cosine": 0.028179394081234932,
        "abs_cosine": 0.028179394081234932,
        "r_squared": 0.0007940782507855383
      },
      "7": {
        "cosine": -0.0031091158743947744,
        "abs_cosine": 0.0031091158743947744,
        "r_squared": 9.666601520413583e-06
      },
      "8": {
        "cosine": 0.008775725960731506,
        "abs_cosine": 0.008775725960731506,
        "r_squared": 7.701336613785692e-05
      },
      "9": {
        "cosine": 0.032865192741155624,
        "abs_cosine": 0.032865192741155624,
        "r_squared": 0.0010801208939133083
      },
      "10": {
        "cosine": -0.006959559861570597,
        "abs_cosine": 0.006959559861570597,
        "r_squared": 4.843547346678454e-05
      },
      "11": {
        "cosine": 0.027167538180947304,
        "abs_cosine": 0.027167538180947304,
        "r_squared": 0.0007380751308132295
      },
      "12": {
        "cosine": -0.012821975164115429,
        "abs_cosine": 0.012821975164115429,
        "r_squared": 0.00016440304710919288
      },
      "13": {
        "cosine": 0.009489528834819794,
        "abs_cosine": 0.009489528834819794,
        "r_squared": 9.005115750687631e-05
      },
      "14": {
        "cosine": 0.011231977492570877,
        "abs_cosine": 0.011231977492570877,
        "r_squared": 0.00012615731839361877
      },
      "15": {
        "cosine": -0.010571945458650589,
        "abs_cosine": 0.010571945458650589,
        "r_squared": 0.00011176603078068281
      },
      "16": {
        "cosine": -0.033172525465488434,
        "abs_cosine": 0.033172525465488434,
        "r_squared": 0.0011004164457584786
      },
      "17": {
        "cosine": -0.015377378091216087,
        "abs_cosine": 0.015377378091216087,
        "r_squared": 0.00023646375696021252
      },
      "18": {
        "cosine": 0.015980243682861328,
        "abs_cosine": 0.015980243682861328,
        "r_squared": 0.0002553681881636294
      },
      "19": {
        "cosine": -0.007618237752467394,
        "abs_cosine": 0.007618237752467394,
        "r_squared": 5.803754645311945e-05
      },
      "20": {
        "cosine": -0.011641073040664196,
        "abs_cosine": 0.011641073040664196,
        "r_squared": 0.00013551458153807875
      },
      "21": {
        "cosine": 0.006826900411397219,
        "abs_cosine": 0.006826900411397219,
        "r_squared": 4.6606569227135514e-05
      },
      "22": {
        "cosine": 0.0033526266925036907,
        "abs_cosine": 0.0033526266925036907,
        "r_squared": 1.1240105739288237e-05
      },
      "23": {
        "cosine": 0.018371738493442535,
        "abs_cosine": 0.018371738493442535,
        "r_squared": 0.0003375207752714382
      },
      "24": {
        "cosine": -0.002972187241539359,
        "abs_cosine": 0.002972187241539359,
        "r_squared": 8.833896998769345e-06
      },
      "25": {
        "cosine": 0.006947596091777086,
        "abs_cosine": 0.006947596091777086,
        "r_squared": 4.826909145447624e-05
      },
      "26": {
        "cosine": 0.006486511789262295,
        "abs_cosine": 0.006486511789262295,
        "r_squared": 4.207483519223874e-05
      },
      "27": {
        "cosine": 0.010524334385991096,
        "abs_cosine": 0.010524334385991096,
        "r_squared": 0.00011076161426815459
      },
      "28": {
        "cosine": 0.01134611014276743,
        "abs_cosine": 0.01134611014276743,
        "r_squared": 0.00012873421537180994
      },
      "29": {
        "cosine": -0.003092089667916298,
        "abs_cosine": 0.003092089667916298,
        "r_squared": 9.561018514434722e-06
      },
      "30": {
        "cosine": -0.012039495632052422,
        "abs_cosine": 0.012039495632052422,
        "r_squared": 0.00014494945507420934
      },
      "31": {
        "cosine": 0.00017513235798105597,
        "abs_cosine": 0.00017513235798105597,
        "r_squared": 3.067134281200474e-08
      },
      "32": {
        "cosine": -0.0014195474795997143,
        "abs_cosine": 0.0014195474795997143,
        "r_squared": 2.0151150468379012e-06
      },
      "33": {
        "cosine": -0.02519664168357849,
        "abs_cosine": 0.02519664168357849,
        "r_squared": 0.0006348707521306451
      },
      "34": {
        "cosine": 0.007745447102934122,
        "abs_cosine": 0.007745447102934122,
        "r_squared": 5.9991950824350585e-05
      },
      "35": {
        "cosine": -0.017442775890231133,
        "abs_cosine": 0.017442775890231133,
        "r_squared": 0.0003042504307568285
      },
      "36": {
        "cosine": -0.02489238977432251,
        "abs_cosine": 0.02489238977432251,
        "r_squared": 0.0006196310686767958
      },
      "37": {
        "cosine": -0.0008288645767606795,
        "abs_cosine": 0.0008288645767606795,
        "r_squared": 6.870164866086603e-07
      },
      "38": {
        "cosine": -0.01432478241622448,
        "abs_cosine": 0.01432478241622448,
        "r_squared": 0.00020519939127217404
      },
      "39": {
        "cosine": 0.0034140252973884344,
        "abs_cosine": 0.0034140252973884344,
        "r_squared": 1.1655568731208188e-05
      },
      "40": {
        "cosine": -0.03057684935629368,
        "abs_cosine": 0.03057684935629368,
        "r_squared": 0.0009349437165574771
      }
    }
  },
  "control_profile": {
    "probe_type": "control",
    "n_layers": 35,
    "overall_mean_r2": 0.00014103405181334328,
    "overall_mean_abs_cos": 0.009528518672543994,
    "peak_layer": 36,
    "peak_cosine": 0.026679053902626038,
    "peak_abs_cosine": 0.026679053902626038,
    "peak_r2": 0.0007117719171392256,
    "onset_layer": null,
    "band_stats": {
      "early": {
        "mean_cos": 0.0034677234827540813,
        "mean_abs_cos": 0.005571337544824928,
        "mean_r2": 3.965741455206277e-05,
        "max_r2": 9.320594561998755e-05,
        "r2_fraction": 0.040170050162828604,
        "n_layers": 5
      },
      "middle": {
        "mean_cos": 0.006085308827096014,
        "mean_abs_cos": 0.011231393118335594,
        "mean_r2": 0.00019807335486700422,
        "max_r2": 0.0006242446649720734,
        "r2_fraction": 0.6019013108241154,
        "n_layers": 15
      },
      "late": {
        "mean_cos": 0.0051694567004839575,
        "mean_abs_cos": 0.00914470460265875,
        "mean_r2": 0.00011778696118010919,
        "max_r2": 0.0007117719171392256,
        "r2_fraction": 0.3579286390130561,
        "n_layers": 15
      }
    },