{
  "dim_name": "3_agency",
  "dim_id": 3,
  "reading_profile": {
    "probe_type": "reading",
    "n_layers": 35,
    "overall_mean_r2": 0.00024553513795538785,
    "overall_mean_abs_cos": 0.012407388423369931,
    "peak_layer": 9,
    "peak_cosine": 0.034503813832998276,
    "peak_abs_cosine": 0.034503813832998276,
    "peak_r2": 0.0011905131690222032,
    "onset_layer": null,
    "band_stats": {
      "early": {
        "mean_cos": 0.012650310294702649,
        "mean_abs_cos": 0.016032547829672693,
        "mean_r2": 0.00042186846816498014,
        "max_r2": 0.0011905131690222032,
        "r2_fraction": 0.24545132124640628,
        "n_layers": 5
      },
      "middle": {
        "mean_cos": -0.00020799189805984498,
        "mean_abs_cos": 0.01218307614326477,
        "mean_r2": 0.00020685830901588716,
        "max_r2": 0.0009462803609518039,
        "r2_fraction": 0.3610626232360949,
        "n_layers": 15
      },
      "late": {
        "mean_cos": -0.0067029260758621,
        "mean_abs_cos": 0.011423314234707504,
        "mean_r2": 0.0002254341901583578,
        "max_r2": 0.0009805187990692549,
        "r2_fraction": 0.3934860555174989,
        "n_layers": 15
      }
    },
    "normalized_entropy": 0.7922633428821854,
    "near_peak_layers": [
      6,
      9,
      16,
      40
    ],
    "near_peak_fraction": 0.11428571428571428,
    "sign_consistency": 0.5142857142857142,
    "dominant_sign": "negative",
    "profile_type": "negligible",
    "per_layer": {
      "6": {
        "cosine": 0.028134962543845177,
        "abs_cosine": 0.028134962543845177,
        "r_squared": 0.0007915761173435711
      },
      "7": {
        "cosine": -0.002074984135106206,
        "abs_cosine": 0.002074984135106206,
        "r_squared": 4.3055591609424495e-06
      },
      "8": {
        "cosine": 0.009068368934094906,
        "abs_cosine": 0.009068368934094906,
        "r_squared": 8.223531512485758e-05
      },
      "9": {
        "cosine": 0.034503813832998276,
        "abs_cosine": 0.034503813832998276,
        "r_squared": 0.0011905131690222032
      },
      "10": {
        "cosine": -0.006380609702318907,
        "abs_cosine": 0.006380609702318907,
        "r_squared": 4.071218017332617e-05
      },
      "11": {
        "cosine": 0.027217920869588852,
        "abs_cosine": 0.027217920869588852,
        "r_squared": 0.0007408152164632004
      },
      "12": {
        "cosine": -0.012935510836541653,
        "abs_cosine": 0.012935510836541653,
        "r_squared": 0.00016732744060228653
      },
      "13": {
        "cosine": 0.007972558960318565,
        "abs_cosine": 0.007972558960318565,
        "r_squared": 6.356169637575584e-05
      },
      "14": {
        "cosine": 0.010028839111328125,
        "abs_cosine": 0.010028839111328125,
        "r_squared": 0.0001005776139209047
      },
      "15": {
        "cosine": -0.009206785820424557,
        "abs_cosine": 0.009206785820424557,
        "r_squared": 8.476490514317068e-05
      },
      "16": {
        "cosine": -0.03076167032122612,
        "abs_cosine": 0.03076167032122612,
        "r_squared": 0.0009462803609518039
      },
      "17": {
        "cosine": -0.014144821092486382,
        "abs_cosine": 0.014144821092486382,
        "r_squared": 0.00020007596373844763
      },
      "18": {
        "cosine": 0.013219645246863365,
        "abs_cosine": 0.013219645246863365,
        "r_squared": 0.00017475902045291716
      },
      "19": {
        "cosine": -0.009877611882984638,
        "abs_cosine": 0.009877611882984638,
        "r_squared": 9.756721651087933e-05
      },
      "20": {
        "cosine": -0.011589662171900272,
        "abs_cosine": 0.011589662171900272,
        "r_squared": 0.00013432026925877614
      },
      "21": {
        "cosine": 0.006228289101272821,
        "abs_cosine": 0.006228289101272821,
        "r_squared": 3.879158512903381e-05
      },
      "22": {
        "cosine": 0.0025231698527932167,
        "abs_cosine": 0.0025231698527932167,
        "r_squared": 6.366386106044543e-06
      },
      "23": {
        "cosine": 0.017322346568107605,
        "abs_cosine": 0.017322346568107605,
        "r_squared": 0.0003000636906256293
      },
      "24": {
        "cosine": -0.004416948184370995,
        "abs_cosine": 0.004416948184370995,
        "r_squared": 1.9509431263418225e-05
      },
      "25": {
        "cosine": 0.005300362128764391,
        "abs_cosine": 0.005300362128764391,
        "r_squared": 2.8093838696039786e-05
      },
      "26": {
        "cosine": 0.008138922043144703,
        "abs_cosine": 0.008138922043144703,
        "r_squared": 6.624205202438675e-05
      },
      "27": {
        "cosine": 0.011296655982732773,
        "abs_cosine": 0.011296655982732773,
        "r_squared": 0.00012761443639221215
      },
      "28": {
        "cosine": 0.00847333762794733,
        "abs_cosine": 0.00847333762794733,
        "r_squared": 7.179745055718809e-05
      },
      "29": {
        "cosine": -0.0038331469986587763,
        "abs_cosine": 0.0038331469986587763,
        "r_squared": 1.4693015913326785e-05
      },
      "30": {
        "cosine": -0.013577894307672977,
        "abs_cosine": 0.013577894307672977,
        "r_squared": 0.00018435921383033824
      },
      "31": {
        "cosine": 0.0007140584639273584,
        "abs_cosine": 0.0007140584639273584,
        "r_squared": 5.098794899062986e-07
      },
      "32": {
        "cosine": -0.0010810629464685917,
        "abs_cosine": 0.0010810629464685917,
        "r_squared": 1.1686970942273531e-06
      },
      "33": {
        "cosine": -0.026827067136764526,
        "abs_cosine": 0.026827067136764526,
        "r_squared": 0.0007196915311604712
      },
      "34": {
        "cosine": 0.0017725066281855106,
        "abs_cosine": 0.0017725066281855106,
        "r_squared": 3.141779746961568e-06
      },
      "35": {
        "cosine": -0.02011362835764885,
        "abs_cosine": 0.02011362835764885,
        "r_squared": 0.00040455804570961595
      },
      "36": {
        "cosine": -0.024500157684087753,
        "abs_cosine": 0.024500157684087753,
        "r_squared": 0.0006002577265451642
      },
      "37": {
        "cosine": -0.001274453243240714,
        "abs_cosine": 0.001274453243240714,
        "r_squared": 1.6242310692067747e-06
      },
      "38": {
        "cosine": -0.013426154851913452,
        "abs_cosine": 0.013426154851913452,
        "r_squared": 0.00018026163410755913
      },
      "39": {
        "cosine": 0.005007430445402861,
        "abs_cosine": 0.005007430445402861,
        "r_squared": 2.507435966554749e-05
      },
      "40": {
        "cosine": -0.03131323680281639,
        "abs_cosine": 0.03131323680281639,
        "r_squared": 0.0009805187990692549
      }
    }
  },
  "control_profile": {
    "probe_type": "control",
    "n_layers": 35,
    "overall_mean_r2": 0.0001540884364974673,
    "overall_mean_abs_cos": 0.009869069529564253,
    "peak_layer": 22,
    "peak_cosine": 0.026298722252249718,
    "peak_abs_cosine": 0.026298722252249718,
    "peak_r2": 0.0006916227921009745,
    "onset_layer": null,
    "band_stats": {
      "early": {
        "mean_cos": 0.004703103983774781,
        "mean_abs_cos": 0.006540221394971013,
        "mean_r2": 5.305189454968933e-05,
        "max_r2": 0.00010841426530916552,
        "r2_fraction": 0.049185015117287005,
        "n_layers": 5
      },
      "middle": {
        "mean_cos": 0.007377026090398431,
        "mean_abs_cos": 0.011200548879181345,
        "mean_r2": 0.0002055025026987312,
        "max_r2": 0.0006916227921009745,
        "r2_fraction": 0.5715711260270118,
        "n_layers": 15
      },
      "late": {
        "mean_cos": 0.005914109347698589,
        "mean_abs_cos": 0.009647206224811574,
        "mean_r2": 0.00013635321761212938,
        "max_r2": 0.0006562774363330082,
        "r2_fraction": 0.37924385885570117,
        "n_layers": 15
      }
    },
    "normalized_entropy": 0.7890388385627719,