{
  "dim_name": "5_prediction",
  "dim_id": 5,
  "reading_profile": {
    "probe_type": "reading",
    "n_layers": 35,
    "overall_mean_r2": 0.00023859971004526045,
    "overall_mean_abs_cos": 0.012283112056268562,
    "peak_layer": 9,
    "peak_cosine": 0.0352838970720768,
    "peak_abs_cosine": 0.0352838970720768,
    "peak_r2": 0.0012449533925929096,
    "onset_layer": null,
    "band_stats": {
      "early": {
        "mean_cos": 0.01188991623930633,
        "mean_abs_cos": 0.016567834140732884,
        "mean_r2": 0.0004337040073300615,
        "max_r2": 0.0012449533925929096,
        "r2_fraction": 0.2596722155325044,
        "n_layers": 5
      },
      "middle": {
        "mean_cos": -0.0005217147370179494,
        "mean_abs_cos": 0.011849910020828247,
        "mean_r2": 0.0001946339227539811,
        "max_r2": 0.0008847604511039719,
        "r2_fraction": 0.3496003339958447,
        "n_layers": 15
      },
      "late": {
        "mean_cos": -0.006645036940729672,
        "mean_abs_cos": 0.011288073396887437,
        "mean_r2": 0.0002175307315749394,
        "max_r2": 0.000985790320344515,
        "r2_fraction": 0.3907274504716508,
        "n_layers": 15
      }
    },
    "normalized_entropy": 0.792414388433166,
    "near_peak_layers": [
      9,
      16,
      40
    ],
    "near_peak_fraction": 0.08571428571428572,
    "sign_consistency": 0.5428571428571428,
    "dominant_sign": "negative",
    "profile_type": "negligible",
    "per_layer": {
      "6": {
        "cosine": 0.027714550495147705,
        "abs_cosine": 0.027714550495147705,
        "r_squared": 0.0007680963091480919
      },
      "7": {
        "cosine": -0.0026279196608811617,
        "abs_cosine": 0.0026279196608811617,
        "r_squared": 6.90596174404576e-06
      },
      "8": {
        "cosine": 0.008145928382873535,
        "abs_cosine": 0.008145928382873535,
        "r_squared": 6.635614921890465e-05
      },
      "9": {
        "cosine": 0.0352838970720768,
        "abs_cosine": 0.0352838970720768,
        "r_squared": 0.0012449533925929096
      },
      "10": {
        "cosine": -0.009066875092685223,
        "abs_cosine": 0.009066875092685223,
        "r_squared": 8.220822394635566e-05
      },
      "11": {
        "cosine": 0.02548912912607193,
        "abs_cosine": 0.02548912912607193,
        "r_squared": 0.0006496957036055684
      },
      "12": {
        "cosine": -0.014883182011544704,
        "abs_cosine": 0.014883182011544704,
        "r_squared": 0.00022150910678876787
      },
      "13": {
        "cosine": 0.00708269327878952,
        "abs_cosine": 0.00708269327878952,
        "r_squared": 5.0164544081410245e-05
      },
      "14": {
        "cosine": 0.006833777762949467,
        "abs_cosine": 0.006833777762949467,
        "r_squared": 4.670051851338262e-05
      },
      "15": {
        "cosine": -0.009124407544732094,
        "abs_cosine": 0.009124407544732094,
        "r_squared": 8.325481304236396e-05
      },
      "16": {
        "cosine": -0.02974492311477661,
        "abs_cosine": 0.02974492311477661,
        "r_squared": 0.0008847604511039719
      },
      "17": {
        "cosine": -0.014705400913953781,
        "abs_cosine": 0.014705400913953781,
        "r_squared": 0.0002162488160401127
      },
      "18": {
        "cosine": 0.012343494221568108,
        "abs_cosine": 0.012343494221568108,
        "r_squared": 0.00015236184959788526
      },
      "19": {
        "cosine": -0.011070651933550835,
        "abs_cosine": 0.011070651933550835,
        "r_squared": 0.00012255933423383283
      },
      "20": {
        "cosine": -0.009209838695824146,
        "abs_cosine": 0.009209838695824146,
        "r_squared": 8.482112880309981e-05
      },
      "21": {
        "cosine": 0.0063324966467916965,
        "abs_cosine": 0.0063324966467916965,
        "r_squared": 4.010051378162808e-05
      },
      "22": {
        "cosine": 0.002857713494449854,
        "abs_cosine": 0.002857713494449854,
        "r_squared": 8.166526416360795e-06
      },
      "23": {
        "cosine": 0.017218805849552155,
        "abs_cosine": 0.017218805849552155,
        "r_squared": 0.0002964872748845715
      },
      "24": {
        "cosine": -0.004048781469464302,
        "abs_cosine": 0.004048781469464302,
        "r_squared": 1.6392631387477513e-05
      },
      "25": {
        "cosine": 0.006803354248404503,
        "abs_cosine": 0.006803354248404503,
        "r_squared": 4.62856290292836e-05
      },
      "26": {
        "cosine": 0.010384466499090195,
        "abs_cosine": 0.010384466499090195,
        "r_squared": 0.00010783714447072656
      },
      "27": {
        "cosine": 0.009647507220506668,
        "abs_cosine": 0.009647507220506668,
        "r_squared": 9.30743955697283e-05
      },
      "28": {
        "cosine": 0.006800561677664518,
        "abs_cosine": 0.006800561677664518,
        "r_squared": 4.624763913171925e-05
      },
      "29": {
        "cosine": -0.0036770147271454334,
        "abs_cosine": 0.0036770147271454334,
        "r_squared": 1.3520437303644406e-05
      },
      "30": {
        "cosine": -0.012976843863725662,
        "abs_cosine": 0.012976843863725662,
        "r_squared": 0.00016839847666351437
      },
      "31": {
        "cosine": 0.003249027533456683,
        "abs_cosine": 0.003249027533456683,
        "r_squared": 1.0556179913159618e-05
      },
      "32": {
        "cosine": -0.0022713097278028727,
        "abs_cosine": 0.0022713097278028727,
        "r_squared": 5.1588478796119595e-06
      },
      "33": {
        "cosine": -0.025587154552340508,
        "abs_cosine": 0.025587154552340508,
        "r_squared": 0.0006547024780853596
      },
      "34": {
        "cosine": -0.0014219869626685977,
        "abs_cosine": 0.0014219869626685977,
        "r_squared": 2.022046921999464e-06
      },
      "35": {
        "cosine": -0.020752044394612312,
        "abs_cosine": 0.020752044394612312,
        "r_squared": 0.0004306473465559603
      },
      "36": {
        "cosine": -0.02366972155869007,
        "abs_cosine": 0.02366972155869007,
        "r_squared": 0.0005602557186659175
      },
      "37": {
        "cosine": -6.397165634552948e-06,
        "abs_cosine": 6.397165634552948e-06,
        "r_squared": 4.0923728155905224e-11
      },
      "38": {
        "cosine": -0.01273855660110712,
        "abs_cosine": 0.01273855660110712,
        "r_squared": 0.0001622708242796098
      },
      "39": {
        "cosine": 0.004741210490465164,
        "abs_cosine": 0.004741210490465164,
        "r_squared": 2.2479076914896923e-05
      },
      "40": {
        "cosine": -0.031397297978401184,
        "abs_cosine": 0.031397297978401184,
        "r_squared": 0.000985790320344515
      }
    }
  },
  "control_profile": {
    "probe_type": "control",
    "n_layers": 35,
    "overall_mean_r2": 0.00013791966634558187,
    "overall_mean_abs_cos": 0.009151700668995285,
    "peak_layer": 22,
    "peak_cosine": 0.025708692148327827,
    "peak_abs_cosine": 0.025708692148327827,
    "peak_r2": 0.0006609368519774929,
    "onset_layer": null,
    "band_stats": {
      "early": {
        "mean_cos": 0.0039138626772910355,
        "mean_abs_cos": 0.006618649372830987,
        "mean_r2": 5.240010691850424e-05,
        "max_r2": 0.00010479731207999835,
        "r2_fraction": 0.054276012682843315,
        "n_layers": 5
      },
      "middle": {
        "mean_cos": 0.00688327641946671,
        "mean_abs_cos": 0.01009874649134872,
        "mean_r2": 0.0001772522005321201,
        "max_r2": 0.0006609368519774929,
        "r2_fraction": 0.5507933046265923,
        "n_layers": 15
      },
      "late": {
        "mean_cos": 0.0054162701591849325,
        "mean_abs_cos": 0.009049005278696617,
        "mean_r2": 0.00012709365196806945,
        "max_r2": 0.0006422635400161192,
        "r2_fraction": 0.39493068269056414,
        "n_layers": 15
      }
    },
    "normalized_entropy": 0.7786511080620638,