{
  "dim_name": "6_cognitive",
  "dim_id": 6,
  "reading_profile": {
    "probe_type": "reading",
    "n_layers": 35,
    "overall_mean_r2": 0.0002350230952051731,
    "overall_mean_abs_cos": 0.011951432728840571,
    "peak_layer": 9,
    "peak_cosine": 0.034732941538095474,
    "peak_abs_cosine": 0.034732941538095474,
    "peak_r2": 0.001206377227888758,
    "onset_layer": null,
    "band_stats": {
      "early": {
        "mean_cos": 0.011968615464866161,
        "mean_abs_cos": 0.016392812691628934,
        "mean_r2": 0.0004322551396270536,
        "max_r2": 0.001206377227888758,
        "r2_fraction": 0.26274326009760185,
        "n_layers": 5
      },
      "middle": {
        "mean_cos": -0.0007465933604786794,
        "mean_abs_cos": 0.011396743031218648,
        "mean_r2": 0.0001896282536741572,
        "max_r2": 0.0008000981524965006,
        "r2_fraction": 0.3457926188219565,
        "n_layers": 15
      },
      "late": {
        "mean_cos": -0.007276699690070624,
        "mean_abs_cos": 0.011025662438866372,
        "mean_r2": 0.0002146739219288954,
        "max_r2": 0.0010812539353100142,
        "r2_fraction": 0.39146412108044154,
        "n_layers": 15
      }
    },
    "normalized_entropy": 0.7793649216781598,
    "near_peak_layers": [
      6,
      9,
      16,
      40
    ],
    "near_peak_fraction": 0.11428571428571428,
    "sign_consistency": 0.5428571428571428,
    "dominant_sign": "negative",
    "profile_type": "negligible",
    "per_layer": {
      "6": {
        "cosine": 0.028451675549149513,
        "abs_cosine": 0.028451675549149513,
        "r_squared": 0.0008094978415540723
      },
      "7": {
        "cosine": -0.0020194677636027336,
        "abs_cosine": 0.0020194677636027336,
        "r_squared": 4.078250048230626e-06
      },
      "8": {
        "cosine": 0.007718953303992748,
        "abs_cosine": 0.007718953303992748,
        "r_squared": 5.9582240109220565e-05
      },
      "9": {
        "cosine": 0.034732941538095474,
        "abs_cosine": 0.034732941538095474,
        "r_squared": 0.001206377227888758
      },
      "10": {
        "cosine": -0.009041025303304195,
        "abs_cosine": 0.009041025303304195,
        "r_squared": 8.174013853498672e-05
      },
      "11": {
        "cosine": 0.027276230975985527,
        "abs_cosine": 0.027276230975985527,
        "r_squared": 0.0007439927762553124
      },
      "12": {
        "cosine": -0.014875739812850952,
        "abs_cosine": 0.014875739812850952,
        "r_squared": 0.00022128763497963888
      },
      "13": {
        "cosine": 0.0064773354679346085,
        "abs_cosine": 0.0064773354679346085,
        "r_squared": 4.195587476416365e-05
      },
      "14": {
        "cosine": 0.004554077982902527,
        "abs_cosine": 0.004554077982902527,
        "r_squared": 2.0739626274357548e-05
      },
      "15": {
        "cosine": -0.008418031968176365,
        "abs_cosine": 0.008418031968176365,
        "r_squared": 7.086326221723924e-05
      },
      "16": {
        "cosine": -0.028286006301641464,
        "abs_cosine": 0.028286006301641464,
        "r_squared": 0.0008000981524965006
      },
      "17": {
        "cosine": -0.012449149042367935,
        "abs_cosine": 0.012449149042367935,
        "r_squared": 0.00015498131187909048
      },
      "18": {
        "cosine": 0.009835653007030487,
        "abs_cosine": 0.009835653007030487,
        "r_squared": 9.674007007470786e-05
      },
      "19": {
        "cosine": -0.012103383429348469,
        "abs_cosine": 0.012103383429348469,
        "r_squared": 0.0001464918904378271
      },
      "20": {
        "cosine": -0.01208547130227089,
        "abs_cosine": 0.01208547130227089,
        "r_squared": 0.00014605861659801322
      },
      "21": {
        "cosine": 0.004987906198948622,
        "abs_cosine": 0.004987906198948622,
        "r_squared": 2.4879208249510088e-05
      },
      "22": {
        "cosine": 0.0019620503298938274,
        "abs_cosine": 0.0019620503298938274,
        "r_squared": 3.849641497036477e-06
      },
      "23": {
        "cosine": 0.017740575596690178,
        "abs_cosine": 0.017740575596690178,
        "r_squared": 0.00031472802250187906
      },
      "24": {
        "cosine": -0.00285724108107388,
        "abs_cosine": 0.00285724108107388,
        "r_squared": 8.163826595376236e-06
      },
      "25": {
        "cosine": 0.007042292971163988,
        "abs_cosine": 0.007042292971163988,
        "r_squared": 4.959389029170571e-05
      },
      "26": {
        "cosine": 0.00866957288235426,
        "abs_cosine": 0.00866957288235426,
        "r_squared": 7.516149396245234e-05
      },
      "27": {
        "cosine": 0.009207301773130894,
        "abs_cosine": 0.009207301773130894,
        "r_squared": 8.47744059414993e-05
      },
      "28": {
        "cosine": 0.0029061990790069103,
        "abs_cosine": 0.0029061990790069103,
        "r_squared": 8.445993086820614e-06
      },
      "29": {
        "cosine": -0.003442795015871525,
        "abs_cosine": 0.003442795015871525,
        "r_squared": 1.1852837521309813e-05
      },
      "30": {
        "cosine": -0.014258301816880703,
        "abs_cosine": 0.014258301816880703,
        "r_squared": 0.00020329917070126356
      },
      "31": {
        "cosine": 0.0022259929683059454,
        "abs_cosine": 0.0022259929683059454,
        "r_squared": 4.955044694947514e-06
      },
      "32": {
        "cosine": -0.0010054719168692827,
        "abs_cosine": 0.0010054719168692827,
        "r_squared": 1.0109737756127898e-06
      },
      "33": {
        "cosine": -0.025560002774000168,
        "abs_cosine": 0.025560002774000168,
        "r_squared": 0.0006533137418068963
      },
      "34": {
        "cosine": -0.005306622479110956,
        "abs_cosine": 0.005306622479110956,
        "r_squared": 2.816024213580571e-05
      },
      "35": {
        "cosine": -0.017629068344831467,
        "abs_cosine": 0.017629068344831467,
        "r_squared": 0.00031078405070673887
      },
      "36": {
        "cosine": -0.02349240891635418,
        "abs_cosine": 0.02349240891635418,
        "r_squared": 0.0005518932766931973
      },
      "37": {
        "cosine": -0.00031101886997930706,
        "abs_cosine": 0.00031101886997930706,
        "r_squared": 9.673273748320511e-08
      },
      "38": {
        "cosine": -0.013379599899053574,
        "abs_cosine": 0.013379599899053574,
        "r_squared": 0.0001790136934587544
      },
      "39": {
        "cosine": 0.005108153913170099,
        "abs_cosine": 0.005108153913170099,
        "r_squared": 2.6093236400634998e-05
      },
      "40": {
        "cosine": -0.03288242593407631,
        "abs_cosine": 0.03288242593407631,
        "r_squared": 0.0010812539353100142
      }
    }
  },
  "control_profile": {
    "probe_type": "control",
    "n_layers": 35,
    "overall_mean_r2": 0.00013907787938676622,
    "overall_mean_abs_cos": 0.009273037094888942,
    "peak_layer": 22,
    "peak_cosine": 0.0282144732773304,
    "peak_abs_cosine": 0.0282144732773304,
    "peak_r2": 0.0007960565023171912,
    "onset_layer": null,
    "band_stats": {
      "early": {
        "mean_cos": 0.004283859673887491,
        "mean_abs_cos": 0.006800017412751913,
        "mean_r2": 5.544290013874656e-05,
        "max_r2": 0.00011753761770886498,
        "r2_fraction": 0.05694949003003623,
        "n_layers": 5
      },
      "middle": {
        "mean_cos": 0.007361765516300996,
        "mean_abs_cos": 0.009898787814502914,
        "mean_r2": 0.00017869384676896856,
        "max_r2": 0.0007960565023171912,
        "r2_fraction": 0.5506488704341576,
        "n_layers": 15
      },
      "late": {
        "mean_cos": 0.005018923245370388,
        "mean_abs_cos": 0.009471626269320648,
        "mean_r2": 0.00012734023842057035,
        "max_r2": 0.0005514887641757671,
        "r2_fraction": 0.3924016395358061,
        "n_layers": 15
      }
    },
    "normalized_entropy": 0.7820513149498253,