{
  "0_baseline": {
    "dim_id": 0,
    "reading_mean_r2": 0.0005861156823280816,
    "control_mean_r2": 0.00474103944908365,
    "reading_boot_ci95": [
      0.00039939664159724056,
      0.0007444072160090232
    ],
    "control_boot_ci95": [
      0.0036433258727791343,
      0.005216719192369262
    ]
  },
  "1_phenomenology": {
    "dim_id": 1,
    "reading_mean_r2": 0.0001963265667888826,
    "control_mean_r2": 0.0037518326635343126,
    "reading_boot_ci95": [
      0.0001520184628903104,
      0.00027807043682546946
    ],
    "control_boot_ci95": [
      0.003117071627865308,
      0.004015404456336938
    ]
  },
  "2_emotions": {
    "dim_id": 2,
    "reading_mean_r2": 0.00023891976415744222,
    "control_mean_r2": 0.0041118755085352435,
    "reading_boot_ci95": [
      0.00018555186846943794,
      0.00033325394783597923
    ],
    "control_boot_ci95": [
      0.003499907050029083,
      0.004565957357033561
    ]
  },
  "3_agency": {
    "dim_id": 3,
    "reading_mean_r2": 0.0002923697559998855,
    "control_mean_r2": 0.004816719173705753,
    "reading_boot_ci95": [
      0.00019255584772552722,
      0.0005827798379640511
    ],
    "control_boot_ci95": [
      0.003986460531691014,
      0.005313500274140134
    ]
  },
  "4_intentions": {
    "dim_id": 4,
    "reading_mean_r2": 0.0004962574499306743,
    "control_mean_r2": 0.004765023382753351,
    "reading_boot_ci95": [
      0.00024970438036175973,
      0.0007760520886913842
    ],
    "control_boot_ci95": [
      0.0039104653032641734,
      0.0053001523158743
    ]
  },
  "5_prediction": {
    "dim_id": 5,
    "reading_mean_r2": 0.00038845757984785917,
    "control_mean_r2": 0.005489569522918093,
    "reading_boot_ci95": [
      0.0002679396813659962,
      0.0007250210972009582
    ],
    "control_boot_ci95": [
      0.004500796593984584,
      0.006150090182301145
    ]
  },
  "6_cognitive": {
    "dim_id": 6,
    "reading_mean_r2": 0.0007842829753445395,
    "control_mean_r2": 0.005269726782100167,
    "reading_boot_ci95": [
      0.0005139761966925524,
      0.0009555057744418434
    ],
    "control_boot_ci95": [
      0.004372860428790149,
      0.005788729308086104
    ]
  },
  "7_social": {
    "dim_id": 7,
    "reading_mean_r2": 0.0004858195951930115,
    "control_mean_r2": 0.005611484693372757,
    "reading_boot_ci95": [
      0.0002949601246287403,
      0.0009241357642272825
    ],
    "control_boot_ci95": [
      0.004668541902755243,
      0.006259088478133324
    ]
  },
  "8_embodiment": {
    "dim_id": 8,
    "reading_mean_r2": 0.00017414767406164703,
    "control_mean_r2": 0.003270223464707783,
    "reading_boot_ci95": [
      0.0001208452647802201,
      0.0002831912677443473
    ],
    "control_boot_ci95": [
      0.002747226055643309,
      0.0035430107742597363
    ]
  },
  "9_roles": {
    "dim_id": 9,
    "reading_mean_r2": 0.00022320415670371415,
    "control_mean_r2": 0.004553403330365601,
    "reading_boot_ci95": [
      0.00018365076477352778,
      0.00031149974516906536
    ],
    "control_boot_ci95": [
      0.0035767610442737465,
      0.00528638063568961
    ]
  },
  "10_animacy": {
    "dim_id": 10,
    "reading_mean_r2": 0.000476863415696333,
    "control_mean_r2": 0.002908294138538443,
    "reading_boot_ci95": [
      0.00033391933370181413,
      0.0006122348677956862
    ],
    "control_boot_ci95": [
      0.0022689853300761416,
      0.0033429031573589643
    ]
  },
  "11_formality": {
    "dim_id": 11,
    "reading_mean_r2": 0.0003723951960787179,
    "control_mean_r2": 0.0009678494178975832,
    "reading_boot_ci95": [
      0.0001911361566839839,
      0.0005219665696699494
    ],
    "control_boot_ci95": [
      0.0005882893415176209,
      0.0011647973981613305
    ]
  },
  "12_expertise": {
    "dim_id": 12,
    "reading_mean_r2": 0.0005589433872018552,
    "control_mean_r2": 0.0018010025451335966,
    "reading_boot_ci95": [
      0.0004347875393366525,
      0.0006984488506901741
    ],
    "control_boot_ci95": [
      0.0013957390032950537,
      0.0021739365089416315
    ]
  },
  "13_helpfulness": {
    "dim_id": 13,
    "reading_mean_r2": 0.0006741334672702944,
    "control_mean_r2": 0.0006157469676616017,
    "reading_boot_ci95": [
      0.0002356082654980992,
      0.000848180298047737
    ],
    "control_boot_ci95": [
      0.0002247901949971342,
      0.0010290134308275898
    ]
  },
  "14_biological": {
    "dim_id": 14,
    "reading_mean_r2": 0.00019170737841402378,
    "control_mean_r2": 0.002033932165771056,
    "reading_boot_ci95": [
      0.00015641818644445337,
      0.00025472772679233416
    ],
    "control_boot_ci95": [
      0.0017321405343109094,
      0.002246737190869423
    ]
  },
  "15_shapes": {
    "dim_id": 15,
    "reading_mean_r2": 0.0006382092857971708,
    "control_mean_r2": 0.0005753259780887694,
    "reading_boot_ci95": [
      0.00032023919305727215,
      0.0008621671846930241
    ],
    "control_boot_ci95": [
      0.00026132908622120794,
      0.0008939638202021011
    ]
  },
  "16_mind": {
    "dim_id": 16,
    "reading_mean_r2": 0.00023232456892797212,
    "control_mean_r2": 0.004923548581963406,
    "reading_boot_ci95": [
      0.00020330609578274607,
      0.00027769171668893465
    ],
    "control_boot_ci95": [
      0.0046076199651302,
      0.005192364200672523
    ]
  },
  "17_attention": {
    "dim_id": 17,
    "reading_mean_r2": 0.0006770868731286713,
    "control_mean_r2": 0.006216631751781086,
    "reading_boot_ci95": [
      0.0004292054801791759,
      0.000918144750827502
    ],
    "control_boot_ci95": [
      0.0052600852710732995,
      0.006647496858336557
    ]
  },
  "18_sysprompt_labeled": {
    "dim_id": 18,
    "reading_mean_r2": 0.0008953506110664355,
    "control_mean_r2": 0.005185427601545126,
    "reading_boot_ci95": [
      0.0007077913210248556,
      0.0010954390215950406
    ],
    "control_boot_ci95": [
      0.003784001562904417,
      0.007223886237571118
    ]
  }
}