{
  "dim_name": "2_emotions",
  "dim_id": 2,
  "reading_profile": {
    "probe_type": "reading",
    "n_layers": 35,
    "overall_mean_r2": 0.0004013829051380302,
    "overall_mean_abs_cos": 0.0175423146454185,
    "peak_layer": 24,
    "peak_cosine": -0.036314256489276886,
    "peak_abs_cosine": 0.036314256489276886,
    "peak_r2": 0.0013187252243689884,
    "onset_layer": null,
    "band_stats": {
      "early": {
        "mean_cos": 0.001739919511601329,
        "mean_abs_cos": 0.020137284277006985,
        "mean_r2": 0.0005457980262403196,
        "max_r2": 0.0011366983616048487,
        "r2_fraction": 0.1942562715244355,
        "n_layers": 5
      },
      "middle": {
        "mean_cos": -0.005936079518869519,
        "mean_abs_cos": 0.020394761068746447,
        "mean_r2": 0.0004957025757308988,
        "max_r2": 0.0013187252243689884,
        "r2_fraction": 0.529280042343785,
        "n_layers": 15
      },
      "late": {
        "mean_cos": -0.012049257901768822,
        "mean_abs_cos": 0.013824878344894386,
        "mean_r2": 0.00025892486084439864,
        "max_r2": 0.0008579933560095045,
        "r2_fraction": 0.27646368613177963,
        "n_layers": 15
      }
    },
    "normalized_entropy": 0.8840932054494104,
    "near_peak_layers": [
      9,
      10,
      15,
      24,
      26
    ],
    "near_peak_fraction": 0.14285714285714285,
    "sign_consistency": 0.6857142857142857,
    "dominant_sign": "negative",
    "profile_type": "negligible",
    "per_layer": {
      "6": {
        "cosine": 0.019635511562228203,
        "abs_cosine": 0.019635511562228203,
        "r_squared": 0.00038555331431039744
      },
      "7": {
        "cosine": -0.012278454378247261,
        "abs_cosine": 0.012278454378247261,
        "r_squared": 0.00015076044191869933
      },
      "8": {
        "cosine": 0.002671697875484824,
        "abs_cosine": 0.002671697875484824,
        "r_squared": 7.137969537870123e-06
      },
      "9": {
        "cosine": 0.032385800033807755,
        "abs_cosine": 0.032385800033807755,
        "r_squared": 0.0010488400438297824
      },
      "10": {
        "cosine": -0.033714957535266876,
        "abs_cosine": 0.033714957535266876,
        "r_squared": 0.0011366983616048487
      },
      "11": {
        "cosine": 0.020859571173787117,
        "abs_cosine": 0.020859571173787117,
        "r_squared": 0.00043512170955429044
      },
      "12": {
        "cosine": -0.0194218922406435,
        "abs_cosine": 0.0194218922406435,
        "r_squared": 0.00037720989820716824
      },
      "13": {
        "cosine": -0.007417592220008373,
        "abs_cosine": 0.007417592220008373,
        "r_squared": 5.502067434232875e-05
      },
      "14": {
        "cosine": 0.026664096862077713,
        "abs_cosine": 0.026664096862077713,
        "r_squared": 0.0007109740614702625
      },
      "15": {
        "cosine": 0.03294600173830986,
        "abs_cosine": 0.03294600173830986,
        "r_squared": 0.0010854390305407163
      },
      "16": {
        "cosine": 0.012117322534322739,
        "abs_cosine": 0.012117322534322739,
        "r_squared": 0.00014682950540080564
      },
      "17": {
        "cosine": 0.0020874703768640757,
        "abs_cosine": 0.0020874703768640757,
        "r_squared": 4.357532574285046e-06
      },
      "18": {
        "cosine": 0.013765648938715458,
        "abs_cosine": 0.013765648938715458,
        "r_squared": 0.000189493090703958
      },
      "19": {
        "cosine": -0.025503866374492645,
        "abs_cosine": 0.025503866374492645,
        "r_squared": 0.0006504472000479766
      },
      "20": {
        "cosine": -0.025459596887230873,
        "abs_cosine": 0.025459596887230873,
        "r_squared": 0.000648191073660296
      },
      "21": {
        "cosine": -0.013534228317439556,
        "abs_cosine": 0.013534228317439556,
        "r_squared": 0.00018317533614858276
      },
      "22": {
        "cosine": -0.022297069430351257,
        "abs_cosine": 0.022297069430351257,
        "r_squared": 0.0004971593051819045
      },
      "23": {
        "cosine": -0.022404171526432037,
        "abs_cosine": 0.022404171526432037,
        "r_squared": 0.000501946901785788
      },
      "24": {
        "cosine": -0.036314256489276886,
        "abs_cosine": 0.036314256489276886,
        "r_squared": 0.0013187252243689884
      },
      "25": {
        "cosine": -0.02512863092124462,
        "abs_cosine": 0.02512863092124462,
        "r_squared": 0.0006314480919761313
      },
      "26": {
        "cosine": -0.02929152362048626,
        "abs_cosine": 0.02929152362048626,
        "r_squared": 0.0008579933560095045
      },
      "27": {
        "cosine": -0.01592138037085533,
        "abs_cosine": 0.01592138037085533,
        "r_squared": 0.00025349035291345745
      },
      "28": {
        "cosine": -0.010900810360908508,
        "abs_cosine": 0.010900810360908508,
        "r_squared": 0.00011882766652449028
      },
      "29": {
        "cosine": -0.015262058936059475,
        "abs_cosine": 0.015262058936059475,
        "r_squared": 0.00023293044296775287
      },
      "30": {
        "cosine": -0.02543630450963974,
        "abs_cosine": 0.02543630450963974,
        "r_squared": 0.000647005587107119
      },
      "31": {
        "cosine": -0.011584557592868805,
        "abs_cosine": 0.011584557592868805,
        "r_squared": 0.00013420197462249428
      },
      "32": {
        "cosine": -0.01709628291428089,
        "abs_cosine": 0.01709628291428089,
        "r_squared": 0.00029228288948513273
      },
      "33": {
        "cosine": -0.024959705770015717,
        "abs_cosine": 0.024959705770015717,
        "r_squared": 0.0006229869121257559
      },
      "34": {
        "cosine": -0.00017138324619736522,
        "abs_cosine": 0.00017138324619736522,
        "r_squared": 2.93722170771467e-08
      },
      "35": {
        "cosine": -0.00420940387994051,
        "abs_cosine": 0.00420940387994051,
        "r_squared": 1.7719081024458218e-05
      },
      "36": {
        "cosine": -0.010368323884904385,
        "abs_cosine": 0.010368323884904385,
        "r_squared": 0.00010750214018227875
      },
      "37": {
        "cosine": 0.007043065037578344,
        "abs_cosine": 0.007043065037578344,
        "r_squared": 4.9604765123558445e-05
      },
      "38": {
        "cosine": -0.00758429104462266,
        "abs_cosine": 0.00758429104462266,
        "r_squared": 5.7521470649543474e-05
      },
      "39": {
        "cosine": 0.0062740882858633995,
        "abs_cosine": 0.0062740882858633995,
        "r_squared": 3.936418381880833e-05
      },
      "40": {
        "cosine": -0.021269995719194412,
        "abs_cosine": 0.021269995719194412,
        "r_squared": 0.0004524127178945486
      }
    }
  },
  "control_profile": {
    "probe_type": "control",
    "n_layers": 35,
    "overall_mean_r2": 0.00012649967704769468,
    "overall_mean_abs_cos": 0.009516588754818908,
    "peak_layer": 13,
    "peak_cosine": -0.023470014333724976,
    "peak_abs_cosine": 0.023470014333724976,
    "peak_r2": 0.0005508415728252558,
    "onset_layer": null,
    "band_stats": {
      "early": {
        "mean_cos": -0.0006866147043183446,
        "mean_abs_cos": 0.007911621802486479,
        "mean_r2": 9.34894007194101e-05,
        "max_r2": 0.0002164072468746692,
        "r2_fraction": 0.10557836182590345,
        "n_layers": 5
      },
      "middle": {
        "mean_cos": -0.006601806070345144,
        "mean_abs_cos": 0.0091944893123582,
        "mean_r2": 0.0001251922046788392,
        "max_r2": 0.0005508415728252558,
        "r2_fraction": 0.4241418101406495,
        "n_layers": 15
      },
      "late": {
        "mean_cos": -0.010373677181390425,
        "mean_abs_cos": 0.010373677181390425,
        "mean_r2": 0.00013881057485931172,
        "max_r2": 0.00035870292192709263,
        "r2_fraction": 0.47027982803344714,
        "n_layers": 15
      }
    },
    "normalized_entropy": 0.8534016672585688,