{
  "dim_name": "3_agency",
  "dim_id": 3,
  "reading_profile": {
    "probe_type": "reading",
    "n_layers": 35,
    "overall_mean_r2": 0.00041457044701810115,
    "overall_mean_abs_cos": 0.018015682960062156,
    "peak_layer": 15,
    "peak_cosine": 0.03621971979737282,
    "peak_abs_cosine": 0.03621971979737282,
    "peak_r2": 0.0013118681022002004,
    "onset_layer": null,
    "band_stats": {
      "early": {
        "mean_cos": 0.0030363353434950113,
        "mean_abs_cos": 0.02052773186005652,
        "mean_r2": 0.0005718700327989258,
        "max_r2": 0.0012407780710628341,
        "r2_fraction": 0.19706112569984538,
        "n_layers": 5
      },
      "middle": {
        "mean_cos": -0.0052699452188486855,
        "mean_abs_cos": 0.020413330763888855,
        "mean_r2": 0.0004960467692860684,
        "max_r2": 0.0013118681022002004,
        "r2_fraction": 0.5127993905023576,
        "n_layers": 15
      },
      "late": {
        "mean_cos": -0.013020110285530488,
        "mean_abs_cos": 0.014780685522903998,
        "mean_r2": 0.00028066092948985895,
        "max_r2": 0.0007855769363838139,
        "r2_fraction": 0.2901394837977971,
        "n_layers": 15
      }
    },
    "normalized_entropy": 0.8876140992823498,
    "near_peak_layers": [
      9,
      10,
      15,
      24
    ],
    "near_peak_fraction": 0.11428571428571428,
    "sign_consistency": 0.6857142857142857,
    "dominant_sign": "negative",
    "profile_type": "negligible",
    "per_layer": {
      "6": {
        "cosine": 0.020268864929676056,
        "abs_cosine": 0.020268864929676056,
        "r_squared": 0.00041082688553745195
      },
      "7": {
        "cosine": -0.010910218581557274,
        "abs_cosine": 0.010910218581557274,
        "r_squared": 0.00011903286949735761
      },
      "8": {
        "cosine": 0.0034166232217103243,
        "abs_cosine": 0.0034166232217103243,
        "r_squared": 1.1673314239130236e-05
      },
      "9": {
        "cosine": 0.03522467985749245,
        "abs_cosine": 0.03522467985749245,
        "r_squared": 0.0012407780710628341
      },
      "10": {
        "cosine": -0.0328182727098465,
        "abs_cosine": 0.0328182727098465,
        "r_squared": 0.0010770390236578553
      },
      "11": {
        "cosine": 0.020606692880392075,
        "abs_cosine": 0.020606692880392075,
        "r_squared": 0.0004246357914668014
      },
      "12": {
        "cosine": -0.019948935136198997,
        "abs_cosine": 0.019948935136198997,
        "r_squared": 0.0003979600130682749
      },
      "13": {
        "cosine": -0.008615384809672832,
        "abs_cosine": 0.008615384809672832,
        "r_squared": 7.422485541874139e-05
      },
      "14": {
        "cosine": 0.028313077986240387,
        "abs_cosine": 0.028313077986240387,
        "r_squared": 0.00080163038505493
      },
      "15": {
        "cosine": 0.03621971979737282,
        "abs_cosine": 0.03621971979737282,
        "r_squared": 0.0013118681022002004
      },
      "16": {
        "cosine": 0.013584103435277939,
        "abs_cosine": 0.013584103435277939,
        "r_squared": 0.0001845278661403299
      },
      "17": {
        "cosine": 0.001623767544515431,
        "abs_cosine": 0.001623767544515431,
        "r_squared": 2.636621038621672e-06
      },
      "18": {
        "cosine": 0.013228029944002628,
        "abs_cosine": 0.013228029944002628,
        "r_squared": 0.00017498077619943018
      },
      "19": {
        "cosine": -0.024100635200738907,
        "abs_cosine": 0.024100635200738907,
        "r_squared": 0.0005808406170790953
      },
      "20": {
        "cosine": -0.025361256673932076,
        "abs_cosine": 0.025361256673932076,
        "r_squared": 0.0006431933400810642
      },
      "21": {
        "cosine": -0.014291733503341675,
        "abs_cosine": 0.014291733503341675,
        "r_squared": 0.0002042536465305389
      },
      "22": {
        "cosine": -0.02179667353630066,
        "abs_cosine": 0.02179667353630066,
        "r_squared": 0.0004750949772480695
      },
      "23": {
        "cosine": -0.02141948603093624,
        "abs_cosine": 0.02141948603093624,
        "r_squared": 0.00045879438182947277
      },
      "24": {
        "cosine": -0.03472582995891571,
        "abs_cosine": 0.03472582995891571,
        "r_squared": 0.001205883266335528
      },
      "25": {
        "cosine": -0.02236463502049446,
        "abs_cosine": 0.02236463502049446,
        "r_squared": 0.0005001768995999273
      },
      "26": {
        "cosine": -0.02595643326640129,
        "abs_cosine": 0.02595643326640129,
        "r_squared": 0.0006737364279131436
      },
      "27": {
        "cosine": -0.01418373268097639,
        "abs_cosine": 0.01418373268097639,
        "r_squared": 0.00020117827276539772
      },
      "28": {
        "cosine": -0.012479081749916077,
        "abs_cosine": 0.012479081749916077,
        "r_squared": 0.0001557274813210885
      },
      "29": {
        "cosine": -0.017058953642845154,
        "abs_cosine": 0.017058953642845154,
        "r_squared": 0.00029100789938873994
      },
      "30": {
        "cosine": -0.027814025059342384,
        "abs_cosine": 0.027814025059342384,
        "r_squared": 0.0007736199900017261
      },
      "31": {
        "cosine": -0.011369174346327782,
        "abs_cosine": 0.011369174346327782,
        "r_squared": 0.00012925812531719774
      },
      "32": {
        "cosine": -0.018604552373290062,
        "abs_cosine": 0.018604552373290062,
        "r_squared": 0.0003461293690104929
      },
      "33": {
        "cosine": -0.02802814543247223,
        "abs_cosine": 0.02802814543247223,
        "r_squared": 0.0007855769363838139
      },
      "34": {
        "cosine": -0.005437640938907862,
        "abs_cosine": 0.005437640938907862,
        "r_squared": 2.9567938980486772e-05
      },
      "35": {
        "cosine": -0.0066312565468251705,
        "abs_cosine": 0.0066312565468251705,
        "r_squared": 4.3973563389811685e-05
      },
      "36": {
        "cosine": -0.011567996814846992,
        "abs_cosine": 0.011567996814846992,
        "r_squared": 0.00013381855030831016
      },
      "37": {
        "cosine": 0.006901671178638935,
        "abs_cosine": 0.006901671178638935,
        "r_squared": 4.763306505805535e-05
      },
      "38": {
        "cosine": -0.006702551618218422,
        "abs_cosine": 0.006702551618218422,
        "r_squared": 4.4924198194882387e-05
      },
      "39": {
        "cosine": 0.006302643101662397,
        "abs_cosine": 0.006302643101662397,
        "r_squared": 3.9723310066932605e-05
      },
      "40": {
        "cosine": -0.022672424092888832,
        "abs_cosine": 0.022672424092888832,
        "r_squared": 0.000514038814247806
      }
    }
  },
  "control_profile": {
    "probe_type": "control",
    "n_layers": 35,
    "overall_mean_r2": 0.00012746940790553995,
    "overall_mean_abs_cos": 0.009432431169885343,
    "peak_layer": 13,
    "peak_cosine": -0.022661807015538216,
    "peak_abs_cosine": 0.022661807015538216,
    "peak_r2": 0.0005135574972094971,
    "onset_layer": null,
    "band_stats": {
      "early": {
        "mean_cos": 0.0012747013650368899,
        "mean_abs_cos": 0.007290615531383082,
        "mean_r2": 8.355933155163137e-05,
        "max_r2": 0.00017786539117175485,
        "r2_fraction": 0.09364637022056782,
        "n_layers": 5
      },
      "middle": {
        "mean_cos": -0.005485335477472594,
        "mean_abs_cos": 0.008382079261355101,
        "mean_r2": 0.00011026531734859332,
        "max_r2": 0.0005135574972094971,
        "r2_fraction": 0.37072867407517585,
        "n_layers": 15
      },
      "late": {
        "mean_cos": -0.011196721624583007,
        "mean_abs_cos": 0.011196721624583007,
        "mean_r2": 0.00015931019058045603,
        "max_r2": 0.00043297069845073255,
        "r2_fraction": 0.5356249557042561,
        "n_layers": 15
      }
    },
    "normalized_entropy": 0.8557006892692364,