{
  "dim_name": "6_cognitive",
  "dim_id": 6,
  "reading_profile": {
    "probe_type": "reading",
    "n_layers": 35,
    "overall_mean_r2": 0.00042918899766284405,
    "overall_mean_abs_cos": 0.018430362522069896,
    "peak_layer": 9,
    "peak_cosine": 0.034980107098817825,
    "peak_abs_cosine": 0.034980107098817825,
    "peak_r2": 0.0012236078926447652,
    "onset_layer": null,
    "band_stats": {
      "early": {
        "mean_cos": 0.002496927883476019,
        "mean_abs_cos": 0.02079434199258685,
        "mean_r2": 0.0005974212846335083,
        "max_r2": 0.0012236078926447652,
        "r2_fraction": 0.19885388085328243,
        "n_layers": 5
      },
      "middle": {
        "mean_cos": -0.0071655043090383215,
        "mean_abs_cos": 0.020573970737556617,
        "mean_r2": 0.0005026249083395875,
        "max_r2": 0.0011656631046017552,
        "r2_fraction": 0.5019016707690618,
        "n_layers": 15
      },
      "late": {
        "mean_cos": -0.013062488101422787,
        "mean_abs_cos": 0.015498761149744193,
        "mean_r2": 0.0002996756579958792,
        "max_r2": 0.0008555002630868426,
        "r2_fraction": 0.29924444837765585,
        "n_layers": 15
      }
    },
    "normalized_entropy": 0.8933131450788749,
    "near_peak_layers": [
      9,
      10,
      15,
      20,
      24,
      30,
      33
    ],
    "near_peak_fraction": 0.2,
    "sign_consistency": 0.7142857142857143,
    "dominant_sign": "negative",
    "profile_type": "negligible",
    "per_layer": {
      "6": {
        "cosine": 0.0206010639667511,
        "abs_cosine": 0.0206010639667511,
        "r_squared": 0.0004244038365621705
      },
      "7": {
        "cosine": -0.010916589759290218,
        "abs_cosine": 0.010916589759290218,
        "r_squared": 0.00011917193197264007
      },
      "8": {
        "cosine": 0.002647003624588251,
        "abs_cosine": 0.002647003624588251,
        "r_squared": 7.006628188583339e-06
      },
      "9": {
        "cosine": 0.034980107098817825,
        "abs_cosine": 0.034980107098817825,
        "r_squared": 0.0012236078926447652
      },
      "10": {
        "cosine": -0.03482694551348686,
        "abs_cosine": 0.03482694551348686,
        "r_squared": 0.0012129161337993827
      },
      "11": {
        "cosine": 0.02160251885652542,
        "abs_cosine": 0.02160251885652542,
        "r_squared": 0.0004666688209465364
      },
      "12": {
        "cosine": -0.02062797173857689,
        "abs_cosine": 0.02062797173857689,
        "r_squared": 0.00042551321804752684
      },
      "13": {
        "cosine": -0.010293752886354923,
        "abs_cosine": 0.010293752886354923,
        "r_squared": 0.00010596134848534031
      },
      "14": {
        "cosine": 0.026090925559401512,
        "abs_cosine": 0.026090925559401512,
        "r_squared": 0.0006807363965462311
      },
      "15": {
        "cosine": 0.03414180874824524,
        "abs_cosine": 0.03414180874824524,
        "r_squared": 0.0011656631046017552
      },
      "16": {
        "cosine": 0.011309586465358734,
        "abs_cosine": 0.011309586465358734,
        "r_squared": 0.00012790674601742547
      },
      "17": {
        "cosine": -0.003155302256345749,
        "abs_cosine": 0.003155302256345749,
        "r_squared": 9.955932328900574e-06
      },
      "18": {
        "cosine": 0.007418658584356308,
        "abs_cosine": 0.007418658584356308,
        "r_squared": 5.503649519124354e-05
      },
      "19": {
        "cosine": -0.025640228763222694,
        "abs_cosine": 0.025640228763222694,
        "r_squared": 0.0006574213310303924
      },
      "20": {
        "cosine": -0.02895510010421276,
        "abs_cosine": 0.02895510010421276,
        "r_squared": 0.0008383978220449818
      },
      "21": {
        "cosine": -0.017243552953004837,
        "abs_cosine": 0.017243552953004837,
        "r_squared": 0.00029734011844308184
      },
      "22": {
        "cosine": -0.023937683552503586,
        "abs_cosine": 0.023937683552503586,
        "r_squared": 0.0005730126938598007
      },
      "23": {
        "cosine": -0.02242536097764969,
        "abs_cosine": 0.02242536097764969,
        "r_squared": 0.0005028968149778934
      },
      "24": {
        "cosine": -0.03412364795804024,
        "abs_cosine": 0.03412364795804024,
        "r_squared": 0.0011644233499642637
      },
      "25": {
        "cosine": -0.021643461659550667,
        "abs_cosine": 0.021643461659550667,
        "r_squared": 0.0004684394326084397
      },
      "26": {
        "cosine": -0.024331333115696907,
        "abs_cosine": 0.024331333115696907,
        "r_squared": 0.000592013771187009
      },
      "27": {
        "cosine": -0.013755752705037594,
        "abs_cosine": 0.013755752705037594,
        "r_squared": 0.00018922073248214908
      },
      "28": {
        "cosine": -0.01589282788336277,
        "abs_cosine": 0.01589282788336277,
        "r_squared": 0.00025258197813019315
      },
      "29": {
        "cosine": -0.01979554072022438,
        "abs_cosine": 0.01979554072022438,
        "r_squared": 0.0003918634324060616
      },
      "30": {
        "cosine": -0.028630143031477928,
        "abs_cosine": 0.028630143031477928,
        "r_squared": 0.0008196850900028842
      },
      "31": {
        "cosine": -0.010800332762300968,
        "abs_cosine": 0.010800332762300968,
        "r_squared": 0.00011664718777643166
      },
      "32": {
        "cosine": -0.019160866737365723,
        "abs_cosine": 0.019160866737365723,
        "r_squared": 0.00036713881412708815
      },
      "33": {
        "cosine": -0.029248936101794243,
        "abs_cosine": 0.029248936101794243,
        "r_squared": 0.0008555002630868426
      },
      "34": {
        "cosine": -0.011080622673034668,
        "abs_cosine": 0.011080622673034668,
        "r_squared": 0.00012278019882216995
      },
      "35": {
        "cosine": -0.004899217281490564,
        "abs_cosine": 0.004899217281490564,
        "r_squared": 2.4002329971255796e-05
      },
      "36": {
        "cosine": -0.011028905399143696,
        "abs_cosine": 0.011028905399143696,
        "r_squared": 0.00012163675430326096
      },
      "37": {
        "cosine": 0.009263724088668823,
        "abs_cosine": 0.009263724088668823,
        "r_squared": 8.581658399098302e-05
      },
      "38": {
        "cosine": -0.004195803310722113,
        "abs_cosine": 0.004195803310722113,
        "r_squared": 1.760476542226664e-05
      },
      "39": {
        "cosine": 0.009008323773741722,
        "abs_cosine": 0.009008323773741722,
        "r_squared": 8.11498972125603e-05
      },
      "40": {
        "cosine": -0.021389087662100792,
        "abs_cosine": 0.021389087662100792,
        "r_squared": 0.0004574930710170323
      }
    }
  },
  "control_profile": {
    "probe_type": "control",
    "n_layers": 35,
    "overall_mean_r2": 0.00014661443985440668,
    "overall_mean_abs_cos": 0.01040310084936209,
    "peak_layer": 13,
    "peak_cosine": -0.024446116760373116,
    "peak_abs_cosine": 0.024446116760373116,
    "peak_r2": 0.0005976126246617953,
    "onset_layer": null,
    "band_stats": {
      "early": {
        "mean_cos": 0.0030812589277047662,
        "mean_abs_cos": 0.0072558120999019595,
        "mean_r2": 7.878265861559463e-05,
        "max_r2": 0.00017773412866461946,
        "r2_fraction": 0.076763690723027,
        "n_layers": 5
      },
      "middle": {
        "mean_cos": -0.006235359888523817,
        "mean_abs_cos": 0.009716916627561053,
        "mean_r2": 0.00013042227391199437,
        "max_r2": 0.0005976126246617953,
        "r2_fraction": 0.38123980355211634,
        "n_layers": 15
      },
      "late": {
        "mean_cos": -0.01213838132098317,
        "mean_abs_cos": 0.01213838132098317,
        "mean_r2": 0.00018541719954308968,
        "max_r2": 0.0005580247838223064,
        "r2_fraction": 0.5419965057248566,
        "n_layers": 15
      }
    },
    "normalized_entropy": 0.8667362097660639,