{
  "dim_name": "7_social",
  "dim_id": 7,
  "reading_profile": {
    "probe_type": "reading",
    "n_layers": 35,
    "overall_mean_r2": 0.0004297452397959695,
    "overall_mean_abs_cos": 0.018566975449877125,
    "peak_layer": 9,
    "peak_cosine": 0.03588264808058739,
    "peak_abs_cosine": 0.03588264808058739,
    "peak_r2": 0.0012875644332752817,
    "onset_layer": null,
    "band_stats": {
      "early": {
        "mean_cos": 0.002259542886167765,
        "mean_abs_cos": 0.020630251336842775,
        "mean_r2": 0.0006030169750651194,
        "max_r2": 0.0012875644332752817,
        "r2_fraction": 0.20045662912533757,
        "n_layers": 5
      },
      "middle": {
        "mean_cos": -0.008341789214561383,
        "mean_abs_cos": 0.020210090186446907,
        "mean_r2": 0.0004807852759489054,
        "max_r2": 0.0010904232977761025,
        "r2_fraction": 0.4794720533666825,
        "n_layers": 15
      },
      "late": {
        "mean_cos": -0.014365310656527679,
        "mean_abs_cos": 0.016236102084318797,
        "mean_r2": 0.00032094795855331705,
        "max_r2": 0.000940151744189547,
        "r2_fraction": 0.32007131750797996,
        "n_layers": 15
      }
    },
    "normalized_entropy": 0.8979043963080279,
    "near_peak_layers": [
      9,
      10,
      15,
      20,
      24,
      33
    ],
    "near_peak_fraction": 0.17142857142857143,
    "sign_consistency": 0.7142857142857143,
    "dominant_sign": "negative",
    "profile_type": "negligible",
    "per_layer": {
      "6": {
        "cosine": 0.019176853820681572,
        "abs_cosine": 0.019176853820681572,
        "r_squared": 0.0003677517224597894
      },
      "7": {
        "cosine": -0.010706807486712933,
        "abs_cosine": 0.010706807486712933,
        "r_squared": 0.0001146357265575321
      },
      "8": {
        "cosine": 0.002164983656257391,
        "abs_cosine": 0.002164983656257391,
        "r_squared": 4.687154231861621e-06
      },
      "9": {
        "cosine": 0.03588264808058739,
        "abs_cosine": 0.03588264808058739,
        "r_squared": 0.0012875644332752817
      },
      "10": {
        "cosine": -0.035219963639974594,
        "abs_cosine": 0.035219963639974594,
        "r_squared": 0.0012404458388011325
      },
      "11": {
        "cosine": 0.019953977316617966,
        "abs_cosine": 0.019953977316617966,
        "r_squared": 0.0003981612107521043
      },
      "12": {
        "cosine": -0.02084755152463913,
        "abs_cosine": 0.02084755152463913,
        "r_squared": 0.0004346204045724833
      },
      "13": {
        "cosine": -0.012031616643071175,
        "abs_cosine": 0.012031616643071175,
        "r_squared": 0.00014475979904582728
      },
      "14": {
        "cosine": 0.02343638427555561,
        "abs_cosine": 0.02343638427555561,
        "r_squared": 0.0005492641079115103
      },
      "15": {
        "cosine": 0.03163045272231102,
        "abs_cosine": 0.03163045272231102,
        "r_squared": 0.0010004855394183526
      },
      "16": {
        "cosine": 0.008379033766686916,
        "abs_cosine": 0.008379033766686916,
        "r_squared": 7.020820686327953e-05
      },
      "17": {
        "cosine": -0.005952541716396809,
        "abs_cosine": 0.005952541716396809,
        "r_squared": 3.5432752885444264e-05
      },
      "18": {
        "cosine": 0.005612409207969904,
        "abs_cosine": 0.005612409207969904,
        "r_squared": 3.1499137117705365e-05
      },
      "19": {
        "cosine": -0.024566657841205597,
        "abs_cosine": 0.024566657841205597,
        "r_squared": 0.0006035206774868684
      },
      "20": {
        "cosine": -0.030389880761504173,
        "abs_cosine": 0.030389880761504173,
        "r_squared": 0.0009235448526984415
      },
      "21": {
        "cosine": -0.017858153209090233,
        "abs_cosine": 0.017858153209090233,
        "r_squared": 0.0003189136360393398
      },
      "22": {
        "cosine": -0.024130379781126976,
        "abs_cosine": 0.024130379781126976,
        "r_squared": 0.0005822752283814216
      },
      "23": {
        "cosine": -0.02329416200518608,
        "abs_cosine": 0.02329416200518608,
        "r_squared": 0.0005426179835238548
      },
      "24": {
        "cosine": -0.033021558076143265,
        "abs_cosine": 0.033021558076143265,
        "r_squared": 0.0010904232977761025
      },
      "25": {
        "cosine": -0.022046593949198723,
        "abs_cosine": 0.022046593949198723,
        "r_squared": 0.00048605230476084574
      },
      "26": {
        "cosine": -0.02395377680659294,
        "abs_cosine": 0.02395377680659294,
        "r_squared": 0.0005737834233000699
      },
      "27": {
        "cosine": -0.01385198812931776,
        "abs_cosine": 0.01385198812931776,
        "r_squared": 0.00019187757513476015
      },
      "28": {
        "cosine": -0.015204338356852531,
        "abs_cosine": 0.015204338356852531,
        "r_squared": 0.00023117190486965714
      },
      "29": {
        "cosine": -0.01965363696217537,
        "abs_cosine": 0.01965363696217537,
        "r_squared": 0.0003862654458409859
      },
      "30": {
        "cosine": -0.028452206403017044,
        "abs_cosine": 0.028452206403017044,
        "r_squared": 0.0008095280491998841
      },
      "31": {
        "cosine": -0.009205879643559456,
        "abs_cosine": 0.009205879643559456,
        "r_squared": 8.474822001170237e-05
      },
      "32": {
        "cosine": -0.01825220137834549,
        "abs_cosine": 0.01825220137834549,
        "r_squared": 0.000333142855155677
      },
      "33": {
        "cosine": -0.030661894008517265,
        "abs_cosine": 0.030661894008517265,
        "r_squared": 0.000940151744189547
      },
      "34": {
        "cosine": -0.01754125952720642,
        "abs_cosine": 0.01754125952720642,
        "r_squared": 0.00030769578580081003
      },
      "35": {
        "cosine": -0.007906063459813595,
        "abs_cosine": 0.007906063459813595,
        "r_squared": 6.250583943059971e-05
      },
      "36": {
        "cosine": -0.014430461451411247,
        "abs_cosine": 0.014430461451411247,
        "r_squared": 0.000208238217700666
      },
      "37": {
        "cosine": 0.00776752270758152,
        "abs_cosine": 0.00776752270758152,
        "r_squared": 6.033440901279455e-05
      },
      "38": {
        "cosine": -0.007338415365666151,
        "abs_cosine": 0.007338415365666151,
        "r_squared": 5.385234007904507e-05
      },
      "39": {
        "cosine": 0.00626341300085187,
        "abs_cosine": 0.00626341300085187,
        "r_squared": 3.923034241924022e-05
      },
      "40": {
        "cosine": -0.02305847406387329,
        "abs_cosine": 0.02305847406387329,
        "r_squared": 0.0005316932261543172
      }
    }
  },
  "control_profile": {
    "probe_type": "control",
    "n_layers": 35,
    "overall_mean_r2": 0.0001669532345262758,
    "overall_mean_abs_cos": 0.010960333370271006,
    "peak_layer": 35,
    "peak_cosine": -0.026263350620865822,
    "peak_abs_cosine": 0.026263350620865822,
    "peak_r2": 0.0006897635858345331,
    "onset_layer": null,
    "band_stats": {
      "early": {
        "mean_cos": 0.00414587373379618,
        "mean_abs_cos": 0.007589411386288702,
        "mean_r2": 8.331764082201045e-05,
        "max_r2": 0.0001863993706267839,
        "r2_fraction": 0.07129253980135854,
        "n_layers": 5
      },
      "middle": {
        "mean_cos": -0.006800766339680801,
        "mean_abs_cos": 0.01026986122208958,
        "mean_r2": 0.00015211341541989317,
        "max_r2": 0.0006415614180291553,
        "r2_fraction": 0.3904773928840695,
        "n_layers": 15
      },
      "late": {
        "mean_cos": -0.012774446179779868,
        "mean_abs_cos": 0.012774446179779868,
        "mean_r2": 0.0002096715848674135,
        "max_r2": 0.0006897635858345331,
        "r2_fraction": 0.5382300673145719,
        "n_layers": 15
      }
    },
    "normalized_entropy": 0.8619765436471285,