{
  "dim_name": "8_embodiment",
  "dim_id": 8,
  "reading_profile": {
    "probe_type": "reading",
    "n_layers": 35,
    "overall_mean_r2": 0.0004056918015411199,
    "overall_mean_abs_cos": 0.017693844640494456,
    "peak_layer": 24,
    "peak_cosine": -0.036087602376937866,
    "peak_abs_cosine": 0.036087602376937866,
    "peak_r2": 0.0013023150453159715,
    "onset_layer": null,
    "band_stats": {
      "early": {
        "mean_cos": 0.0017903802450746297,
        "mean_abs_cos": 0.019613967230543494,
        "mean_r2": 0.0005245491144837189,
        "max_r2": 0.0011074726151499292,
        "r2_fraction": 0.18471062885354644,
        "n_layers": 5
      },
      "middle": {
        "mean_cos": -0.005773878990051647,
        "mean_abs_cos": 0.020464988029561936,
        "mean_r2": 0.000499492930322117,
        "max_r2": 0.0013023150453159715,
        "r2_fraction": 0.5276626194965917,
        "n_layers": 15
      },
      "late": {
        "mean_cos": -0.012847844961409767,
        "mean_abs_cos": 0.014282660388077299,
        "mean_r2": 0.00027227156844592313,
        "max_r2": 0.0007713777237906318,
        "r2_fraction": 0.28762675164986196,
        "n_layers": 15
      }
    },
    "normalized_entropy": 0.8870814481399302,
    "near_peak_layers": [
      9,
      10,
      15,
      24
    ],
    "near_peak_fraction": 0.11428571428571428,
    "sign_consistency": 0.6857142857142857,
    "dominant_sign": "negative",
    "profile_type": "negligible",
    "per_layer": {
      "6": {
        "cosine": 0.020078375935554504,
        "abs_cosine": 0.020078375935554504,
        "r_squared": 0.0004031411802094542
      },
      "7": {
        "cosine": -0.011280256323516369,
        "abs_cosine": 0.011280256323516369,
        "r_squared": 0.00012724418272423103
      },
      "8": {
        "cosine": 0.0021213532891124487,
        "abs_cosine": 0.0021213532891124487,
        "r_squared": 4.500139777228204e-06
      },
      "9": {
        "cosine": 0.03131113946437836,
        "abs_cosine": 0.03131113946437836,
        "r_squared": 0.0009803874545577518
      },
      "10": {
        "cosine": -0.03327871114015579,
        "abs_cosine": 0.03327871114015579,
        "r_squared": 0.0011074726151499292
      },
      "11": {
        "cosine": 0.022540146484971046,
        "abs_cosine": 0.022540146484971046,
        "r_squared": 0.0005080582035639526
      },
      "12": {
        "cosine": -0.0166447963565588,
        "abs_cosine": 0.0166447963565588,
        "r_squared": 0.0002770492457513131
      },
      "13": {
        "cosine": -0.00690046139061451,
        "abs_cosine": 0.00690046139061451,
        "r_squared": 4.761636740336153e-05
      },
      "14": {
        "cosine": 0.027285518124699593,
        "abs_cosine": 0.027285518124699593,
        "r_squared": 0.00074449949933331
      },
      "15": {
        "cosine": 0.032114800065755844,
        "abs_cosine": 0.032114800065755844,
        "r_squared": 0.0010313603832634716
      },
      "16": {
        "cosine": 0.010936696082353592,
        "abs_cosine": 0.010936696082353592,
        "r_squared": 0.0001196113211977684
      },
      "17": {
        "cosine": 0.0018186854431405663,
        "abs_cosine": 0.0018186854431405663,
        "r_squared": 3.307616741091398e-06
      },
      "18": {
        "cosine": 0.015487471595406532,
        "abs_cosine": 0.015487471595406532,
        "r_squared": 0.00023986177641852416
      },
      "19": {
        "cosine": -0.024628333747386932,
        "abs_cosine": 0.024628333747386932,
        "r_squared": 0.0006065548231726781
      },
      "20": {
        "cosine": -0.02620355784893036,
        "abs_cosine": 0.02620355784893036,
        "r_squared": 0.0006866264439422398
      },
      "21": {
        "cosine": -0.014837074093520641,
        "abs_cosine": 0.014837074093520641,
        "r_squared": 0.00022013876765662136
      },
      "22": {
        "cosine": -0.023533964529633522,
        "abs_cosine": 0.023533964529633522,
        "r_squared": 0.0005538474864820488
      },
      "23": {
        "cosine": -0.023063579574227333,
        "abs_cosine": 0.023063579574227333,
        "r_squared": 0.0005319287027767163
      },
      "24": {
        "cosine": -0.036087602376937866,
        "abs_cosine": 0.036087602376937866,
        "r_squared": 0.0013023150453159715
      },
      "25": {
        "cosine": -0.024892132729291916,
        "abs_cosine": 0.024892132729291916,
        "r_squared": 0.0006196182718126858
      },
      "26": {
        "cosine": -0.02777368761599064,
        "abs_cosine": 0.02777368761599064,
        "r_squared": 0.0007713777237906318
      },
      "27": {
        "cosine": -0.014688248746097088,
        "abs_cosine": 0.014688248746097088,
        "r_squared": 0.00021574465122722267
      },
      "28": {
        "cosine": -0.012020048685371876,
        "abs_cosine": 0.012020048685371876,
        "r_squared": 0.00014448157039871016
      },
      "29": {
        "cosine": -0.014747251756489277,
        "abs_cosine": 0.014747251756489277,
        "r_squared": 0.00021748143436927606
      },
      "30": {
        "cosine": -0.02519119530916214,
        "abs_cosine": 0.02519119530916214,
        "r_squared": 0.0006345963211043526
      },
      "31": {
        "cosine": -0.011483389884233475,
        "abs_cosine": 0.011483389884233475,
        "r_squared": 0.0001318682432333157
      },
      "32": {
        "cosine": -0.01880059950053692,
        "abs_cosine": 0.01880059950053692,
        "r_squared": 0.00035346254157958903
      },
      "33": {
        "cosine": -0.0271032452583313,
        "abs_cosine": 0.0271032452583313,
        "r_squared": 0.000734585903533258
      },
      "34": {
        "cosine": -0.001949553145095706,
        "abs_cosine": 0.001949553145095706,
        "r_squared": 3.800757465552559e-06
      },
      "35": {
        "cosine": -0.007153759244829416,
        "abs_cosine": 0.007153759244829416,
        "r_squared": 5.117627133298234e-05
      },
      "36": {
        "cosine": -0.010719048790633678,
        "abs_cosine": 0.010719048790633678,
        "r_squared": 0.00011489800697598532
      },
      "37": {
        "cosine": 0.006638816092163324,
        "abs_cosine": 0.006638816092163324,
        "r_squared": 4.407387910556671e-05
      },
      "38": {
        "cosine": -0.007487526163458824,
        "abs_cosine": 0.007487526163458824,
        "r_squared": 5.606304804848042e-05
      },
      "39": {
        "cosine": 0.004122299607843161,
        "abs_cosine": 0.004122299607843161,
        "r_squared": 1.6993354056823876e-05
      },
      "40": {
        "cosine": -0.02436123602092266,
        "abs_cosine": 0.02436123602092266,
        "r_squared": 0.0005934698204670998
      }
    }
  },
  "control_profile": {
    "probe_type": "control",
    "n_layers": 35,
    "overall_mean_r2": 0.00011919799645908165,
    "overall_mean_abs_cos": 0.009293739435608066,
    "peak_layer": 13,
    "peak_cosine": -0.021405860781669617,
    "peak_abs_cosine": 0.021405860781669617,
    "peak_r2": 0.0004582108758042214,
    "onset_layer": null,
    "band_stats": {
      "early": {
        "mean_cos": -0.0008641633750812617,
        "mean_abs_cos": 0.007972607164265354,
        "mean_r2": 0.00010319322339426623,
        "max_r2": 0.00028120002796561475,
        "r2_fraction": 0.12367564467733609,
        "n_layers": 5
      },
      "middle": {
        "mean_cos": -0.006287700690639515,
        "mean_abs_cos": 0.00841463115842392,
        "mean_r2": 0.00010270944813618411,
        "max_r2": 0.0004582108758042214,
        "r2_fraction": 0.3692875402533978,
        "n_layers": 15
      },
      "late": {
        "mean_cos": -0.010613225136573116,
        "mean_abs_cos": 0.010613225136573116,
        "mean_r2": 0.00014102146913691762,
        "max_r2": 0.00035951207873896607,
        "r2_fraction": 0.507036815069266,
        "n_layers": 15
      }
    },
    "normalized_entropy": 0.8603771309796745,