{
  "1_phenomenology": {
    "dim_id": 1,
    "reading_mean_r2": 0.00047191504750415084,
    "control_mean_r2": 0.0035158933623032494,
    "reading_boot_ci95": [
      0.0,
      0.0
    ],
    "control_boot_ci95": [
      0.0,
      0.0
    ]
  },
  "2_emotions": {
    "dim_id": 2,
    "reading_mean_r2": 0.00043340453436279997,
    "control_mean_r2": 0.0035562225312414978,
    "reading_boot_ci95": [
      0.0,
      0.0
    ],
    "control_boot_ci95": [
      0.0,
      0.0
    ]
  },
  "3_agency": {
    "dim_id": 3,
    "reading_mean_r2": 0.000494489120652152,
    "control_mean_r2": 0.003299811391758372,
    "reading_boot_ci95": [
      0.0,
      0.0
    ],
    "control_boot_ci95": [
      0.0,
      0.0
    ]
  },
  "4_intentions": {
    "dim_id": 4,
    "reading_mean_r2": 0.00048496506606779903,
    "control_mean_r2": 0.0031627001247792295,
    "reading_boot_ci95": [
      0.0,
      0.0
    ],
    "control_boot_ci95": [
      0.0,
      0.0
    ]
  },
  "5_prediction": {
    "dim_id": 5,
    "reading_mean_r2": 0.0004774816514669131,
    "control_mean_r2": 0.0036904410775143756,
    "reading_boot_ci95": [
      0.0,
      0.0
    ],
    "control_boot_ci95": [
      0.0,
      0.0
    ]
  },
  "6_cognitive": {
    "dim_id": 6,
    "reading_mean_r2": 0.0004474543769121279,
    "control_mean_r2": 0.003425854721635505,
    "reading_boot_ci95": [
      0.0,
      0.0
    ],
    "control_boot_ci95": [
      0.0,
      0.0
    ]
  },
  "7_social": {
    "dim_id": 7,
    "reading_mean_r2": 0.0003625499485012496,
    "control_mean_r2": 0.0028802953798063463,
    "reading_boot_ci95": [
      0.0,
      0.0
    ],
    "control_boot_ci95": [
      0.0,
      0.0
    ]
  },
  "8_embodiment": {
    "dim_id": 8,
    "reading_mean_r2": 0.00047195537144357244,
    "control_mean_r2": 0.0035285513341030876,
    "reading_boot_ci95": [
      0.0,
      0.0
    ],
    "control_boot_ci95": [
      0.0,
      0.0
    ]
  },
  "9_roles": {
    "dim_id": 9,
    "reading_mean_r2": 0.0004826220543250522,
    "control_mean_r2": 0.0037489840258741075,
    "reading_boot_ci95": [
      0.0,
      0.0
    ],
    "control_boot_ci95": [
      0.0,
      0.0
    ]
  },
  "10_animacy": {
    "dim_id": 10,
    "reading_mean_r2": 0.00043332539673970535,
    "control_mean_r2": 0.003762515638665956,
    "reading_boot_ci95": [
      0.0,
      0.0
    ],
    "control_boot_ci95": [
      0.0,
      0.0
    ]
  },
  "11_formality": {
    "dim_id": 11,
    "reading_mean_r2": 0.0003986386846533534,
    "control_mean_r2": 0.0032008590366080364,
    "reading_boot_ci95": [
      0.0,
      0.0
    ],
    "control_boot_ci95": [
      0.0,
      0.0
    ]
  },
  "12_expertise": {
    "dim_id": 12,
    "reading_mean_r2": 0.0003794549207588185,
    "control_mean_r2": 0.0033048110115172433,
    "reading_boot_ci95": [
      0.0,
      0.0
    ],
    "control_boot_ci95": [
      0.0,
      0.0
    ]
  },
  "13_helpfulness": {
    "dim_id": 13,
    "reading_mean_r2": 0.00039201823596811777,
    "control_mean_r2": 0.0030324826150944506,
    "reading_boot_ci95": [
      0.0,
      0.0
    ],
    "control_boot_ci95": [
      0.0,
      0.0
    ]
  },
  "14_biological": {
    "dim_id": 14,
    "reading_mean_r2": 0.000513073318383359,
    "control_mean_r2": 0.003712840294871294,
    "reading_boot_ci95": [
      0.0,
      0.0
    ],
    "control_boot_ci95": [
      0.0,
      0.0
    ]
  },
  "15_shapes": {
    "dim_id": 15,
    "reading_mean_r2": 0.0004806491311959927,
    "control_mean_r2": 0.003777198662964063,
    "reading_boot_ci95": [
      0.0,
      0.0
    ],
    "control_boot_ci95": [
      0.0,
      0.0
    ]
  },
  "16_human": {
    "dim_id": 16,
    "reading_mean_r2": 0.0004906414398252821,
    "control_mean_r2": 0.0035948165805889196,
    "reading_boot_ci95": [
      0.0,
      0.0
    ],
    "control_boot_ci95": [
      0.0,
      0.0
    ]
  },
  "17_ai": {
    "dim_id": 17,
    "reading_mean_r2": 0.0005241739682291284,
    "control_mean_r2": 0.004345362440305154,
    "reading_boot_ci95": [
      0.0,
      0.0
    ],
    "control_boot_ci95": [
      0.0,
      0.0
    ]
  },
  "18_attention": {
    "dim_id": 18,
    "reading_mean_r2": 0.00046921688853032755,
    "control_mean_r2": 0.0035708036912770014,
    "reading_boot_ci95": [
      0.0,
      0.0
    ],
    "control_boot_ci95": [
      0.0,
      0.0
    ]
  },
  "25_beliefs": {
    "dim_id": 25,
    "reading_mean_r2": 0.0004112418109856254,
    "control_mean_r2": 0.0033460312910479884,
    "reading_boot_ci95": [
      0.0,
      0.0
    ],
    "control_boot_ci95": [
      0.0,
      0.0
    ]
  },
  "26_desires": {
    "dim_id": 26,
    "reading_mean_r2": 0.0004914531441743032,
    "control_mean_r2": 0.0033269327337881525,
    "reading_boot_ci95": [
      0.0,
      0.0
    ],
    "control_boot_ci95": [
      0.0,
      0.0
    ]
  },
  "27_goals": {
    "dim_id": 27,
    "reading_mean_r2": 0.0004638935567660708,
    "control_mean_r2": 0.0032996627909646064,
    "reading_boot_ci95": [
      0.0,
      0.0
    ],
    "control_boot_ci95": [
      0.0,
      0.0
    ]
  },
  "30_granite_sandstone": {
    "dim_id": 30,
    "reading_mean_r2": 0.0004508063608266493,
    "control_mean_r2": 0.0037029550165637976,
    "reading_boot_ci95": [
      0.0,
      0.0
    ],
    "control_boot_ci95": [
      0.0,
      0.0
    ]
  },
  "31_squares_triangles": {
    "dim_id": 31,
    "reading_mean_r2": 0.00043824515255434375,
    "control_mean_r2": 0.003850926834602225,
    "reading_boot_ci95": [
      0.0,
      0.0
    ],
    "control_boot_ci95": [
      0.0,
      0.0
    ]
  },
  "32_horizontal_vertical": {
    "dim_id": 32,
    "reading_mean_r2": 0.00045089589897977255,
    "control_mean_r2": 0.00392772403076233,
    "reading_boot_ci95": [
      0.0,
      0.0
    ],
    "control_boot_ci95": [
      0.0,
      0.0
    ]
  }
}