{
  "1_phenomenology": {
    "dim_id": 1,
    "reading_mean_r2": 0.000304747096052118,
    "control_mean_r2": 0.00029645234812730997,
    "reading_boot_ci95": [
      0.00029967431882647454,
      0.00030975310410950976
    ],
    "control_boot_ci95": [
      0.0002742345411258448,
      0.00032293736260073923
    ]
  },
  "2_emotions": {
    "dim_id": 2,
    "reading_mean_r2": 0.0003100302036958828,
    "control_mean_r2": 0.00028400694043788165,
    "reading_boot_ci95": [
      0.0003040222430258451,
      0.0003160552462152709
    ],
    "control_boot_ci95": [
      0.00025863294835214325,
      0.00031110887609830457
    ]
  },
  "3_agency": {
    "dim_id": 3,
    "reading_mean_r2": 0.0003094184074630963,
    "control_mean_r2": 0.00033293253854395615,
    "reading_boot_ci95": [
      0.00030272240501456193,
      0.00031615596484699384
    ],
    "control_boot_ci95": [
      0.00029825539147384394,
      0.0003733752119841539
    ]
  },
  "4_intentions": {
    "dim_id": 4,
    "reading_mean_r2": 0.0002981123680412985,
    "control_mean_r2": 0.00031193626263740723,
    "reading_boot_ci95": [
      0.000292572630631878,
      0.0003032576874464408
    ],
    "control_boot_ci95": [
      0.0002857646387717773,
      0.00034026030049703107
    ]
  },
  "5_prediction": {
    "dim_id": 5,
    "reading_mean_r2": 0.0003148870845419094,
    "control_mean_r2": 0.00036116560984368574,
    "reading_boot_ci95": [
      0.00030621666279353956,
      0.0003248538086810725
    ],
    "control_boot_ci95": [
      0.00033060180495581693,
      0.00039239586915466553
    ]
  },
  "6_cognitive": {
    "dim_id": 6,
    "reading_mean_r2": 0.00030005388836767597,
    "control_mean_r2": 0.0004229373700291498,
    "reading_boot_ci95": [
      0.00029409712916874905,
      0.0003055670533994213
    ],
    "control_boot_ci95": [
      0.0003888460109795348,
      0.000457659820101677
    ]
  },
  "7_social": {
    "dim_id": 7,
    "reading_mean_r2": 0.00030479287530210816,
    "control_mean_r2": 0.0004755521433494443,
    "reading_boot_ci95": [
      0.00029834081374211684,
      0.0003111886731589378
    ],
    "control_boot_ci95": [
      0.0004458368935056725,
      0.0005009724939517094
    ]
  },
  "8_embodiment": {
    "dim_id": 8,
    "reading_mean_r2": 0.00031291987064928177,
    "control_mean_r2": 0.00031247674956640825,
    "reading_boot_ci95": [
      0.00030572862862969594,
      0.00032016938258501947
    ],
    "control_boot_ci95": [
      0.0002880942637471067,
      0.00034000403077260753
    ]
  },
  "9_roles": {
    "dim_id": 9,
    "reading_mean_r2": 0.0002861034115355899,
    "control_mean_r2": 0.00039106615111335043,
    "reading_boot_ci95": [
      0.0002798317305194106,
      0.0002925970583472418
    ],
    "control_boot_ci95": [
      0.00036021840310903854,
      0.00042344656298419557
    ]
  },
  "10_animacy": {
    "dim_id": 10,
    "reading_mean_r2": 0.0003034447507095943,
    "control_mean_r2": 0.00028548754814897604,
    "reading_boot_ci95": [
      0.00029714163242853284,
      0.0003088607064138837
    ],
    "control_boot_ci95": [
      0.00026478052813342024,
      0.00030417732138269345
    ]
  },
  "11_formality": {
    "dim_id": 11,
    "reading_mean_r2": 0.0002843933203453424,
    "control_mean_r2": 0.0004470881789353935,
    "reading_boot_ci95": [
      0.0002781507342760556,
      0.00029102549670112396
    ],
    "control_boot_ci95": [
      0.0004168927075353113,
      0.00047605049531232387
    ]
  },
  "12_expertise": {
    "dim_id": 12,
    "reading_mean_r2": 0.00029035429429581476,
    "control_mean_r2": 0.00048408121979690965,
    "reading_boot_ci95": [
      0.0002839399563167928,
      0.00029721726885653833
    ],
    "control_boot_ci95": [
      0.00045716799158398123,
      0.0005105997183819601
    ]
  },
  "13_helpfulness": {
    "dim_id": 13,
    "reading_mean_r2": 0.0002832134036226567,
    "control_mean_r2": 0.00046646391805629496,
    "reading_boot_ci95": [
      0.00027786567156808627,
      0.000288441649466098
    ],
    "control_boot_ci95": [
      0.000435237558995077,
      0.0004959503292329463
    ]
  },
  "14_biological": {
    "dim_id": 14,
    "reading_mean_r2": 0.0003098928331613016,
    "control_mean_r2": 0.000308508514993207,
    "reading_boot_ci95": [
      0.00030339234967195473,
      0.00031600530434472293
    ],
    "control_boot_ci95": [
      0.0002932551223281027,
      0.0003242179186563801
    ]
  },
  "15_shapes": {
    "dim_id": 15,
    "reading_mean_r2": 0.00031269436607506964,
    "control_mean_r2": 0.0002919453889490596,
    "reading_boot_ci95": [
      0.00030741377343534895,
      0.0003176764541783138
    ],
    "control_boot_ci95": [
      0.0002739715438333719,
      0.00031031663634082047
    ]
  },
  "16_human": {
    "dim_id": 16,
    "reading_mean_r2": 0.00029855772483762164,
    "control_mean_r2": 0.00043704076803596624,
    "reading_boot_ci95": [
      0.00029056043116593573,
      0.00030684887620274694
    ],
    "control_boot_ci95": [
      0.0004008658787652573,
      0.0004729532935624585
    ]
  },
  "17_ai": {
    "dim_id": 17,
    "reading_mean_r2": 0.00028745107103777753,
    "control_mean_r2": 0.000566022693469367,
    "reading_boot_ci95": [
      0.00028093319524215266,
      0.0002935649337605918
    ],
    "control_boot_ci95": [
      0.0005300907127355916,
      0.0006022774033776964
    ]
  },
  "18_attention": {
    "dim_id": 18,
    "reading_mean_r2": 0.000299293436503148,
    "control_mean_r2": 0.0003433075764976061,
    "reading_boot_ci95": [
      0.00029501700459781514,
      0.00030377804843249704
    ],
    "control_boot_ci95": [
      0.0003157370208573964,
      0.0003704813717563584
    ]
  },
  "20_sysprompt_talkto_human": {
    "dim_id": 20,
    "reading_mean_r2": 0.000350971637425207,
    "control_mean_r2": 0.0005074951688515111,
    "reading_boot_ci95": [
      0.0003488990492572509,
      0.0003532511784641136
    ],
    "control_boot_ci95": [
      0.0005016674126491754,
      0.0005132906424023041
    ]
  },
  "21_sysprompt_talkto_ai": {
    "dim_id": 21,
    "reading_mean_r2": 0.00035674027547316205,
    "control_mean_r2": 0.000535387175219232,
    "reading_boot_ci95": [
      0.0003474851145567893,
      0.00036489948189752966
    ],
    "control_boot_ci95": [
      0.0005119422383654179,
      0.0005679200570311271
    ]
  },
  "22_sysprompt_bare_human": {
    "dim_id": 22,
    "reading_mean_r2": 0.0003052375426494851,
    "control_mean_r2": 0.0004924841454173294,
    "reading_boot_ci95": [
      0.0003032413671324346,
      0.00030729738088926424
    ],
    "control_boot_ci95": [
      0.00048462062690875977,
      0.0005005676791775594
    ]
  },
  "23_sysprompt_bare_ai": {
    "dim_id": 23,
    "reading_mean_r2": 0.0003188136642308862,
    "control_mean_r2": 0.0005470755536188492,
    "reading_boot_ci95": [
      0.0003114107200003588,
      0.0003255501763519635
    ],
    "control_boot_ci95": [
      0.0005248907162509013,
      0.0005760786470850226
    ]
  },
  "25_beliefs": {
    "dim_id": 25,
    "reading_mean_r2": 0.00030992110965887617,
    "control_mean_r2": 0.0004080991371680842,
    "reading_boot_ci95": [
      0.0003022077863105357,
      0.0003180477996281482
    ],
    "control_boot_ci95": [
      0.0003781906003301776,
      0.00043802016872664985
    ]
  },
  "26_desires": {
    "dim_id": 26,
    "reading_mean_r2": 0.00030808460650271223,
    "control_mean_r2": 0.0002746649327343102,
    "reading_boot_ci95": [
      0.0003020014603877146,
      0.0003146559629288769
    ],
    "control_boot_ci95": [
      0.0002547501068410551,
      0.0002983620845511527
    ]
  },
  "27_goals": {
    "dim_id": 27,
    "reading_mean_r2": 0.00029929106415593786,
    "control_mean_r2": 0.0002942459310322232,
    "reading_boot_ci95": [
      0.0002937640208664402,
      0.0003042979823670109
    ],
    "control_boot_ci95": [
      0.00026268833240017847,
      0.000330974515416523
    ]
  },
  "30_granite_sandstone": {
    "dim_id": 30,