{
  "0": {
    "mean": 0.0,
    "std": 0.0
  },
  "1": {
    "mean": 0.883179321885109,
    "std": 0.03647254705864721
  },
  "2": {
    "mean": 0.8344231277704239,
    "std": 0.04746300627904
  },
  "3": {
    "mean": 0.8392059832811356,
    "std": 0.043494369305026495
  },
  "4": {
    "mean": 0.8455549597740173,
    "std": 0.029964234190380034
  },
  "5": {
    "mean": 0.8896918833255768,
    "std": 0.034160088574151794
  },
  "6": {
    "mean": 0.8622353047132492,
    "std": 0.03714012029696189
  },
  "7": {
    "mean": 0.888352569937706,
    "std": 0.029951580305198615
  },
  "8": {
    "mean": 0.9127936154603958,
    "std": 0.014469936161249138
  },
  "9": {
    "mean": 0.9161707252264023,
    "std": 0.022079956320041838
  },
  "10": {
    "mean": 0.9295190870761871,
    "std": 0.013185333011842113
  },
  "11": {
    "mean": 0.9178542971611023,
    "std": 0.025387017457065224
  },
  "12": {
    "mean": 0.9229171097278595,
    "std": 0.031533668379849465
  },
  "13": {
    "mean": 0.942136612534523,
    "std": 0.013739619577093671
  },
  "14": {
    "mean": 0.9464705437421799,
    "std": 0.017404834321348088
  },
  "15": {
    "mean": 0.9255446434020996,
    "std": 0.03251164921558007
  },
  "16": {
    "mean": 0.936336126923561,
    "std": 0.023876591958091536
  },
  "17": {
    "mean": 0.9508451491594314,
    "std": 0.023430408745823493
  },
  "18": {
    "mean": 0.9389157831668854,
    "std": 0.027793053092859635
  },
  "19": {
    "mean": 0.9222884625196457,
    "std": 0.04982193195540843
  },
  "20": {
    "mean": 0.9360249102115631,
    "std": 0.0463204841558045
  },
  "21": {
    "mean": 0.9359339952468873,
    "std": 0.03526882816055817
  },
  "22": {
    "mean": 0.951367637515068,
    "std": 0.017991376088198917
  },
  "23": {
    "mean": 0.944059208035469,
    "std": 0.020529679694578855
  },
  "24": {
    "mean": 0.9301143169403077,
    "std": 0.04979268134822758
  },
  "25": {
    "mean": 0.9379436492919921,
    "std": 0.027596271456360295
  },
  "26": {
    "mean": 0.94480299949646,
    "std": 0.03280343342428026
  },
  "27": {
    "mean": 0.9408996194601059,
    "std": 0.028752620965899606
  },
  "28": {
    "mean": 0.9402859926223754,
    "std": 0.01581023298846797
  },
  "29": {
    "mean": 0.9391186207532882,
    "std": 0.028428099553851317
  },
  "30": {
    "mean": 0.9395906925201416,
    "std": 0.025477897945590557
  },
  "31": {
    "mean": 0.9320363372564315,
    "std": 0.03432182324620066
  },
  "32": {
    "mean": 0.9363839596509933,
    "std": 0.027731639535969705
  },
  "33": {
    "mean": 0.9317053705453873,
    "std": 0.02705218631384952
  },
  "34": {
    "mean": 0.9327499240636825,
    "std": 0.03279693726976423
  },
  "35": {
    "mean": 0.9287785530090332,
    "std": 0.025718652041837563
  },
  "36": {
    "mean": 0.9400397837162018,
    "std": 0.0333386973611567
  },
  "37": {
    "mean": 0.9169555693864823,
    "std": 0.04127063205022695
  },
  "38": {
    "mean": 0.9413410246372222,
    "std": 0.02160013143952786
  },
  "39": {
    "mean": 0.928843691945076,
    "std": 0.031615832937319115
  },
  "40": {
    "mean": 0.9213633984327316,
    "std": 0.031135797011172674
  }
}