{
  "dim_name": "17_ai",
  "dim_id": 17,
  "reading_profile": {
    "probe_type": "reading",
    "n_layers": 35,
    "overall_mean_r2": 0.000214908711798855,
    "overall_mean_abs_cos": 0.01149150584907537,
    "peak_layer": 9,
    "peak_cosine": 0.03373493626713753,
    "peak_abs_cosine": 0.03373493626713753,
    "peak_r2": 0.0011380459249478309,
    "onset_layer": null,
    "band_stats": {
      "early": {
        "mean_cos": 0.012001865112688392,
        "mean_abs_cos": 0.015362653264310211,
        "mean_r2": 0.00040788359617519986,
        "max_r2": 0.0011380459249478309,
        "r2_fraction": 0.2711341233221991,
        "n_layers": 5
      },
      "middle": {
        "mean_cos": -0.000518916438644131,
        "mean_abs_cos": 0.011849290955190857,
        "mean_r2": 0.0001968656563252981,
        "max_r2": 0.00095721156156248,
        "r2_fraction": 0.39258992742440524,
        "n_layers": 15
      },
      "late": {
        "mean_cos": -0.005172315959741051,
        "mean_abs_cos": 0.009843338271214938,
        "mean_r2": 0.00016862680581363019,
        "max_r2": 0.000783035078060712,
        "r2_fraction": 0.33627594925339555,
        "n_layers": 15
      }
    },
    "normalized_entropy": 0.7854503660628692,
    "near_peak_layers": [
      6,
      9,
      16,
      40
    ],
    "near_peak_fraction": 0.11428571428571428,
    "sign_consistency": 0.5428571428571428,
    "dominant_sign": "positive",
    "profile_type": "negligible",
    "per_layer": {
      "6": {
        "cosine": 0.028211243450641632,
        "abs_cosine": 0.028211243450641632,
        "r_squared": 0.0007958742570313704
      },
      "7": {
        "cosine": 0.0005862560938112438,
        "abs_cosine": 0.0005862560938112438,
        "r_squared": 3.4369620753081786e-07
      },
      "8": {
        "cosine": 0.005878860130906105,
        "abs_cosine": 0.005878860130906105,
        "r_squared": 3.4560996438757347e-05
      },
      "9": {
        "cosine": 0.03373493626713753,
        "abs_cosine": 0.03373493626713753,
        "r_squared": 0.0011380459249478309
      },
      "10": {
        "cosine": -0.008401970379054546,
        "abs_cosine": 0.008401970379054546,
        "r_squared": 7.059310625051e-05
      },
      "11": {
        "cosine": 0.025214940309524536,
        "abs_cosine": 0.025214940309524536,
        "r_squared": 0.0006357932148128853
      },
      "12": {
        "cosine": -0.015489033423364162,
        "abs_cosine": 0.015489033423364162,
        "r_squared": 0.00023991015639009215
      },
      "13": {
        "cosine": 0.008814050815999508,
        "abs_cosine": 0.008814050815999508,
        "r_squared": 7.768749178702159e-05
      },
      "14": {
        "cosine": 0.008492856286466122,
        "abs_cosine": 0.008492856286466122,
        "r_squared": 7.212860790256712e-05
      },
      "15": {
        "cosine": -0.007750891614705324,
        "abs_cosine": 0.007750891614705324,
        "r_squared": 6.007632082290931e-05
      },
      "16": {
        "cosine": -0.030938835814595222,
        "abs_cosine": 0.030938835814595222,
        "r_squared": 0.00095721156156248
      },
      "17": {
        "cosine": -0.012618009001016617,
        "abs_cosine": 0.012618009001016617,
        "r_squared": 0.00015921415114973636
      },
      "18": {
        "cosine": 0.011012244038283825,
        "abs_cosine": 0.011012244038283825,
        "r_squared": 0.00012126951875871764
      },
      "19": {
        "cosine": -0.011991244740784168,
        "abs_cosine": 0.011991244740784168,
        "r_squared": 0.00014378995043338397
      },
      "20": {
        "cosine": -0.01195081602782011,
        "abs_cosine": 0.01195081602782011,
        "r_squared": 0.00014282200373080204
      },
      "21": {
        "cosine": 0.005846425425261259,
        "abs_cosine": 0.005846425425261259,
        "r_squared": 3.4180690253141294e-05
      },
      "22": {
        "cosine": 0.004570404067635536,
        "abs_cosine": 0.004570404067635536,
        "r_squared": 2.0888593341459455e-05
      },
      "23": {
        "cosine": 0.016119519248604774,
        "abs_cosine": 0.016119519248604774,
        "r_squared": 0.00025983890080613983
      },
      "24": {
        "cosine": -0.0020227248314768076,
        "abs_cosine": 0.0020227248314768076,
        "r_squared": 4.09141574387288e-06
      },
      "25": {
        "cosine": 0.004907368682324886,
        "abs_cosine": 0.004907368682324886,
        "r_squared": 2.408226738426309e-05
      },
      "26": {
        "cosine": 0.00967719778418541,
        "abs_cosine": 0.00967719778418541,
        "r_squared": 9.3648156954243e-05
      },
      "27": {
        "cosine": 0.005936690606176853,
        "abs_cosine": 0.005936690606176853,
        "r_squared": 3.524429535346849e-05
      },
      "28": {
        "cosine": 0.007654212880879641,
        "abs_cosine": 0.007654212880879641,
        "r_squared": 5.858697482582381e-05
      },
      "29": {
        "cosine": -0.00010135644697584212,
        "abs_cosine": 0.00010135644697584212,
        "r_squared": 1.0273129343566695e-08
      },
      "30": {
        "cosine": -0.012785091064870358,
        "abs_cosine": 0.012785091064870358,
        "r_squared": 0.00016345855353702785
      },
      "31": {
        "cosine": 0.003257496515288949,
        "abs_cosine": 0.003257496515288949,
        "r_squared": 1.0611283547119646e-05
      },
      "32": {
        "cosine": -0.0004285993636585772,
        "abs_cosine": 0.0004285993636585772,
        "r_squared": 1.836974145285373e-07
      },
      "33": {
        "cosine": -0.023646080866456032,
        "abs_cosine": 0.023646080866456032,
        "r_squared": 0.000559137140342978
      },
      "34": {
        "cosine": 0.000612064846791327,
        "abs_cosine": 0.000612064846791327,
        "r_squared": 3.746233766776906e-07
      },
      "35": {
        "cosine": -0.017750203609466553,
        "abs_cosine": 0.017750203609466553,
        "r_squared": 0.00031506972817751944
      },
      "36": {
        "cosine": -0.018790660426020622,
        "abs_cosine": 0.018790660426020622,
        "r_squared": 0.0003530889192460175
      },
      "37": {
        "cosine": 0.0029852406587451696,
        "abs_cosine": 0.0029852406587451696,
        "r_squared": 8.911661790625294e-06
      },
      "38": {
        "cosine": -0.011132651008665562,
        "abs_cosine": 0.011132651008665562,
        "r_squared": 0.00012393591848074235
      },
      "39": {
        "cosine": 0.004909764043986797,
        "abs_cosine": 0.004909764043986797,
        "r_squared": 2.410578296762559e-05
      },
      "40": {
        "cosine": -0.027982763946056366,
        "abs_cosine": 0.027982763946056366,
        "r_squared": 0.000783035078060712
      }
    }
  },
  "control_profile": {
    "probe_type": "control",
    "n_layers": 35,
    "overall_mean_r2": 0.00016525600026369146,
    "overall_mean_abs_cos": 0.010031301090410644,
    "peak_layer": 36,
    "peak_cosine": 0.0276379082351923,
    "peak_abs_cosine": 0.0276379082351923,
    "peak_r2": 0.0007638539716169103,
    "onset_layer": null,
    "band_stats": {
      "early": {
        "mean_cos": 0.004219843097962439,
        "mean_abs_cos": 0.007612633728422224,
        "mean_r2": 7.185631011279567e-05,
        "max_r2": 0.0001567270190711229,
        "r2_fraction": 0.06211688012895822,
        "n_layers": 5
      },
      "middle": {
        "mean_cos": 0.008817911598210533,
        "mean_abs_cos": 0.011197184693689148,
        "mean_r2": 0.0002078204484583728,
        "max_r2": 0.0006826589335506318,
        "r2_fraction": 0.5389571715401642,
        "n_layers": 15
      },
      "late": {
        "mean_cos": 0.007977023689697186,
        "mean_abs_cos": 0.00967163994112828,
        "mean_r2": 0.00015382478211930877,
        "max_r2": 0.0007638539716169103,
        "r2_fraction": 0.39892594833087774,
        "n_layers": 15
      }
    },
    "normalized_entropy": 0.781817612422416,