{
  "dim_name": "4_intentions",
  "dim_id": 4,
  "reading_profile": {
    "probe_type": "reading",
    "n_layers": 35,
    "overall_mean_r2": 0.0002431038298057689,
    "overall_mean_abs_cos": 0.012295549675270325,
    "peak_layer": 9,
    "peak_cosine": 0.03367498889565468,
    "peak_abs_cosine": 0.03367498889565468,
    "peak_r2": 0.001134004877122466,
    "onset_layer": null,
    "band_stats": {
      "early": {
        "mean_cos": 0.012544153188355268,
        "mean_abs_cos": 0.0157802828354761,
        "mean_r2": 0.000410801520095516,
        "max_r2": 0.001134004877122466,
        "r2_fraction": 0.2414027433837817,
        "n_layers": 5
      },
      "middle": {
        "mean_cos": -0.0005669383642574152,
        "mean_abs_cos": 0.012351829217125972,
        "mean_r2": 0.00021101141631545435,
        "max_r2": 0.0009354871349415185,
        "r2_fraction": 0.3719952261033804,
        "n_layers": 15
      },
      "late": {
        "mean_cos": -0.0066560978761723765,
        "mean_abs_cos": 0.011077692413346085,
        "mean_r2": 0.00021929701319950114,
        "max_r2": 0.0009509767085765265,
        "r2_fraction": 0.3866020305128379,
        "n_layers": 15
      }
    },
    "normalized_entropy": 0.7922893271888762,
    "near_peak_layers": [
      6,
      9,
      11,
      16,
      33,
      40
    ],
    "near_peak_fraction": 0.17142857142857143,
    "sign_consistency": 0.5142857142857142,
    "dominant_sign": "negative",
    "profile_type": "negligible",
    "per_layer": {
      "6": {
        "cosine": 0.028223806992173195,
        "abs_cosine": 0.028223806992173195,
        "r_squared": 0.0007965832811314445
      },
      "7": {
        "cosine": -0.0016720014391466975,
        "abs_cosine": 0.0016720014391466975,
        "r_squared": 2.7955888125086277e-06
      },
      "8": {
        "cosine": 0.008912294171750546,
        "abs_cosine": 0.008912294171750546,
        "r_squared": 7.942898740381874e-05
      },
      "9": {
        "cosine": 0.03367498889565468,
        "abs_cosine": 0.03367498889565468,
        "r_squared": 0.001134004877122466
      },
      "10": {
        "cosine": -0.006418322678655386,
        "abs_cosine": 0.006418322678655386,
        "r_squared": 4.119486600734205e-05
      },
      "11": {
        "cosine": 0.02718992903828621,
        "abs_cosine": 0.02718992903828621,
        "r_squared": 0.0007392922411070396
      },
      "12": {
        "cosine": -0.014435645192861557,
        "abs_cosine": 0.014435645192861557,
        "r_squared": 0.00020838785213418698
      },
      "13": {
        "cosine": 0.008122028782963753,
        "abs_cosine": 0.008122028782963753,
        "r_squared": 6.596735155129166e-05
      },
      "14": {
        "cosine": 0.009069247171282768,
        "abs_cosine": 0.009069247171282768,
        "r_squared": 8.22512442538205e-05
      },
      "15": {
        "cosine": -0.009792570024728775,
        "abs_cosine": 0.009792570024728775,
        "r_squared": 9.589442768921652e-05
      },
      "16": {
        "cosine": -0.03058573417365551,
        "abs_cosine": 0.03058573417365551,
        "r_squared": 0.0009354871349415185
      },
      "17": {
        "cosine": -0.012580378912389278,
        "abs_cosine": 0.012580378912389278,
        "r_squared": 0.00015826593357928884
      },
      "18": {
        "cosine": 0.014446833170950413,
        "abs_cosine": 0.014446833170950413,
        "r_squared": 0.00020871098866927316
      },
      "19": {
        "cosine": -0.009015453048050404,
        "abs_cosine": 0.009015453048050404,
        "r_squared": 8.127839366160131e-05
      },
      "20": {
        "cosine": -0.0136141087859869,
        "abs_cosine": 0.0136141087859869,
        "r_squared": 0.0001853439580366857
      },
      "21": {
        "cosine": 0.006820464041084051,
        "abs_cosine": 0.006820464041084051,
        "r_squared": 4.6518729735720585e-05
      },
      "22": {
        "cosine": 0.001073974184691906,
        "abs_cosine": 0.001073974184691906,
        "r_squared": 1.1534205493846442e-06
      },
      "23": {
        "cosine": 0.01694752648472786,
        "abs_cosine": 0.01694752648472786,
        "r_squared": 0.00028721865395055224
      },
      "24": {
        "cosine": -0.00686686672270298,
        "abs_cosine": 0.00686686672270298,
        "r_squared": 4.7153858587365566e-05
      },
      "25": {
        "cosine": 0.004716678522527218,
        "abs_cosine": 0.004716678522527218,
        "r_squared": 2.224705628486954e-05
      },
      "26": {
        "cosine": 0.006994772236794233,
        "abs_cosine": 0.006994772236794233,
        "r_squared": 4.89268386446274e-05
      },
      "27": {
        "cosine": 0.010121947154402733,
        "abs_cosine": 0.010121947154402733,
        "r_squared": 0.00010245381419652158
      },
      "28": {
        "cosine": 0.007356548681855202,
        "abs_cosine": 0.007356548681855202,
        "r_squared": 5.4118808508505506e-05
      },
      "29": {
        "cosine": -0.0027245820965617895,
        "abs_cosine": 0.0027245820965617895,
        "r_squared": 7.4233476009050365e-06
      },
      "30": {
        "cosine": -0.013973470777273178,
        "abs_cosine": 0.013973470777273178,
        "r_squared": 0.00019525788556330748
      },
      "31": {
        "cosine": -0.0017770773265510798,
        "abs_cosine": 0.0017770773265510798,
        "r_squared": 3.158003824541933e-06
      },
      "32": {
        "cosine": 0.0004035859601572156,
        "abs_cosine": 0.0004035859601572156,
        "r_squared": 1.6288162723602161e-07
      },
      "33": {
        "cosine": -0.0279113557189703,
        "abs_cosine": 0.0279113557189703,
        "r_squared": 0.000779043778070896
      },
      "34": {
        "cosine": 0.002263145288452506,
        "abs_cosine": 0.002263145288452506,
        "r_squared": 5.121826596644777e-06
      },
      "35": {
        "cosine": -0.017738429829478264,
        "abs_cosine": 0.017738429829478264,
        "r_squared": 0.00031465189281532427
      },
      "36": {
        "cosine": -0.02488046884536743,
        "abs_cosine": 0.02488046884536743,
        "r_squared": 0.0006190377299652994
      },
      "37": {
        "cosine": -1.2603112736542244e-05,
        "abs_cosine": 1.2603112736542244e-05,
        "r_squared": 1.5883845064999332e-10
      },
      "38": {
        "cosine": -0.01314752921462059,
        "abs_cosine": 0.01314752921462059,
        "r_squared": 0.00017285752444930191
      },
      "39": {
        "cosine": 0.0060219597071409225,
        "abs_cosine": 0.0060219597071409225,
        "r_squared": 3.6263998714428786e-05
      },
      "40": {
        "cosine": -0.030837910249829292,
        "abs_cosine": 0.030837910249829292,
        "r_squared": 0.0009509767085765265
      }
    }
  },
  "control_profile": {
    "probe_type": "control",
    "n_layers": 35,
    "overall_mean_r2": 0.00015029386384080967,
    "overall_mean_abs_cos": 0.009712600812781602,
    "peak_layer": 36,
    "peak_cosine": 0.026943057775497437,
    "peak_abs_cosine": 0.026943057775497437,
    "peak_r2": 0.0007259283622937929,
    "onset_layer": null,
    "band_stats": {
      "early": {
        "mean_cos": 0.0041429097531363365,
        "mean_abs_cos": 0.006041442113928497,
        "mean_r2": 4.867160209640197e-05,
        "max_r2": 0.00010341730051572143,
        "r2_fraction": 0.0462632727383759,
        "n_layers": 5
      },
      "middle": {
        "mean_cos": 0.006514787786485007,
        "mean_abs_cos": 0.010727622363871585,
        "mean_r2": 0.0001925137611763781,
        "max_r2": 0.0006330569856939951,
        "r2_fraction": 0.5489638468168528,
        "n_layers": 15
      },
      "late": {
        "mean_cos": 0.006297920985768239,
        "mean_abs_cos": 0.009921298827975988,
        "mean_r2": 0.0001419480537533771,
        "max_r2": 0.0007259283622937929,
        "r2_fraction": 0.4047728804447711,
        "n_layers": 15
      }
    },
    "normalized_entropy": 0.7914326548059866,