{
  "dim_name": "12_expertise",
  "dim_id": 12,
  "reading_profile": {
    "probe_type": "reading",
    "n_layers": 35,
    "overall_mean_r2": 0.00024544697375203275,
    "overall_mean_abs_cos": 0.011216641510899145,
    "peak_layer": 9,
    "peak_cosine": 0.04717894643545151,
    "peak_abs_cosine": 0.04717894643545151,
    "peak_r2": 0.0022258529867592025,
    "onset_layer": null,
    "band_stats": {
      "early": {
        "mean_cos": 0.015707791480235756,
        "mean_abs_cos": 0.015707791480235756,
        "mean_r2": 0.0005416795141313801,
        "max_r2": 0.0022258529867592025,
        "r2_fraction": 0.31527293472044055,
        "n_layers": 5
      },
      "middle": {
        "mean_cos": 0.00463450826719054,
        "mean_abs_cos": 0.008079526214229797,
        "mean_r2": 0.00010750391419159855,
        "max_r2": 0.0004955942188150687,
        "r2_fraction": 0.18771103745063836,
        "n_layers": 15
      },
      "late": {
        "mean_cos": 0.002100155095104128,
        "mean_abs_cos": 0.012856706817789625,
        "mean_r2": 0.0002846458531860179,
        "max_r2": 0.0018113031796401224,
        "r2_fraction": 0.49701602782892135,
        "n_layers": 15
      }
    },
    "normalized_entropy": 0.693354729390911,
    "near_peak_layers": [
      9,
      31
    ],
    "near_peak_fraction": 0.05714285714285714,
    "sign_consistency": 0.6857142857142857,
    "dominant_sign": "positive",
    "profile_type": "negligible",
    "per_layer": {
      "6": {
        "cosine": 0.001572957611642778,
        "abs_cosine": 0.001572957611642778,
        "r_squared": 2.474195648024952e-06
      },
      "7": {
        "cosine": 0.002836798783391714,
        "abs_cosine": 0.002836798783391714,
        "r_squared": 8.04742733745271e-06
      },
      "8": {
        "cosine": 0.020852960646152496,
        "abs_cosine": 0.020852960646152496,
        "r_squared": 0.00043484596770998474
      },
      "9": {
        "cosine": 0.04717894643545151,
        "abs_cosine": 0.04717894643545151,
        "r_squared": 0.0022258529867592025
      },
      "10": {
        "cosine": 0.006097293924540281,
        "abs_cosine": 0.006097293924540281,
        "r_squared": 3.7176993202235826e-05
      },
      "11": {
        "cosine": 0.007826069369912148,
        "abs_cosine": 0.007826069369912148,
        "r_squared": 6.124736178267712e-05
      },
      "12": {
        "cosine": -0.002387070329859853,
        "abs_cosine": 0.002387070329859853,
        "r_squared": 5.698104759697226e-06
      },
      "13": {
        "cosine": 0.014140043407678604,
        "abs_cosine": 0.014140043407678604,
        "r_squared": 0.00019994082757103515
      },
      "14": {
        "cosine": -0.00018874791567213833,
        "abs_cosine": 0.00018874791567213833,
        "r_squared": 3.5625775670576643e-08
      },
      "15": {
        "cosine": 0.018074776977300644,
        "abs_cosine": 0.018074776977300644,
        "r_squared": 0.0003266975627791574
      },
      "16": {
        "cosine": 0.008071701973676682,
        "abs_cosine": 0.008071701973676682,
        "r_squared": 6.515237275185604e-05
      },
      "17": {
        "cosine": 0.010998258367180824,
        "abs_cosine": 0.010998258367180824,
        "r_squared": 0.00012096168711126301
      },
      "18": {
        "cosine": -0.02226194553077221,
        "abs_cosine": 0.02226194553077221,
        "r_squared": 0.0004955942188150687
      },
      "19": {
        "cosine": 0.0017262751935049891,
        "abs_cosine": 0.0017262751935049891,
        "r_squared": 2.9800260437106877e-06
      },
      "20": {
        "cosine": 0.008341413922607899,
        "abs_cosine": 0.008341413922607899,
        "r_squared": 6.957918622827689e-05
      },
      "21": {
        "cosine": -0.0009998708264902234,
        "abs_cosine": 0.0009998708264902234,
        "r_squared": 9.997416696662424e-07
      },
      "22": {
        "cosine": 3.5653294617077336e-05,
        "abs_cosine": 3.5653294617077336e-05,
        "r_squared": 1.2711574170521157e-09
      },
      "23": {
        "cosine": 0.012260306626558304,
        "abs_cosine": 0.012260306626558304,
        "r_squared": 0.00015031511857722946
      },
      "24": {
        "cosine": 0.009857387281954288,
        "abs_cosine": 0.009857387281954288,
        "r_squared": 9.716808402643416e-05
      },
      "25": {
        "cosine": 0.004023372195661068,
        "abs_cosine": 0.004023372195661068,
        "r_squared": 1.6187523824818563e-05
      },
      "26": {
        "cosine": 0.0006856945692561567,
        "abs_cosine": 0.0006856945692561567,
        "r_squared": 4.7017704230738625e-07
      },
      "27": {
        "cosine": 0.021292084828019142,
        "abs_cosine": 0.021292084828019142,
        "r_squared": 0.00045335287632356294
      },
      "28": {
        "cosine": 0.003863283898681402,
        "abs_cosine": 0.003863283898681402,
        "r_squared": 1.4924962481810975e-05
      },
      "29": {
        "cosine": -0.013804085552692413,
        "abs_cosine": 0.013804085552692413,
        "r_squared": 0.0001905527779460514
      },
      "30": {
        "cosine": -0.010521321557462215,
        "abs_cosine": 0.010521321557462215,
        "r_squared": 0.00011069820731551914
      },
      "31": {
        "cosine": 0.04255940765142441,
        "abs_cosine": 0.04255940765142441,
        "r_squared": 0.0018113031796401224
      },
      "32": {
        "cosine": 0.018113695085048676,
        "abs_cosine": 0.018113695085048676,
        "r_squared": 0.00032810594963411654
      },
      "33": {
        "cosine": 0.00883563794195652,
        "abs_cosine": 0.00883563794195652,
        "r_squared": 7.806849784134165e-05
      },
      "34": {
        "cosine": -0.030302295461297035,
        "abs_cosine": 0.030302295461297035,
        "r_squared": 0.0009182291102237429
      },
      "35": {
        "cosine": -0.0010485472157597542,
        "abs_cosine": 0.0010485472157597542,
        "r_squared": 1.0994512636775325e-06
      },
      "36": {
        "cosine": -0.010321453213691711,
        "abs_cosine": 0.010321453213691711,
        "r_squared": 0.00010653239644242696
      },
      "37": {
        "cosine": -0.005456867627799511,
        "abs_cosine": 0.005456867627799511,
        "r_squared": 2.9777404307326262e-05
      },
      "38": {
        "cosine": -0.00921956729143858,
        "abs_cosine": 0.00921956729143858,
        "r_squared": 8.50004210413641e-05
      },
      "39": {
        "cosine": 0.008458808995783329,
        "abs_cosine": 0.008458808995783329,
        "r_squared": 7.155144962714497e-05
      },
      "40": {
        "cosine": 0.008367851376533508,
        "abs_cosine": 0.008367851376533508,
        "r_squared": 7.002093665975373e-05
      }
    }
  },
  "control_profile": {
    "probe_type": "control",
    "n_layers": 35,
    "overall_mean_r2": 0.0009409956632695437,
    "overall_mean_abs_cos": 0.025189009438534932,
    "peak_layer": 16,
    "peak_cosine": 0.0684320405125618,
    "peak_abs_cosine": 0.0684320405125618,
    "peak_r2": 0.004682944168712899,
    "onset_layer": 16,
    "band_stats": {
      "early": {
        "mean_cos": 0.0031083009205758573,
        "mean_abs_cos": 0.014271882642060519,
        "mean_r2": 0.00033260901837814437,
        "max_r2": 0.001041054507756059,
        "r2_fraction": 0.05049499791415087,
        "n_layers": 5
      },
      "middle": {
        "mean_cos": 0.03995148924489816,
        "mean_abs_cos": 0.03995148924489816,
        "mean_r2": 0.0018132253525078605,
        "max_r2": 0.004682944168712899,
        "r2_fraction": 0.8258237630406914,
        "n_layers": 15
      },
      "late": {
        "mean_cos": 0.014065571897663175,
        "mean_abs_cos": 0.014065571897663175,
        "mean_r2": 0.00027156152232836066,
        "max_r2": 0.0011579439045752427,
        "r2_fraction": 0.123681239045158,
        "n_layers": 15
      }
    },
    "normalized_entropy": 0.8215627088870298,