{
  "dim_name": "8_embodiment",
  "dim_id": 8,
  "reading_profile": {
    "probe_type": "reading",
    "n_layers": 35,
    "overall_mean_r2": 0.0003168010300788132,
    "overall_mean_abs_cos": 0.01344209760385898,
    "peak_layer": 15,
    "peak_cosine": 0.04444685950875282,
    "peak_abs_cosine": 0.04444685950875282,
    "peak_r2": 0.0019755233201908112,
    "onset_layer": null,
    "band_stats": {
      "early": {
        "mean_cos": 0.014813675871118903,
        "mean_abs_cos": 0.01736264363862574,
        "mean_r2": 0.000460046313562099,
        "max_r2": 0.0010766260770983666,
        "r2_fraction": 0.20745166744278823,
        "n_layers": 5
      },
      "middle": {
        "mean_cos": 0.006968243743176572,
        "mean_abs_cos": 0.01517780546079545,
        "mean_r2": 0.0003987558059148419,
        "max_r2": 0.0019755233201908112,
        "r2_fraction": 0.5394406241342083,
        "n_layers": 15
      },
      "late": {
        "mean_cos": 0.005801102585004022,
        "mean_abs_cos": 0.010399541068666925,
        "mean_r2": 0.0001870978264150226,
        "max_r2": 0.0008560037359340057,
        "r2_fraction": 0.25310770842300345,
        "n_layers": 15
      }
    },
    "normalized_entropy": 0.772979704364218,
    "near_peak_layers": [
      15
    ],
    "near_peak_fraction": 0.02857142857142857,
    "sign_consistency": 0.5142857142857142,
    "dominant_sign": "positive",
    "profile_type": "negligible",
    "per_layer": {
      "6": {
        "cosine": -0.002556944265961647,
        "abs_cosine": 0.002556944265961647,
        "r_squared": 6.537963979234146e-06
      },
      "7": {
        "cosine": 0.032811980694532394,
        "abs_cosine": 0.032811980694532394,
        "r_squared": 0.0010766260770983666
      },
      "8": {
        "cosine": 0.029656391590833664,
        "abs_cosine": 0.029656391590833664,
        "r_squared": 0.0008795015621888697
      },
      "9": {
        "cosine": 0.017972426488995552,
        "abs_cosine": 0.017972426488995552,
        "r_squared": 0.000323008113902349
      },
      "10": {
        "cosine": -0.0038154751528054476,
        "abs_cosine": 0.0038154751528054476,
        "r_squared": 1.4557850641675754e-05
      },
      "11": {
        "cosine": -0.00019232583872508258,
        "abs_cosine": 0.00019232583872508258,
        "r_squared": 3.698922824130647e-08
      },
      "12": {
        "cosine": -0.028969382867217064,
        "abs_cosine": 0.028969382867217064,
        "r_squared": 0.0008392251437074096
      },
      "13": {
        "cosine": 0.007111624348908663,
        "abs_cosine": 0.007111624348908663,
        "r_squared": 5.057520087999056e-05
      },
      "14": {
        "cosine": 0.03449732065200806,
        "abs_cosine": 0.03449732065200806,
        "r_squared": 0.0011900651321674616
      },
      "15": {
        "cosine": 0.04444685950875282,
        "abs_cosine": 0.04444685950875282,
        "r_squared": 0.0019755233201908112
      },
      "16": {
        "cosine": 0.020175551995635033,
        "abs_cosine": 0.020175551995635033,
        "r_squared": 0.00040705289832857275
      },
      "17": {
        "cosine": 0.02098533697426319,
        "abs_cosine": 0.02098533697426319,
        "r_squared": 0.0004403843679233778
      },
      "18": {
        "cosine": 0.0027380213141441345,
        "abs_cosine": 0.0027380213141441345,
        "r_squared": 7.496760716707573e-06
      },
      "19": {
        "cosine": -0.010470962151885033,
        "abs_cosine": 0.010470962151885033,
        "r_squared": 0.00010964104838620883
      },
      "20": {
        "cosine": 0.022936265915632248,
        "abs_cosine": 0.022936265915632248,
        "r_squared": 0.0005260722941525936
      },
      "21": {
        "cosine": 0.013204388320446014,
        "abs_cosine": 0.013204388320446014,
        "r_squared": 0.00017435587091713112
      },
      "22": {
        "cosine": -0.0019376601558178663,
        "abs_cosine": 0.0019376601558178663,
        "r_squared": 3.754526879444118e-06
      },
      "23": {
        "cosine": -0.002849092474207282,
        "abs_cosine": 0.002849092474207282,
        "r_squared": 8.117327926584572e-06
      },
      "24": {
        "cosine": -0.0014369678683578968,
        "abs_cosine": 0.0014369678683578968,
        "r_squared": 2.064876654693038e-06
      },
      "25": {
        "cosine": -0.01571532152593136,
        "abs_cosine": 0.01571532152593136,
        "r_squared": 0.0002469713306634015
      },
      "26": {
        "cosine": -0.007100274786353111,
        "abs_cosine": 0.007100274786353111,
        "r_squared": 5.041390204172172e-05
      },
      "27": {
        "cosine": 0.02925754152238369,
        "abs_cosine": 0.02925754152238369,
        "r_squared": 0.0008560037359340057
      },
      "28": {
        "cosine": 0.021107060834765434,
        "abs_cosine": 0.021107060834765434,
        "r_squared": 0.0004455080170824889
      },
      "29": {
        "cosine": -0.005892301443964243,
        "abs_cosine": 0.005892301443964243,
        "r_squared": 3.47192163065431e-05
      },
      "30": {
        "cosine": -0.0006927913636900485,
        "abs_cosine": 0.0006927913636900485,
        "r_squared": 4.79959873603517e-07
      },
      "31": {
        "cosine": 0.022838879376649857,
        "abs_cosine": 0.022838879376649857,
        "r_squared": 0.0005216144111811621
      },
      "32": {
        "cosine": -0.00025019864551723003,
        "abs_cosine": 0.00025019864551723003,
        "r_squared": 6.259936221865653e-08
      },
      "33": {
        "cosine": -0.01038067601621151,
        "abs_cosine": 0.01038067601621151,
        "r_squared": 0.00010775843455354886
      },
      "34": {
        "cosine": 0.008702952414751053,
        "abs_cosine": 0.008702952414751053,
        "r_squared": 7.574138073342118e-05
      },
      "35": {
        "cosine": -0.0019621141254901886,
        "abs_cosine": 0.0019621141254901886,
        "r_squared": 3.8498918414481276e-06
      },
      "36": {
        "cosine": -0.007398293353617191,
        "abs_cosine": 0.007398293353617191,
        "r_squared": 5.473474454617631e-05
      },
      "37": {
        "cosine": -0.0008116388926282525,
        "abs_cosine": 0.0008116388926282525,
        "r_squared": 6.58757692026816e-07
      },
      "38": {
        "cosine": 0.0047164373099803925,
        "abs_cosine": 0.0047164373099803925,
        "r_squared": 2.224478089897508e-05
      },
      "39": {
        "cosine": 0.013955139555037022,
        "abs_cosine": 0.013955139555037022,
        "r_squared": 0.00019474592000055888
      },
      "40": {
        "cosine": 0.020926816388964653,
        "abs_cosine": 0.020926816388964653,
        "r_squared": 0.0004379316441774396
      }
    }
  },
  "control_profile": {
    "probe_type": "control",
    "n_layers": 35,
    "overall_mean_r2": 0.0010725546152503206,
    "overall_mean_abs_cos": 0.02686735467868857,
    "peak_layer": 14,
    "peak_cosine": 0.07269304990768433,
    "peak_abs_cosine": 0.07269304990768433,
    "peak_r2": 0.005284279504881084,
    "onset_layer": 13,
    "band_stats": {
      "early": {
        "mean_cos": 0.0041562503203749655,
        "mean_abs_cos": 0.01041883286088705,
        "mean_r2": 0.00012977704287833822,
        "max_r2": 0.0002451246254795425,
        "r2_fraction": 0.017285439165931345,
        "n_layers": 5
      },
      "middle": {
        "mean_cos": 0.02659325144292476,
        "mean_abs_cos": 0.02659325144292476,
        "mean_r2": 0.0012105554081385883,
        "max_r2": 0.005284279504881084,
        "r2_fraction": 0.4837137925230409,
        "n_layers": 15
      },
      "late": {
        "mean_cos": 0.032624298520386216,
        "mean_abs_cos": 0.032624298520386216,
        "mean_r2": 0.0012488130131527136,
        "max_r2": 0.005257117241627363,
        "r2_fraction": 0.4990007683110277,
        "n_layers": 15
      }
    },
    "normalized_entropy": 0.8179433317909232,