{
  "0_baseline": {
    "dim_id": 0,
    "entity_overlap": 0.9756097590051046,
    "reading_mean_r2": 0.0004001800239352284,
    "control_mean_r2": 0.0015389551773992243,
    "reading_boot_ci95": [
      0.00015437526434531988,
      0.0007245197687237786
    ],
    "control_boot_ci95": [
      0.0001425909643198638,
      0.001215785462563001
    ]
  },
  "1_phenomenology": {
    "dim_id": 1,
    "entity_overlap": 0.5669274381021174,
    "reading_mean_r2": 0.0003243204797566153,
    "control_mean_r2": 0.0005421713234217847,
    "reading_boot_ci95": [
      0.0002103574235282565,
      0.00046419489924891716
    ],
    "control_boot_ci95": [
      0.000343317398749754,
      0.0009179704634452598
    ]
  },
  "2_emotions": {
    "dim_id": 2,
    "entity_overlap": 0.49406216984115,
    "reading_mean_r2": 0.00035456575694653544,
    "control_mean_r2": 0.0005413621894188755,
    "reading_boot_ci95": [
      0.00026630219717664426,
      0.00047264408636186805
    ],
    "control_boot_ci95": [
      0.00037503200263099993,
      0.0009078730180840484
    ]
  },
  "3_agency": {
    "dim_id": 3,
    "entity_overlap": 0.5390474730875434,
    "reading_mean_r2": 0.00048567197508142643,
    "control_mean_r2": 0.0008908763739374396,
    "reading_boot_ci95": [
      0.00026273672168358454,
      0.0007009063991854097
    ],
    "control_boot_ci95": [
      0.0005335341846465876,
      0.0014257404539945791
    ]
  },
  "4_intentions": {
    "dim_id": 4,
    "entity_overlap": 0.4166012366370457,
    "reading_mean_r2": 0.0005400024491493165,
    "control_mean_r2": 0.0010730473368441757,
    "reading_boot_ci95": [
      0.00029681693119840505,
      0.0007505920596444983
    ],
    "control_boot_ci95": [
      0.0007025267791804223,
      0.001581952618922245
    ]
  },
  "5_prediction": {
    "dim_id": 5,
    "entity_overlap": 0.5677882560142656,
    "reading_mean_r2": 0.00044459768611675957,
    "control_mean_r2": 0.0009360420862479422,
    "reading_boot_ci95": [
      0.0003221291944419223,
      0.0006648949404407975
    ],
    "control_boot_ci95": [
      0.0006166800202957776,
      0.0015278702431670342
    ]
  },
  "6_cognitive": {
    "dim_id": 6,
    "entity_overlap": 0.2395757762033765,
    "reading_mean_r2": 0.0005893829072741144,
    "control_mean_r2": 0.0012550951240025646,
    "reading_boot_ci95": [
      0.00038553112076463375,
      0.000766134770638986
    ],
    "control_boot_ci95": [
      0.0009185950329131541,
      0.0017088837252719387
    ]
  },
  "7_social": {
    "dim_id": 7,
    "entity_overlap": 0.5568320940180522,
    "reading_mean_r2": 0.0006633976127706399,
    "control_mean_r2": 0.0012685619616688178,
    "reading_boot_ci95": [
      0.0003718633461176166,
      0.0010383900706457557
    ],
    "control_boot_ci95": [
      0.0007578514501897223,
      0.0020459784176535137
    ]
  },
  "8_embodiment": {
    "dim_id": 8,
    "entity_overlap": 0.6324034182400238,
    "reading_mean_r2": 0.0002489848807733254,
    "control_mean_r2": 0.00031316752204099625,
    "reading_boot_ci95": [
      0.00014452245998815085,
      0.0003804548267273218
    ],
    "control_boot_ci95": [
      0.0002166194082105829,
      0.0005909452153669643
    ]
  },
  "9_roles": {
    "dim_id": 9,
    "entity_overlap": 0.683411560407499,
    "reading_mean_r2": 0.00037959455154463844,
    "control_mean_r2": 0.0005835627916948391,
    "reading_boot_ci95": [
      0.00023072292411943998,
      0.0007189264297918967
    ],
    "control_boot_ci95": [
      0.0003537779931996571,
      0.0012629055688983654
    ]
  },
  "10_animacy": {
    "dim_id": 10,
    "entity_overlap": 0.7429141413147856,
    "reading_mean_r2": 0.0003773225907006934,
    "control_mean_r2": 0.0005661873913096609,
    "reading_boot_ci95": [
      0.00020633281150048643,
      0.0005515705469201632
    ],
    "control_boot_ci95": [
      0.0002575352511481196,
      0.0006682355638072422
    ]
  },
  "11_formality": {
    "dim_id": 11,
    "entity_overlap": 0.23351308903316173,
    "reading_mean_r2": 0.00034225141410763584,
    "control_mean_r2": 0.0003409260966412864,
    "reading_boot_ci95": [
      0.00020846109879750824,
      0.0004616703118446282
    ],
    "control_boot_ci95": [
      0.0002272729164341302,
      0.0004988056395580076
    ]
  },
  "12_expertise": {
    "dim_id": 12,
    "entity_overlap": 0.17305628823616157,
    "reading_mean_r2": 0.0004346671774046249,
    "control_mean_r2": 0.0007799826549062908,
    "reading_boot_ci95": [
      0.0003267655862713198,
      0.0005341013042993824
    ],
    "control_boot_ci95": [
      0.00046668834035966833,
      0.0010738242355770526
    ]
  },
  "13_helpfulness": {
    "dim_id": 13,
    "entity_overlap": 0.19644393165391394,
    "reading_mean_r2": 0.0003013562923942546,
    "control_mean_r2": 0.00032745296660518933,
    "reading_boot_ci95": [
      0.00016976314159693174,
      0.00045483484506181104
    ],
    "control_boot_ci95": [
      0.00017457186159415336,
      0.0005804496310125036
    ]
  },
  "14_biological": {
    "dim_id": 14,
    "entity_overlap": 0.5145828683928746,
    "reading_mean_r2": 0.0003125107599404521,
    "control_mean_r2": 0.00047304059759802205,
    "reading_boot_ci95": [
      0.00021300359333634633,
      0.0004286731020808333
    ],
    "control_boot_ci95": [
      0.00029609742479647273,
      0.0006464786050903281
    ]
  },
  "15_shapes": {
    "dim_id": 15,
    "entity_overlap": 0.1273111758708227,
    "reading_mean_r2": 0.00032946359453774445,
    "control_mean_r2": 0.00031592136193789105,
    "reading_boot_ci95": [
      0.00017035907538868637,
      0.0004855745793252566
    ],
    "control_boot_ci95": [
      0.00016663130573751802,
      0.0004941237536550382
    ]
  },
  "16_mind": {
    "dim_id": 16,
    "entity_overlap": 0.6316027059787657,
    "reading_mean_r2": 0.0004354763213796443,
    "control_mean_r2": 0.000792299753064832,
    "reading_boot_ci95": [
      0.000301482525032651,
      0.0005952240664407681
    ],
    "control_boot_ci95": [
      0.0005636277719070241,
      0.00128566606725773
    ]
  },
  "17_attention": {
    "dim_id": 17,
    "entity_overlap": 0.4182856680779922,
    "reading_mean_r2": 0.0006558553683959598,
    "control_mean_r2": 0.0014300662833642759,
    "reading_boot_ci95": [
      0.0004606212006664856,
      0.0008359437700988338
    ],
    "control_boot_ci95": [
      0.0010155823354854332,
      0.0019457768469557728
    ]
  },
  "18_sysprompt_labeled": {
    "dim_id": 18,
    "entity_overlap": 0.28293701388487,
    "reading_mean_r2": 0.0006668864765969038,
    "control_mean_r2": 0.0013152341281762261,
    "reading_boot_ci95": [
      0.0005157198332351801,
      0.0008967093991440223
    ],
    "control_boot_ci95": [
      0.0008175613607640195,
      0.002292881720174645
    ]
  },
  "25_beliefs": {
    "dim_id": 25,
    "entity_overlap": 0.49167129542769455,
    "reading_mean_r2": 0.00036724772200203603,
    "control_mean_r2": 0.0010193618318353366,
    "reading_boot_ci95": [
      0.00017576855759884058,
      0.0005743595190258438
    ],
    "control_boot_ci95": [
      0.0006618504678742307,
      0.0015374166310634175
    ]
  },
  "26_desires": {
    "dim_id": 26,
    "entity_overlap": 0.46907682825879354,
    "reading_mean_r2": 0.00032741284326607753,
    "control_mean_r2": 0.0007852001316851551,
    "reading_boot_ci95": [
      0.00019842894018494024,
      0.00047768666293163445
    ],
    "control_boot_ci95": [
      0.0005785921514994377,
      0.001211330308158825
    ]
  },
  "27_goals": {
    "dim_id": 27,
    "entity_overlap": 0.5136425008134144,
    "reading_mean_r2": 0.0006629617998335115,
    "control_mean_r2": 0.0011643069744655618,
    "reading_boot_ci95": [
      0.00037356591551598607,
      0.0009586970235551029
    ],
    "control_boot_ci95": [
      0.000742316949915181,
      0.001799178423337962
    ]
  },
  "30_granite_sandstone": {
    "dim_id": 30,
    "entity_overlap": 0.07047933658227189,