{
  "1_phenomenology": {
    "dim_id": 1,
    "reading_mean_r2": 0.0005118013000829015,
    "control_mean_r2": 0.00040370843942330386,
    "reading_boot_ci95": [
      0.0005010286211270809,
      0.0005222534804262723
    ],
    "control_boot_ci95": [
      0.0003962221761801701,
      0.00041065253045538747
    ]
  },
  "2_emotions": {
    "dim_id": 2,
    "reading_mean_r2": 0.0005046781567925341,
    "control_mean_r2": 0.0004022231997785283,
    "reading_boot_ci95": [
      0.0004950684154526934,
      0.0005133864038602896
    ],
    "control_boot_ci95": [
      0.00039492618709318766,
      0.0004095697510644186
    ]
  },
  "3_agency": {
    "dim_id": 3,
    "reading_mean_r2": 0.0005093382225839104,
    "control_mean_r2": 0.000406906338741425,
    "reading_boot_ci95": [
      0.0004963328227240902,
      0.0005215123023158004
    ],
    "control_boot_ci95": [
      0.00039857186029657835,
      0.00041453024237258503
    ]
  },
  "4_intentions": {
    "dim_id": 4,
    "reading_mean_r2": 0.0004947327381726603,
    "control_mean_r2": 0.0003933389170640174,
    "reading_boot_ci95": [
      0.0004832184924071769,
      0.0005051419599398985
    ],
    "control_boot_ci95": [
      0.00038412865958924603,
      0.0004014130146919046
    ]
  },
  "5_prediction": {
    "dim_id": 5,
    "reading_mean_r2": 0.0005312491860338391,
    "control_mean_r2": 0.0004200665299678122,
    "reading_boot_ci95": [
      0.0005202352565623568,
      0.0005398042547817668
    ],
    "control_boot_ci95": [
      0.0004115553376838891,
      0.0004281507942172247
    ]
  },
  "6_cognitive": {
    "dim_id": 6,
    "reading_mean_r2": 0.0005146477388453672,
    "control_mean_r2": 0.0004055842550690209,
    "reading_boot_ci95": [
      0.0005025966939375894,
      0.0005259626623623586
    ],
    "control_boot_ci95": [
      0.0003983314703545246,
      0.0004118368519302132
    ]
  },
  "7_social": {
    "dim_id": 7,
    "reading_mean_r2": 0.0004894666370470904,
    "control_mean_r2": 0.0003941913982425019,
    "reading_boot_ci95": [
      0.0004787522373165472,
      0.0004990517230685297
    ],
    "control_boot_ci95": [
      0.00038695873247390983,
      0.0004015020054883155
    ]
  },
  "8_embodiment": {
    "dim_id": 8,
    "reading_mean_r2": 0.0005294429553338533,
    "control_mean_r2": 0.00042320326174880604,
    "reading_boot_ci95": [
      0.0005161222836374702,
      0.0005423273588652095
    ],
    "control_boot_ci95": [
      0.0004129748123906962,
      0.00043402105064703305
    ]
  },
  "9_roles": {
    "dim_id": 9,
    "reading_mean_r2": 0.0004975362688522521,
    "control_mean_r2": 0.0003850715476659033,
    "reading_boot_ci95": [
      0.0004841888959936252,
      0.0005096342746989602
    ],
    "control_boot_ci95": [
      0.000377013166263539,
      0.0003923352088299256
    ]
  },
  "10_animacy": {
    "dim_id": 10,
    "reading_mean_r2": 0.0005182953319945122,
    "control_mean_r2": 0.0003925730564542705,
    "reading_boot_ci95": [
      0.0005080839422901372,
      0.0005264125706719882
    ],
    "control_boot_ci95": [
      0.00038563809468313546,
      0.00039991011486482263
    ]
  },
  "11_formality": {
    "dim_id": 11,
    "reading_mean_r2": 0.0005109133431634572,
    "control_mean_r2": 0.00038820975408401407,
    "reading_boot_ci95": [
      0.0004970590058181759,
      0.0005231729145784094
    ],
    "control_boot_ci95": [
      0.0003811437503232426,
      0.000394599147149811
    ]
  },
  "12_expertise": {
    "dim_id": 12,
    "reading_mean_r2": 0.0005130648026805214,
    "control_mean_r2": 0.0003921148607423012,
    "reading_boot_ci95": [
      0.0005050387865237907,
      0.0005202396567913232
    ],
    "control_boot_ci95": [
      0.00038521948700297485,
      0.00039935603451571436
    ]
  },
  "13_helpfulness": {
    "dim_id": 13,
    "reading_mean_r2": 0.0004909071256270846,
    "control_mean_r2": 0.0003846390113012889,
    "reading_boot_ci95": [
      0.0004810515693096396,
      0.0004995794744108197
    ],
    "control_boot_ci95": [
      0.0003774116934255143,
      0.00039175528630427524
    ]
  },
  "14_biological": {
    "dim_id": 14,
    "reading_mean_r2": 0.0005140784120274907,
    "control_mean_r2": 0.00040828262431133634,
    "reading_boot_ci95": [
      0.0005055403934485683,
      0.0005217216068749772
    ],
    "control_boot_ci95": [
      0.00040085168839848484,
      0.00041571863242623685
    ]
  },
  "15_shapes": {
    "dim_id": 15,
    "reading_mean_r2": 0.000538730500605169,
    "control_mean_r2": 0.00041005514755107925,
    "reading_boot_ci95": [
      0.0005285171413997924,
      0.000548246319221416
    ],
    "control_boot_ci95": [
      0.00040423592041808574,
      0.0004153119524301757
    ]
  },
  "16_human": {
    "dim_id": 16,
    "reading_mean_r2": 0.0005310389588328411,
    "control_mean_r2": 0.000390361924732019,
    "reading_boot_ci95": [
      0.0005211857215615839,
      0.0005409151493645149
    ],
    "control_boot_ci95": [
      0.0003835384905352463,
      0.0003968085640188728
    ]
  },
  "17_ai": {
    "dim_id": 17,
    "reading_mean_r2": 0.0005593340308402318,
    "control_mean_r2": 0.0003807489640879129,
    "reading_boot_ci95": [
      0.0005517815926668524,
      0.0005663633441281597
    ],
    "control_boot_ci95": [
      0.00037474538441056523,
      0.0003868505786279603
    ]
  },
  "18_attention": {
    "dim_id": 18,
    "reading_mean_r2": 0.0005074545021472148,
    "control_mean_r2": 0.0003943441884189057,
    "reading_boot_ci95": [
      0.0004984500851527157,
      0.0005172338433704324
    ],
    "control_boot_ci95": [
      0.0003885624895708111,
      0.0004005861413066521
    ]
  },
  "20_sysprompt_talkto_human": {
    "dim_id": 20,
    "reading_mean_r2": 0.00048715969614896717,
    "control_mean_r2": 0.00037234081700526236,
    "reading_boot_ci95": [
      0.00048215562123454884,
      0.0004923709382585783
    ],
    "control_boot_ci95": [
      0.00036865050406047,
      0.00037542665157394356
    ]
  },
  "21_sysprompt_talkto_ai": {
    "dim_id": 21,
    "reading_mean_r2": 0.0005327462883817975,
    "control_mean_r2": 0.0003989687796723705,
    "reading_boot_ci95": [
      0.0005228659368006088,
      0.0005417470687314078
    ],
    "control_boot_ci95": [
      0.00038825377190256777,
      0.0004087913402034189
    ]
  },
  "22_sysprompt_bare_human": {
    "dim_id": 22,
    "reading_mean_r2": 0.0005001481294156676,
    "control_mean_r2": 0.00036695181009490464,
    "reading_boot_ci95": [
      0.0004911143785434784,
      0.0005082321820984864
    ],
    "control_boot_ci95": [
      0.0003622443937676365,
      0.00037118377982598745
    ]
  },
  "23_sysprompt_bare_ai": {
    "dim_id": 23,
    "reading_mean_r2": 0.0005115356529229076,
    "control_mean_r2": 0.00036277506147049603,
    "reading_boot_ci95": [
      0.0005000810195795221,
      0.0005208629095927597
    ],
    "control_boot_ci95": [
      0.0003547520727119188,
      0.0003711562228978874
    ]
  }
}