{
  "0_baseline": {
    "dim_id": 0,
    "entity_overlap": 0.9756097590051046,
    "reading_mean_r2": 0.00024375451609298402,
    "control_mean_r2": 0.00039937570287940945,
    "reading_boot_ci95": [
      0.000131633026415945,
      0.0004043235660471357
    ],
    "control_boot_ci95": [
      0.00017214473689490894,
      0.001226091866795215
    ]
  },
  "1_phenomenology": {
    "dim_id": 1,
    "entity_overlap": 0.5669274381021174,
    "reading_mean_r2": 0.00020621596812702347,
    "control_mean_r2": 0.0005069612732812882,
    "reading_boot_ci95": [
      0.00016479838032377526,
      0.0002883258523183118
    ],
    "control_boot_ci95": [
      0.00026910238238549736,
      0.0009381489530656324
    ]
  },
  "2_emotions": {
    "dim_id": 2,
    "entity_overlap": 0.49406216984115,
    "reading_mean_r2": 0.00018929706983363126,
    "control_mean_r2": 0.0003830877968491477,
    "reading_boot_ci95": [
      0.00016273799896030362,
      0.00022868909236916412
    ],
    "control_boot_ci95": [
      0.0002908778759693654,
      0.0006120716765704324
    ]
  },
  "3_agency": {
    "dim_id": 3,
    "entity_overlap": 0.5390474730875434,
    "reading_mean_r2": 0.00020920336199843612,
    "control_mean_r2": 0.0007622539002503746,
    "reading_boot_ci95": [
      0.00016733266311784798,
      0.00027695032625929436
    ],
    "control_boot_ci95": [
      0.0004382485175912845,
      0.0013733438184156857
    ]
  },
  "4_intentions": {
    "dim_id": 4,
    "entity_overlap": 0.4166012366370457,
    "reading_mean_r2": 0.00027581989512710743,
    "control_mean_r2": 0.0010578052219292063,
    "reading_boot_ci95": [
      0.00021695670780231077,
      0.00035462615529485415
    ],
    "control_boot_ci95": [
      0.0006497615012702978,
      0.0015294618946025856
    ]
  },
  "5_prediction": {
    "dim_id": 5,
    "entity_overlap": 0.5677882560142656,
    "reading_mean_r2": 0.0002511350651386273,
    "control_mean_r2": 0.0005136867229189486,
    "reading_boot_ci95": [
      0.0002050267842776497,
      0.0003188842401713475
    ],
    "control_boot_ci95": [
      0.00031824641059566744,
      0.0011275449344619014
    ]
  },
  "6_cognitive": {
    "dim_id": 6,
    "entity_overlap": 0.2395757762033765,
    "reading_mean_r2": 0.0002690338295381848,
    "control_mean_r2": 0.0013610750740077478,
    "reading_boot_ci95": [
      0.00019969187832120163,
      0.000352870571790238
    ],
    "control_boot_ci95": [
      0.0007811021294496771,
      0.0017487121359153022
    ]
  },
  "7_social": {
    "dim_id": 7,
    "entity_overlap": 0.5568320940180522,
    "reading_mean_r2": 0.00029187715721567127,
    "control_mean_r2": 0.0004410664781650952,
    "reading_boot_ci95": [
      0.0002290739347447951,
      0.00034073565805757154
    ],
    "control_boot_ci95": [
      0.00032649004594407653,
      0.0008514185614345402
    ]
  },
  "8_embodiment": {
    "dim_id": 8,
    "entity_overlap": 0.6324034182400238,
    "reading_mean_r2": 0.00020887349000980898,
    "control_mean_r2": 0.0006881137163863975,
    "reading_boot_ci95": [
      0.00017198830310243514,
      0.00029184215703535624
    ],
    "control_boot_ci95": [
      0.00038855629712369487,
      0.0012636151307086861
    ]
  },
  "9_roles": {
    "dim_id": 9,
    "entity_overlap": 0.683411560407499,
    "reading_mean_r2": 0.00020154542782750015,
    "control_mean_r2": 0.0003982266225767959,
    "reading_boot_ci95": [
      0.00015551032937160432,
      0.00029397753615802695
    ],
    "control_boot_ci95": [
      0.00027490701672861504,
      0.0007912945956781069
    ]
  },
  "10_animacy": {
    "dim_id": 10,
    "entity_overlap": 0.7429141413147856,
    "reading_mean_r2": 0.0002458093448807139,
    "control_mean_r2": 0.0003016057974842455,
    "reading_boot_ci95": [
      0.0001451557650606579,
      0.00034227202797886995
    ],
    "control_boot_ci95": [
      0.0001590411017401806,
      0.0005727869143828263
    ]
  },
  "11_formality": {
    "dim_id": 11,
    "entity_overlap": 0.23351308903316173,
    "reading_mean_r2": 0.0002972763560944309,
    "control_mean_r2": 0.0006607295397333401,
    "reading_boot_ci95": [
      0.00019864598206747994,
      0.00040335449471278644
    ],
    "control_boot_ci95": [
      0.00018640702607524052,
      0.0011323888763684726
    ]
  },
  "12_expertise": {
    "dim_id": 12,
    "entity_overlap": 0.17305628823616157,
    "reading_mean_r2": 0.0002548340362942973,
    "control_mean_r2": 0.001068609900929365,
    "reading_boot_ci95": [
      0.0002055462011363556,
      0.0003075942203294716
    ],
    "control_boot_ci95": [
      0.0007031272762559467,
      0.0013136937854311569
    ]
  },
  "13_helpfulness": {
    "dim_id": 13,
    "entity_overlap": 0.19644393165391394,
    "reading_mean_r2": 0.00026266978697369166,
    "control_mean_r2": 0.0007979332020124386,
    "reading_boot_ci95": [
      0.0001704713226038125,
      0.0003768198474602263
    ],
    "control_boot_ci95": [
      0.0002809461855858035,
      0.001408441127991895
    ]
  },
  "14_biological": {
    "dim_id": 14,
    "entity_overlap": 0.5145828683928746,
    "reading_mean_r2": 0.0002476141178100328,
    "control_mean_r2": 0.00046146339465350796,
    "reading_boot_ci95": [
      0.00019679901435121685,
      0.00030269887899516003
    ],
    "control_boot_ci95": [
      0.0003173535097757699,
      0.0008112110769867938
    ]
  },
  "15_shapes": {
    "dim_id": 15,
    "entity_overlap": 0.1273111758708227,
    "reading_mean_r2": 0.00019186375815593532,
    "control_mean_r2": 0.00041686373478002064,
    "reading_boot_ci95": [
      0.00012952200153866627,
      0.00029413757191748823
    ],
    "control_boot_ci95": [
      0.00016664310942121315,
      0.0011437510233476417
    ]
  },
  "16_mind": {
    "dim_id": 16,
    "entity_overlap": 0.6316027059787657,
    "reading_mean_r2": 0.00022118153890369747,
    "control_mean_r2": 0.000617087102187267,
    "reading_boot_ci95": [
      0.00018963309803768748,
      0.0002690941546152386
    ],
    "control_boot_ci95": [
      0.0004812611173887062,
      0.0010195542845895873
    ]
  },
  "17_attention": {
    "dim_id": 17,
    "entity_overlap": 0.4182856680779922,
    "reading_mean_r2": 0.00025108455625006207,
    "control_mean_r2": 0.0007222205841668013,
    "reading_boot_ci95": [
      0.00021377579357760682,
      0.00030933697909828883
    ],
    "control_boot_ci95": [
      0.00044601335420893913,
      0.0010793220872075714
    ]
  },
  "18_sysprompt_labeled": {
    "dim_id": 18,
    "entity_overlap": 0.28293701388487,
    "reading_mean_r2": 0.0001950172177412477,
    "control_mean_r2": 0.00036190779593958585,
    "reading_boot_ci95": [
      0.00016966150654249888,
      0.0002307022873449294
    ],
    "control_boot_ci95": [
      0.00023897700591792202,
      0.0004779004436637334
    ]
  }
}