{
  "dim_name": "5_prediction",
  "dim_id": 5,
  "reading_profile": {
    "probe_type": "reading",
    "n_layers": 35,
    "overall_mean_r2": 0.0002511350651386273,
    "overall_mean_abs_cos": 0.01348000057041645,
    "peak_layer": 12,
    "peak_cosine": -0.03539139777421951,
    "peak_abs_cosine": 0.03539139777421951,
    "peak_r2": 0.00125255103641303,
    "onset_layer": null,
    "band_stats": {
      "early": {
        "mean_cos": -0.0020927924662828444,
        "mean_abs_cos": 0.009405692480504513,
        "mean_r2": 0.00010695109665379002,
        "max_r2": 0.00028883641001621607,
        "r2_fraction": 0.06083868887431021,
        "n_layers": 5
      },
      "middle": {
        "mean_cos": -0.0034907904531185827,
        "mean_abs_cos": 0.011738139491838714,
        "mean_r2": 0.00020621988574909017,
        "max_r2": 0.00125255103641303,
        "r2_fraction": 0.35192198662714974,
        "n_layers": 15
      },
      "late": {
        "mean_cos": 0.003838735236786306,
        "mean_abs_cos": 0.0165799643456315,
        "mean_r2": 0.00034411156735644343,
        "max_r2": 0.000918279796219626,
        "r2_fraction": 0.58723932449854,
        "n_layers": 15
      }
    },
    "normalized_entropy": 0.8451395578216057,
    "near_peak_layers": [
      12,
      32,
      40
    ],
    "near_peak_fraction": 0.08571428571428572,
    "sign_consistency": 0.5428571428571428,
    "dominant_sign": "negative",
    "profile_type": "negligible",
    "per_layer": {
      "6": {
        "cosine": -0.01699518784880638,
        "abs_cosine": 0.01699518784880638,
        "r_squared": 0.00028883641001621607
      },
      "7": {
        "cosine": -0.00474035507068038,
        "abs_cosine": 0.00474035507068038,
        "r_squared": 2.247096619612519e-05
      },
      "8": {
        "cosine": 0.007246621418744326,
        "abs_cosine": 0.007246621418744326,
        "r_squared": 5.251352198660402e-05
      },
      "9": {
        "cosine": 0.011035628616809845,
        "abs_cosine": 0.011035628616809845,
        "r_squared": 0.00012178509896815237
      },
      "10": {
        "cosine": -0.007010669447481632,
        "abs_cosine": 0.007010669447481632,
        "r_squared": 4.9149486101852415e-05
      },
      "11": {
        "cosine": -0.012094794772565365,
        "abs_cosine": 0.012094794772565365,
        "r_squared": 0.00014628406059047448
      },
      "12": {
        "cosine": -0.03539139777421951,
        "abs_cosine": 0.03539139777421951,
        "r_squared": 0.00125255103641303
      },
      "13": {
        "cosine": -0.0011358774499967694,
        "abs_cosine": 0.0011358774499967694,
        "r_squared": 1.2902175814111634e-06
      },
      "14": {
        "cosine": 0.009873046539723873,
        "abs_cosine": 0.009873046539723873,
        "r_squared": 9.747704797555354e-05
      },
      "15": {
        "cosine": 0.012188577093183994,
        "abs_cosine": 0.012188577093183994,
        "r_squared": 0.0001485614115564896
      },
      "16": {
        "cosine": 0.00545318890362978,
        "abs_cosine": 0.00545318890362978,
        "r_squared": 2.973726921867096e-05
      },
      "17": {
        "cosine": 0.015728075057268143,
        "abs_cosine": 0.015728075057268143,
        "r_squared": 0.0002473723450070603
      },
      "18": {
        "cosine": -0.0049402727745473385,
        "abs_cosine": 0.0049402727745473385,
        "r_squared": 2.4406295086933658e-05
      },
      "19": {
        "cosine": -0.01862054504454136,
        "abs_cosine": 0.01862054504454136,
        "r_squared": 0.00034672469775579376
      },
      "20": {
        "cosine": -0.0066077751107513905,
        "abs_cosine": 0.0066077751107513905,
        "r_squared": 4.366269191426555e-05
      },
      "21": {
        "cosine": 0.014376300387084484,
        "abs_cosine": 0.014376300387084484,
        "r_squared": 0.0002066780128196855
      },
      "22": {
        "cosine": -0.012209869921207428,
        "abs_cosine": 0.012209869921207428,
        "r_squared": 0.00014908092349280588
      },
      "23": {
        "cosine": 0.004235929809510708,
        "abs_cosine": 0.004235929809510708,
        "r_squared": 1.7943101351101422e-05
      },
      "24": {
        "cosine": -0.019092457368969917,
        "abs_cosine": 0.019092457368969917,
        "r_squared": 0.0003645219283859337
      },
      "25": {
        "cosine": -0.00412398437038064,
        "abs_cosine": 0.00412398437038064,
        "r_squared": 1.7007247087143804e-05
      },
      "26": {
        "cosine": -0.02263004519045353,
        "abs_cosine": 0.02263004519045353,
        "r_squared": 0.0005121189453219689
      },
      "27": {
        "cosine": 0.012154065072536469,
        "abs_cosine": 0.012154065072536469,
        "r_squared": 0.0001477212977874509
      },
      "28": {
        "cosine": -0.0014699510065838695,
        "abs_cosine": 0.0014699510065838695,
        "r_squared": 2.160755961756931e-06
      },
      "29": {
        "cosine": -0.016392966732382774,
        "abs_cosine": 0.016392966732382774,
        "r_squared": 0.0002687293582890084
      },
      "30": {
        "cosine": -0.022599589079618454,
        "abs_cosine": 0.022599589079618454,
        "r_squared": 0.0005107414265676097
      },
      "31": {
        "cosine": 0.016683492809534073,
        "abs_cosine": 0.016683492809534073,
        "r_squared": 0.0002783389323257751
      },
      "32": {
        "cosine": 0.029544269666075706,
        "abs_cosine": 0.029544269666075706,
        "r_squared": 0.0008728638701018011
      },
      "33": {
        "cosine": 0.010639462620019913,
        "abs_cosine": 0.010639462620019913,
        "r_squared": 0.00011319816484280099
      },
      "34": {
        "cosine": 0.01068990956991911,
        "abs_cosine": 0.01068990956991911,
        "r_squared": 0.00011427416661304816
      },
      "35": {
        "cosine": 0.015343965031206608,
        "abs_cosine": 0.015343965031206608,
        "r_squared": 0.0002354372628788912
      },
      "36": {
        "cosine": -0.010361654683947563,
        "abs_cosine": 0.010361654683947563,
        "r_squared": 0.00010736388778937248
      },
      "37": {
        "cosine": -0.005382712464779615,
        "abs_cosine": 0.005382712464779615,
        "r_squared": 2.8973593478493842e-05
      },
      "38": {
        "cosine": -0.01672229915857315,
        "abs_cosine": 0.01672229915857315,
        "r_squared": 0.0002796352891488163
      },
      "39": {
        "cosine": 0.027781950309872627,
        "abs_cosine": 0.027781950309872627,
        "r_squared": 0.0007718367630202318
      },
      "40": {
        "cosine": 0.03030313178896904,
        "abs_cosine": 0.03030313178896904,
        "r_squared": 0.000918279796219626
      }
    }
  },
  "control_profile": {
    "probe_type": "control",
    "n_layers": 35,
    "overall_mean_r2": 0.0005136867229189487,
    "overall_mean_abs_cos": 0.018680294253863396,
    "peak_layer": 15,
    "peak_cosine": 0.05313113331794739,
    "peak_abs_cosine": 0.05313113331794739,
    "peak_r2": 0.002822917327649499,
    "onset_layer": 15,
    "band_stats": {
      "early": {
        "mean_cos": 2.9232236556708813e-05,
        "mean_abs_cos": 0.012770964461378754,
        "mean_r2": 0.00022276388457971968,
        "max_r2": 0.0005430450128840608,
        "r2_fraction": 0.061951011507529866,
        "n_layers": 5
      },
      "middle": {
        "mean_cos": 0.017161341725538175,
        "mean_abs_cos": 0.020182068242381015,
        "mean_r2": 0.000643596462872616,
        "max_r2": 0.002822917327649499,
        "r2_fraction": 0.5369557810439192,
        "n_layers": 15
      },
      "late": {
        "mean_cos": 0.019148296862840652,
        "mean_abs_cos": 0.019148296862840652,
        "mean_r2": 0.000480751262411691,
        "max_r2": 0.0014920079005682624,
        "r2_fraction": 0.4010932074485508,
        "n_layers": 15
      }
    },
    "normalized_entropy": 0.8198417423651321,