{
  "dim_name": "10_animacy",
  "dim_id": 10,
  "reading_profile": {
    "probe_type": "reading",
    "n_layers": 35,
    "overall_mean_r2": 0.0003761405260709635,
    "overall_mean_abs_cos": 0.016398760303854943,
    "peak_layer": 16,
    "peak_cosine": -0.04149888455867767,
    "peak_abs_cosine": 0.04149888455867767,
    "peak_r2": 0.0017221574196144562,
    "onset_layer": null,
    "band_stats": {
      "early": {
        "mean_cos": 0.015343410754576325,
        "mean_abs_cos": 0.01937249139882624,
        "mean_r2": 0.0005373531885925319,
        "max_r2": 0.0015228443049295493,
        "r2_fraction": 0.2040852710803673,
        "n_layers": 5
      },
      "middle": {
        "mean_cos": -0.015744151446657875,
        "mean_abs_cos": 0.016589401545934378,
        "mean_r2": 0.00040112456560763987,
        "max_r2": 0.0017221574196144562,
        "r2_fraction": 0.45703803818556615,
        "n_layers": 15
      },
      "late": {
        "mean_cos": -0.015216875363451739,
        "mean_abs_cos": 0.015216875363451739,
        "mean_r2": 0.0002974189323604311,
        "max_r2": 0.0010603803260906958,
        "r2_fraction": 0.3388766907340667,
        "n_layers": 15
      }
    },
    "normalized_entropy": 0.8495057793339119,
    "near_peak_layers": [
      7,
      16
    ],
    "near_peak_fraction": 0.05714285714285714,
    "sign_consistency": 0.8,
    "dominant_sign": "negative",
    "profile_type": "negligible",
    "per_layer": {
      "6": {
        "cosine": 0.01983492448925972,
        "abs_cosine": 0.01983492448925972,
        "r_squared": 0.00039342422949463496
      },
      "7": {
        "cosine": 0.039023637771606445,
        "abs_cosine": 0.039023637771606445,
        "r_squared": 0.0015228443049295493
      },
      "8": {
        "cosine": 0.025775810703635216,
        "abs_cosine": 0.025775810703635216,
        "r_squared": 0.0006643924174296358
      },
      "9": {
        "cosine": -0.01007270161062479,
        "abs_cosine": 0.01007270161062479,
        "r_squared": 0.00010145931773668324
      },
      "10": {
        "cosine": 0.0021553824190050364,
        "abs_cosine": 0.0021553824190050364,
        "r_squared": 4.645673372156002e-06
      },
      "11": {
        "cosine": -0.0214763842523098,
        "abs_cosine": 0.0214763842523098,
        "r_squared": 0.00046123508055286033
      },
      "12": {
        "cosine": -0.003324187593534589,
        "abs_cosine": 0.003324187593534589,
        "r_squared": 1.105022315700928e-05
      },
      "13": {
        "cosine": 0.0034175317268818617,
        "abs_cosine": 0.0034175317268818617,
        "r_squared": 1.167952310424412e-05
      },
      "14": {
        "cosine": 0.0010419569443911314,
        "abs_cosine": 0.0010419569443911314,
        "r_squared": 1.0856742739649033e-06
      },
      "15": {
        "cosine": -0.02584439516067505,
        "abs_cosine": 0.02584439516067505,
        "r_squared": 0.0006679327612211239
      },
      "16": {
        "cosine": -0.04149888455867767,
        "abs_cosine": 0.04149888455867767,
        "r_squared": 0.0017221574196144562
      },
      "17": {
        "cosine": -0.016879484057426453,
        "abs_cosine": 0.016879484057426453,
        "r_squared": 0.0002849169820449138
      },
      "18": {
        "cosine": -0.013928982429206371,
        "abs_cosine": 0.013928982429206371,
        "r_squared": 0.00019401655151313982
      },
      "19": {
        "cosine": -0.025608234107494354,
        "abs_cosine": 0.025608234107494354,
        "r_squared": 0.0006557816541042372
      },
      "20": {
        "cosine": -0.01269868016242981,
        "abs_cosine": 0.01269868016242981,
        "r_squared": 0.00016125647786768837
      },
      "21": {
        "cosine": -0.0159564521163702,
        "abs_cosine": 0.0159564521163702,
        "r_squared": 0.00025460836414201507
      },
      "22": {
        "cosine": -0.012716506607830524,
        "abs_cosine": 0.012716506607830524,
        "r_squared": 0.0001617095403069974
      },
      "23": {
        "cosine": -0.030982088297605515,
        "abs_cosine": 0.030982088297605515,
        "r_squared": 0.0009598897952806246
      },
      "24": {
        "cosine": 0.0018798870733007789,
        "abs_cosine": 0.0018798870733007789,
        "r_squared": 3.533975408363368e-06
      },
      "25": {
        "cosine": -0.021587368100881577,
        "abs_cosine": 0.021587368100881577,
        "r_squared": 0.00046601446152295944
      },
      "26": {
        "cosine": -0.019595175981521606,
        "abs_cosine": 0.019595175981521606,
        "r_squared": 0.00038397092174680125
      },
      "27": {
        "cosine": -0.010375888086855412,
        "abs_cosine": 0.010375888086855412,
        "r_squared": 0.00010765905359094805
      },
      "28": {
        "cosine": -0.004956497345119715,
        "abs_cosine": 0.004956497345119715,
        "r_squared": 2.456686593217878e-05
      },
      "29": {
        "cosine": -0.02045503258705139,
        "abs_cosine": 0.02045503258705139,
        "r_squared": 0.00041840835813733435
      },
      "30": {
        "cosine": -0.014419937506318092,
        "abs_cosine": 0.014419937506318092,
        "r_squared": 0.00020793459768611924
      },
      "31": {
        "cosine": -0.0017574495868757367,
        "abs_cosine": 0.0017574495868757367,
        "r_squared": 3.0886290504096976e-06
      },
      "32": {
        "cosine": -0.012927129864692688,
        "abs_cosine": 0.012927129864692688,
        "r_squared": 0.0001671106865386296
      },
      "33": {
        "cosine": -0.013452098704874516,
        "abs_cosine": 0.013452098704874516,
        "r_squared": 0.00018095895956568662
      },
      "34": {
        "cosine": -0.014381146989762783,
        "abs_cosine": 0.014381146989762783,
        "r_squared": 0.00020681738874116316
      },
      "35": {
        "cosine": -0.01890685223042965,
        "abs_cosine": 0.01890685223042965,
        "r_squared": 0.0003574690612633026
      },
      "36": {
        "cosine": -0.009449085220694542,
        "abs_cosine": 0.009449085220694542,
        "r_squared": 8.928521150794802e-05
      },
      "37": {
        "cosine": -0.032563481479883194,
        "abs_cosine": 0.032563481479883194,
        "r_squared": 0.0010603803260906958
      },
      "38": {
        "cosine": -0.015112320892512798,
        "abs_cosine": 0.015112320892512798,
        "r_squared": 0.00022838224275827882
      },
      "39": {
        "cosine": -0.03065578266978264,
        "abs_cosine": 0.03065578266978264,
        "r_squared": 0.0009397770110969456
      },
      "40": {
        "cosine": -0.009245251305401325,
        "abs_cosine": 0.009245251305401325,
        "r_squared": 8.547467170002491e-05
      }
    }
  },
  "control_profile": {
    "probe_type": "control",
    "n_layers": 35,
    "overall_mean_r2": 0.003564527940647852,
    "overall_mean_abs_cos": 0.028895922924857587,
    "peak_layer": 7,
    "peak_cosine": 0.21044732630252838,
    "peak_abs_cosine": 0.21044732630252838,
    "peak_r2": 0.044288077147882854,
    "onset_layer": 6,
    "band_stats": {
      "early": {
        "mean_cos": 0.14404735267162322,
        "mean_abs_cos": 0.14404735267162322,
        "mean_r2": 0.023997257586631515,
        "max_r2": 0.044288077147882854,
        "r2_fraction": 0.9617485715682179,
        "n_layers": 5
      },
      "middle": {
        "mean_cos": 0.004824516774776081,
        "mean_abs_cos": 0.011063534417189658,
        "mean_r2": 0.0001991982588594542,
        "max_r2": 0.001226313340821017,
        "r2_fraction": 0.02395006682226242,
        "n_layers": 15
      },
      "late": {
        "mean_cos": 0.0028588297582852343,
        "mean_abs_cos": 0.008344501516936968,
        "mean_r2": 0.00011894774044169668,
        "max_r2": 0.0005496778479489907,
        "r2_fraction": 0.014301361609519678,
        "n_layers": 15
      }
    },
    "normalized_entropy": 0.442496108080982,
    "near_peak_layers": [
      6,
      7,
      8
    ],