{
  "dim_name": "14_biological",
  "dim_id": 14,
  "reading_profile": {
    "probe_type": "reading",
    "n_layers": 35,
    "overall_mean_r2": 0.0002453003689361989,
    "overall_mean_abs_cos": 0.013153681419290868,
    "peak_layer": 23,
    "peak_cosine": -0.033413100987672806,
    "peak_abs_cosine": 0.033413100987672806,
    "peak_r2": 0.0011164353176124214,
    "onset_layer": null,
    "band_stats": {
      "early": {
        "mean_cos": 0.007523241266608238,
        "mean_abs_cos": 0.014738322421908378,
        "mean_r2": 0.0002666178813526484,
        "max_r2": 0.0006961767751219178,
        "r2_fraction": 0.15527195874120586,
        "n_layers": 5
      },
      "middle": {
        "mean_cos": -0.008893308322876691,
        "mean_abs_cos": 0.012068909996499618,
        "mean_r2": 0.0002380486553587922,
        "max_r2": 0.0011164353176124214,
        "r2_fraction": 0.415901748289503,
        "n_layers": 15
      },
      "late": {
        "mean_cos": -0.011164680699585006,
        "mean_abs_cos": 0.013710239174542949,
        "mean_r2": 0.00024544624504145584,
        "max_r2": 0.0009224227054362988,
        "r2_fraction": 0.42882629296929115,
        "n_layers": 15
      }
    },
    "normalized_entropy": 0.8435072283675028,
    "near_peak_layers": [
      23,
      37
    ],
    "near_peak_fraction": 0.05714285714285714,
    "sign_consistency": 0.7428571428571429,
    "dominant_sign": "negative",
    "profile_type": "negligible",
    "per_layer": {
      "6": {
        "cosine": 0.0165117010474205,
        "abs_cosine": 0.0165117010474205,
        "r_squared": 0.0002726362714793873
      },
      "7": {
        "cosine": 0.02638516202569008,
        "abs_cosine": 0.02638516202569008,
        "r_squared": 0.0006961767751219178
      },
      "8": {
        "cosine": 0.012757046148180962,
        "abs_cosine": 0.012757046148180962,
        "r_squared": 0.0001627422264268187
      },
      "9": {
        "cosine": -0.013426502235233784,
        "abs_cosine": 0.013426502235233784,
        "r_squared": 0.0001802709622727378
      },
      "10": {
        "cosine": -0.004611200653016567,
        "abs_cosine": 0.004611200653016567,
        "r_squared": 2.1263171462380416e-05
      },
      "11": {
        "cosine": -0.022184213623404503,
        "abs_cosine": 0.022184213623404503,
        "r_squared": 0.0004921393340888459
      },
      "12": {
        "cosine": -0.007597520016133785,
        "abs_cosine": 0.007597520016133785,
        "r_squared": 5.772231039555351e-05
      },
      "13": {
        "cosine": 0.0061742342077195644,
        "abs_cosine": 0.0061742342077195644,
        "r_squared": 3.812116805177444e-05
      },
      "14": {
        "cosine": 0.010143959894776344,
        "abs_cosine": 0.010143959894776344,
        "r_squared": 0.0001028999223468309
      },
      "15": {
        "cosine": -0.011490195989608765,
        "abs_cosine": 0.011490195989608765,
        "r_squared": 0.00013202460387962134
      },
      "16": {
        "cosine": -0.013657450675964355,
        "abs_cosine": 0.013657450675964355,
        "r_squared": 0.00018652595896639923
      },
      "17": {
        "cosine": 0.0038219646085053682,
        "abs_cosine": 0.0038219646085053682,
        "r_squared": 1.4607413468667593e-05
      },
      "18": {
        "cosine": 0.0036768538411706686,
        "abs_cosine": 0.0036768538411706686,
        "r_squared": 1.35192541693315e-05
      },
      "19": {
        "cosine": -0.02593156509101391,
        "abs_cosine": 0.02593156509101391,
        "r_squared": 0.0006724460680694912
      },
      "20": {
        "cosine": -0.0030282726511359215,
        "abs_cosine": 0.0030282726511359215,
        "r_squared": 9.170435249617782e-06
      },
      "21": {
        "cosine": -0.004441047087311745,
        "abs_cosine": 0.004441047087311745,
        "r_squared": 1.972289923172013e-05
      },
      "22": {
        "cosine": -0.004379140213131905,
        "abs_cosine": 0.004379140213131905,
        "r_squared": 1.9176869006268943e-05
      },
      "23": {
        "cosine": -0.033413100987672806,
        "abs_cosine": 0.033413100987672806,
        "r_squared": 0.0011164353176124214
      },
      "24": {
        "cosine": -0.00523213017731905,
        "abs_cosine": 0.00523213017731905,
        "r_squared": 2.7375186192412672e-05
      },
      "25": {
        "cosine": -0.02586200088262558,
        "abs_cosine": 0.02586200088262558,
        "r_squared": 0.0006688430896529263
      },
      "26": {
        "cosine": -0.013582378625869751,
        "abs_cosine": 0.013582378625869751,
        "r_squared": 0.00018448100913648346
      },
      "27": {
        "cosine": 0.013134811073541641,
        "abs_cosine": 0.013134811073541641,
        "r_squared": 0.00017252326193763212
      },
      "28": {
        "cosine": -0.00048099926789291203,
        "abs_cosine": 0.00048099926789291203,
        "r_squared": 2.3136029571351735e-07
      },
      "29": {
        "cosine": -0.017992233857512474,
        "abs_cosine": 0.017992233857512474,
        "r_squared": 0.0003237204791834182
      },
      "30": {
        "cosine": -0.016265861690044403,
        "abs_cosine": 0.016265861690044403,
        "r_squared": 0.00026457825651965416
      },
      "31": {
        "cosine": 0.005956877488642931,
        "abs_cosine": 0.005956877488642931,
        "r_squared": 3.548438941470091e-05
      },
      "32": {
        "cosine": -0.011075757443904877,
        "abs_cosine": 0.011075757443904877,
        "r_squared": 0.0001226724029562143
      },
      "33": {
        "cosine": -0.000783189432695508,
        "abs_cosine": 0.000783189432695508,
        "r_squared": 6.133856874859117e-07
      },
      "34": {
        "cosine": -0.007390916813164949,
        "abs_cosine": 0.007390916813164949,
        "r_squared": 5.462565133912433e-05
      },
      "35": {
        "cosine": -0.018168479204177856,
        "abs_cosine": 0.018168479204177856,
        "r_squared": 0.00033009363659264324
      },
      "36": {
        "cosine": -0.02001185342669487,
        "abs_cosine": 0.02001185342669487,
        "r_squared": 0.0004004742775715192
      },
      "37": {
        "cosine": -0.03037141263484955,
        "abs_cosine": 0.03037141263484955,
        "r_squared": 0.0009224227054362988
      },
      "38": {
        "cosine": -0.013026437722146511,
        "abs_cosine": 0.013026437722146511,
        "r_squared": 0.00016968807972896158
      },
      "39": {
        "cosine": -0.01905384659767151,
        "abs_cosine": 0.01905384659767151,
        "r_squared": 0.00036304907016759813
      },
      "40": {
        "cosine": -0.018358532339334488,
        "abs_cosine": 0.018358532339334488,
        "r_squared": 0.0003370357096543902
      }
    }
  },
  "control_profile": {
    "probe_type": "control",
    "n_layers": 35,
    "overall_mean_r2": 0.002493731981346602,
    "overall_mean_abs_cos": 0.02917557217796067,
    "peak_layer": 6,
    "peak_cosine": 0.1601884961128235,
    "peak_abs_cosine": 0.1601884961128235,
    "peak_r2": 0.025660354286888065,
    "onset_layer": 6,
    "band_stats": {
      "early": {
        "mean_cos": 0.11383150145411491,
        "mean_abs_cos": 0.11383150145411491,
        "mean_r2": 0.015566224185133528,
        "max_r2": 0.025660354286888065,
        "r2_fraction": 0.8917342877245058,
        "n_layers": 5
      },
      "middle": {
        "mean_cos": 0.015989097378527124,
        "mean_abs_cos": 0.018254906234020988,
        "mean_r2": 0.00044088524993478724,
        "max_r2": 0.001445389804469524,
        "r2_fraction": 0.07577030042281876,
        "n_layers": 15
      },
      "late": {
        "mean_cos": 0.008546988027713571,
        "mean_abs_cos": 0.011877595029848939,
        "mean_r2": 0.00018908131149610814,
        "max_r2": 0.0006858233004114617,
        "r2_fraction": 0.03249541185267551,
        "n_layers": 15
      }
    },
    "normalized_entropy": 0.5147961974660301,