{
  "dim_name": "18_sysprompt_labeled",
  "dim_id": 18,
  "reading_profile": {
    "probe_type": "reading",
    "n_layers": 35,
    "overall_mean_r2": 0.0006291342812727225,
    "overall_mean_abs_cos": 0.0219365226836609,
    "peak_layer": 7,
    "peak_cosine": 0.05488129332661629,
    "peak_abs_cosine": 0.05488129332661629,
    "peak_r2": 0.0030119563572020974,
    "onset_layer": 7,
    "band_stats": {
      "early": {
        "mean_cos": 0.022882520407438278,
        "mean_abs_cos": 0.030009066313505174,
        "mean_r2": 0.001090633155854974,
        "max_r2": 0.0030119563572020974,
        "r2_fraction": 0.24764941474103364,
        "n_layers": 5
      },
      "middle": {
        "mean_cos": 0.020529123969996968,
        "mean_abs_cos": 0.022420560366784532,
        "mean_r2": 0.0006780815616051344,
        "max_r2": 0.00197843491269728,
        "r2_fraction": 0.46191471708896287,
        "n_layers": 15
      },
      "late": {
        "mean_cos": 0.010759686554471652,
        "mean_abs_cos": 0.018761637123922505,
        "mean_r2": 0.00042635404274622674,
        "max_r2": 0.001108149362372482,
        "r2_fraction": 0.29043586817000344,
        "n_layers": 15
      }
    },
    "normalized_entropy": 0.8732723139578712,
    "near_peak_layers": [
      7,
      15
    ],
    "near_peak_fraction": 0.05714285714285714,
    "sign_consistency": 0.7714285714285715,
    "dominant_sign": "positive",
    "profile_type": "distributed",
    "per_layer": {
      "6": {
        "cosine": 0.027292190119624138,
        "abs_cosine": 0.027292190119624138,
        "r_squared": 0.0007448636415257094
      },
      "7": {
        "cosine": 0.05488129332661629,
        "abs_cosine": 0.05488129332661629,
        "r_squared": 0.0030119563572020974
      },
      "8": {
        "cosine": 0.032969631254673004,
        "abs_cosine": 0.032969631254673004,
        "r_squared": 0.001086996585069111
      },
      "9": {
        "cosine": 0.017085852101445198,
        "abs_cosine": 0.017085852101445198,
        "r_squared": 0.0002919263420324593
      },
      "10": {
        "cosine": -0.017816364765167236,
        "abs_cosine": 0.017816364765167236,
        "r_squared": 0.0003174228534454926
      },
      "11": {
        "cosine": -0.0033880777191370726,
        "abs_cosine": 0.0033880777191370726,
        "r_squared": 1.1479070630913068e-05
      },
      "12": {
        "cosine": -0.003697426524013281,
        "abs_cosine": 0.003697426524013281,
        "r_squared": 1.3670962900476933e-05
      },
      "13": {
        "cosine": -0.007100268732756376,
        "abs_cosine": 0.007100268732756376,
        "r_squared": 5.041381607735784e-05
      },
      "14": {
        "cosine": 0.025508660823106766,
        "abs_cosine": 0.025508660823106766,
        "r_squared": 0.0006506917769883019
      },
      "15": {
        "cosine": 0.044479601085186005,
        "abs_cosine": 0.044479601085186005,
        "r_squared": 0.00197843491269728
      },
      "16": {
        "cosine": 0.03396234288811684,
        "abs_cosine": 0.03396234288811684,
        "r_squared": 0.0011534407344500203
      },
      "17": {
        "cosine": 0.04239921271800995,
        "abs_cosine": 0.04239921271800995,
        "r_squared": 0.0017976932391070566
      },
      "18": {
        "cosine": 0.03852188587188721,
        "abs_cosine": 0.03852188587188721,
        "r_squared": 0.0014839356911267032
      },
      "19": {
        "cosine": 0.02683154121041298,
        "abs_cosine": 0.02683154121041298,
        "r_squared": 0.00071993160372609
      },
      "20": {
        "cosine": 0.02412055991590023,
        "abs_cosine": 0.02412055991590023,
        "r_squared": 0.0005818014106565329
      },
      "21": {
        "cosine": 0.02725280448794365,
        "abs_cosine": 0.02725280448794365,
        "r_squared": 0.0007427153524580815
      },
      "22": {
        "cosine": 0.018571240827441216,
        "abs_cosine": 0.018571240827441216,
        "r_squared": 0.0003448909858708195
      },
      "23": {
        "cosine": 0.015443378128111362,
        "abs_cosine": 0.015443378128111362,
        "r_squared": 0.0002384979280078284
      },
      "24": {
        "cosine": 0.019236577674746513,
        "abs_cosine": 0.019236577674746513,
        "r_squared": 0.000370045920636556
      },
      "25": {
        "cosine": 0.00579482689499855,
        "abs_cosine": 0.00579482689499855,
        "r_squared": 3.358001874299854e-05
      },
      "26": {
        "cosine": 0.011610242538154125,
        "abs_cosine": 0.011610242538154125,
        "r_squared": 0.00013479773179476354
      },
      "27": {
        "cosine": 0.033288877457380295,
        "abs_cosine": 0.033288877457380295,
        "r_squared": 0.001108149362372482
      },
      "28": {
        "cosine": 0.03036596067249775,
        "abs_cosine": 0.03036596067249775,
        "r_squared": 0.00092209156756368
      },
      "29": {
        "cosine": 0.022363737225532532,
        "abs_cosine": 0.022363737225532532,
        "r_squared": 0.0005001367426926695
      },
      "30": {
        "cosine": 0.017916277050971985,
        "abs_cosine": 0.017916277050971985,
        "r_squared": 0.0003209929833671854
      },
      "31": {
        "cosine": 0.023864299058914185,
        "abs_cosine": 0.023864299058914185,
        "r_squared": 0.0005695047695732924
      },
      "32": {
        "cosine": 0.0262661874294281,
        "abs_cosine": 0.0262661874294281,
        "r_squared": 0.0006899126020778468
      },
      "33": {
        "cosine": 0.022021381184458733,
        "abs_cosine": 0.022021381184458733,
        "r_squared": 0.0004849412292712331
      },
      "34": {
        "cosine": 0.01918426714837551,
        "abs_cosine": 0.01918426714837551,
        "r_squared": 0.00036803610602023987
      },
      "35": {
        "cosine": 0.0076507264748215675,
        "abs_cosine": 0.0076507264748215675,
        "r_squared": 5.853361559253565e-05
      },
      "36": {
        "cosine": 0.006877971347421408,
        "abs_cosine": 0.006877971347421408,
        "r_squared": 4.7306489855949855e-05
      },
      "37": {
        "cosine": -0.007862192578613758,
        "abs_cosine": 0.007862192578613758,
        "r_squared": 6.181407214320925e-05
      },
      "38": {
        "cosine": -0.028490174561738968,
        "abs_cosine": 0.028490174561738968,
        "r_squared": 0.0008116900465583582
      },
      "39": {
        "cosine": -0.016158485785126686,
        "abs_cosine": 0.016158485785126686,
        "r_squared": 0.0002610966628681412
      },
      "40": {
        "cosine": -0.007503776345402002,
        "abs_cosine": 0.007503776345402002,
        "r_squared": 5.630665944181463e-05
      }
    }
  },
  "control_profile": {
    "probe_type": "control",
    "n_layers": 35,
    "overall_mean_r2": 0.004982317839267698,
    "overall_mean_abs_cos": 0.04628611610969528,
    "peak_layer": 7,
    "peak_cosine": 0.21830503642559052,
    "peak_abs_cosine": 0.21830503642559052,
    "peak_r2": 0.0476570889287784,
    "onset_layer": 6,
    "band_stats": {
      "early": {
        "mean_cos": 0.16566247642040252,
        "mean_abs_cos": 0.16566247642040252,
        "mean_r2": 0.02818687429038813,
        "max_r2": 0.0476570889287784,
        "r2_fraction": 0.8081974007082112,
        "n_layers": 5
      },
      "middle": {
        "mean_cos": 0.03842862062156201,
        "mean_abs_cos": 0.03842862062156201,
        "mean_r2": 0.0019188159119739785,
        "max_r2": 0.007099911125011182,
        "r2_fraction": 0.16505363629734743,
        "n_layers": 15
      },
      "late": {
        "mean_cos": 0.013317995755157123,
        "mean_abs_cos": 0.014351491494259487,
        "mean_r2": 0.00031096761618793953,
        "max_r2": 0.0014677624768120318,
        "r2_fraction": 0.026748962994441412,
        "n_layers": 15
      }
    },
    "normalized_entropy": 0.6333101951231999,
    "near_peak_layers": [
      7
    ],
    "near_peak_fraction": 0.02857142857142857,