{
  "1_phenomenology": {
    "dim_id": 1,
    "reading_mean_r2": 0.0002740626830071642,
    "control_mean_r2": 0.00030264153565272354,
    "reading_boot_ci95": [
      0.0002690991313356266,
      0.00027915096751412457
    ],
    "control_boot_ci95": [
      0.000294790147853124,
      0.00031034930960646033
    ]
  },
  "2_emotions": {
    "dim_id": 2,
    "reading_mean_r2": 0.00026078032247517965,
    "control_mean_r2": 0.0002816289305503859,
    "reading_boot_ci95": [
      0.000255740434601626,
      0.000266779997078733
    ],
    "control_boot_ci95": [
      0.0002746105528872806,
      0.0002885087221304375
    ]
  },
  "3_agency": {
    "dim_id": 3,
    "reading_mean_r2": 0.0002506659331238064,
    "control_mean_r2": 0.0002680473070000548,
    "reading_boot_ci95": [
      0.00024526507770403466,
      0.00025569157356045033
    ],
    "control_boot_ci95": [
      0.00026130876787327134,
      0.0002748461375002748
    ]
  },
  "4_intentions": {
    "dim_id": 4,
    "reading_mean_r2": 0.00024362192446531256,
    "control_mean_r2": 0.00026230791172929133,
    "reading_boot_ci95": [
      0.0002397123873747543,
      0.00024719972383498655
    ],
    "control_boot_ci95": [
      0.00025675070671575534,
      0.0002675120517614314
    ]
  },
  "5_prediction": {
    "dim_id": 5,
    "reading_mean_r2": 0.00025387120781518793,
    "control_mean_r2": 0.00025693327956386223,
    "reading_boot_ci95": [
      0.0002494319756498608,
      0.0002581142591705823
    ],
    "control_boot_ci95": [
      0.0002510818164540262,
      0.0002629284030464152
    ]
  },
  "6_cognitive": {
    "dim_id": 6,
    "reading_mean_r2": 0.00024616953702043454,
    "control_mean_r2": 0.0002653539072973261,
    "reading_boot_ci95": [
      0.0002411971627877883,
      0.00025181228976173356
    ],
    "control_boot_ci95": [
      0.000259200497306209,
      0.0002725719814977473
    ]
  },
  "7_social": {
    "dim_id": 7,
    "reading_mean_r2": 0.0002445101182570741,
    "control_mean_r2": 0.0002502371968734185,
    "reading_boot_ci95": [
      0.00024009235123552302,
      0.00024899026254113004
    ],
    "control_boot_ci95": [
      0.00024457723860978514,
      0.00025656973767183557
    ]
  },
  "8_embodiment": {
    "dim_id": 8,
    "reading_mean_r2": 0.0002713247133044575,
    "control_mean_r2": 0.0002970724350534531,
    "reading_boot_ci95": [
      0.00026541810767528114,
      0.00027695631555835985
    ],
    "control_boot_ci95": [
      0.00028924783793291963,
      0.0003050853611691491
    ]
  },
  "9_roles": {
    "dim_id": 9,
    "reading_mean_r2": 0.00024940130036953134,
    "control_mean_r2": 0.0002747941295208539,
    "reading_boot_ci95": [
      0.00024333676314156473,
      0.00025517464606438135
    ],
    "control_boot_ci95": [
      0.00026884091188551025,
      0.00028055340090703425
    ]
  },
  "10_animacy": {
    "dim_id": 10,
    "reading_mean_r2": 0.0002697607748979046,
    "control_mean_r2": 0.0003027459617391213,
    "reading_boot_ci95": [
      0.0002646189345988479,
      0.0002748110464922627
    ],
    "control_boot_ci95": [
      0.000296060001049361,
      0.00031012819897186975
    ]
  },
  "11_formality": {
    "dim_id": 11,
    "reading_mean_r2": 0.00025784731170394376,
    "control_mean_r2": 0.0002776934462293485,
    "reading_boot_ci95": [
      0.00025161761606898287,
      0.00026380966801531775
    ],
    "control_boot_ci95": [
      0.0002703829929782687,
      0.00028600624332521723
    ]
  },
  "12_expertise": {
    "dim_id": 12,
    "reading_mean_r2": 0.000250786275593569,
    "control_mean_r2": 0.00027103179566182264,
    "reading_boot_ci95": [
      0.00024537056993471484,
      0.00025699433666660857
    ],
    "control_boot_ci95": [
      0.0002639501615491607,
      0.0002788323408424918
    ]
  },
  "13_helpfulness": {
    "dim_id": 13,
    "reading_mean_r2": 0.00024994383928456874,
    "control_mean_r2": 0.0002661624635948967,
    "reading_boot_ci95": [
      0.00024444838382777054,
      0.0002556714725307428
    ],
    "control_boot_ci95": [
      0.00025850877012260323,
      0.00027379879707064734
    ]
  },
  "14_biological": {
    "dim_id": 14,
    "reading_mean_r2": 0.0002500120667930384,
    "control_mean_r2": 0.0002899601300038597,
    "reading_boot_ci95": [
      0.00024607648965126053,
      0.00025379571550062844
    ],
    "control_boot_ci95": [
      0.0002860845349067364,
      0.0002936228144863366
    ]
  },
  "15_shapes": {
    "dim_id": 15,
    "reading_mean_r2": 0.0002743588887307513,
    "control_mean_r2": 0.0002875222718797824,
    "reading_boot_ci95": [
      0.00027053664456379707,
      0.000278068736076974
    ],
    "control_boot_ci95": [
      0.00028195848495480284,
      0.00029314338537209664
    ]
  },
  "16_human": {
    "dim_id": 16,
    "reading_mean_r2": 0.0002745257144661359,
    "control_mean_r2": 0.00027130923993658065,
    "reading_boot_ci95": [
      0.00027071308154612945,
      0.0002791720075815677
    ],
    "control_boot_ci95": [
      0.00026380166558673956,
      0.00027868825302478014
    ]
  },
  "17_ai": {
    "dim_id": 17,
    "reading_mean_r2": 0.00027192481933126315,
    "control_mean_r2": 0.00028587301860745956,
    "reading_boot_ci95": [
      0.0002683959483755571,
      0.00027545653995736917
    ],
    "control_boot_ci95": [
      0.0002775746642733047,
      0.0002938291645844431
    ]
  },
  "18_attention": {
    "dim_id": 18,
    "reading_mean_r2": 0.0002647622490880959,
    "control_mean_r2": 0.00029282413417911044,
    "reading_boot_ci95": [
      0.0002591421740125664,
      0.00027070607729708215
    ],
    "control_boot_ci95": [
      0.000283929517299813,
      0.00030262304316925226
    ]
  },
  "20_sysprompt_talkto_human": {
    "dim_id": 20,
    "reading_mean_r2": 0.0002883356803219105,
    "control_mean_r2": 0.00023066035398557546,
    "reading_boot_ci95": [
      0.00028574064850979663,
      0.00029113640576694077
    ],
    "control_boot_ci95": [
      0.0002275493417367412,
      0.00023338489390771963
    ]
  },
  "21_sysprompt_talkto_ai": {
    "dim_id": 21,
    "reading_mean_r2": 0.0002910376244098702,
    "control_mean_r2": 0.00022831115462438768,
    "reading_boot_ci95": [
      0.0002847309522311455,
      0.0002962342292958344
    ],
    "control_boot_ci95": [
      0.00022360902064517523,
      0.0002329178438412976
    ]
  },
  "22_sysprompt_bare_human": {
    "dim_id": 22,
    "reading_mean_r2": 0.00024524047922459694,
    "control_mean_r2": 0.000222759684002037,
    "reading_boot_ci95": [
      0.0002410931188190985,
      0.0002489897198520905
    ],
    "control_boot_ci95": [
      0.00021892373002569833,
      0.0002262573771931436
    ]
  },
  "23_sysprompt_bare_ai": {
    "dim_id": 23,
    "reading_mean_r2": 0.0002450362611274764,
    "control_mean_r2": 0.00021722290751113911,
    "reading_boot_ci95": [
      0.0002387548263626343,
      0.00025073563640496717
    ],
    "control_boot_ci95": [
      0.00021223687182562464,
      0.00022303575839405896
    ]
  }
}