{
  "dim_name": "1_phenomenology",
  "dim_id": 1,
  "reading_profile": {
    "probe_type": "reading",
    "n_layers": 35,
    "overall_mean_r2": 0.0017617339567805083,
    "overall_mean_abs_cos": 0.04048696969236646,
    "peak_layer": 7,
    "peak_cosine": -0.05948026478290558,
    "peak_abs_cosine": 0.05948026478290558,
    "peak_r2": 0.0035379018986445576,
    "onset_layer": 7,
    "band_stats": {
      "early": {
        "mean_cos": -0.038827141374349596,
        "mean_abs_cos": 0.038827141374349596,
        "mean_r2": 0.0016757208456917943,
        "max_r2": 0.0035379018986445576,
        "r2_fraction": 0.13588243067026834,
        "n_layers": 5
      },
      "middle": {
        "mean_cos": -0.039841716860731444,
        "mean_abs_cos": 0.039841716860731444,
        "mean_r2": 0.001648603844234011,
        "max_r2": 0.002973266405182931,
        "r2_fraction": 0.4010506251255429,
        "n_layers": 15
      },
      "late": {
        "mean_cos": -0.04168549863000711,
        "mean_abs_cos": 0.04168549863000711,
        "mean_r2": 0.0019035351063565768,
        "max_r2": 0.0032638732502089512,
        "r2_fraction": 0.46306694420418876,
        "n_layers": 15
      }
    },
    "normalized_entropy": 0.9628519179993515,
    "near_peak_layers": [
      7,
      17,
      20,
      27,
      28,
      29,
      30,
      31,
      33
    ],
    "near_peak_fraction": 0.2571428571428571,
    "sign_consistency": 1.0,
    "dominant_sign": "negative",
    "profile_type": "distributed",
    "per_layer": {
      "6": {
        "cosine": -0.04724152758717537,
        "abs_cosine": 0.04724152758717537,
        "r_squared": 0.0022317619287698515
      },
      "7": {
        "cosine": -0.05948026478290558,
        "abs_cosine": 0.05948026478290558,
        "r_squared": 0.0035379018986445576
      },
      "8": {
        "cosine": -0.034862082451581955,
        "abs_cosine": 0.034862082451581955,
        "r_squared": 0.0012153647928608985
      },
      "9": {
        "cosine": -0.028798621147871017,
        "abs_cosine": 0.028798621147871017,
        "r_squared": 0.0008293605800186038
      },
      "10": {
        "cosine": -0.02375321090221405,
        "abs_cosine": 0.02375321090221405,
        "r_squared": 0.0005642150281650604
      },
      "11": {
        "cosine": -0.034722983837127686,
        "abs_cosine": 0.034722983837127686,
        "r_squared": 0.0012056856065534305
      },
      "12": {
        "cosine": -0.03991558402776718,
        "abs_cosine": 0.03991558402776718,
        "r_squared": 0.0015932538482777425
      },
      "13": {
        "cosine": -0.0209196787327528,
        "abs_cosine": 0.0209196787327528,
        "r_squared": 0.0004376329582815898
      },
      "14": {
        "cosine": -0.038921404629945755,
        "abs_cosine": 0.038921404629945755,
        "r_squared": 0.0015148757383679629
      },
      "15": {
        "cosine": -0.03969889134168625,
        "abs_cosine": 0.03969889134168625,
        "r_squared": 0.0015760019737590114
      },
      "16": {
        "cosine": -0.04697924107313156,
        "abs_cosine": 0.04697924107313156,
        "r_squared": 0.0022070490918074115
      },
      "17": {
        "cosine": -0.049436796456575394,
        "abs_cosine": 0.049436796456575394,
        "r_squared": 0.0024439968438888654
      },
      "18": {
        "cosine": -0.03956522047519684,
        "abs_cosine": 0.03956522047519684,
        "r_squared": 0.0015654066712509351
      },
      "19": {
        "cosine": -0.037954892963171005,
        "abs_cosine": 0.037954892963171005,
        "r_squared": 0.0014405738998457679
      },
      "20": {
        "cosine": -0.05452766641974449,
        "abs_cosine": 0.05452766641974449,
        "r_squared": 0.002973266405182931
      },
      "21": {
        "cosine": -0.04562704637646675,
        "abs_cosine": 0.04562704637646675,
        "r_squared": 0.0020818273610402477
      },
      "22": {
        "cosine": -0.029843084514141083,
        "abs_cosine": 0.029843084514141083,
        "r_squared": 0.0008906096933181673
      },
      "23": {
        "cosine": -0.03897785395383835,
        "abs_cosine": 0.03897785395383835,
        "r_squared": 0.0015192730988467518
      },
      "24": {
        "cosine": -0.03598818928003311,
        "abs_cosine": 0.03598818928003311,
        "r_squared": 0.0012951497676554902
      },
      "25": {
        "cosine": -0.04454721882939339,
        "abs_cosine": 0.04454721882939339,
        "r_squared": 0.0019844547054338607
      },
      "26": {
        "cosine": -0.04688204079866409,
        "abs_cosine": 0.04688204079866409,
        "r_squared": 0.0021979257494476045
      },
      "27": {
        "cosine": -0.0492633655667305,
        "abs_cosine": 0.0492633655667305,
        "r_squared": 0.002426879186961328
      },
      "28": {
        "cosine": -0.05581832677125931,
        "abs_cosine": 0.05581832677125931,
        "r_squared": 0.0031156856035430835
      },
      "29": {
        "cosine": -0.054561715573072433,
        "abs_cosine": 0.054561715573072433,
        "r_squared": 0.002976980806276855
      },
      "30": {
        "cosine": -0.05713031813502312,
        "abs_cosine": 0.05713031813502312,
        "r_squared": 0.0032638732502089512
      },
      "31": {
        "cosine": -0.051950614899396896,
        "abs_cosine": 0.051950614899396896,
        "r_squared": 0.002698866388425439
      },
      "32": {
        "cosine": -0.043541647493839264,
        "abs_cosine": 0.043541647493839264,
        "r_squared": 0.001895875066477759
      },
      "33": {
        "cosine": -0.055448174476623535,
        "abs_cosine": 0.055448174476623535,
        "r_squared": 0.0030745000527900856
      },
      "34": {
        "cosine": -0.0200240146368742,
        "abs_cosine": 0.0200240146368742,
        "r_squared": 0.00040096116217775216
      },
      "35": {
        "cosine": -0.04597097635269165,
        "abs_cosine": 0.04597097635269165,
        "r_squared": 0.002113330666819735
      },
      "36": {
        "cosine": -0.03192365542054176,
        "abs_cosine": 0.03192365542054176,
        "r_squared": 0.0010191197754094855
      },
      "37": {
        "cosine": -0.025458041578531265,
        "abs_cosine": 0.025458041578531265,
        "r_squared": 0.0006481118810142267
      },
      "38": {
        "cosine": -0.022686144337058067,
        "abs_cosine": 0.022686144337058067,
        "r_squared": 0.0005146611448818318
      },
      "39": {
        "cosine": -0.02462533302605152,
        "abs_cosine": 0.02462533302605152,
        "r_squared": 0.0006064070266439438
      },
      "40": {
        "cosine": -0.03999811038374901,
        "abs_cosine": 0.03999811038374901,
        "r_squared": 0.0015998488342705702
      }
    }
  },
  "control_profile": {
    "probe_type": "control",
    "n_layers": 35,
    "overall_mean_r2": 0.002160801720895738,
    "overall_mean_abs_cos": 0.042976773423807964,
    "peak_layer": 11,
    "peak_cosine": -0.0861683040857315,
    "peak_abs_cosine": 0.0861683040857315,
    "peak_r2": 0.007424976629011093,
    "onset_layer": 8,
    "band_stats": {
      "early": {
        "mean_cos": -0.0527938824146986,
        "mean_abs_cos": 0.0527938824146986,
        "mean_r2": 0.0029904916061434424,
        "max_r2": 0.005109983487106007,
        "r2_fraction": 0.197710452773438,
        "n_layers": 5
      },
      "middle": {
        "mean_cos": -0.05189724080264568,
        "mean_abs_cos": 0.05189724080264568,
        "mean_r2": 0.0029304849894389003,
        "max_r2": 0.007424976629011093,
        "r2_fraction": 0.5812297010807302,
        "n_layers": 15
      },
      "late": {
        "mean_cos": -0.030783936381340027,
        "mean_abs_cos": 0.030783936381340027,
        "mean_r2": 0.0011145551572700077,
        "max_r2": 0.0022527345838464635,
        "r2_fraction": 0.2210598461458318,
        "n_layers": 15
      }
    },
    "normalized_entropy": 0.9229338467436442,