{
  "dim_name": "3_agency",
  "dim_id": 3,
  "reading_profile": {
    "probe_type": "reading",
    "n_layers": 35,
    "overall_mean_r2": 0.001689428006313978,
    "overall_mean_abs_cos": 0.03974281906017235,
    "peak_layer": 7,
    "peak_cosine": -0.05778872221708298,
    "peak_abs_cosine": 0.05778872221708298,
    "peak_r2": 0.0033395364154831797,
    "onset_layer": 7,
    "band_stats": {
      "early": {
        "mean_cos": -0.03735723271965981,
        "mean_abs_cos": 0.03735723271965981,
        "mean_r2": 0.0015498235183902392,
        "max_r2": 0.0033395364154831797,
        "r2_fraction": 0.13105226084957342,
        "n_layers": 5
      },
      "middle": {
        "mean_cos": -0.039737251897652946,
        "mean_abs_cos": 0.039737251897652946,
        "mean_r2": 0.0016408648246103608,
        "max_r2": 0.0028288979445678653,
        "r2_fraction": 0.41625199733144175,
        "n_layers": 15
      },
      "late": {
        "mean_cos": -0.04054358166952928,
        "mean_abs_cos": 0.04054358166952928,
        "mean_r2": 0.001784526017325508,
        "max_r2": 0.003182717690777326,
        "r2_fraction": 0.45269574181898486,
        "n_layers": 15
      }
    },
    "normalized_entropy": 0.9648004504160511,
    "near_peak_layers": [
      7,
      16,
      17,
      20,
      28,
      29,
      30,
      31,
      33,
      35
    ],
    "near_peak_fraction": 0.2857142857142857,
    "sign_consistency": 1.0,
    "dominant_sign": "negative",
    "profile_type": "distributed",
    "per_layer": {
      "6": {
        "cosine": -0.04512900859117508,
        "abs_cosine": 0.04512900859117508,
        "r_squared": 0.002036627416422354
      },
      "7": {
        "cosine": -0.05778872221708298,
        "abs_cosine": 0.05778872221708298,
        "r_squared": 0.0033395364154831797
      },
      "8": {
        "cosine": -0.03166483715176582,
        "abs_cosine": 0.03166483715176582,
        "r_squared": 0.0010026619118478491
      },
      "9": {
        "cosine": -0.028061918914318085,
        "abs_cosine": 0.028061918914318085,
        "r_squared": 0.0007874712931537631
      },
      "10": {
        "cosine": -0.024141676723957062,
        "abs_cosine": 0.024141676723957062,
        "r_squared": 0.0005828205550440502
      },
      "11": {
        "cosine": -0.03261861950159073,
        "abs_cosine": 0.03261861950159073,
        "r_squared": 0.001063974338189555
      },
      "12": {
        "cosine": -0.03969338536262512,
        "abs_cosine": 0.03969338536262512,
        "r_squared": 0.0015755648415458623
      },
      "13": {
        "cosine": -0.020884443074464798,
        "abs_cosine": 0.020884443074464798,
        "r_squared": 0.00043615996253056066
      },
      "14": {
        "cosine": -0.04044542834162712,
        "abs_cosine": 0.04044542834162712,
        "r_squared": 0.0016358326737376944
      },
      "15": {
        "cosine": -0.04096986725926399,
        "abs_cosine": 0.04096986725926399,
        "r_squared": 0.0016785300232417116
      },
      "16": {
        "cosine": -0.04847422614693642,
        "abs_cosine": 0.04847422614693642,
        "r_squared": 0.002349750600544334
      },
      "17": {
        "cosine": -0.05318738520145416,
        "abs_cosine": 0.05318738520145416,
        "r_squared": 0.0028288979445678653
      },
      "18": {
        "cosine": -0.04096084088087082,
        "abs_cosine": 0.04096084088087082,
        "r_squared": 0.0016777904856680181
      },
      "19": {
        "cosine": -0.036776185035705566,
        "abs_cosine": 0.036776185035705566,
        "r_squared": 0.001352487785780454
      },
      "20": {
        "cosine": -0.051492173224687576,
        "abs_cosine": 0.051492173224687576,
        "r_squared": 0.002651443903401232
      },
      "21": {
        "cosine": -0.044110044836997986,
        "abs_cosine": 0.044110044836997986,
        "r_squared": 0.0019456960555219727
      },
      "22": {
        "cosine": -0.03154502809047699,
        "abs_cosine": 0.03154502809047699,
        "r_squared": 0.0009950887972289824
      },
      "23": {
        "cosine": -0.037432752549648285,
        "abs_cosine": 0.037432752549648285,
        "r_squared": 0.0014012109634432002
      },
      "24": {
        "cosine": -0.03558240830898285,
        "abs_cosine": 0.03558240830898285,
        "r_squared": 0.0012661077810671717
      },
      "25": {
        "cosine": -0.041885990649461746,
        "abs_cosine": 0.041885990649461746,
        "r_squared": 0.0017544362126867968
      },
      "26": {
        "cosine": -0.04310673475265503,
        "abs_cosine": 0.04310673475265503,
        "r_squared": 0.0018581905810357568
      },
      "27": {
        "cosine": -0.04459580406546593,
        "abs_cosine": 0.04459580406546593,
        "r_squared": 0.0019887857402454273
      },
      "28": {
        "cosine": -0.05479070544242859,
        "abs_cosine": 0.05479070544242859,
        "r_squared": 0.003002021402878974
      },
      "29": {
        "cosine": -0.05277277156710625,
        "abs_cosine": 0.05277277156710625,
        "r_squared": 0.0027849654188739775
      },
      "30": {
        "cosine": -0.056415580213069916,
        "abs_cosine": 0.056415580213069916,
        "r_squared": 0.003182717690777326
      },
      "31": {
        "cosine": -0.04845348745584488,
        "abs_cosine": 0.04845348745584488,
        "r_squared": 0.002347740446633717
      },
      "32": {
        "cosine": -0.04023239016532898,
        "abs_cosine": 0.04023239016532898,
        "r_squared": 0.00161864521841526
      },
      "33": {
        "cosine": -0.05500779673457146,
        "abs_cosine": 0.05500779673457146,
        "r_squared": 0.0030258577015919302
      },
      "34": {
        "cosine": -0.024438921362161636,
        "abs_cosine": 0.024438921362161636,
        "r_squared": 0.0005972608773459204
      },
      "35": {
        "cosine": -0.046889472752809525,
        "abs_cosine": 0.046889472752809525,
        "r_squared": 0.002198622655036467
      },
      "36": {
        "cosine": -0.03352619707584381,
        "abs_cosine": 0.03352619707584381,
        "r_squared": 0.001124005890368318
      },
      "37": {
        "cosine": -0.024737823754549026,
        "abs_cosine": 0.024737823754549026,
        "r_squared": 0.0006119599241111301
      },
      "38": {
        "cosine": -0.02195216529071331,
        "abs_cosine": 0.02195216529071331,
        "r_squared": 0.0004818975609507982
      },
      "39": {
        "cosine": -0.0246829055249691,
        "abs_cosine": 0.0246829055249691,
        "r_squared": 0.0006092458251545502
      },
      "40": {
        "cosine": -0.03655096888542175,
        "abs_cosine": 0.03655096888542175,
        "r_squared": 0.001335973326463069
      }
    }
  },
  "control_profile": {
    "probe_type": "control",
    "n_layers": 35,
    "overall_mean_r2": 0.002038041549379501,
    "overall_mean_abs_cos": 0.041959096278463094,
    "peak_layer": 11,
    "peak_cosine": -0.08249301463365555,
    "peak_abs_cosine": 0.08249301463365555,
    "peak_r2": 0.006805097463348508,
    "onset_layer": 8,
    "band_stats": {
      "early": {
        "mean_cos": -0.04922883398830891,
        "mean_abs_cos": 0.04922883398830891,
        "mean_r2": 0.002602476378878899,
        "max_r2": 0.004479004045704338,
        "r2_fraction": 0.1824213740652319,
        "n_layers": 5
      },
      "middle": {
        "mean_cos": -0.05088614424069723,
        "mean_abs_cos": 0.05088614424069723,
        "mean_r2": 0.0027991304320937214,
        "max_r2": 0.006805097463348508,
        "r2_fraction": 0.5886176993817438,
        "n_layers": 15
      },
      "late": {
        "mean_cos": -0.030608802412947018,
        "mean_abs_cos": 0.030608802412947018,
        "mean_r2": 0.0010888077234988147,
        "max_r2": 0.002098819860069115,
        "r2_fraction": 0.22896092655302444,
        "n_layers": 15
      }
    },
    "normalized_entropy": 0.9277094569788543,