{
  "dim_name": "17_ai",
  "dim_id": 17,
  "reading_profile": {
    "probe_type": "reading",
    "n_layers": 35,
    "overall_mean_r2": 0.0003153026751587511,
    "overall_mean_abs_cos": 0.014639284312059837,
    "peak_layer": 10,
    "peak_cosine": -0.040639426559209824,
    "peak_abs_cosine": 0.040639426559209824,
    "peak_r2": 0.0016515629910614088,
    "onset_layer": null,
    "band_stats": {
      "early": {
        "mean_cos": -0.003632590174674988,
        "mean_abs_cos": 0.020098292082548142,
        "mean_r2": 0.0005354516122257888,
        "max_r2": 0.0016515629910614088,
        "r2_fraction": 0.24260208836576988,
        "n_layers": 5
      },
      "middle": {
        "mean_cos": -0.00608861466559271,
        "mean_abs_cos": 0.013779229096447429,
        "mean_r2": 0.00025545128706661984,
        "max_r2": 0.0008186437157809423,
        "r2_fraction": 0.34721913784407293,
        "n_layers": 15
      },
      "late": {
        "mean_cos": -0.011021506018005311,
        "mean_abs_cos": 0.01367967027084281,
        "mean_r2": 0.0003017710842285365,
        "max_r2": 0.0010552609964255139,
        "r2_fraction": 0.4101787737901572,
        "n_layers": 15
      }
    },
    "normalized_entropy": 0.8319752893799047,
    "near_peak_layers": [
      10
    ],
    "near_peak_fraction": 0.02857142857142857,
    "sign_consistency": 0.7142857142857143,
    "dominant_sign": "negative",
    "profile_type": "negligible",
    "per_layer": {
      "6": {
        "cosine": 0.0200809333473444,
        "abs_cosine": 0.0200809333473444,
        "r_squared": 0.0004032438841004883
      },
      "7": {
        "cosine": -0.010633889585733414,
        "abs_cosine": 0.010633889585733414,
        "r_squared": 0.00011307960772156955
      },
      "8": {
        "cosine": -0.008053889498114586,
        "abs_cosine": 0.008053889498114586,
        "r_squared": 6.486513604784042e-05
      },
      "9": {
        "cosine": 0.021083321422338486,
        "abs_cosine": 0.021083321422338486,
        "r_squared": 0.0004445064421976369
      },
      "10": {
        "cosine": -0.040639426559209824,
        "abs_cosine": 0.040639426559209824,
        "r_squared": 0.0016515629910614088
      },
      "11": {
        "cosine": 0.013712392188608646,
        "abs_cosine": 0.013712392188608646,
        "r_squared": 0.00018802969953421542
      },
      "12": {
        "cosine": -0.026927731931209564,
        "abs_cosine": 0.026927731931209564,
        "r_squared": 0.0007251027469590832
      },
      "13": {
        "cosine": -0.008493325673043728,
        "abs_cosine": 0.008493325673043728,
        "r_squared": 7.213658098838369e-05
      },
      "14": {
        "cosine": -0.02039351500570774,
        "abs_cosine": 0.02039351500570774,
        "r_squared": 0.0004158954542880268
      },
      "15": {
        "cosine": -0.010317301377654076,
        "abs_cosine": 0.010317301377654076,
        "r_squared": 0.00010644670771734269
      },
      "16": {
        "cosine": -0.02861195057630539,
        "abs_cosine": 0.02861195057630539,
        "r_squared": 0.0008186437157809423
      },
      "17": {
        "cosine": -0.019758695736527443,
        "abs_cosine": 0.019758695736527443,
        "r_squared": 0.00039040605720866775
      },
      "18": {
        "cosine": 0.004030262585729361,
        "abs_cosine": 0.004030262585729361,
        "r_squared": 1.624301650992991e-05
      },
      "19": {
        "cosine": -0.020445143803954124,
        "abs_cosine": 0.020445143803954124,
        "r_squared": 0.0004180039051643637
      },
      "20": {
        "cosine": -0.007989428006112576,
        "abs_cosine": 0.007989428006112576,
        "r_squared": 6.383095986485596e-05
      },
      "21": {
        "cosine": 0.01509095449000597,
        "abs_cosine": 0.01509095449000597,
        "r_squared": 0.00022773690741943135
      },
      "22": {
        "cosine": 0.0029740759637206793,
        "abs_cosine": 0.0029740759637206793,
        "r_squared": 8.845127837981087e-06
      },
      "23": {
        "cosine": 0.018160639330744743,
        "abs_cosine": 0.018160639330744743,
        "r_squared": 0.0003298088209013929
      },
      "24": {
        "cosine": -0.006071736104786396,
        "abs_cosine": 0.006071736104786396,
        "r_squared": 3.686597932616668e-05
      },
      "25": {
        "cosine": 0.0037112836726009846,
        "abs_cosine": 0.0037112836726009846,
        "r_squared": 1.3773626498514652e-05
      },
      "26": {
        "cosine": 0.010064447298645973,
        "abs_cosine": 0.010064447298645973,
        "r_squared": 0.00010129309942722223
      },
      "27": {
        "cosine": -0.000540732522495091,
        "abs_cosine": 0.000540732522495091,
        "r_squared": 2.9239166088390405e-07
      },
      "28": {
        "cosine": -0.0014522813726216555,
        "abs_cosine": 0.0014522813726216555,
        "r_squared": 2.1091211852638397e-06
      },
      "29": {
        "cosine": -0.0210744496434927,
        "abs_cosine": 0.0210744496434927,
        "r_squared": 0.00044413242777610953
      },
      "30": {
        "cosine": -0.019021298736333847,
        "abs_cosine": 0.019021298736333847,
        "r_squared": 0.0003618098056168556
      },
      "31": {
        "cosine": -0.0019414525013417006,
        "abs_cosine": 0.0019414525013417006,
        "r_squared": 3.769237814965946e-06
      },
      "32": {
        "cosine": -0.00590179581195116,
        "abs_cosine": 0.00590179581195116,
        "r_squared": 3.483119380596426e-05
      },
      "33": {
        "cosine": -0.03248478099703789,
        "abs_cosine": 0.03248478099703789,
        "r_squared": 0.0010552609964255139
      },
      "34": {
        "cosine": -0.00491963280364871,
        "abs_cosine": 0.00491963280364871,
        "r_squared": 2.420278692273647e-05
      },
      "35": {
        "cosine": -0.021634185686707497,
        "abs_cosine": 0.021634185686707497,
        "r_squared": 0.0004680379903269395
      },
      "36": {
        "cosine": -0.024373626336455345,
        "abs_cosine": 0.024373626336455345,
        "r_squared": 0.0005940736607891496
      },
      "37": {
        "cosine": -0.002087734639644623,
        "abs_cosine": 0.002087734639644623,
        "r_squared": 4.358635925572063e-06
      },
      "38": {
        "cosine": -0.018072912469506264,
        "abs_cosine": 0.018072912469506264,
        "r_squared": 0.000326630165130435
      },
      "39": {
        "cosine": 0.00987178459763527,
        "abs_cosine": 0.00987178459763527,
        "r_squared": 9.745213114210893e-05
      },
      "40": {
        "cosine": -0.031753938645124435,
        "abs_cosine": 0.031753938645124435,
        "r_squared": 0.001008312619478327
      }
    }
  },
  "control_profile": {
    "probe_type": "control",
    "n_layers": 35,
    "overall_mean_r2": 0.00038066975803582816,
    "overall_mean_abs_cos": 0.016685626562684776,
    "peak_layer": 29,
    "peak_cosine": -0.035290319472551346,
    "peak_abs_cosine": 0.035290319472551346,
    "peak_r2": 0.0012454066484747367,
    "onset_layer": null,
    "band_stats": {
      "early": {
        "mean_cos": -0.02114281617105007,
        "mean_abs_cos": 0.02114281617105007,
        "mean_r2": 0.0004954145760629781,
        "max_r2": 0.0009067347984973197,
        "r2_fraction": 0.18591839612191788,
        "n_layers": 5
      },
      "middle": {
        "mean_cos": -0.014730137679725886,
        "mean_abs_cos": 0.015907615050673486,
        "mean_r2": 0.00037157300731225685,
        "max_r2": 0.0012166503397788159,
        "r2_fraction": 0.41832998603321625,
        "n_layers": 15
      },
      "late": {
        "mean_cos": -0.015977908205240966,
        "mean_abs_cos": 0.015977908205240966,
        "mean_r2": 0.0003515182360836828,
        "max_r2": 0.0012454066484747367,
        "r2_fraction": 0.39575161784486595,
        "n_layers": 15
      }
    },
    "normalized_entropy": 0.8700847489348279,