{
  "dim_name": "18_attention",
  "dim_id": 18,
  "reading_profile": {
    "probe_type": "reading",
    "n_layers": 35,
    "overall_mean_r2": 0.00031656735279688293,
    "overall_mean_abs_cos": 0.01495780908735469,
    "peak_layer": 10,
    "peak_cosine": -0.03708243370056152,
    "peak_abs_cosine": 0.03708243370056152,
    "peak_r2": 0.001375106889156541,
    "onset_layer": null,
    "band_stats": {
      "early": {
        "mean_cos": -0.0012614439241588117,
        "mean_abs_cos": 0.019226568471640348,
        "mean_r2": 0.0004992716709684222,
        "max_r2": 0.001375106889156541,
        "r2_fraction": 0.22530600137350176,
        "n_layers": 5
      },
      "middle": {
        "mean_cos": -0.005448528068761031,
        "mean_abs_cos": 0.014833273490269978,
        "mean_r2": 0.000274080588507503,
        "max_r2": 0.0008408003176976209,
        "r2_fraction": 0.37105250532807005,
        "n_layers": 15
      },
      "late": {
        "mean_cos": -0.01026408572603638,
        "mean_abs_cos": 0.013659424889677514,
        "mean_r2": 0.00029815267769574966,
        "max_r2": 0.0011577099057720336,
        "r2_fraction": 0.4036414932984281,
        "n_layers": 15
      }
    },
    "normalized_entropy": 0.8479197605881978,
    "near_peak_layers": [
      10,
      33,
      40
    ],
    "near_peak_fraction": 0.08571428571428572,
    "sign_consistency": 0.6857142857142857,
    "dominant_sign": "negative",
    "profile_type": "negligible",
    "per_layer": {
      "6": {
        "cosine": 0.022238219156861305,
        "abs_cosine": 0.022238219156861305,
        "r_squared": 0.0004945383912685931
      },
      "7": {
        "cosine": -0.009582770988345146,
        "abs_cosine": 0.009582770988345146,
        "r_squared": 9.182949981506941e-05
      },
      "8": {
        "cosine": -0.00455482630059123,
        "abs_cosine": 0.00455482630059123,
        "r_squared": 2.0746442628557593e-05
      },
      "9": {
        "cosine": 0.022674592211842537,
        "abs_cosine": 0.022674592211842537,
        "r_squared": 0.0005141371319733502
      },
      "10": {
        "cosine": -0.03708243370056152,
        "abs_cosine": 0.03708243370056152,
        "r_squared": 0.001375106889156541
      },
      "11": {
        "cosine": 0.01516454666852951,
        "abs_cosine": 0.01516454666852951,
        "r_squared": 0.00022996347566200948
      },
      "12": {
        "cosine": -0.02823456935584545,
        "abs_cosine": 0.02823456935584545,
        "r_squared": 0.000797190906710047
      },
      "13": {
        "cosine": -0.011658884584903717,
        "abs_cosine": 0.011658884584903717,
        "r_squared": 0.00013592958976410552
      },
      "14": {
        "cosine": -0.018551483750343323,
        "abs_cosine": 0.018551483750343323,
        "r_squared": 0.00034415754933925236
      },
      "15": {
        "cosine": -0.013504663482308388,
        "abs_cosine": 0.013504663482308388,
        "r_squared": 0.0001823759357703937
      },
      "16": {
        "cosine": -0.028996556997299194,
        "abs_cosine": 0.028996556997299194,
        "r_squared": 0.0008408003176976209
      },
      "17": {
        "cosine": -0.01998995430767536,
        "abs_cosine": 0.01998995430767536,
        "r_squared": 0.00039959827322294875
      },
      "18": {
        "cosine": 0.008977617137134075,
        "abs_cosine": 0.008977617137134075,
        "r_squared": 8.059760946096343e-05
      },
      "19": {
        "cosine": -0.016557760536670685,
        "abs_cosine": 0.016557760536670685,
        "r_squared": 0.0002741594339897291
      },
      "20": {
        "cosine": -0.007271172013133764,
        "abs_cosine": 0.007271172013133764,
        "r_squared": 5.286994244457972e-05
      },
      "21": {
        "cosine": 0.015895303338766098,
        "abs_cosine": 0.015895303338766098,
        "r_squared": 0.00025266066823138866
      },
      "22": {
        "cosine": 0.0030993185937404633,
        "abs_cosine": 0.0030993185937404633,
        "r_squared": 9.605775745505363e-06
      },
      "23": {
        "cosine": 0.020183773711323738,
        "abs_cosine": 0.020183773711323738,
        "r_squared": 0.0004073847212299232
      },
      "24": {
        "cosine": -0.007348466664552689,
        "abs_cosine": 0.007348466664552689,
        "r_squared": 5.3999962320042116e-05
      },
      "25": {
        "cosine": 0.007065031211823225,
        "abs_cosine": 0.007065031211823225,
        "r_squared": 4.991466602403635e-05
      },
      "26": {
        "cosine": 0.010371697135269642,
        "abs_cosine": 0.010371697135269642,
        "r_squared": 0.0001075721014657605
      },
      "27": {
        "cosine": 0.003703415859490633,
        "abs_cosine": 0.003703415859490633,
        "r_squared": 1.3715289028326744e-05
      },
      "28": {
        "cosine": -0.0007283854647539556,
        "abs_cosine": 0.0007283854647539556,
        "r_squared": 5.305453852648359e-07
      },
      "29": {
        "cosine": -0.020759519189596176,
        "abs_cosine": 0.020759519189596176,
        "r_squared": 0.0004309576369832119
      },
      "30": {
        "cosine": -0.01810307800769806,
        "abs_cosine": 0.01810307800769806,
        "r_squared": 0.00032772143335280113
      },
      "31": {
        "cosine": -0.006054743658751249,
        "abs_cosine": 0.006054743658751249,
        "r_squared": 3.6659920773188465e-05
      },
      "32": {
        "cosine": -0.005997722968459129,
        "abs_cosine": 0.005997722968459129,
        "r_squared": 3.597268080638219e-05
      },
      "33": {
        "cosine": -0.031711068004369736,
        "abs_cosine": 0.031711068004369736,
        "r_squared": 0.001005591833977762
      },
      "34": {
        "cosine": -7.283955346792936e-05,
        "abs_cosine": 7.283955346792936e-05,
        "r_squared": 5.3056005494073405e-09
      },
      "35": {
        "cosine": -0.01904428005218506,
        "abs_cosine": 0.01904428005218506,
        "r_squared": 0.00036268460270605374
      },
      "36": {
        "cosine": -0.023350486531853676,
        "abs_cosine": 0.023350486531853676,
        "r_squared": 0.0005452452212742799
      },
      "37": {
        "cosine": -0.0018358194502070546,
        "abs_cosine": 0.0018358194502070546,
        "r_squared": 3.3702330537585323e-06
      },
      "38": {
        "cosine": -0.017743250355124474,
        "abs_cosine": 0.017743250355124474,
        "r_squared": 0.00031482293316462476
      },
      "39": {
        "cosine": 0.011389930732548237,
        "abs_cosine": 0.011389930732548237,
        "r_squared": 0.00012973052209224682
      },
      "40": {
        "cosine": -0.03402513638138771,
        "abs_cosine": 0.03402513638138771,
        "r_squared": 0.0011577099057720336
      }
    }
  },
  "control_profile": {
    "probe_type": "control",
    "n_layers": 35,
    "overall_mean_r2": 0.000325757570647352,
    "overall_mean_abs_cos": 0.015233990077727607,
    "peak_layer": 29,
    "peak_cosine": -0.03432472050189972,
    "peak_abs_cosine": 0.03432472050189972,
    "peak_r2": 0.001178186437533535,
    "onset_layer": null,
    "band_stats": {
      "early": {
        "mean_cos": -0.012064766697585582,
        "mean_abs_cos": 0.012064766697585582,
        "mean_r2": 0.000168882871313125,
        "max_r2": 0.0002974813929118615,
        "r2_fraction": 0.07406159256823917,
        "n_layers": 5
      },
      "middle": {
        "mean_cos": -0.011602256773039698,
        "mean_abs_cos": 0.015135274967178702,
        "mean_r2": 0.00033001604793869786,
        "max_r2": 0.001165579161934771,
        "r2_fraction": 0.4341739436339773,
        "n_layers": 15
      },
      "late": {
        "mean_cos": -0.016389112981657187,
        "mean_abs_cos": 0.016389112981657187,
        "mean_r2": 0.00037379065980074847,
        "max_r2": 0.001178186437533535,
        "r2_fraction": 0.49176446379778344,
        "n_layers": 15
      }
    },
    "normalized_entropy": 0.8476473346989472,