{
  "dim_name": "20_sysprompt_talkto_human",
  "dim_id": 20,
  "reading_profile": {
    "probe_type": "reading",
    "n_layers": 35,
    "overall_mean_r2": 0.00037642296833517036,
    "overall_mean_abs_cos": 0.01651688207639381,
    "peak_layer": 10,
    "peak_cosine": -0.04383622109889984,
    "peak_abs_cosine": 0.04383622109889984,
    "peak_r2": 0.0019216142802316316,
    "onset_layer": null,
    "band_stats": {
      "early": {
        "mean_cos": -0.002044783718883991,
        "mean_abs_cos": 0.020335606671869753,
        "mean_r2": 0.0006184337798448931,
        "max_r2": 0.0019216142802316316,
        "r2_fraction": 0.23470322022517812,
        "n_layers": 5
      },
      "middle": {
        "mean_cos": -0.007505904335994273,
        "mean_abs_cos": 0.014921286900062114,
        "mean_r2": 0.000309675344678069,
        "max_r2": 0.0010653230827740168,
        "r2_fraction": 0.35257679798076585,
        "n_layers": 15
      },
      "late": {
        "mean_cos": -0.009428123873658479,
        "mean_abs_cos": 0.01683956905423353,
        "mean_r2": 0.00036250032148903074,
        "max_r2": 0.000964344402791837,
        "r2_fraction": 0.412719981794056,
        "n_layers": 15
      }
    },
    "normalized_entropy": 0.8593137464055427,
    "near_peak_layers": [
      10
    ],
    "near_peak_fraction": 0.02857142857142857,
    "sign_consistency": 0.7142857142857143,
    "dominant_sign": "negative",
    "profile_type": "negligible",
    "per_layer": {
      "6": {
        "cosine": 0.0277286134660244,
        "abs_cosine": 0.0277286134660244,
        "r_squared": 0.0007688760047481896
      },
      "7": {
        "cosine": -0.004582421854138374,
        "abs_cosine": 0.004582421854138374,
        "r_squared": 2.0998590049284976e-05
      },
      "8": {
        "cosine": -0.0075323330238461494,
        "abs_cosine": 0.0075323330238461494,
        "r_squared": 5.673604078212328e-05
      },
      "9": {
        "cosine": 0.01799844391644001,
        "abs_cosine": 0.01799844391644001,
        "r_squared": 0.0003239439834132364
      },
      "10": {
        "cosine": -0.04383622109889984,
        "abs_cosine": 0.04383622109889984,
        "r_squared": 0.0019216142802316316
      },
      "11": {
        "cosine": 0.010613996535539627,
        "abs_cosine": 0.010613996535539627,
        "r_squared": 0.0001126569224564472
      },
      "12": {
        "cosine": -0.029678279533982277,
        "abs_cosine": 0.029678279533982277,
        "r_squared": 0.0008808002760971913
      },
      "13": {
        "cosine": -0.012590420432388783,
        "abs_cosine": 0.012590420432388783,
        "r_squared": 0.00015851868666431294
      },
      "14": {
        "cosine": -0.023327339440584183,
        "abs_cosine": 0.023327339440584183,
        "r_squared": 0.0005441647653762344
      },
      "15": {
        "cosine": -0.009330649860203266,
        "abs_cosine": 0.009330649860203266,
        "r_squared": 8.706102681371123e-05
      },
      "16": {
        "cosine": -0.032639287412166595,
        "abs_cosine": 0.032639287412166595,
        "r_squared": 0.0010653230827740168
      },
      "17": {
        "cosine": -0.020792149007320404,
        "abs_cosine": 0.020792149007320404,
        "r_squared": 0.00043231346034261486
      },
      "18": {
        "cosine": -0.010354522615671158,
        "abs_cosine": 0.010354522615671158,
        "r_squared": 0.00010721613859844548
      },
      "19": {
        "cosine": -0.02059144899249077,
        "abs_cosine": 0.02059144899249077,
        "r_squared": 0.0004240077716103491
      },
      "20": {
        "cosine": -0.007131719030439854,
        "abs_cosine": 0.007131719030439854,
        "r_squared": 5.0861416329137966e-05
      },
      "21": {
        "cosine": 0.01424007024616003,
        "abs_cosine": 0.01424007024616003,
        "r_squared": 0.0002027796006155722
      },
      "22": {
        "cosine": -0.0007571626338176429,
        "abs_cosine": 0.0007571626338176429,
        "r_squared": 5.7329525404967e-07
      },
      "23": {
        "cosine": 0.022616079077124596,
        "abs_cosine": 0.022616079077124596,
        "r_squared": 0.0005114870328227529
      },
      "24": {
        "cosine": -0.001010955311357975,
        "abs_cosine": 0.001010955311357975,
        "r_squared": 1.0220306415629002e-06
      },
      "25": {
        "cosine": 0.008145223371684551,
        "abs_cosine": 0.008145223371684551,
        "r_squared": 6.634466377463625e-05
      },
      "26": {
        "cosine": 0.016265874728560448,
        "abs_cosine": 0.016265874728560448,
        "r_squared": 0.0002645786806852214
      },
      "27": {
        "cosine": 0.01817081682384014,
        "abs_cosine": 0.01817081682384014,
        "r_squared": 0.0003301785840455519
      },
      "28": {
        "cosine": -0.001155305071733892,
        "abs_cosine": 0.001155305071733892,
        "r_squared": 1.3347298087740533e-06
      },
      "29": {
        "cosine": -0.019191928207874298,
        "abs_cosine": 0.019191928207874298,
        "r_squared": 0.00036833010833620117
      },
      "30": {
        "cosine": -0.0216465275734663,
        "abs_cosine": 0.0216465275734663,
        "r_squared": 0.00046857215598883686
      },
      "31": {
        "cosine": 0.01636635884642601,
        "abs_cosine": 0.01636635884642601,
        "r_squared": 0.0002678577018899869
      },
      "32": {
        "cosine": -0.0012722737155854702,
        "abs_cosine": 0.0012722737155854702,
        "r_squared": 1.618680407369658e-06
      },
      "33": {
        "cosine": -0.02514250949025154,
        "abs_cosine": 0.02514250949025154,
        "r_squared": 0.0006321457834673888
      },
      "34": {
        "cosine": -0.018191935494542122,
        "abs_cosine": 0.018191935494542122,
        "r_squared": 0.0003309465170375815
      },
      "35": {
        "cosine": -0.01698620617389679,
        "abs_cosine": 0.01698620617389679,
        "r_squared": 0.0002885312001821294
      },
      "36": {
        "cosine": -0.02203872986137867,
        "abs_cosine": 0.02203872986137867,
        "r_squared": 0.0004857056139028239
      },
      "37": {
        "cosine": -0.010232017375528812,
        "abs_cosine": 0.010232017375528812,
        "r_squared": 0.00010469417957312353
      },
      "38": {
        "cosine": -0.030096368864178658,
        "abs_cosine": 0.030096368864178658,
        "r_squared": 0.0009057914188087025
      },
      "39": {
        "cosine": 0.004782788455486298,
        "abs_cosine": 0.004782788455486298,
        "r_squared": 2.2875065409933004e-05
      },
      "40": {
        "cosine": -0.031053895130753517,
        "abs_cosine": 0.031053895130753517,
        "r_squared": 0.000964344402791837
      }
    }
  },
  "control_profile": {
    "probe_type": "control",
    "n_layers": 35,
    "overall_mean_r2": 0.00021139827957264545,
    "overall_mean_abs_cos": 0.011761403067378393,
    "peak_layer": 29,
    "peak_cosine": -0.029736308380961418,
    "peak_abs_cosine": 0.029736308380961418,
    "peak_r2": 0.0008842480361276363,
    "onset_layer": null,
    "band_stats": {
      "early": {
        "mean_cos": -0.0056542156991781665,
        "mean_abs_cos": 0.005750509185600094,
        "mean_r2": 5.227687622256789e-05,
        "max_r2": 0.00012462140644607048,
        "r2_fraction": 0.03532727508355237,
        "n_layers": 5
      },
      "middle": {
        "mean_cos": -0.009760514080214003,
        "mean_abs_cos": 0.012187903855616848,
        "mean_r2": 0.00020894113071445963,
        "max_r2": 0.0006749976335536402,
        "r2_fraction": 0.42359000772687777,
        "n_layers": 15
      },
      "late": {
        "mean_cos": -0.013326428565293705,
        "mean_abs_cos": 0.01333853357306604,
        "mean_r2": 0.0002668958962141905,
        "max_r2": 0.0008842480361276363,
        "r2_fraction": 0.5410827171895699,
        "n_layers": 15
      }
    },
    "normalized_entropy": 0.8317665654762052,