{
  "dim_name": "2_emotions",
  "dim_id": 2,
  "reading_profile": {
    "probe_type": "reading",
    "n_layers": 35,
    "overall_mean_r2": 0.0003294777662104359,
    "overall_mean_abs_cos": 0.015219844272360205,
    "peak_layer": 40,
    "peak_cosine": -0.037776242941617966,
    "peak_abs_cosine": 0.037776242941617966,
    "peak_r2": 0.0014270445307841412,
    "onset_layer": null,
    "band_stats": {
      "early": {
        "mean_cos": -0.0015212423168122768,
        "mean_abs_cos": 0.01911279624328017,
        "mean_r2": 0.00047429080973358567,
        "max_r2": 0.0012331275763201172,
        "r2_fraction": 0.2056461373441068,
        "n_layers": 5
      },
      "middle": {
        "mean_cos": -0.00511116161942482,
        "mean_abs_cos": 0.015060291687647501,
        "mean_r2": 0.0002905757116704457,
        "max_r2": 0.000987560546491295,
        "r2_fraction": 0.377969200444391,
        "n_layers": 15
      },
      "late": {
        "mean_cos": -0.010911878400171797,
        "mean_abs_cos": 0.014081746200099587,
        "mean_r2": 0.00032010880624270947,
        "max_r2": 0.0014270445307841412,
        "r2_fraction": 0.41638466221150217,
        "n_layers": 15
      }
    },
    "normalized_entropy": 0.8404383564416157,
    "near_peak_layers": [
      10,
      16,
      33,
      40
    ],
    "near_peak_fraction": 0.11428571428571428,
    "sign_consistency": 0.6285714285714286,
    "dominant_sign": "negative",
    "profile_type": "negligible",
    "per_layer": {
      "6": {
        "cosine": 0.02247348614037037,
        "abs_cosine": 0.02247348614037037,
        "r_squared": 0.0005050575793014191
      },
      "7": {
        "cosine": -0.012428023852407932,
        "abs_cosine": 0.012428023852407932,
        "r_squared": 0.0001544557768760205
      },
      "8": {
        "cosine": -0.004041156265884638,
        "abs_cosine": 0.004041156265884638,
        "r_squared": 1.633094396529867e-05
      },
      "9": {
        "cosine": 0.02150539867579937,
        "abs_cosine": 0.02150539867579937,
        "r_squared": 0.0004624821722050733
      },
      "10": {
        "cosine": -0.03511591628193855,
        "abs_cosine": 0.03511591628193855,
        "r_squared": 0.0012331275763201172
      },
      "11": {
        "cosine": 0.013581208884716034,
        "abs_cosine": 0.013581208884716034,
        "r_squared": 0.00018444923477028974
      },
      "12": {
        "cosine": -0.028874285519123077,
        "abs_cosine": 0.028874285519123077,
        "r_squared": 0.0008337243642398406
      },
      "13": {
        "cosine": -0.01158494409173727,
        "abs_cosine": 0.01158494409173727,
        "r_squared": 0.0001342109296086783
      },
      "14": {
        "cosine": -0.01719660684466362,
        "abs_cosine": 0.01719660684466362,
        "r_squared": 0.00029572328696993166
      },
      "15": {
        "cosine": -0.017384588718414307,
        "abs_cosine": 0.017384588718414307,
        "r_squared": 0.000302223924908418
      },
      "16": {
        "cosine": -0.03142547607421875,
        "abs_cosine": 0.03142547607421875,
        "r_squared": 0.000987560546491295
      },
      "17": {
        "cosine": -0.02084382064640522,
        "abs_cosine": 0.02084382064640522,
        "r_squared": 0.0004344648591395085
      },
      "18": {
        "cosine": 0.011927793733775616,
        "abs_cosine": 0.011927793733775616,
        "r_squared": 0.00014227226335549684
      },
      "19": {
        "cosine": -0.013295811600983143,
        "abs_cosine": 0.013295811600983143,
        "r_squared": 0.00017677860612883792
      },
      "20": {
        "cosine": -0.00576720479875803,
        "abs_cosine": 0.00576720479875803,
        "r_squared": 3.326065119081765e-05
      },
      "21": {
        "cosine": 0.017194800078868866,
        "abs_cosine": 0.017194800078868866,
        "r_squared": 0.00029566114975226876
      },
      "22": {
        "cosine": 0.004144969396293163,
        "abs_cosine": 0.004144969396293163,
        "r_squared": 1.718077129620691e-05
      },
      "23": {
        "cosine": 0.02134835347533226,
        "abs_cosine": 0.02134835347533226,
        "r_squared": 0.000455752196107731
      },
      "24": {
        "cosine": -0.004913161508738995,
        "abs_cosine": 0.004913161508738995,
        "r_squared": 2.4139156010954434e-05
      },
      "25": {
        "cosine": 0.006421349942684174,
        "abs_cosine": 0.006421349942684174,
        "r_squared": 4.123373508641004e-05
      },
      "26": {
        "cosine": 0.006637981161475182,
        "abs_cosine": 0.006637981161475182,
        "r_squared": 4.40627939000994e-05
      },
      "27": {
        "cosine": 0.0029518986120820045,
        "abs_cosine": 0.0029518986120820045,
        "r_squared": 8.713705416011665e-06
      },
      "28": {
        "cosine": 0.0036632041446864605,
        "abs_cosine": 0.0036632041446864605,
        "r_squared": 1.3419064605648063e-05
      },
      "29": {
        "cosine": -0.021818261593580246,
        "abs_cosine": 0.021818261593580246,
        "r_squared": 0.0004760365389658988
      },
      "30": {
        "cosine": -0.017377004027366638,
        "abs_cosine": 0.017377004027366638,
        "r_squared": 0.00030196026896711636
      },
      "31": {
        "cosine": -0.006350449752062559,
        "abs_cosine": 0.006350449752062559,
        "r_squared": 4.032821205347142e-05
      },
      "32": {
        "cosine": -0.005373240914195776,
        "abs_cosine": 0.005373240914195776,
        "r_squared": 2.887171792198746e-05
      },
      "33": {
        "cosine": -0.031752489507198334,
        "abs_cosine": 0.031752489507198334,
        "r_squared": 0.0010082205899047403
      },
      "34": {
        "cosine": 0.003685142146423459,
        "abs_cosine": 0.003685142146423459,
        "r_squared": 1.3580272639346499e-05
      },
      "35": {
        "cosine": -0.01692488230764866,
        "abs_cosine": 0.01692488230764866,
        "r_squared": 0.0002864516411277586
      },
      "36": {
        "cosine": -0.025166163221001625,
        "abs_cosine": 0.025166163221001625,
        "r_squared": 0.0006333357712660949
      },
      "37": {
        "cosine": -0.003441763576120138,
        "abs_cosine": 0.003441763576120138,
        "r_squared": 1.1845736513907282e-05
      },
      "38": {
        "cosine": -0.02147168666124344,
        "abs_cosine": 0.02147168666124344,
        "r_squared": 0.0004610333280786194
      },
      "39": {
        "cosine": 0.0068357824347913265,
        "abs_cosine": 0.0068357824347913265,
        "r_squared": 4.6727921495801636e-05
      },
      "40": {
        "cosine": -0.037776242941617966,
        "abs_cosine": 0.037776242941617966,
        "r_squared": 0.0014270445307841412
      }
    }
  },
  "control_profile": {
    "probe_type": "control",
    "n_layers": 35,
    "overall_mean_r2": 0.0003224040905643208,
    "overall_mean_abs_cos": 0.015309878142683633,
    "peak_layer": 34,
    "peak_cosine": -0.03356324881315231,
    "peak_abs_cosine": 0.03356324881315231,
    "peak_r2": 0.0011264916708935702,
    "onset_layer": null,
    "band_stats": {
      "early": {
        "mean_cos": -0.010893634613603353,
        "mean_abs_cos": 0.010893634613603353,
        "mean_r2": 0.00013328606237632306,
        "max_r2": 0.00022381314505054428,
        "r2_fraction": 0.05905900889914955,
        "n_layers": 5
      },
      "middle": {
        "mean_cos": -0.011301759250151614,
        "mean_abs_cos": 0.015028983843512833,
        "mean_r2": 0.0003246041945414445,
        "max_r2": 0.001112873242357662,
        "r2_fraction": 0.431496024542997,
        "n_layers": 15
      },
      "late": {
        "mean_cos": -0.017062853618214528,
        "mean_abs_cos": 0.017062853618214528,
        "mean_r2": 0.0003832433293165296,
        "max_r2": 0.0011264916708935702,
        "r2_fraction": 0.5094449665578533,
        "n_layers": 15
      }
    },
    "normalized_entropy": 0.8567081752174922,