{
  "dim_name": "3_agency",
  "dim_id": 3,
  "reading_profile": {
    "probe_type": "reading",
    "n_layers": 35,
    "overall_mean_r2": 0.0003322406819519734,
    "overall_mean_abs_cos": 0.015231487174917544,
    "peak_layer": 40,
    "peak_cosine": -0.03586837276816368,
    "peak_abs_cosine": 0.03586837276816368,
    "peak_r2": 0.001286540165035946,
    "onset_layer": null,
    "band_stats": {
      "early": {
        "mean_cos": -0.0004715235438197851,
        "mean_abs_cos": 0.019335730513557792,
        "mean_r2": 0.0004993630961720832,
        "max_r2": 0.001265324768405185,
        "r2_fraction": 0.21471658662725884,
        "n_layers": 5
      },
      "middle": {
        "mean_cos": -0.006161086012919744,
        "mean_abs_cos": 0.014849682028094927,
        "mean_r2": 0.0002866023365520384,
        "max_r2": 0.0009352702043523599,
        "r2_fraction": 0.3697005799722381,
        "n_layers": 15
      },
      "late": {
        "mean_cos": -0.010646875823537509,
        "mean_abs_cos": 0.01424521120886008,
        "mean_r2": 0.00032217155594520513,
        "max_r2": 0.001286540165035946,
        "r2_fraction": 0.41558283340050306,
        "n_layers": 15
      }
    },
    "normalized_entropy": 0.8441077423107175,
    "near_peak_layers": [
      10,
      16,
      33,
      40
    ],
    "near_peak_fraction": 0.11428571428571428,
    "sign_consistency": 0.6571428571428571,
    "dominant_sign": "negative",
    "profile_type": "negligible",
    "per_layer": {
      "6": {
        "cosine": 0.023869045078754425,
        "abs_cosine": 0.023869045078754425,
        "r_squared": 0.0005697313129716108
      },
      "7": {
        "cosine": -0.010290823876857758,
        "abs_cosine": 0.010290823876857758,
        "r_squared": 0.00010590105606450573
      },
      "8": {
        "cosine": -0.003655907465144992,
        "abs_cosine": 0.003655907465144992,
        "r_squared": 1.336565939370288e-05
      },
      "9": {
        "cosine": 0.02329147234559059,
        "abs_cosine": 0.02329147234559059,
        "r_squared": 0.0005424926840254113
      },
      "10": {
        "cosine": -0.03557140380144119,
        "abs_cosine": 0.03557140380144119,
        "r_squared": 0.001265324768405185
      },
      "11": {
        "cosine": 0.014172124676406384,
        "abs_cosine": 0.014172124676406384,
        "r_squared": 0.00020084911784360674
      },
      "12": {
        "cosine": -0.028303615748882294,
        "abs_cosine": 0.028303615748882294,
        "r_squared": 0.0008010946644603778
      },
      "13": {
        "cosine": -0.01132482010871172,
        "abs_cosine": 0.01132482010871172,
        "r_squared": 0.00012825155049468132
      },
      "14": {
        "cosine": -0.01917942427098751,
        "abs_cosine": 0.01917942427098751,
        "r_squared": 0.0003678503153665448
      },
      "15": {
        "cosine": -0.015356079675257206,
        "abs_cosine": 0.015356079675257206,
        "r_squared": 0.00023580918299284746
      },
      "16": {
        "cosine": -0.030582187697291374,
        "abs_cosine": 0.030582187697291374,
        "r_squared": 0.0009352702043523599
      },
      "17": {
        "cosine": -0.021923311054706573,
        "abs_cosine": 0.021923311054706573,
        "r_squared": 0.00048063156760141945
      },
      "18": {
        "cosine": 0.006761397235095501,
        "abs_cosine": 0.006761397235095501,
        "r_squared": 4.5716492570757085e-05
      },
      "19": {
        "cosine": -0.017055338248610497,
        "abs_cosine": 0.017055338248610497,
        "r_squared": 0.00029088456277451616
      },
      "20": {
        "cosine": -0.006232808344066143,
        "abs_cosine": 0.006232808344066143,
        "r_squared": 3.8847899853860536e-05
      },
      "21": {
        "cosine": 0.01672615483403206,
        "abs_cosine": 0.01672615483403206,
        "r_squared": 0.000279764255532014
      },
      "22": {
        "cosine": 0.0019837510772049427,
        "abs_cosine": 0.0019837510772049427,
        "r_squared": 3.9352683363117705e-06
      },
      "23": {
        "cosine": 0.020052824169397354,
        "abs_cosine": 0.020052824169397354,
        "r_squared": 0.0004021157571687667
      },
      "24": {
        "cosine": -0.007623175159096718,
        "abs_cosine": 0.007623175159096718,
        "r_squared": 5.811279950626927e-05
      },
      "25": {
        "cosine": 0.005468218121677637,
        "abs_cosine": 0.005468218121677637,
        "r_squared": 2.9901409426243706e-05
      },
      "26": {
        "cosine": 0.008963551372289658,
        "abs_cosine": 0.008963551372289658,
        "r_squared": 8.03452532036758e-05
      },
      "27": {
        "cosine": 0.005641548428684473,
        "abs_cosine": 0.005641548428684473,
        "r_squared": 3.182706867319225e-05
      },
      "28": {
        "cosine": 0.0016580899246037006,
        "abs_cosine": 0.0016580899246037006,
        "r_squared": 2.7492621980723057e-06
      },
      "29": {
        "cosine": -0.02277348004281521,
        "abs_cosine": 0.02277348004281521,
        "r_squared": 0.0005186313932605026
      },
      "30": {
        "cosine": -0.01801563799381256,
        "abs_cosine": 0.01801563799381256,
        "r_squared": 0.0003245632123241027
      },
      "31": {
        "cosine": -0.0035165308509021997,
        "abs_cosine": 0.0035165308509021997,
        "r_squared": 1.2365989225346949e-05
      },
      "32": {
        "cosine": -0.004716494120657444,
        "abs_cosine": 0.004716494120657444,
        "r_squared": 2.2245316790196236e-05
      },
      "33": {
        "cosine": -0.03177887946367264,
        "abs_cosine": 0.03177887946367264,
        "r_squared": 0.0010098971799666345
      },
      "34": {
        "cosine": -0.0011130890343338251,
        "abs_cosine": 0.0011130890343338251,
        "r_squared": 1.2389671983542073e-06
      },
      "35": {
        "cosine": -0.020326821133494377,
        "abs_cosine": 0.020326821133494377,
        "r_squared": 0.00041317965739307363
      },
      "36": {
        "cosine": -0.02542778290808201,
        "abs_cosine": 0.02542778290808201,
        "r_squared": 0.0006465721436205475
      },
      "37": {
        "cosine": -0.004528278950601816,
        "abs_cosine": 0.004528278950601816,
        "r_squared": 2.0505310254463486e-05
      },
      "38": {
        "cosine": -0.01862528547644615,
        "abs_cosine": 0.01862528547644615,
        "r_squared": 0.00034690125907911595
      },
      "39": {
        "cosine": 0.01072432566434145,
        "abs_cosine": 0.01072432566434145,
        "r_squared": 0.00011501116095485268
      },
      "40": {
        "cosine": -0.03586837276816368,
        "abs_cosine": 0.03586837276816368,
        "r_squared": 0.001286540165035946
      }
    }
  },
  "control_profile": {
    "probe_type": "control",
    "n_layers": 35,
    "overall_mean_r2": 0.0003203687494674771,
    "overall_mean_abs_cos": 0.014935705298557877,
    "peak_layer": 29,
    "peak_cosine": -0.03594641387462616,
    "peak_abs_cosine": 0.03594641387462616,
    "peak_r2": 0.001292144670445916,
    "onset_layer": null,
    "band_stats": {
      "early": {
        "mean_cos": -0.01061197416856885,
        "mean_abs_cos": 0.01061197416856885,
        "mean_r2": 0.00013045925349075945,
        "max_r2": 0.00023577277287195608,
        "r2_fraction": 0.05817370216022776,
        "n_layers": 5
      },
      "middle": {
        "mean_cos": -0.01197488938147823,
        "mean_abs_cos": 0.015036975095669428,
        "mean_r2": 0.00032634277193865674,
        "max_r2": 0.0012010230596937177,
        "r2_fraction": 0.4365631423357925,
        "n_layers": 15
      },
      "late": {
        "mean_cos": -0.01627567921144267,
        "mean_abs_cos": 0.01627567921144267,
        "mean_r2": 0.00037769789232187,
        "max_r2": 0.001292144670445916,
        "r2_fraction": 0.5052631555039799,
        "n_layers": 15
      }
    },
    "normalized_entropy": 0.8439534345935088,