{
  "dim_name": "9_roles",
  "dim_id": 9,
  "reading_profile": {
    "probe_type": "reading",
    "n_layers": 35,
    "overall_mean_r2": 0.0003167554940966526,
    "overall_mean_abs_cos": 0.014880110061494634,
    "peak_layer": 10,
    "peak_cosine": -0.03751518949866295,
    "peak_abs_cosine": 0.03751518949866295,
    "peak_r2": 0.0014073894431205908,
    "onset_layer": null,
    "band_stats": {
      "early": {
        "mean_cos": -0.001378757506608963,
        "mean_abs_cos": 0.019284764677286147,
        "mean_r2": 0.0005034219267462271,
        "max_r2": 0.0014073894431205908,
        "r2_fraction": 0.22704394855629395,
        "n_layers": 5
      },
      "middle": {
        "mean_cos": -0.005916126250910262,
        "mean_abs_cos": 0.01461648898354421,
        "mean_r2": 0.00027497039638909964,
        "max_r2": 0.0008401594456693001,
        "r2_fraction": 0.37203602713003037,
        "n_layers": 15
      },
      "late": {
        "mean_cos": -0.010096051107393578,
        "mean_abs_cos": 0.013675512934181218,
        "mean_r2": 0.0002963184475876808,
        "max_r2": 0.0012010024033282107,
        "r2_fraction": 0.4009200243136758,
        "n_layers": 15
      }
    },
    "normalized_entropy": 0.8434710843408645,
    "near_peak_layers": [
      10,
      33,
      40
    ],
    "near_peak_fraction": 0.08571428571428572,
    "sign_consistency": 0.6571428571428571,
    "dominant_sign": "negative",
    "profile_type": "negligible",
    "per_layer": {
      "6": {
        "cosine": 0.022182418033480644,
        "abs_cosine": 0.022182418033480644,
        "r_squared": 0.0004920596698120873
      },
      "7": {
        "cosine": -0.00902958307415247,
        "abs_cosine": 0.00902958307415247,
        "r_squared": 8.153337049302076e-05
      },
      "8": {
        "cosine": -0.0051140328869223595,
        "abs_cosine": 0.0051140328869223595,
        "r_squared": 2.6153332368523442e-05
      },
      "9": {
        "cosine": 0.02258259989321232,
        "abs_cosine": 0.02258259989321232,
        "r_squared": 0.000509973817936913
      },
      "10": {
        "cosine": -0.03751518949866295,
        "abs_cosine": 0.03751518949866295,
        "r_squared": 0.0014073894431205908
      },
      "11": {
        "cosine": 0.014566768892109394,
        "abs_cosine": 0.014566768892109394,
        "r_squared": 0.00021219075595612594
      },
      "12": {
        "cosine": -0.027718767523765564,
        "abs_cosine": 0.027718767523765564,
        "r_squared": 0.0007683300730365605
      },
      "13": {
        "cosine": -0.011992197483778,
        "abs_cosine": 0.011992197483778,
        "r_squared": 0.0001438128004899314
      },
      "14": {
        "cosine": -0.021027183160185814,
        "abs_cosine": 0.021027183160185814,
        "r_squared": 0.00044214243165200187
      },
      "15": {
        "cosine": -0.012624009512364864,
        "abs_cosine": 0.012624009512364864,
        "r_squared": 0.00015936561616827858
      },
      "16": {
        "cosine": -0.028985504060983658,
        "abs_cosine": 0.028985504060983658,
        "r_squared": 0.0008401594456693001
      },
      "17": {
        "cosine": -0.019434066489338875,
        "abs_cosine": 0.019434066489338875,
        "r_squared": 0.0003776829403120442
      },
      "18": {
        "cosine": 0.0055402060970664024,
        "abs_cosine": 0.0055402060970664024,
        "r_squared": 3.069388359797174e-05
      },
      "19": {
        "cosine": -0.017406297847628593,
        "abs_cosine": 0.017406297847628593,
        "r_squared": 0.0003029792047603598
      },
      "20": {
        "cosine": -0.006523018702864647,
        "abs_cosine": 0.006523018702864647,
        "r_squared": 4.254977299792198e-05
      },
      "21": {
        "cosine": 0.016880808398127556,
        "abs_cosine": 0.016880808398127556,
        "r_squared": 0.0002849616921742938
      },
      "22": {
        "cosine": 0.0011565085733309388,
        "abs_cosine": 0.0011565085733309388,
        "r_squared": 1.3375120801879635e-06
      },
      "23": {
        "cosine": 0.019968995824456215,
        "abs_cosine": 0.019968995824456215,
        "r_squared": 0.00039876079423714975
      },
      "24": {
        "cosine": -0.008283569477498531,
        "abs_cosine": 0.008283569477498531,
        "r_squared": 6.861752328854529e-05
      },
      "25": {
        "cosine": 0.007139432709664106,
        "abs_cosine": 0.007139432709664106,
        "r_squared": 5.0971499415821764e-05
      },
      "26": {
        "cosine": 0.010358785279095173,
        "abs_cosine": 0.010358785279095173,
        "r_squared": 0.00010730443245839886
      },
      "27": {
        "cosine": 0.005038706585764885,
        "abs_cosine": 0.005038706585764885,
        "r_squared": 2.5388564057430424e-05
      },
      "28": {
        "cosine": 0.0002978919364977628,
        "abs_cosine": 0.0002978919364977628,
        "r_squared": 8.873960583038714e-08
      },
      "29": {
        "cosine": -0.020129235461354256,
        "abs_cosine": 0.020129235461354256,
        "r_squared": 0.0004051861202586417
      },
      "30": {
        "cosine": -0.017659662291407585,
        "abs_cosine": 0.017659662291407585,
        "r_squared": 0.000311863672246563
      },
      "31": {
        "cosine": -0.002264399081468582,
        "abs_cosine": 0.002264399081468582,
        "r_squared": 5.1275032001557586e-06
      },
      "32": {
        "cosine": -0.0036617633886635303,
        "abs_cosine": 0.0036617633886635303,
        "r_squared": 1.340851111455662e-05
      },
      "33": {
        "cosine": -0.03018328547477722,
        "abs_cosine": 0.03018328547477722,
        "r_squared": 0.0009110307220518976
      },
      "34": {
        "cosine": -0.004046176560223103,
        "abs_cosine": 0.004046176560223103,
        "r_squared": 1.637154475649886e-05
      },
      "35": {
        "cosine": -0.01908124051988125,
        "abs_cosine": 0.01908124051988125,
        "r_squared": 0.000364093739777558
      },
      "36": {
        "cosine": -0.025408601388335228,
        "abs_cosine": 0.025408601388335228,
        "r_squared": 0.0006455970245113109
      },
      "37": {
        "cosine": -0.0039154659025371075,
        "abs_cosine": 0.0039154659025371075,
        "r_squared": 1.5330873233930726e-05
      },
      "38": {
        "cosine": -0.017281418666243553,
        "abs_cosine": 0.017281418666243553,
        "r_squared": 0.0002986474311179911
      },
      "39": {
        "cosine": 0.011150579899549484,
        "abs_cosine": 0.011150579899549484,
        "r_squared": 0.00012433543209623699
      },
      "40": {
        "cosine": -0.034655481576919556,
        "abs_cosine": 0.034655481576919556,
        "r_squared": 0.0012010024033282107
      }
    }
  },
  "control_profile": {
    "probe_type": "control",
    "n_layers": 35,
    "overall_mean_r2": 0.0003229037869935856,
    "overall_mean_abs_cos": 0.014891325453312934,
    "peak_layer": 29,
    "peak_cosine": -0.03582385927438736,
    "peak_abs_cosine": 0.03582385927438736,
    "peak_r2": 0.0012833488933111092,
    "onset_layer": null,
    "band_stats": {
      "early": {
        "mean_cos": -0.010987779079005121,
        "mean_abs_cos": 0.010987779079005121,
        "mean_r2": 0.0001472283442473047,
        "max_r2": 0.0002928461679803686,
        "r2_fraction": 0.06513587469067256,
        "n_layers": 5
      },
      "middle": {
        "mean_cos": -0.012821525578813938,
        "mean_abs_cos": 0.015146775177951592,
        "mean_r2": 0.0003358171708405827,
        "max_r2": 0.0011553638739952299,
        "r2_fraction": 0.44571061239620263,
        "n_layers": 15
      },
      "late": {
        "mean_cos": -0.01593705785344355,
        "mean_abs_cos": 0.01593705785344355,
        "mean_r2": 0.00036854888406201533,
        "max_r2": 0.0012833488933111092,
        "r2_fraction": 0.48915351291312464,
        "n_layers": 15
      }
    },
    "normalized_entropy": 0.8438239191896678,