{
  "0_baseline": {
    "dim_id": 0,
    "entity_overlap": 0.9756097590051046,
    "reading_mean_r2": 0.0003259188310756926,
    "control_mean_r2": 0.0006960346068010957,
    "reading_boot_ci95": [
      0.00013059187933530119,
      0.0005563420821193971
    ],
    "control_boot_ci95": [
      0.00017321646959795716,
      0.0013911924970413578
    ]
  },
  "1_phenomenology": {
    "dim_id": 1,
    "entity_overlap": 0.5669274381021174,
    "reading_mean_r2": 0.0003022353713233418,
    "control_mean_r2": 0.000551948501595337,
    "reading_boot_ci95": [
      0.00018118807828657556,
      0.0005494628470990122
    ],
    "control_boot_ci95": [
      0.0003229311210499941,
      0.0009912611246850984
    ]
  },
  "2_emotions": {
    "dim_id": 2,
    "entity_overlap": 0.49406216984115,
    "reading_mean_r2": 0.0002810639372404865,
    "control_mean_r2": 0.0005780999890086946,
    "reading_boot_ci95": [
      0.0001877463798992097,
      0.00043972240038835
    ],
    "control_boot_ci95": [
      0.00040186029377063426,
      0.0009656643621452818
    ]
  },
  "3_agency": {
    "dim_id": 3,
    "entity_overlap": 0.5390474730875434,
    "reading_mean_r2": 0.0003209902249466692,
    "control_mean_r2": 0.0006537462578324743,
    "reading_boot_ci95": [
      0.00022897261058929516,
      0.000495870608841743
    ],
    "control_boot_ci95": [
      0.0004181594148580489,
      0.001104643925901994
    ]
  },
  "4_intentions": {
    "dim_id": 4,
    "entity_overlap": 0.4166012366370457,
    "reading_mean_r2": 0.0005153614654982939,
    "control_mean_r2": 0.0007923362417182892,
    "reading_boot_ci95": [
      0.0003475329272092452,
      0.0007075388319644304
    ],
    "control_boot_ci95": [
      0.0005282185782864222,
      0.0011770523597591375
    ]
  },
  "5_prediction": {
    "dim_id": 5,
    "entity_overlap": 0.5677882560142656,
    "reading_mean_r2": 0.0003789757855372475,
    "control_mean_r2": 0.0004917058521806464,
    "reading_boot_ci95": [
      0.000281686366577071,
      0.0005921768227510391
    ],
    "control_boot_ci95": [
      0.00033071927532627354,
      0.0009449850251302861
    ]
  },
  "6_cognitive": {
    "dim_id": 6,
    "entity_overlap": 0.2395757762033765,
    "reading_mean_r2": 0.0004979310434821779,
    "control_mean_r2": 0.0007334908430624294,
    "reading_boot_ci95": [
      0.00035466474082298144,
      0.0006861389785527095
    ],
    "control_boot_ci95": [
      0.00044823871017122386,
      0.0010809491106107453
    ]
  },
  "7_social": {
    "dim_id": 7,
    "entity_overlap": 0.5568320940180522,
    "reading_mean_r2": 0.000419185443707203,
    "control_mean_r2": 0.0008705505360095828,
    "reading_boot_ci95": [
      0.00029846684631488796,
      0.0005715200706417323
    ],
    "control_boot_ci95": [
      0.00048384783366678174,
      0.001448658945035077
    ]
  },
  "8_embodiment": {
    "dim_id": 8,
    "entity_overlap": 0.6324034182400238,
    "reading_mean_r2": 0.0002972468248019936,
    "control_mean_r2": 0.0006452488161832904,
    "reading_boot_ci95": [
      0.00021664671601953438,
      0.0004368948267058045
    ],
    "control_boot_ci95": [
      0.00040603288329162703,
      0.0011655173368458184
    ]
  },
  "9_roles": {
    "dim_id": 9,
    "entity_overlap": 0.683411560407499,
    "reading_mean_r2": 0.00022949369478407377,
    "control_mean_r2": 0.0003870426316286954,
    "reading_boot_ci95": [
      0.00014370277798812678,
      0.0005429883153914355
    ],
    "control_boot_ci95": [
      0.00025605881491285934,
      0.0008518997162838159
    ]
  },
  "10_animacy": {
    "dim_id": 10,
    "entity_overlap": 0.7429141413147856,
    "reading_mean_r2": 0.00022363932423494662,
    "control_mean_r2": 0.0005231722695616194,
    "reading_boot_ci95": [
      0.00012997028319407066,
      0.0003958346890927183
    ],
    "control_boot_ci95": [
      0.00035806692064707527,
      0.0008782399983682023
    ]
  },
  "11_formality": {
    "dim_id": 11,
    "entity_overlap": 0.23351308903316173,
    "reading_mean_r2": 0.000538287310217308,
    "control_mean_r2": 0.0010196832997909158,
    "reading_boot_ci95": [
      0.00029515414530129617,
      0.0007374192577622102
    ],
    "control_boot_ci95": [
      0.0004450249119718573,
      0.001360147190061124
    ]
  },
  "12_expertise": {
    "dim_id": 12,
    "entity_overlap": 0.17305628823616157,
    "reading_mean_r2": 0.0002032216286505446,
    "control_mean_r2": 0.0001603794132309678,
    "reading_boot_ci95": [
      0.00016747897393492407,
      0.00027724689987915837
    ],
    "control_boot_ci95": [
      0.00013330032182311724,
      0.00032960934422780796
    ]
  },
  "13_helpfulness": {
    "dim_id": 13,
    "entity_overlap": 0.19644393165391394,
    "reading_mean_r2": 0.0003148947317185418,
    "control_mean_r2": 0.0009300768429831019,
    "reading_boot_ci95": [
      0.0001770200549187921,
      0.00044835129189420823
    ],
    "control_boot_ci95": [
      0.00035585366007724487,
      0.0012571236736722367
    ]
  },
  "14_biological": {
    "dim_id": 14,
    "entity_overlap": 0.5145828683928746,
    "reading_mean_r2": 0.00025344934394534426,
    "control_mean_r2": 0.000884259235820125,
    "reading_boot_ci95": [
      0.00020168537636289772,
      0.0003465547098181338
    ],
    "control_boot_ci95": [
      0.0005913877897120987,
      0.0013396340251966652
    ]
  },
  "15_shapes": {
    "dim_id": 15,
    "entity_overlap": 0.1273111758708227,
    "reading_mean_r2": 0.0003848139545426761,
    "control_mean_r2": 0.0003256900732264269,
    "reading_boot_ci95": [
      0.0002351457799854485,
      0.0005030486730125984
    ],
    "control_boot_ci95": [
      0.0001757576552402631,
      0.0006821202717945941
    ]
  },
  "16_mind": {
    "dim_id": 16,
    "entity_overlap": 0.6316027059787657,
    "reading_mean_r2": 0.0003551358292239555,
    "control_mean_r2": 0.0007181619564471508,
    "reading_boot_ci95": [
      0.00028305233635697385,
      0.0005170606964763793
    ],
    "control_boot_ci95": [
      0.0005099322880772905,
      0.0011470012354639972
    ]
  },
  "17_attention": {
    "dim_id": 17,
    "entity_overlap": 0.4182856680779922,
    "reading_mean_r2": 0.00046695475353181144,
    "control_mean_r2": 0.0006195629101391147,
    "reading_boot_ci95": [
      0.0003484974187775045,
      0.0006142710239996985
    ],
    "control_boot_ci95": [
      0.00040621366311040225,
      0.0009703479417015826
    ]
  },
  "18_sysprompt_labeled": {
    "dim_id": 18,
    "entity_overlap": 0.28293701388487,
    "reading_mean_r2": 0.00021906918552903589,
    "control_mean_r2": 0.0002958072875987465,
    "reading_boot_ci95": [
      0.00017390731354921762,
      0.0002860143284616524
    ],
    "control_boot_ci95": [
      0.00023700375523686234,
      0.0003982486335378365
    ]
  }
}