{
  "dim_name": "10_animacy",
  "dim_id": 10,
  "reading_profile": {
    "probe_type": "reading",
    "n_layers": 35,
    "overall_mean_r2": 0.0002768124643125339,
    "overall_mean_abs_cos": 0.01268945884159101,
    "peak_layer": 7,
    "peak_cosine": -0.053627047687768936,
    "peak_abs_cosine": 0.053627047687768936,
    "peak_r2": 0.0028758602437062436,
    "onset_layer": 7,
    "band_stats": {
      "early": {
        "mean_cos": -0.018342708237469196,
        "mean_abs_cos": 0.02560483757406473,
        "mean_r2": 0.0008766918486837404,
        "max_r2": 0.0028758602437062436,
        "r2_fraction": 0.4524423890381692,
        "n_layers": 5
      },
      "middle": {
        "mean_cos": -0.008305013011946964,
        "mean_abs_cos": 0.009472107876596662,
        "mean_r2": 0.00014808553293189583,
        "max_r2": 0.0005137590318376462,
        "r2_fraction": 0.22927157040056118,
        "n_layers": 15
      },
      "late": {
        "mean_cos": -0.010854852631261262,
        "mean_abs_cos": 0.011601683562427448,
        "mean_r2": 0.00020557960090276974,
        "max_r2": 0.0009118367684976016,
        "r2_fraction": 0.3182860405612697,
        "n_layers": 15
      }
    },
    "normalized_entropy": 0.7490905609046346,
    "near_peak_layers": [
      7
    ],
    "near_peak_fraction": 0.02857142857142857,
    "sign_consistency": 0.8,
    "dominant_sign": "negative",
    "profile_type": "mixed",
    "per_layer": {
      "6": {
        "cosine": -0.011744075454771519,
        "abs_cosine": 0.011744075454771519,
        "r_squared": 0.00013792330828736685
      },
      "7": {
        "cosine": -0.053627047687768936,
        "abs_cosine": 0.053627047687768936,
        "r_squared": 0.0028758602437062436
      },
      "8": {
        "cosine": -0.027250641956925392,
        "abs_cosine": 0.027250641956925392,
        "r_squared": 0.0007425974870645426
      },
      "9": {
        "cosine": -0.017247099429368973,
        "abs_cosine": 0.017247099429368973,
        "r_squared": 0.00029746243872653955
      },
      "10": {
        "cosine": 0.018155323341488838,
        "abs_cosine": 0.018155323341488838,
        "r_squared": 0.00032961576563400943
      },
      "11": {
        "cosine": -0.01903945952653885,
        "abs_cosine": 0.01903945952653885,
        "r_squared": 0.00036250101906271093
      },
      "12": {
        "cosine": -0.00722216023132205,
        "abs_cosine": 0.00722216023132205,
        "r_squared": 5.215959840688977e-05
      },
      "13": {
        "cosine": -0.0009266062988899648,
        "abs_cosine": 0.0009266062988899648,
        "r_squared": 8.585992331425588e-07
      },
      "14": {
        "cosine": -0.004284178372472525,
        "abs_cosine": 0.004284178372472525,
        "r_squared": 1.835418432716133e-05
      },
      "15": {
        "cosine": -0.022173507139086723,
        "abs_cosine": 0.022173507139086723,
        "r_squared": 0.0004916644188471299
      },
      "16": {
        "cosine": -0.02266625314950943,
        "abs_cosine": 0.02266625314950943,
        "r_squared": 0.0005137590318376462
      },
      "17": {
        "cosine": 0.0001325349003309384,
        "abs_cosine": 0.0001325349003309384,
        "r_squared": 1.7565499805731775e-08
      },
      "18": {
        "cosine": -0.006163305137306452,
        "abs_cosine": 0.006163305137306452,
        "r_squared": 3.79863302155481e-05
      },
      "19": {
        "cosine": -0.001899692346341908,
        "abs_cosine": 0.001899692346341908,
        "r_squared": 3.6088310107500237e-06
      },
      "20": {
        "cosine": -0.006588647607713938,
        "abs_cosine": 0.006588647607713938,
        "r_squared": 4.3410277298634595e-05
      },
      "21": {
        "cosine": -0.00853115227073431,
        "abs_cosine": 0.00853115227073431,
        "r_squared": 7.278055906645518e-05
      },
      "22": {
        "cosine": -0.0021117213182151318,
        "abs_cosine": 0.0021117213182151318,
        "r_squared": 4.459366925804254e-06
      },
      "23": {
        "cosine": -0.020458322018384933,
        "abs_cosine": 0.020458322018384933,
        "r_squared": 0.0004185429398079338
      },
      "24": {
        "cosine": 0.008620676584541798,
        "abs_cosine": 0.008620676584541798,
        "r_squared": 7.431606477526723e-05
      },
      "25": {
        "cosine": -0.011263401247560978,
        "abs_cosine": 0.011263401247560978,
        "r_squared": 0.0001268642076635582
      },
      "26": {
        "cosine": -0.013019907288253307,
        "abs_cosine": 0.013019907288253307,
        "r_squared": 0.0001695179857947116
      },
      "27": {
        "cosine": -0.03019663505256176,
        "abs_cosine": 0.03019663505256176,
        "r_squared": 0.0009118367684976016
      },
      "28": {
        "cosine": 0.0001284715108340606,
        "abs_cosine": 0.0001284715108340606,
        "r_squared": 1.6504929095986153e-08
      },
      "29": {
        "cosine": -0.013342231512069702,
        "abs_cosine": 0.013342231512069702,
        "r_squared": 0.00017801514172166577
      },
      "30": {
        "cosine": -0.009062102995812893,
        "abs_cosine": 0.009062102995812893,
        "r_squared": 8.212171070672101e-05
      },
      "31": {
        "cosine": -0.01256976556032896,
        "abs_cosine": 0.01256976556032896,
        "r_squared": 0.00015799900624163202
      },
      "32": {
        "cosine": 0.0007021932979114354,
        "abs_cosine": 0.0007021932979114354,
        "r_squared": 4.930754276317378e-07
      },
      "33": {
        "cosine": -0.013960589654743671,
        "abs_cosine": 0.013960589654743671,
        "r_squared": 0.00019489806350813602
      },
      "34": {
        "cosine": -0.0034680915996432304,
        "abs_cosine": 0.0034680915996432304,
        "r_squared": 1.2027659343515941e-05
      },
      "35": {
        "cosine": 0.0021846808958798647,
        "abs_cosine": 0.0021846808958798647,
        "r_squared": 4.772830616822448e-06
      },
      "36": {
        "cosine": 0.0025858862791210413,
        "abs_cosine": 0.0025858862791210413,
        "r_squared": 6.686807848546464e-06
      },
      "37": {
        "cosine": -0.019418315961956978,
        "abs_cosine": 0.019418315961956978,
        "r_squared": 0.00037707099479839315
      },
      "38": {
        "cosine": -0.01594015769660473,
        "abs_cosine": 0.01594015769660473,
        "r_squared": 0.00025408862739262697
      },
      "39": {
        "cosine": -0.022787529975175858,
        "abs_cosine": 0.022787529975175858,
        "r_squared": 0.0005192715223695382
      },
      "40": {
        "cosine": -0.01465869415551424,
        "abs_cosine": 0.01465869415551424,
        "r_squared": 0.00021487731434490735
      }
    }
  },
  "control_profile": {
    "probe_type": "control",
    "n_layers": 35,
    "overall_mean_r2": 0.0005252588009918526,
    "overall_mean_abs_cos": 0.01741404976065886,
    "peak_layer": 6,
    "peak_cosine": 0.077873595058918,
    "peak_abs_cosine": 0.077873595058918,
    "peak_r2": 0.006064296807400338,
    "onset_layer": 6,
    "band_stats": {
      "early": {
        "mean_cos": 0.015544699691236018,
        "mean_abs_cos": 0.030711580626666547,
        "mean_r2": 0.001559292862733284,
        "max_r2": 0.006064296807400338,
        "r2_fraction": 0.42408832146549263,
        "n_layers": 5
      },
      "middle": {
        "mean_cos": -0.016598674069003512,
        "mean_abs_cos": 0.017210294286875674,
        "mean_r2": 0.00044174481319924036,
        "max_r2": 0.0015615956694967625,
        "r2_fraction": 0.36043033510209355,
        "n_layers": 15
      },
      "late": {
        "mean_cos": -0.009481119012101165,
        "mean_abs_cos": 0.013185294945772814,
        "mean_r2": 0.0002640947682039876,
        "max_r2": 0.0010323677329893144,
        "r2_fraction": 0.21548134343241376,
        "n_layers": 15
      }
    },
    "normalized_entropy": 0.7354542097616048,
    "near_peak_layers": [
      6
    ],