{
  "dim_name": "9_roles",
  "dim_id": 9,
  "reading_profile": {
    "probe_type": "reading",
    "n_layers": 35,
    "overall_mean_r2": 0.0008239126070991347,
    "overall_mean_abs_cos": 0.024946091763143028,
    "peak_layer": 21,
    "peak_cosine": 0.05761144310235977,
    "peak_abs_cosine": 0.05761144310235977,
    "peak_r2": 0.0033190783763364373,
    "onset_layer": 17,
    "band_stats": {
      "early": {
        "mean_cos": -0.021896541118621826,
        "mean_abs_cos": 0.022191959619522094,
        "mean_r2": 0.0006228318739626801,
        "max_r2": 0.0012136754939158362,
        "r2_fraction": 0.10799201423551325,
        "n_layers": 5
      },
      "middle": {
        "mean_cos": 0.027638952682415643,
        "mean_abs_cos": 0.03617239519953728,
        "mean_r2": 0.0014199012137435735,
        "max_r2": 0.0033190783763364373,
        "r2_fraction": 0.7385845129217319,
        "n_layers": 15
      },
      "late": {
        "mean_cos": 0.012006608016478518,
        "mean_abs_cos": 0.014637832374622425,
        "mean_r2": 0.00029495091150018066,
        "max_r2": 0.0009770284496846277,
        "r2_fraction": 0.15342347284275484,
        "n_layers": 15
      }
    },
    "normalized_entropy": 0.8805160138343965,
    "near_peak_layers": [
      17,
      21
    ],
    "near_peak_fraction": 0.05714285714285714,
    "sign_consistency": 0.7142857142857143,
    "dominant_sign": "positive",
    "profile_type": "middle-concentrated",
    "per_layer": {
      "6": {
        "cosine": -0.02324243076145649,
        "abs_cosine": 0.02324243076145649,
        "r_squared": 0.0005402105877010989
      },
      "7": {
        "cosine": -0.03483784571290016,
        "abs_cosine": 0.03483784571290016,
        "r_squared": 0.0012136754939158362
      },
      "8": {
        "cosine": -0.02651047706604004,
        "abs_cosine": 0.02651047706604004,
        "r_squared": 0.0007028053942690349
      },
      "9": {
        "cosine": 0.0007385462522506714,
        "abs_cosine": 0.0007385462522506714,
        "r_squared": 5.454505667135123e-07
      },
      "10": {
        "cosine": -0.025630498304963112,
        "abs_cosine": 0.025630498304963112,
        "r_squared": 0.000656922443360717
      },
      "11": {
        "cosine": -0.02464827336370945,
        "abs_cosine": 0.02464827336370945,
        "r_squared": 0.0006075373798121488
      },
      "12": {
        "cosine": -0.027490537613630295,
        "abs_cosine": 0.027490537613630295,
        "r_squared": 0.000755729658286422
      },
      "13": {
        "cosine": -0.011862007901072502,
        "abs_cosine": 0.011862007901072502,
        "r_squared": 0.00014070723144510647
      },
      "14": {
        "cosine": 0.04080222174525261,
        "abs_cosine": 0.04080222174525261,
        "r_squared": 0.0016648212993487649
      },
      "15": {
        "cosine": 0.03504026308655739,
        "abs_cosine": 0.03504026308655739,
        "r_squared": 0.0012278200371751563
      },
      "16": {
        "cosine": 0.0311601385474205,
        "abs_cosine": 0.0311601385474205,
        "r_squared": 0.0009709542342944411
      },
      "17": {
        "cosine": 0.05191408470273018,
        "abs_cosine": 0.05191408470273018,
        "r_squared": 0.0026950721905222436
      },
      "18": {
        "cosine": 0.04066456854343414,
        "abs_cosine": 0.04066456854343414,
        "r_squared": 0.0016536071348236536
      },
      "19": {
        "cosine": 0.03204956650733948,
        "abs_cosine": 0.03204956650733948,
        "r_squared": 0.0010271747133083764
      },
      "20": {
        "cosine": 0.040633704513311386,
        "abs_cosine": 0.040633704513311386,
        "r_squared": 0.0016510979424751021
      },
      "21": {
        "cosine": 0.05761144310235977,
        "abs_cosine": 0.05761144310235977,
        "r_squared": 0.0033190783763364373
      },
      "22": {
        "cosine": 0.04140200465917587,
        "abs_cosine": 0.04140200465917587,
        "r_squared": 0.0017141259897984207
      },
      "23": {
        "cosine": 0.039165791124105453,
        "abs_cosine": 0.039165791124105453,
        "r_squared": 0.0015339591943770575
      },
      "24": {
        "cosine": 0.03682864084839821,
        "abs_cosine": 0.03682864084839821,
        "r_squared": 0.0013563487867403051
      },
      "25": {
        "cosine": 0.03131268173456192,
        "abs_cosine": 0.03131268173456192,
        "r_squared": 0.0009804840374099677
      },
      "26": {
        "cosine": 0.025213828310370445,
        "abs_cosine": 0.025213828310370445,
        "r_squared": 0.0006357371380648381
      },
      "27": {
        "cosine": 0.015369989909231663,
        "abs_cosine": 0.015369989909231663,
        "r_squared": 0.00023623658980988314
      },
      "28": {
        "cosine": 0.03125745430588722,
        "abs_cosine": 0.03125745430588722,
        "r_squared": 0.0009770284496846277
      },
      "29": {
        "cosine": 0.017205487936735153,
        "abs_cosine": 0.017205487936735153,
        "r_squared": 0.0002960288151411389
      },
      "30": {
        "cosine": 0.017333805561065674,
        "abs_cosine": 0.017333805561065674,
        "r_squared": 0.0003004608152288313
      },
      "31": {
        "cosine": 0.010050221346318722,
        "abs_cosine": 0.010050221346318722,
        "r_squared": 0.0001010069491100005
      },
      "32": {
        "cosine": 0.0283054132014513,
        "abs_cosine": 0.0283054132014513,
        "r_squared": 0.0008011964165048936
      },
      "33": {
        "cosine": 0.015610947273671627,
        "abs_cosine": 0.015610947273671627,
        "r_squared": 0.0002437016747813556
      },
      "34": {
        "cosine": 0.009464357979595661,
        "abs_cosine": 0.009464357979595661,
        "r_squared": 8.957407196593607e-05
      },
      "35": {
        "cosine": 0.020570263266563416,
        "abs_cosine": 0.020570263266563416,
        "r_squared": 0.0004231357308557282
      },
      "36": {
        "cosine": 0.008597897365689278,
        "abs_cosine": 0.008597897365689278,
        "r_squared": 7.392383911092662e-05
      },
      "37": {
        "cosine": 0.0008536364766769111,
        "abs_cosine": 0.0008536364766769111,
        "r_squared": 7.286952343133706e-07
      },
      "38": {
        "cosine": -0.015205000527203083,
        "abs_cosine": 0.015205000527203083,
        "r_squared": 0.00023119204103224603
      },
      "39": {
        "cosine": -0.003688617143779993,
        "abs_cosine": 0.003688617143779993,
        "r_squared": 1.3605896433387674e-05
      },
      "40": {
        "cosine": -0.0008405650150962174,
        "abs_cosine": 0.0008405650150962174,
        "r_squared": 7.065495446037042e-07
      }
    }
  },
  "control_profile": {
    "probe_type": "control",
    "n_layers": 35,
    "overall_mean_r2": 0.001317688825795125,
    "overall_mean_abs_cos": 0.02721502760624779,
    "peak_layer": 6,
    "peak_cosine": 0.1174660474061966,
    "peak_abs_cosine": 0.1174660474061966,
    "peak_r2": 0.013798272293234826,
    "onset_layer": 6,
    "band_stats": {
      "early": {
        "mean_cos": 0.058710511028766635,
        "mean_abs_cos": 0.058710511028766635,
        "mean_r2": 0.004502502749595844,
        "max_r2": 0.013798272293234826,
        "r2_fraction": 0.48813852399906393,
        "n_layers": 5
      },
      "middle": {
        "mean_cos": 0.02760967823366324,
        "mean_abs_cos": 0.029802942710618178,
        "mean_r2": 0.0013191884274952818,
        "max_r2": 0.0052989324931138615,
        "r2_fraction": 0.42905916621505363,
        "n_layers": 15
      },
      "late": {
        "mean_cos": 0.004576289816759527,
        "mean_abs_cos": 0.014128618027704458,
        "mean_r2": 0.00025458458282806237,
        "max_r2": 0.000533893838723154,
        "r2_fraction": 0.08280230978588263,
        "n_layers": 15
      }
    },
    "normalized_entropy": 0.720985495446315,
    "near_peak_layers": [
      6
    ],
    "near_peak_fraction": 0.02857142857142857,