{
  "dim_name": "10_animacy",
  "dim_id": 10,
  "reading_profile": {
    "probe_type": "reading",
    "n_layers": 35,
    "overall_mean_r2": 0.0002458093448807139,
    "overall_mean_abs_cos": 0.013422594870124677,
    "peak_layer": 27,
    "peak_cosine": -0.03394988179206848,
    "peak_abs_cosine": 0.03394988179206848,
    "peak_r2": 0.001152594473695423,
    "onset_layer": null,
    "band_stats": {
      "early": {
        "mean_cos": -0.0024556061311159284,
        "mean_abs_cos": 0.012201563076814637,
        "mean_r2": 0.0002408519612847048,
        "max_r2": 0.0007063427478315766,
        "r2_fraction": 0.13997605769369473,
        "n_layers": 5
      },
      "middle": {
        "mean_cos": -0.0048146879766136404,
        "mean_abs_cos": 0.01315001561306417,
        "mean_r2": 0.00020014507848764132,
        "max_r2": 0.0005237969016650725,
        "r2_fraction": 0.34895525331070976,
        "n_layers": 15
      },
      "late": {
        "mean_cos": -0.011977271377691067,
        "mean_abs_cos": 0.014102184724955199,
        "mean_r2": 0.0002931260724724561,
        "max_r2": 0.001152594473695423,
        "r2_fraction": 0.5110686889955954,
        "n_layers": 15
      }
    },
    "normalized_entropy": 0.8626262786723671,
    "near_peak_layers": [
      26,
      27
    ],
    "near_peak_fraction": 0.05714285714285714,
    "sign_consistency": 0.6857142857142857,
    "dominant_sign": "negative",
    "profile_type": "negligible",
    "per_layer": {
      "6": {
        "cosine": -0.026577109470963478,
        "abs_cosine": 0.026577109470963478,
        "r_squared": 0.0007063427478315766
      },
      "7": {
        "cosine": 0.0003688060387503356,
        "abs_cosine": 0.0003688060387503356,
        "r_squared": 1.3601789421871403e-07
      },
      "8": {
        "cosine": 0.004630738403648138,
        "abs_cosine": 0.004630738403648138,
        "r_squared": 2.1443738163021706e-05
      },
      "9": {
        "cosine": -0.010065813548862934,
        "abs_cosine": 0.010065813548862934,
        "r_squared": 0.00010132060240047262
      },
      "10": {
        "cosine": 0.019365347921848297,
        "abs_cosine": 0.019365347921848297,
        "r_squared": 0.00037501670013423416
      },
      "11": {
        "cosine": -0.011779844760894775,
        "abs_cosine": 0.011779844760894775,
        "r_squared": 0.0001387647425907801
      },
      "12": {
        "cosine": 0.009380853734910488,
        "abs_cosine": 0.009380853734910488,
        "r_squared": 8.800041679578405e-05
      },
      "13": {
        "cosine": 0.007836640812456608,
        "abs_cosine": 0.007836640812456608,
        "r_squared": 6.141293922346056e-05
      },
      "14": {
        "cosine": 0.022220859304070473,
        "abs_cosine": 0.022220859304070473,
        "r_squared": 0.0004937665882112953
      },
      "15": {
        "cosine": 0.01501606684178114,
        "abs_cosine": 0.01501606684178114,
        "r_squared": 0.000225482263396839
      },
      "16": {
        "cosine": -0.013159998692572117,
        "abs_cosine": 0.013159998692572117,
        "r_squared": 0.00017318556558849982
      },
      "17": {
        "cosine": -0.014849526807665825,
        "abs_cosine": 0.014849526807665825,
        "r_squared": 0.00022050844641158598
      },
      "18": {
        "cosine": -0.015947096049785614,
        "abs_cosine": 0.015947096049785614,
        "r_squared": 0.00025430987242108793
      },
      "19": {
        "cosine": -0.012937119230628014,
        "abs_cosine": 0.012937119230628014,
        "r_squared": 0.00016736905398748517
      },
      "20": {
        "cosine": -0.014713465236127377,
        "abs_cosine": 0.014713465236127377,
        "r_squared": 0.00021648605925472884
      },
      "21": {
        "cosine": 0.004456026945263147,
        "abs_cosine": 0.004456026945263147,
        "r_squared": 1.9856176136911216e-05
      },
      "22": {
        "cosine": -0.013452073559165001,
        "abs_cosine": 0.013452073559165001,
        "r_squared": 0.00018095828304118614
      },
      "23": {
        "cosine": -0.015009542927145958,
        "abs_cosine": 0.015009542927145958,
        "r_squared": 0.00022528637888183725
      },
      "24": {
        "cosine": 0.003604509634897113,
        "abs_cosine": 0.003604509634897113,
        "r_squared": 1.2992489708066118e-05
      },
      "25": {
        "cosine": -0.0228866096585989,
        "abs_cosine": 0.0228866096585989,
        "r_squared": 0.0005237969016650725
      },
      "26": {
        "cosine": -0.02983197197318077,
        "abs_cosine": 0.02983197197318077,
        "r_squared": 0.000889946551808643
      },
      "27": {
        "cosine": -0.03394988179206848,
        "abs_cosine": 0.03394988179206848,
        "r_squared": 0.001152594473695423
      },
      "28": {
        "cosine": -0.01791834458708763,
        "abs_cosine": 0.01791834458708763,
        "r_squared": 0.0003210670727416126
      },
      "29": {
        "cosine": -0.020147817209362984,
        "abs_cosine": 0.020147817209362984,
        "r_squared": 0.0004059345383019032
      },
      "30": {
        "cosine": -0.010863473638892174,
        "abs_cosine": 0.010863473638892174,
        "r_squared": 0.00011801505950290517
      },
      "31": {
        "cosine": -0.010185914114117622,
        "abs_cosine": 0.010185914114117622,
        "r_squared": 0.00010375284634018059
      },
      "32": {
        "cosine": -0.0015027569606900215,
        "abs_cosine": 0.0015027569606900215,
        "r_squared": 2.258278482902311e-06
      },
      "33": {
        "cosine": -0.014685013331472874,
        "abs_cosine": 0.014685013331472874,
        "r_squared": 0.00021564961654553603
      },
      "34": {
        "cosine": 0.011926618404686451,
        "abs_cosine": 0.011926618404686451,
        "r_squared": 0.00014224422657100558
      },
      "35": {
        "cosine": 0.004010231699794531,
        "abs_cosine": 0.004010231699794531,
        "r_squared": 1.6081958286036932e-05
      },
      "36": {
        "cosine": -0.00249178777448833,
        "abs_cosine": 0.00249178777448833,
        "r_squared": 6.209006313089504e-06
      },
      "37": {
        "cosine": -0.014917002990841866,
        "abs_cosine": 0.014917002990841866,
        "r_squared": 0.00022251697822878516
      },
      "38": {
        "cosine": -0.014919147826731205,
        "abs_cosine": 0.014919147826731205,
        "r_squared": 0.00022258097187585844
      },
      "39": {
        "cosine": -0.0240420401096344,
        "abs_cosine": 0.0240420401096344,
        "r_squared": 0.0005780196926332692
      },
      "40": {
        "cosine": -0.00014076846127863973,
        "abs_cosine": 0.00014076846127863973,
        "r_squared": 1.9815759690755894e-08
      }
    }
  },
  "control_profile": {
    "probe_type": "control",
    "n_layers": 35,
    "overall_mean_r2": 0.0003016057974842455,
    "overall_mean_abs_cos": 0.014520767148184989,
    "peak_layer": 37,
    "peak_cosine": -0.0360553115606308,
    "peak_abs_cosine": 0.0360553115606308,
    "peak_r2": 0.001299985491734157,
    "onset_layer": null,
    "band_stats": {
      "early": {
        "mean_cos": -0.009869027510285377,
        "mean_abs_cos": 0.013498010486364365,
        "mean_r2": 0.0002232615998111042,
        "max_r2": 0.0006644563698719776,
        "r2_fraction": 0.1057490092192117,
        "n_layers": 5
      },
      "middle": {
        "mean_cos": -0.006053954005862275,
        "mean_abs_cos": 0.015185826101029913,
        "mean_r2": 0.0003141130086088256,
        "max_r2": 0.0009902280069169628,
        "r2_fraction": 0.4463437439042787,
        "n_layers": 15
      },
      "late": {
        "mean_cos": -0.011467775943068166,
        "mean_abs_cos": 0.014196627082613607,
        "mean_r2": 0.00031521331891737916,
        "max_r2": 0.001299985491734157,
        "r2_fraction": 0.44790724687650957,
        "n_layers": 15
      }
    },
    "normalized_entropy": 0.8374438554952378,