{
  "dim_name": "14_biological",
  "dim_id": 14,
  "reading_profile": {
    "probe_type": "reading",
    "n_layers": 35,
    "overall_mean_r2": 0.0002476141178100328,
    "overall_mean_abs_cos": 0.012546088436751493,
    "peak_layer": 19,
    "peak_cosine": -0.038798220455646515,
    "peak_abs_cosine": 0.038798220455646515,
    "peak_r2": 0.0015053019105249477,
    "onset_layer": null,
    "band_stats": {
      "early": {
        "mean_cos": -0.0014799698954448103,
        "mean_abs_cos": 0.012466123304329812,
        "mean_r2": 0.00026185372345856675,
        "max_r2": 0.0008548724373516614,
        "r2_fraction": 0.1510724635196046,
        "n_layers": 5
      },
      "middle": {
        "mean_cos": -0.007146815893550714,
        "mean_abs_cos": 0.014760575505594413,
        "mean_r2": 0.00034812120055497726,
        "max_r2": 0.0015053019105249477,
        "r2_fraction": 0.6025294581640465,
        "n_layers": 15
      },
      "late": {
        "mean_cos": 0.006315285122642914,
        "mean_abs_cos": 0.010358256412049134,
        "mean_r2": 0.00014236049984891038,
        "max_r2": 0.0004310921334496655,
        "r2_fraction": 0.24639807831634916,
        "n_layers": 15
      }
    },
    "normalized_entropy": 0.7892433958639763,
    "near_peak_layers": [
      14,
      19
    ],
    "near_peak_fraction": 0.05714285714285714,
    "sign_consistency": 0.5142857142857142,
    "dominant_sign": "positive",
    "profile_type": "negligible",
    "per_layer": {
      "6": {
        "cosine": -0.029238201677799225,
        "abs_cosine": 0.029238201677799225,
        "r_squared": 0.0008548724373516614
      },
      "7": {
        "cosine": -0.00046226882841438055,
        "abs_cosine": 0.00046226882841438055,
        "r_squared": 2.13692469723604e-07
      },
      "8": {
        "cosine": 0.008716016076505184,
        "abs_cosine": 0.008716016076505184,
        "r_squared": 7.596893624589682e-05
      },
      "9": {
        "cosine": -0.005164762493222952,
        "abs_cosine": 0.005164762493222952,
        "r_squared": 2.6674771611402562e-05
      },
      "10": {
        "cosine": 0.01874936744570732,
        "abs_cosine": 0.01874936744570732,
        "r_squared": 0.0003515387796141495
      },
      "11": {
        "cosine": -0.009764742106199265,
        "abs_cosine": 0.009764742106199265,
        "r_squared": 9.535018840058085e-05
      },
      "12": {
        "cosine": 0.006631497293710709,
        "abs_cosine": 0.006631497293710709,
        "r_squared": 4.397675635649245e-05
      },
      "13": {
        "cosine": 0.006103159859776497,
        "abs_cosine": 0.006103159859776497,
        "r_squared": 3.724856027398707e-05
      },
      "14": {
        "cosine": 0.03489256277680397,
        "abs_cosine": 0.03489256277680397,
        "r_squared": 0.001217490937133206
      },
      "15": {
        "cosine": 0.0031577711924910545,
        "abs_cosine": 0.0031577711924910545,
        "r_squared": 9.971518904126377e-06
      },
      "16": {
        "cosine": -0.002100774087011814,
        "abs_cosine": 0.002100774087011814,
        "r_squared": 4.413251764660321e-06
      },
      "17": {
        "cosine": -0.01946639083325863,
        "abs_cosine": 0.01946639083325863,
        "r_squared": 0.0003789403720731756
      },
      "18": {
        "cosine": -0.028184033930301666,
        "abs_cosine": 0.028184033930301666,
        "r_squared": 0.0007943397685843956
      },
      "19": {
        "cosine": -0.038798220455646515,
        "abs_cosine": 0.038798220455646515,
        "r_squared": 0.0015053019105249477
      },
      "20": {
        "cosine": -0.009314374066889286,
        "abs_cosine": 0.009314374066889286,
        "r_squared": 8.675756425793966e-05
      },
      "21": {
        "cosine": -0.007781986612826586,
        "abs_cosine": 0.007781986612826586,
        "r_squared": 6.05593156422122e-05
      },
      "22": {
        "cosine": -0.007624905090779066,
        "abs_cosine": 0.007624905090779066,
        "r_squared": 5.813917764338852e-05
      },
      "23": {
        "cosine": -0.024982541799545288,
        "abs_cosine": 0.024982541799545288,
        "r_squared": 0.0006241273947660275
      },
      "24": {
        "cosine": 0.006318205967545509,
        "abs_cosine": 0.006318205967545509,
        "r_squared": 3.9919726648327686e-05
      },
      "25": {
        "cosine": -0.016287466511130333,
        "abs_cosine": 0.016287466511130333,
        "r_squared": 0.0002652815653511921
      },
      "26": {
        "cosine": -0.01128770224750042,
        "abs_cosine": 0.01128770224750042,
        "r_squared": 0.00012741222202822602
      },
      "27": {
        "cosine": 0.01958192139863968,
        "abs_cosine": 0.01958192139863968,
        "r_squared": 0.00038345164566250256
      },
      "28": {
        "cosine": 0.011894039809703827,
        "abs_cosine": 0.011894039809703827,
        "r_squared": 0.00014146818299481945
      },
      "29": {
        "cosine": -0.009665624238550663,
        "abs_cosine": 0.009665624238550663,
        "r_squared": 9.342429192085808e-05
      },
      "30": {
        "cosine": -0.005776883102953434,
        "abs_cosine": 0.005776883102953434,
        "r_squared": 3.3372378385188896e-05
      },
      "31": {
        "cosine": 0.016196737065911293,
        "abs_cosine": 0.016196737065911293,
        "r_squared": 0.00026233429158226476
      },
      "32": {
        "cosine": 0.012779266573488712,
        "abs_cosine": 0.012779266573488712,
        "r_squared": 0.00016330965415628593
      },
      "33": {
        "cosine": 0.004827875643968582,
        "abs_cosine": 0.004827875643968582,
        "r_squared": 2.3308383233625052e-05
      },
      "34": {
        "cosine": 0.02076275832951069,
        "abs_cosine": 0.02076275832951069,
        "r_squared": 0.0004310921334496655
      },
      "35": {
        "cosine": 0.003327480051666498,
        "abs_cosine": 0.003327480051666498,
        "r_squared": 1.1072123494238481e-05
      },
      "36": {
        "cosine": -0.0035920750815421343,
        "abs_cosine": 0.0035920750815421343,
        "r_squared": 1.290300339143593e-05
      },
      "37": {
        "cosine": 0.0002456407528370619,
        "abs_cosine": 0.0002456407528370619,
        "r_squared": 6.033937945435853e-08
      },
      "38": {
        "cosine": 0.007663165684789419,
        "abs_cosine": 0.007663165684789419,
        "r_squared": 5.872410831253409e-05
      },
      "39": {
        "cosine": 0.0119097288697958,
        "abs_cosine": 0.0119097288697958,
        "r_squared": 0.00014184164175204753
      },
      "40": {
        "cosine": 0.015862947329878807,
        "abs_cosine": 0.015862947329878807,
        "r_squared": 0.0002516330979905092
      }
    }
  },
  "control_profile": {
    "probe_type": "control",
    "n_layers": 35,
    "overall_mean_r2": 0.00046146339465350796,
    "overall_mean_abs_cos": 0.01588876275761452,
    "peak_layer": 6,
    "peak_cosine": -0.04949425905942917,
    "peak_abs_cosine": 0.04949425905942917,
    "peak_r2": 0.0024496816798418863,
    "onset_layer": null,
    "band_stats": {
      "early": {
        "mean_cos": -0.023313302523456515,
        "mean_abs_cos": 0.023313302523456515,
        "mean_r2": 0.0009795791205588979,
        "max_r2": 0.0024496816798418863,
        "r2_fraction": 0.30325238358425244,
        "n_layers": 5
      },
      "middle": {
        "mean_cos": 0.007250068466722344,
        "mean_abs_cos": 0.008326400073322778,
        "mean_r2": 0.00014016039313476564,
        "max_r2": 0.0006715175547391539,
        "r2_fraction": 0.1301701079887441,
        "n_layers": 15
      },
      "late": {
        "mean_cos": 0.020783512433990837,
        "mean_abs_cos": 0.020976278853292268,
        "mean_r2": 0.0006100611542037867,
        "max_r2": 0.002272264393047077,
        "r2_fraction": 0.5665775084270033,
        "n_layers": 15
      }
    },
    "normalized_entropy": 0.7553878859825817,