{
  "dim_name": "2_emotions",
  "dim_id": 2,
  "reading_profile": {
    "probe_type": "reading",
    "n_layers": 35,
    "overall_mean_r2": 0.00018929706983363126,
    "overall_mean_abs_cos": 0.01067396967867223,
    "peak_layer": 6,
    "peak_cosine": -0.02954753302037716,
    "peak_abs_cosine": 0.02954753302037716,
    "peak_r2": 0.0008730567075902786,
    "onset_layer": null,
    "band_stats": {
      "early": {
        "mean_cos": -0.005406354228034616,
        "mean_abs_cos": 0.007111754408106208,
        "mean_r2": 0.00017649220258404157,
        "max_r2": 0.0008730567075902786,
        "r2_fraction": 0.13319367182957184,
        "n_layers": 5
      },
      "middle": {
        "mean_cos": -0.005767941443870465,
        "mean_abs_cos": 0.01005688946073254,
        "mean_r2": 0.00016671614025663608,
        "max_r2": 0.0007819638172184562,
        "r2_fraction": 0.3774478625501002,
        "n_layers": 15
      },
      "late": {
        "mean_cos": 0.003686725703785972,
        "mean_abs_cos": 0.012478454986800594,
        "mean_r2": 0.00021614628849382303,
        "max_r2": 0.0006716456639751546,
        "r2_fraction": 0.489358465620328,
        "n_layers": 15
      }
    },
    "normalized_entropy": 0.7905313254997944,
    "near_peak_layers": [
      6,
      12,
      19,
      26,
      40
    ],
    "near_peak_fraction": 0.14285714285714285,
    "sign_consistency": 0.5142857142857142,
    "dominant_sign": "positive",
    "profile_type": "negligible",
    "per_layer": {
      "6": {
        "cosine": -0.02954753302037716,
        "abs_cosine": 0.02954753302037716,
        "r_squared": 0.0008730567075902786
      },
      "7": {
        "cosine": 0.001487354631535709,
        "abs_cosine": 0.001487354631535709,
        "r_squared": 2.2122237999507244e-06
      },
      "8": {
        "cosine": 0.0017649008659645915,
        "abs_cosine": 0.0017649008659645915,
        "r_squared": 3.114875066682565e-06
      },
      "9": {
        "cosine": 0.0010112449526786804,
        "abs_cosine": 0.0010112449526786804,
        "r_squared": 1.0226163543181066e-06
      },
      "10": {
        "cosine": -0.0017477385699748993,
        "abs_cosine": 0.0017477385699748993,
        "r_squared": 3.054590108977906e-06
      },
      "11": {
        "cosine": -0.014571146108210087,
        "abs_cosine": 0.014571146108210087,
        "r_squared": 0.00021231829890680596
      },
      "12": {
        "cosine": -0.02796361595392227,
        "abs_cosine": 0.02796361595392227,
        "r_squared": 0.0007819638172184562
      },
      "13": {
        "cosine": 0.004619093611836433,
        "abs_cosine": 0.004619093611836433,
        "r_squared": 2.1336025794908148e-05
      },
      "14": {
        "cosine": 0.0065149362199008465,
        "abs_cosine": 0.0065149362199008465,
        "r_squared": 4.244439394937593e-05
      },
      "15": {
        "cosine": 0.00827260222285986,
        "abs_cosine": 0.00827260222285986,
        "r_squared": 6.843594753766589e-05
      },
      "16": {
        "cosine": 0.0010529737919569016,
        "abs_cosine": 0.0010529737919569016,
        "r_squared": 1.1087538065480962e-06
      },
      "17": {
        "cosine": -0.002105599269270897,
        "abs_cosine": 0.002105599269270897,
        "r_squared": 4.433548282754135e-06
      },
      "18": {
        "cosine": -0.015335183590650558,
        "abs_cosine": 0.015335183590650558,
        "r_squared": 0.00023516785575895816
      },
      "19": {
        "cosine": -0.024932309985160828,
        "abs_cosine": 0.024932309985160828,
        "r_squared": 0.0006216200811961503
      },
      "20": {
        "cosine": -0.004480801522731781,
        "abs_cosine": 0.004480801522731781,
        "r_squared": 2.0077582286115447e-05
      },
      "21": {
        "cosine": 0.006770499981939793,
        "abs_cosine": 0.006770499981939793,
        "r_squared": 4.583967000544673e-05
      },
      "22": {
        "cosine": -0.01436186395585537,
        "abs_cosine": 0.01436186395585537,
        "r_squared": 0.00020626313628649764
      },
      "23": {
        "cosine": 0.003963579423725605,
        "abs_cosine": 0.003963579423725605,
        "r_squared": 1.5709961848181e-05
      },
      "24": {
        "cosine": -0.014935711398720741,
        "abs_cosine": 0.014935711398720741,
        "r_squared": 0.00022307547498587668
      },
      "25": {
        "cosine": 0.0009734248742461205,
        "abs_cosine": 0.0009734248742461205,
        "r_squared": 9.475559858010754e-07
      },
      "26": {
        "cosine": -0.02445659413933754,
        "abs_cosine": 0.02445659413933754,
        "r_squared": 0.0005981249968962793
      },
      "27": {
        "cosine": -0.005022819619625807,
        "abs_cosine": 0.005022819619625807,
        "r_squared": 2.5228716931297935e-05
      },
      "28": {
        "cosine": -0.00011681092291837558,
        "abs_cosine": 0.00011681092291837558,
        "r_squared": 1.3644791713042682e-08
      },
      "29": {
        "cosine": -0.012491634115576744,
        "abs_cosine": 0.012491634115576744,
        "r_squared": 0.00015604092287744079
      },
      "30": {
        "cosine": -0.010731728747487068,
        "abs_cosine": 0.010731728747487068,
        "r_squared": 0.00011517000190964036
      },
      "31": {
        "cosine": 0.007492569740861654,
        "abs_cosine": 0.007492569740861654,
        "r_squared": 5.613860132167568e-05
      },
      "32": {
        "cosine": 0.01578006148338318,
        "abs_cosine": 0.01578006148338318,
        "r_squared": 0.0002490103404193533
      },
      "33": {
        "cosine": 0.003932508639991283,
        "abs_cosine": 0.003932508639991283,
        "r_squared": 1.5464624203606094e-05
      },
      "34": {
        "cosine": 0.018216866999864578,
        "abs_cosine": 0.018216866999864578,
        "r_squared": 0.0003318542432907551
      },
      "35": {
        "cosine": 0.02231954224407673,
        "abs_cosine": 0.02231954224407673,
        "r_squared": 0.0004981619659851257
      },
      "36": {
        "cosine": -0.0020856144838035107,
        "abs_cosine": 0.0020856144838035107,
        "r_squared": 4.349787775050984e-06
      },
      "37": {
        "cosine": 0.010715841315686703,
        "abs_cosine": 0.010715841315686703,
        "r_squared": 0.00011482925510297812
      },
      "38": {
        "cosine": -0.011032767593860626,
        "abs_cosine": 0.011032767593860626,
        "r_squared": 0.00012172196078014119
      },
      "39": {
        "cosine": 0.016865337267518044,
        "abs_cosine": 0.016865337267518044,
        "r_squared": 0.000284439601147133
      },
      "40": {
        "cosine": 0.025916127488017082,
        "abs_cosine": 0.025916127488017082,
        "r_squared": 0.0006716456639751546
      }
    }
  },
  "control_profile": {
    "probe_type": "control",
    "n_layers": 35,
    "overall_mean_r2": 0.00038308779684914765,
    "overall_mean_abs_cos": 0.015204846426994274,
    "peak_layer": 15,
    "peak_cosine": 0.05560504272580147,
    "peak_abs_cosine": 0.05560504272580147,
    "peak_r2": 0.0030919207765382067,
    "onset_layer": 15,
    "band_stats": {
      "early": {
        "mean_cos": -0.01227489123120904,
        "mean_abs_cos": 0.018273379188030958,
        "mean_r2": 0.0004776510137846347,
        "max_r2": 0.0013212900479992046,
        "r2_fraction": 0.178120680620272,
        "n_layers": 5
      },
      "middle": {
        "mean_cos": -0.0010625345321993033,
        "mean_abs_cos": 0.017540184749911227,
        "mean_r2": 0.0005023547509527933,
        "max_r2": 0.0030919207765382067,
        "r2_fraction": 0.5619988290837197,
        "n_layers": 15
      },
      "late": {
        "mean_cos": 0.008720132166248125,
        "mean_abs_cos": 0.011846663850398424,
        "mean_r2": 0.0002322997704336731,
        "max_r2": 0.001317196449606206,
        "r2_fraction": 0.2598804902960085,
        "n_layers": 15
      }
    },
    "normalized_entropy": 0.7677597718249887,