{
  "dim_name": "14_biological",
  "dim_id": 14,
  "reading_profile": {
    "probe_type": "reading",
    "n_layers": 35,
    "overall_mean_r2": 0.00019170737841402378,
    "overall_mean_abs_cos": 0.011294989797586042,
    "peak_layer": 25,
    "peak_cosine": -0.027763627469539642,
    "peak_abs_cosine": 0.027763627469539642,
    "peak_r2": 0.0007708190102673762,
    "onset_layer": null,
    "band_stats": {
      "early": {
        "mean_cos": 0.004454416967928409,
        "mean_abs_cos": 0.017923582904040815,
        "mean_r2": 0.00035443366724846067,
        "max_r2": 0.0006146897529467656,
        "r2_fraction": 0.26411806084032524,
        "n_layers": 5
      },
      "middle": {
        "mean_cos": -0.008283249622521301,
        "mean_abs_cos": 0.011049430188722908,
        "mean_r2": 0.00018079612790803043,
        "max_r2": 0.0007708190102673762,
        "r2_fraction": 0.40417878257344747,
        "n_layers": 15
      },
      "late": {
        "mean_cos": -0.004882862587692216,
        "mean_abs_cos": 0.009331018370964254,
        "mean_r2": 0.00014837653264187148,
        "max_r2": 0.000564291572540291,
        "r2_fraction": 0.3317031565862273,
        "n_layers": 15
      }
    },
    "normalized_entropy": 0.8292853070718225,
    "near_peak_layers": [
      9,
      25,
      40
    ],
    "near_peak_fraction": 0.08571428571428572,
    "sign_consistency": 0.6571428571428571,
    "dominant_sign": "negative",
    "profile_type": "negligible",
    "per_layer": {
      "6": {
        "cosine": 0.01986173540353775,
        "abs_cosine": 0.01986173540353775,
        "r_squared": 0.0003944885332401449
      },
      "7": {
        "cosine": 0.022111956030130386,
        "abs_cosine": 0.022111956030130386,
        "r_squared": 0.0004889385994784196
      },
      "8": {
        "cosine": 0.013971308246254921,
        "abs_cosine": 0.013971308246254921,
        "r_squared": 0.00019519745411187076
      },
      "9": {
        "cosine": -0.02479293756186962,
        "abs_cosine": 0.02479293756186962,
        "r_squared": 0.0006146897529467656
      },
      "10": {
        "cosine": -0.008879977278411388,
        "abs_cosine": 0.008879977278411388,
        "r_squared": 7.885399646510253e-05
      },
      "11": {
        "cosine": -0.021968284621834755,
        "abs_cosine": 0.021968284621834755,
        "r_squared": 0.0004826055292259414
      },
      "12": {
        "cosine": -0.011468152515590191,
        "abs_cosine": 0.011468152515590191,
        "r_squared": 0.00013151852212083762
      },
      "13": {
        "cosine": -0.006119864527136087,
        "abs_cosine": 0.006119864527136087,
        "r_squared": 3.745274183049861e-05
      },
      "14": {
        "cosine": 0.0016802346799522638,
        "abs_cosine": 0.0016802346799522638,
        "r_squared": 2.8231885797142865e-06
      },
      "15": {
        "cosine": -0.008566292934119701,
        "abs_cosine": 0.008566292934119701,
        "r_squared": 7.338137463314912e-05
      },
      "16": {
        "cosine": -0.016232818365097046,
        "abs_cosine": 0.016232818365097046,
        "r_squared": 0.00026350439207423193
      },
      "17": {
        "cosine": -0.0018159503815695643,
        "abs_cosine": 0.0018159503815695643,
        "r_squared": 3.2976757883226463e-06
      },
      "18": {
        "cosine": 0.011801295913755894,
        "abs_cosine": 0.011801295913755894,
        "r_squared": 0.00013927058524403155
      },
      "19": {
        "cosine": -0.014788688160479069,
        "abs_cosine": 0.014788688160479069,
        "r_squared": 0.00021870529750789378
      },
      "20": {
        "cosine": 0.007264823652803898,
        "abs_cosine": 0.007264823652803898,
        "r_squared": 5.277766270633897e-05
      },
      "21": {
        "cosine": -0.003514373442158103,
        "abs_cosine": 0.003514373442158103,
        "r_squared": 1.2350820690946193e-05
      },
      "22": {
        "cosine": -0.006604513619095087,
        "abs_cosine": 0.006604513619095087,
        "r_squared": 4.3619600144812485e-05
      },
      "23": {
        "cosine": -0.021378014236688614,
        "abs_cosine": 0.021378014236688614,
        "r_squared": 0.00045701949270406106
      },
      "24": {
        "cosine": -0.004774518311023712,
        "abs_cosine": 0.004774518311023712,
        "r_squared": 2.279602510230072e-05
      },
      "25": {
        "cosine": -0.027763627469539642,
        "abs_cosine": 0.027763627469539642,
        "r_squared": 0.0007708190102673762
      },
      "26": {
        "cosine": -0.0019806986674666405,
        "abs_cosine": 0.0019806986674666405,
        "r_squared": 3.923167211304125e-06
      },
      "27": {
        "cosine": 0.006027182564139366,
        "abs_cosine": 0.006027182564139366,
        "r_squared": 3.6326929661465585e-05
      },
      "28": {
        "cosine": 0.012406038120388985,
        "abs_cosine": 0.012406038120388985,
        "r_squared": 0.00015390978184454465
      },
      "29": {
        "cosine": -0.002579479943960905,
        "abs_cosine": 0.002579479943960905,
        "r_squared": 6.653716781296554e-06
      },
      "30": {
        "cosine": -0.004231280647218227,
        "abs_cosine": 0.004231280647218227,
        "r_squared": 1.79037359155235e-05
      },
      "31": {
        "cosine": 0.002413448179140687,
        "abs_cosine": 0.002413448179140687,
        "r_squared": 5.8247321133974976e-06
      },
      "32": {
        "cosine": 0.0002583805762697011,
        "abs_cosine": 0.0002583805762697011,
        "r_squared": 6.676052219346284e-08
      },
      "33": {
        "cosine": 0.0007437015883624554,
        "abs_cosine": 0.0007437015883624554,
        "r_squared": 5.53092052532839e-07
      },
      "34": {
        "cosine": 0.01151241734623909,
        "abs_cosine": 0.01151241734623909,
        "r_squared": 0.0001325357531539867
      },
      "35": {
        "cosine": -0.009571163915097713,
        "abs_cosine": 0.009571163915097713,
        "r_squared": 9.160717868966859e-05
      },
      "36": {
        "cosine": -0.018907928839325905,
        "abs_cosine": 0.018907928839325905,
        "r_squared": 0.00035750977299301226
      },
      "37": {
        "cosine": -0.022040806710720062,
        "abs_cosine": 0.022040806710720062,
        "r_squared": 0.00048579716045932253
      },
      "38": {
        "cosine": -0.004996679723262787,
        "abs_cosine": 0.004996679723262787,
        "r_squared": 2.496680825686548e-05
      },
      "39": {
        "cosine": -0.01854124665260315,
        "abs_cosine": 0.01854124665260315,
        "r_squared": 0.0003437778274326675
      },
      "40": {
        "cosine": -0.023754822090268135,
        "abs_cosine": 0.023754822090268135,
        "r_squared": 0.000564291572540291
      }
    }
  },
  "control_profile": {
    "probe_type": "control",
    "n_layers": 35,
    "overall_mean_r2": 0.002033932165771056,
    "overall_mean_abs_cos": 0.02985271944489796,
    "peak_layer": 7,
    "peak_cosine": 0.14025060832500458,
    "peak_abs_cosine": 0.14025060832500458,
    "peak_r2": 0.019670233135533843,
    "onset_layer": 6,
    "band_stats": {
      "early": {
        "mean_cos": 0.09451726898550987,
        "mean_abs_cos": 0.09451726898550987,
        "mean_r2": 0.011304753606965682,
        "max_r2": 0.019670233135533843,
        "r2_fraction": 0.7940111416561771,
        "n_layers": 5
      },
      "middle": {
        "mean_cos": 0.01590141635388136,
        "mean_abs_cos": 0.018133311159908773,
        "mean_r2": 0.000424751960002934,
        "max_r2": 0.001041377624761211,
        "r2_fraction": 0.089499815849543,
        "n_layers": 15
      },
      "late": {
        "mean_cos": 0.020017277883016504,
        "mean_abs_cos": 0.020017277883016504,
        "mean_r2": 0.0005528385578076368,
        "max_r2": 0.0016644394969379667,
        "r2_fraction": 0.11648904249427985,
        "n_layers": 15
      }
    },
    "normalized_entropy": 0.5936631124097393,