{
  "dim_name": "9_roles",
  "dim_id": 9,
  "reading_profile": {
    "probe_type": "reading",
    "n_layers": 35,
    "overall_mean_r2": 0.00022320415670371415,
    "overall_mean_abs_cos": 0.01020212275242167,
    "peak_layer": 7,
    "peak_cosine": 0.04815870523452759,
    "peak_abs_cosine": 0.04815870523452759,
    "peak_r2": 0.002319260889866115,
    "onset_layer": null,
    "band_stats": {
      "early": {
        "mean_cos": 0.01766443036030978,
        "mean_abs_cos": 0.024041965533979238,
        "mean_r2": 0.0008452694537861808,
        "max_r2": 0.002319260889866115,
        "r2_fraction": 0.5409969997673533,
        "n_layers": 5
      },
      "middle": {
        "mean_cos": 0.0020817814006780584,
        "mean_abs_cos": 0.009931516453313331,
        "mean_r2": 0.00017041711607498986,
        "max_r2": 0.0010117009966621598,
        "r2_fraction": 0.32721571124784543,
        "n_layers": 15
      },
      "late": {
        "mean_cos": -0.0015140968374907971,
        "mean_abs_cos": 0.00585944812434415,
        "mean_r2": 6.863609830494959e-05,
        "max_r2": 0.0004440406561476845,
        "r2_fraction": 0.1317872889848013,
        "n_layers": 15
      }
    },
    "normalized_entropy": 0.6680336884880727,
    "near_peak_layers": [
      7
    ],
    "near_peak_fraction": 0.02857142857142857,
    "sign_consistency": 0.5142857142857142,
    "dominant_sign": "negative",
    "profile_type": "negligible",
    "per_layer": {
      "6": {
        "cosine": 0.020444022491574287,
        "abs_cosine": 0.020444022491574287,
        "r_squared": 0.00041795805563599533
      },
      "7": {
        "cosine": 0.04815870523452759,
        "abs_cosine": 0.04815870523452759,
        "r_squared": 0.002319260889866115
      },
      "8": {
        "cosine": 0.035663262009620667,
        "abs_cosine": 0.035663262009620667,
        "r_squared": 0.0012718682571668527
      },
      "9": {
        "cosine": -0.0012578634778037667,
        "abs_cosine": 0.0012578634778037667,
        "r_squared": 1.5822205287925872e-06
      },
      "10": {
        "cosine": -0.014685974456369877,
        "abs_cosine": 0.014685974456369877,
        "r_squared": 0.0002156778457331485
      },
      "11": {
        "cosine": -0.015695031732320786,
        "abs_cosine": 0.015695031732320786,
        "r_squared": 0.0002463340210785564
      },
      "12": {
        "cosine": -0.00584240211173892,
        "abs_cosine": 0.00584240211173892,
        "r_squared": 3.4133662435251394e-05
      },
      "13": {
        "cosine": -0.0014808018459007144,
        "abs_cosine": 0.0014808018459007144,
        "r_squared": 2.192774106822963e-06
      },
      "14": {
        "cosine": 0.031807247549295425,
        "abs_cosine": 0.031807247549295425,
        "r_squared": 0.0010117009966621598
      },
      "15": {
        "cosine": 0.017223341390490532,
        "abs_cosine": 0.017223341390490532,
        "r_squared": 0.00029664348865338433
      },
      "16": {
        "cosine": 0.00040852802339941263,
        "abs_cosine": 0.00040852802339941263,
        "r_squared": 1.6689514590263103e-07
      },
      "17": {
        "cosine": 0.018829256296157837,
        "abs_cosine": 0.018829256296157837,
        "r_squared": 0.00035454089266639954
      },
      "18": {
        "cosine": 0.008716627955436707,
        "abs_cosine": 0.008716627955436707,
        "r_squared": 7.59796029135007e-05
      },
      "19": {
        "cosine": -0.0037283787969499826,
        "abs_cosine": 0.0037283787969499826,
        "r_squared": 1.39008084535462e-05
      },
      "20": {
        "cosine": 0.005843780934810638,
        "abs_cosine": 0.005843780934810638,
        "r_squared": 3.41497756140563e-05
      },
      "21": {
        "cosine": 0.007270951755344868,
        "abs_cosine": 0.007270951755344868,
        "r_squared": 5.286673942855261e-05
      },
      "22": {
        "cosine": -0.0013153181644156575,
        "abs_cosine": 0.0013153181644156575,
        "r_squared": 1.7300618736417747e-06
      },
      "23": {
        "cosine": -0.007702873088419437,
        "abs_cosine": 0.007702873088419437,
        "r_squared": 5.93342538162964e-05
      },
      "24": {
        "cosine": -0.00428815046325326,
        "abs_cosine": 0.00428815046325326,
        "r_squared": 1.8388234395499145e-05
      },
      "25": {
        "cosine": -0.018820056691765785,
        "abs_cosine": 0.018820056691765785,
        "r_squared": 0.0003541945338812781
      },
      "26": {
        "cosine": -0.000888827140443027,
        "abs_cosine": 0.000888827140443027,
        "r_squared": 7.900136855881285e-07
      },
      "27": {
        "cosine": -0.0041723898611962795,
        "abs_cosine": 0.0041723898611962795,
        "r_squared": 1.740883715381351e-05
      },
      "28": {
        "cosine": 0.00906609371304512,
        "abs_cosine": 0.00906609371304512,
        "r_squared": 8.219405521371626e-05
      },
      "29": {
        "cosine": -0.001374636311084032,
        "abs_cosine": 0.001374636311084032,
        "r_squared": 1.8896249877507158e-06
      },
      "30": {
        "cosine": -0.0011596221011132002,
        "abs_cosine": 0.0011596221011132002,
        "r_squared": 1.344723417390193e-06
      },
      "31": {
        "cosine": 0.0018639868358150125,
        "abs_cosine": 0.0018639868358150125,
        "r_squared": 3.474446924091662e-06
      },
      "32": {
        "cosine": 0.008327198214828968,
        "abs_cosine": 0.008327198214828968,
        "r_squared": 6.934223010905075e-05
      },
      "33": {
        "cosine": 0.0011233846889808774,
        "abs_cosine": 0.0011233846889808774,
        "r_squared": 1.2619931594366626e-06
      },
      "34": {
        "cosine": 0.00970257818698883,
        "abs_cosine": 0.00970257818698883,
        "r_squared": 9.414002347463146e-05
      },
      "35": {
        "cosine": 0.0017767712706699967,
        "abs_cosine": 0.0017767712706699967,
        "r_squared": 3.156916148278275e-06
      },
      "36": {
        "cosine": -0.002106995787471533,
        "abs_cosine": 0.002106995787471533,
        "r_squared": 4.439431248422785e-06
      },
      "37": {
        "cosine": -0.01380329392850399,
        "abs_cosine": 0.01380329392850399,
        "r_squared": 0.00019053092327667512
      },
      "38": {
        "cosine": 0.0007301217410713434,
        "abs_cosine": 0.0007301217410713434,
        "r_squared": 5.330777567850498e-07
      },
      "39": {
        "cosine": -0.021072272211313248,
        "abs_cosine": 0.021072272211313248,
        "r_squared": 0.0004440406561476845
      },
      "40": {
        "cosine": -0.010723549872636795,
        "abs_cosine": 0.010723549872636795,
        "r_squared": 0.00011499452187092862
      }
    }
  },
  "control_profile": {
    "probe_type": "control",
    "n_layers": 35,
    "overall_mean_r2": 0.0045534033303656005,
    "overall_mean_abs_cos": 0.04593066592102072,
    "peak_layer": 8,
    "peak_cosine": 0.21037916839122772,
    "peak_abs_cosine": 0.21037916839122772,
    "peak_r2": 0.04425939449298455,
    "onset_layer": 6,
    "band_stats": {
      "early": {
        "mean_cos": 0.15393970757722855,
        "mean_abs_cos": 0.15393970757722855,
        "mean_r2": 0.02560811397573387,
        "max_r2": 0.04425939449298455,
        "r2_fraction": 0.8034214698568508,
        "n_layers": 5
      },
      "middle": {
        "mean_cos": 0.03191013286511103,
        "mean_abs_cos": 0.03191013286511103,
        "mean_r2": 0.0013145628936543515,
        "max_r2": 0.004390519257047032,
        "r2_fraction": 0.1237281339703332,
        "n_layers": 15
      },
      "late": {
        "mean_cos": 0.023285079879375795,
        "mean_abs_cos": 0.0239481850915278,
        "mean_r2": 0.000774006885287427,
        "max_r2": 0.002124497176714271,
        "r2_fraction": 0.07285039617281615,
        "n_layers": 15
      }
    },
    "normalized_entropy": 0.6327984015360476,
    "near_peak_layers": [
      7,
      8
    ],