{
  "dim_name": "13_helpfulness",
  "dim_id": 13,
  "reading_profile": {
    "probe_type": "reading",
    "n_layers": 35,
    "overall_mean_r2": 0.00024851855770261194,
    "overall_mean_abs_cos": 0.013525776545118008,
    "peak_layer": 32,
    "peak_cosine": 0.029318423941731453,
    "peak_abs_cosine": 0.029318423941731453,
    "peak_r2": 0.0008595699824270921,
    "onset_layer": null,
    "band_stats": {
      "early": {
        "mean_cos": -0.00637306272983551,
        "mean_abs_cos": 0.017257582396268845,
        "mean_r2": 0.00032690773492316386,
        "max_r2": 0.0005410806821096875,
        "r2_fraction": 0.1879179785233905,
        "n_layers": 5
      },
      "middle": {
        "mean_cos": -0.012915054988116025,
        "mean_abs_cos": 0.014223637183507283,
        "mean_r2": 0.00026289300773486173,
        "max_r2": 0.0006450371704121473,
        "r2_fraction": 0.4533602356617297,
        "n_layers": 15
      },
      "late": {
        "mean_cos": 0.010277125410114725,
        "mean_abs_cos": 0.011583980623011787,
        "mean_r2": 0.00020801438193017804,
        "max_r2": 0.0008595699824270921,
        "r2_fraction": 0.3587217858148797,
        "n_layers": 15
      }
    },
    "normalized_entropy": 0.8647391568352226,
    "near_peak_layers": [
      11,
      13,
      20,
      32,
      33
    ],
    "near_peak_fraction": 0.14285714285714285,
    "sign_consistency": 0.5428571428571428,
    "dominant_sign": "negative",
    "profile_type": "negligible",
    "per_layer": {
      "6": {
        "cosine": -0.021664224565029144,
        "abs_cosine": 0.021664224565029144,
        "r_squared": 0.0004693386260040122
      },
      "7": {
        "cosine": -0.014151247218251228,
        "abs_cosine": 0.014151247218251228,
        "r_squared": 0.00020025779783206313
      },
      "8": {
        "cosine": 0.0187841709703207,
        "abs_cosine": 0.0187841709703207,
        "r_squared": 0.00035284507904223897
      },
      "9": {
        "cosine": -0.023261141031980515,
        "abs_cosine": 0.023261141031980515,
        "r_squared": 0.0005410806821096875
      },
      "10": {
        "cosine": 0.008427128195762634,
        "abs_cosine": 0.008427128195762634,
        "r_squared": 7.101648962781759e-05
      },
      "11": {
        "cosine": -0.023688070476055145,
        "abs_cosine": 0.023688070476055145,
        "r_squared": 0.0005611246828785554
      },
      "12": {
        "cosine": -0.023388894274830818,
        "abs_cosine": 0.023388894274830818,
        "r_squared": 0.0005470403753992138
      },
      "13": {
        "cosine": -0.025397581979632378,
        "abs_cosine": 0.025397581979632378,
        "r_squared": 0.0006450371704121473
      },
      "14": {
        "cosine": -0.006064475513994694,
        "abs_cosine": 0.006064475513994694,
        "r_squared": 3.6777863259841205e-05
      },
      "15": {
        "cosine": -0.018764173611998558,
        "abs_cosine": 0.018764173611998558,
        "r_squared": 0.000352094211341223
      },
      "16": {
        "cosine": -0.012375108897686005,
        "abs_cosine": 0.012375108897686005,
        "r_squared": 0.00015314332022958732
      },
      "17": {
        "cosine": 0.006734219379723072,
        "abs_cosine": 0.006734219379723072,
        "r_squared": 4.53497106542378e-05
      },
      "18": {
        "cosine": -0.01789398118853569,
        "abs_cosine": 0.01789398118853569,
        "r_squared": 0.00032019456277566916
      },
      "19": {
        "cosine": -0.006614948157221079,
        "abs_cosine": 0.006614948157221079,
        "r_squared": 4.375753912272255e-05
      },
      "20": {
        "cosine": -0.02447069063782692,
        "abs_cosine": 0.02447069063782692,
        "r_squared": 0.00059881470029223
      },
      "21": {
        "cosine": -0.01693505421280861,
        "abs_cosine": 0.01693505421280861,
        "r_squared": 0.0002867960611907666
      },
      "22": {
        "cosine": -0.007747236173599958,
        "abs_cosine": 0.007747236173599958,
        "r_squared": 6.0019668329535725e-05
      },
      "23": {
        "cosine": -0.0037857808638364077,
        "abs_cosine": 0.0037857808638364077,
        "r_squared": 1.4332136748989937e-05
      },
      "24": {
        "cosine": -0.01641419529914856,
        "abs_cosine": 0.01641419529914856,
        "r_squared": 0.00026942580731859067
      },
      "25": {
        "cosine": 0.00308014708571136,
        "abs_cosine": 0.00308014708571136,
        "r_squared": 9.487306069616184e-06
      },
      "26": {
        "cosine": 0.003932653926312923,
        "abs_cosine": 0.003932653926312923,
        "r_squared": 1.5465766904144453e-05
      },
      "27": {
        "cosine": 0.020282644778490067,
        "abs_cosine": 0.020282644778490067,
        "r_squared": 0.00041138567921041036
      },
      "28": {
        "cosine": 0.007855656556785107,
        "abs_cosine": 0.007855656556785107,
        "r_squared": 6.171133993816084e-05
      },
      "29": {
        "cosine": -0.0049159894697368145,
        "abs_cosine": 0.0049159894697368145,
        "r_squared": 2.4166952466563247e-05
      },
      "30": {
        "cosine": 0.00458977185189724,
        "abs_cosine": 0.00458977185189724,
        "r_squared": 2.1066005652468217e-05
      },
      "31": {
        "cosine": 0.015260398387908936,
        "abs_cosine": 0.015260398387908936,
        "r_squared": 0.00023287975895769364
      },
      "32": {
        "cosine": 0.029318423941731453,
        "abs_cosine": 0.029318423941731453,
        "r_squared": 0.0008595699824270921
      },
      "33": {
        "cosine": 0.025733355432748795,
        "abs_cosine": 0.025733355432748795,
        "r_squared": 0.0006622055818281819
      },
      "34": {
        "cosine": -0.0040891882963478565,
        "abs_cosine": 0.0040891882963478565,
        "r_squared": 1.6721460922988285e-05
      },
      "35": {
        "cosine": 0.010550513863563538,
        "abs_cosine": 0.010550513863563538,
        "r_squared": 0.0001113133427852464
      },
      "36": {
        "cosine": 0.02210041508078575,
        "abs_cosine": 0.02210041508078575,
        "r_squared": 0.0004884283467430223
      },
      "37": {
        "cosine": -0.0007962363306432962,
        "abs_cosine": 0.0007962363306432962,
        "r_squared": 6.339922942363006e-07
      },
      "38": {
        "cosine": 0.007566655054688454,
        "abs_cosine": 0.007566655054688454,
        "r_squared": 5.7254268716642326e-05
      },
      "39": {
        "cosine": 0.011285074055194855,
        "abs_cosine": 0.011285074055194855,
        "r_squared": 0.00012735289643123204
      },
      "40": {
        "cosine": 0.005482732318341732,
        "abs_cosine": 0.005482732318341732,
        "r_squared": 3.0060353674588904e-05
      }
    }
  },
  "control_profile": {
    "probe_type": "control",
    "n_layers": 35,
    "overall_mean_r2": 0.000742277842868007,
    "overall_mean_abs_cos": 0.020361126952671577,
    "peak_layer": 10,
    "peak_cosine": -0.08289378136396408,
    "peak_abs_cosine": 0.08289378136396408,
    "peak_r2": 0.006871378988816679,
    "onset_layer": 8,
    "band_stats": {
      "early": {
        "mean_cos": -0.04519619569182396,
        "mean_abs_cos": 0.04519619569182396,
        "mean_r2": 0.0024854000675056205,
        "max_r2": 0.006871378988816679,
        "r2_fraction": 0.4783345696120149,
        "n_layers": 5
      },
      "middle": {
        "mean_cos": -0.009514883564164241,
        "mean_abs_cos": 0.01789226590966185,
        "mean_r2": 0.0006187888024085636,
        "max_r2": 0.0055626052096933165,
        "r2_fraction": 0.3572721502875292,
        "n_layers": 15
      },
      "late": {
        "mean_cos": 0.013075686292722821,
        "mean_abs_cos": 0.014551631749297182,
        "mean_r2": 0.00028472614178157873,
        "max_r2": 0.0008646187344512092,
        "r2_fraction": 0.1643932801004557,
        "n_layers": 15
      }
    },
    "normalized_entropy": 0.7080239673277613,