{
  "dim_name": "14_biological",
  "dim_id": 14,
  "reading_profile": {
    "probe_type": "reading",
    "n_layers": 35,
    "overall_mean_r2": 0.0004052383400574857,
    "overall_mean_abs_cos": 0.017089464611906025,
    "peak_layer": 14,
    "peak_cosine": 0.043811388313770294,
    "peak_abs_cosine": 0.043811388313770294,
    "peak_r2": 0.0019194377459799683,
    "onset_layer": null,
    "band_stats": {
      "early": {
        "mean_cos": 0.007360673742368817,
        "mean_abs_cos": 0.015984036726877093,
        "mean_r2": 0.0003343113787339626,
        "max_r2": 0.0009211552681731711,
        "r2_fraction": 0.11785352882402785,
        "n_layers": 5
      },
      "middle": {
        "mean_cos": 0.002534643894371887,
        "mean_abs_cos": 0.014717111511466404,
        "mean_r2": 0.0003299691125769918,
        "max_r2": 0.0019194377459799683,
        "r2_fraction": 0.34896829836364257,
        "n_layers": 15
      },
      "late": {
        "mean_cos": 0.019262015291800102,
        "mean_abs_cos": 0.01983029367402196,
        "mean_r2": 0.000504149887979154,
        "max_r2": 0.0012299207233843479,
        "r2_fraction": 0.5331781728123297,
        "n_layers": 15
      }
    },
    "normalized_entropy": 0.8510489312186409,
    "near_peak_layers": [
      14,
      27
    ],
    "near_peak_fraction": 0.05714285714285714,
    "sign_consistency": 0.7142857142857143,
    "dominant_sign": "positive",
    "profile_type": "negligible",
    "per_layer": {
      "6": {
        "cosine": -0.018693935126066208,
        "abs_cosine": 0.018693935126066208,
        "r_squared": 0.000349463210497572
      },
      "7": {
        "cosine": 0.014463074505329132,
        "abs_cosine": 0.014463074505329132,
        "r_squared": 0.00020918052414670152
      },
      "8": {
        "cosine": 0.030350539833307266,
        "abs_cosine": 0.030350539833307266,
        "r_squared": 0.0009211552681731711
      },
      "9": {
        "cosine": -0.002864472335204482,
        "abs_cosine": 0.002864472335204482,
        "r_squared": 8.205201759151819e-06
      },
      "10": {
        "cosine": 0.013548161834478378,
        "abs_cosine": 0.013548161834478378,
        "r_squared": 0.00018355268909321654
      },
      "11": {
        "cosine": -0.012150634080171585,
        "abs_cosine": 0.012150634080171585,
        "r_squared": 0.00014763790855022718
      },
      "12": {
        "cosine": -0.006938491016626358,
        "abs_cosine": 0.006938491016626358,
        "r_squared": 4.814265758780467e-05
      },
      "13": {
        "cosine": -0.010755916126072407,
        "abs_cosine": 0.010755916126072407,
        "r_squared": 0.00011568973171110445
      },
      "14": {
        "cosine": 0.043811388313770294,
        "abs_cosine": 0.043811388313770294,
        "r_squared": 0.0019194377459799683
      },
      "15": {
        "cosine": 0.008909967727959156,
        "abs_cosine": 0.008909967727959156,
        "r_squared": 7.938752491327365e-05
      },
      "16": {
        "cosine": 0.022813204675912857,
        "abs_cosine": 0.022813204675912857,
        "r_squared": 0.0005204423075850922
      },
      "17": {
        "cosine": 0.022228077054023743,
        "abs_cosine": 0.022228077054023743,
        "r_squared": 0.0004940874095196168
      },
      "18": {
        "cosine": 0.009283077903091908,
        "abs_cosine": 0.009283077903091908,
        "r_squared": 8.617553535487325e-05
      },
      "19": {
        "cosine": -0.016549283638596535,
        "abs_cosine": 0.016549283638596535,
        "r_squared": 0.00027387878895071896
      },
      "20": {
        "cosine": 0.01079802867025137,
        "abs_cosine": 0.01079802867025137,
        "r_squared": 0.00011659742316357056
      },
      "21": {
        "cosine": 0.010580873116850853,
        "abs_cosine": 0.010580873116850853,
        "r_squared": 0.00011195487591489708
      },
      "22": {
        "cosine": 0.0009635480819270015,
        "abs_cosine": 0.0009635480819270015,
        "r_squared": 9.284249061852035e-07
      },
      "23": {
        "cosine": -0.011106295511126518,
        "abs_cosine": 0.011106295511126518,
        "r_squared": 0.00012334979998046905
      },
      "24": {
        "cosine": -0.003927989397197962,
        "abs_cosine": 0.003927989397197962,
        "r_squared": 1.5429100704499607e-05
      },
      "25": {
        "cosine": -0.02993989735841751,
        "abs_cosine": 0.02993989735841751,
        "r_squared": 0.0008963974538325759
      },
      "26": {
        "cosine": -0.004262087866663933,
        "abs_cosine": 0.004262087866663933,
        "r_squared": 1.8165392983163914e-05
      },
      "27": {
        "cosine": 0.03507022559642792,
        "abs_cosine": 0.03507022559642792,
        "r_squared": 0.0012299207233843479
      },
      "28": {
        "cosine": 0.03174911066889763,
        "abs_cosine": 0.03174911066889763,
        "r_squared": 0.0010080060282659092
      },
      "29": {
        "cosine": 0.010608638636767864,
        "abs_cosine": 0.010608638636767864,
        "r_squared": 0.00011254321372552393
      },
      "30": {
        "cosine": 0.021764501929283142,
        "abs_cosine": 0.021764501929283142,
        "r_squared": 0.0004736935442297696
      },
      "31": {
        "cosine": 0.026711726561188698,
        "abs_cosine": 0.026711726561188698,
        "r_squared": 0.0007135163358797138
      },
      "32": {
        "cosine": 0.02138165943324566,
        "abs_cosine": 0.02138165943324566,
        "r_squared": 0.00045717536011930307
      },
      "33": {
        "cosine": 0.024842534214258194,
        "abs_cosine": 0.024842534214258194,
        "r_squared": 0.000617151506186589
      },
      "34": {
        "cosine": 0.02750399336218834,
        "abs_cosine": 0.02750399336218834,
        "r_squared": 0.0007564696508673002
      },
      "35": {
        "cosine": 0.00498200161382556,
        "abs_cosine": 0.00498200161382556,
        "r_squared": 2.482034008016048e-05
      },
      "36": {
        "cosine": 0.007368783466517925,
        "abs_cosine": 0.007368783466517925,
        "r_squared": 5.429896977642793e-05
      },
      "37": {
        "cosine": 0.004462100565433502,
        "abs_cosine": 0.004462100565433502,
        "r_squared": 1.991034145604198e-05
      },
      "38": {
        "cosine": 0.02127448283135891,
        "abs_cosine": 0.02127448283135891,
        "r_squared": 0.000452603619741785
      },
      "39": {
        "cosine": 0.021202867850661278,
        "abs_cosine": 0.021202867850661278,
        "r_squared": 0.0004495616050926056
      },
      "40": {
        "cosine": 0.03426969051361084,
        "abs_cosine": 0.03426969051361084,
        "r_squared": 0.0011744116878986688
      }
    }
  },
  "control_profile": {
    "probe_type": "control",
    "n_layers": 35,
    "overall_mean_r2": 0.0014540731139377513,
    "overall_mean_abs_cos": 0.03334208535296576,
    "peak_layer": 40,
    "peak_cosine": 0.06286407262086868,
    "peak_abs_cosine": 0.06286407262086868,
    "peak_r2": 0.0039518916264818515,
    "onset_layer": 14,
    "band_stats": {
      "early": {
        "mean_cos": -0.021183935273438693,
        "mean_abs_cos": 0.023753026407212018,
        "mean_r2": 0.0006432734100866443,
        "max_r2": 0.0008967596439363491,
        "r2_fraction": 0.06319916141774096,
        "n_layers": 5
      },
      "middle": {
        "mean_cos": 0.02054627602919936,
        "mean_abs_cos": 0.0237359371346732,
        "mean_r2": 0.0009237966182465008,
        "max_r2": 0.00344399973628029,
        "r2_fraction": 0.27227849314893976,
        "n_layers": 15
      },
      "late": {
        "mean_cos": 0.04614458655317624,
        "mean_abs_cos": 0.04614458655317624,
        "mean_r2": 0.0022546161775793706,
        "max_r2": 0.0039518916264818515,
        "r2_fraction": 0.6645223454333192,
        "n_layers": 15
      }
    },
    "normalized_entropy": 0.8897163344859074,