{
  "dim_name": "17_attention",
  "dim_id": 17,
  "reading_profile": {
    "probe_type": "reading",
    "n_layers": 35,
    "overall_mean_r2": 0.0007065309097686978,
    "overall_mean_abs_cos": 0.02272471206295969,
    "peak_layer": 40,
    "peak_cosine": 0.04894599691033363,
    "peak_abs_cosine": 0.04894599691033363,
    "peak_r2": 0.0023957106135463896,
    "onset_layer": null,
    "band_stats": {
      "early": {
        "mean_cos": 0.013504660036414862,
        "mean_abs_cos": 0.01585607947781682,
        "mean_r2": 0.00042271906167225053,
        "max_r2": 0.001044534254950824,
        "r2_fraction": 0.08547175579553891,
        "n_layers": 5
      },
      "middle": {
        "mean_cos": 0.0010106018744409084,
        "mean_abs_cos": 0.019753946208705506,
        "mean_r2": 0.0005194099735802719,
        "max_r2": 0.002090158626177896,
        "r2_fraction": 0.3150665757346989,
        "n_layers": 15
      },
      "late": {
        "mean_cos": 0.027893869559435795,
        "mean_abs_cos": 0.027985022112261504,
        "mean_r2": 0.0009882557953226061,
        "max_r2": 0.0023957106135463896,
        "r2_fraction": 0.5994616684697622,
        "n_layers": 15
      }
    },
    "normalized_entropy": 0.8607189113251791,
    "near_peak_layers": [
      12,
      13,
      27,
      31,
      39,
      40
    ],
    "near_peak_fraction": 0.17142857142857143,
    "sign_consistency": 0.7142857142857143,
    "dominant_sign": "positive",
    "profile_type": "negligible",
    "per_layer": {
      "6": {
        "cosine": -0.0028620371595025063,
        "abs_cosine": 0.0028620371595025063,
        "r_squared": 8.191256702373174e-06
      },
      "7": {
        "cosine": 0.010346182622015476,
        "abs_cosine": 0.010346182622015476,
        "r_squared": 0.00010704349484809503
      },
      "8": {
        "cosine": 0.03231925517320633,
        "abs_cosine": 0.03231925517320633,
        "r_squared": 0.001044534254950824
      },
      "9": {
        "cosine": 0.0307364109903574,
        "abs_cosine": 0.0307364109903574,
        "r_squared": 0.0009447269605681631
      },
      "10": {
        "cosine": -0.00301651144400239,
        "abs_cosine": 0.00301651144400239,
        "r_squared": 9.099341291797384e-06
      },
      "11": {
        "cosine": -0.01479368470609188,
        "abs_cosine": 0.01479368470609188,
        "r_squared": 0.00021885310718325682
      },
      "12": {
        "cosine": -0.045718252658843994,
        "abs_cosine": 0.045718252658843994,
        "r_squared": 0.002090158626177896
      },
      "13": {
        "cosine": -0.04025910049676895,
        "abs_cosine": 0.04025910049676895,
        "r_squared": 0.001620795172808942
      },
      "14": {
        "cosine": 0.034356724470853806,
        "abs_cosine": 0.034356724470853806,
        "r_squared": 0.0011803845163661647
      },
      "15": {
        "cosine": 0.021658528596162796,
        "abs_cosine": 0.021658528596162796,
        "r_squared": 0.0004690918609508016
      },
      "16": {
        "cosine": 0.023095348849892616,
        "abs_cosine": 0.023095348849892616,
        "r_squared": 0.0005333951384982362
      },
      "17": {
        "cosine": 0.011497557163238525,
        "abs_cosine": 0.011497557163238525,
        "r_squared": 0.00013219382072193753
      },
      "18": {
        "cosine": -0.011942085810005665,
        "abs_cosine": 0.011942085810005665,
        "r_squared": 0.00014261341349353866
      },
      "19": {
        "cosine": -0.014845829457044601,
        "abs_cosine": 0.014845829457044601,
        "r_squared": 0.0002203986522676532
      },
      "20": {
        "cosine": 0.01573466695845127,
        "abs_cosine": 0.01573466695845127,
        "r_squared": 0.0002475797442933782
      },
      "21": {
        "cosine": 0.020650813356041908,
        "abs_cosine": 0.020650813356041908,
        "r_squared": 0.00042645609226607886
      },
      "22": {
        "cosine": 0.01606181263923645,
        "abs_cosine": 0.01606181263923645,
        "r_squared": 0.0002579818252579358
      },
      "23": {
        "cosine": 0.012678658589720726,
        "abs_cosine": 0.012678658589720726,
        "r_squared": 0.00016074838363469915
      },
      "24": {
        "cosine": -0.004806677345186472,
        "abs_cosine": 0.004806677345186472,
        "r_squared": 2.310414710072887e-05
      },
      "25": {
        "cosine": -0.008209452033042908,
        "abs_cosine": 0.008209452033042908,
        "r_squared": 6.739510268283233e-05
      },
      "26": {
        "cosine": -0.0006836441461928189,
        "abs_cosine": 0.0006836441461928189,
        "r_squared": 4.673693186237083e-07
      },
      "27": {
        "cosine": 0.043262094259262085,
        "abs_cosine": 0.043262094259262085,
        "r_squared": 0.0018716087996972774
      },
      "28": {
        "cosine": 0.031506188213825226,
        "abs_cosine": 0.031506188213825226,
        "r_squared": 0.0009926398957649796
      },
      "29": {
        "cosine": 0.010359114035964012,
        "abs_cosine": 0.010359114035964012,
        "r_squared": 0.0001073112436101066
      },
      "30": {
        "cosine": 0.025226231664419174,
        "abs_cosine": 0.025226231664419174,
        "r_squared": 0.0006363627639869446
      },
      "31": {
        "cosine": 0.0456952303647995,
        "abs_cosine": 0.0456952303647995,
        "r_squared": 0.002088054078092094
      },
      "32": {
        "cosine": 0.03512832522392273,
        "abs_cosine": 0.03512832522392273,
        "r_squared": 0.0012339992330376859
      },
      "33": {
        "cosine": 0.034837305545806885,
        "abs_cosine": 0.034837305545806885,
        "r_squared": 0.0012136378576919071
      },
      "34": {
        "cosine": 0.02892095409333706,
        "abs_cosine": 0.02892095409333706,
        "r_squared": 0.0008364215856689096
      },
      "35": {
        "cosine": 0.02459697052836418,
        "abs_cosine": 0.02459697052836418,
        "r_squared": 0.0006050109591732161
      },
      "36": {
        "cosine": 0.009796221740543842,
        "abs_cosine": 0.009796221740543842,
        "r_squared": 9.596596038990383e-05
      },
      "37": {
        "cosine": 0.013888094574213028,
        "abs_cosine": 0.013888094574213028,
        "r_squared": 0.00019287917090228535
      },
      "38": {
        "cosine": 0.020934026688337326,
        "abs_cosine": 0.020934026688337326,
        "r_squared": 0.00043823347338801943
      },
      "39": {
        "cosine": 0.04599493369460106,
        "abs_cosine": 0.04599493369460106,
        "r_squared": 0.002115533925570748
      },
      "40": {
        "cosine": 0.04894599691033363,
        "abs_cosine": 0.04894599691033363,
        "r_squared": 0.0023957106135463896
      }
    }
  },
  "control_profile": {
    "probe_type": "control",
    "n_layers": 35,
    "overall_mean_r2": 0.0011633049525598199,
    "overall_mean_abs_cos": 0.028296498290728778,
    "peak_layer": 15,
    "peak_cosine": 0.07199744135141373,
    "peak_abs_cosine": 0.07199744135141373,
    "peak_r2": 0.005183631561150259,
    "onset_layer": 14,
    "band_stats": {
      "early": {
        "mean_cos": 0.0111012558452785,
        "mean_abs_cos": 0.017295218538492918,
        "mean_r2": 0.0003973712905507319,
        "max_r2": 0.0013143738491461776,
        "r2_fraction": 0.048798319904525655,
        "n_layers": 5
      },
      "middle": {
        "mean_cos": 0.019056487133881698,
        "mean_abs_cos": 0.019270064654604842,
        "mean_r2": 0.0007916705968996126,
        "max_r2": 0.005183631561150259,
        "r2_fraction": 0.2916581743460046,
        "n_layers": 15
      },
      "late": {
        "mean_cos": 0.040990025177598,
        "mean_abs_cos": 0.040990025177598,
        "mean_r2": 0.0017902505288897228,
        "max_r2": 0.004220982026126807,
        "r2_fraction": 0.6595435057494696,
        "n_layers": 15
      }
    },
    "normalized_entropy": 0.8442308243675121,
    "near_peak_layers": [
      15,
      40
    ],