{
  "dim_name": "1_phenomenology",
  "dim_id": 1,
  "reading_profile": {
    "probe_type": "reading",
    "n_layers": 35,
    "overall_mean_r2": 0.0006328483371755562,
    "overall_mean_abs_cos": 0.022505595974091974,
    "peak_layer": 12,
    "peak_cosine": -0.04573958367109299,
    "peak_abs_cosine": 0.04573958367109299,
    "peak_r2": 0.002092109514404916,
    "onset_layer": null,
    "band_stats": {
      "early": {
        "mean_cos": 0.011854120204225183,
        "mean_abs_cos": 0.01661969958804548,
        "mean_r2": 0.00038222431741429224,
        "max_r2": 0.0010618484231695313,
        "r2_fraction": 0.08628208483572282,
        "n_layers": 5
      },
      "middle": {
        "mean_cos": 0.007220967455456654,
        "mean_abs_cos": 0.02000426168863972,
        "mean_r2": 0.0005110231747733689,
        "max_r2": 0.002092109514404916,
        "r2_fraction": 0.3460701706560299,
        "n_layers": 15
      },
      "late": {
        "mean_cos": 0.026968895721559725,
        "mean_abs_cos": 0.026968895721559725,
        "mean_r2": 0.0008382148394981651,
        "max_r2": 0.0019613977497884433,
        "r2_fraction": 0.5676477445082473,
        "n_layers": 15
      }
    },
    "normalized_entropy": 0.8966572835836708,
    "near_peak_layers": [
      12,
      28,
      40
    ],
    "near_peak_fraction": 0.08571428571428572,
    "sign_consistency": 0.8,
    "dominant_sign": "positive",
    "profile_type": "negligible",
    "per_layer": {
      "6": {
        "cosine": -0.00940108671784401,
        "abs_cosine": 0.00940108671784401,
        "r_squared": 8.838043147642305e-05
      },
      "7": {
        "cosine": 0.021496407687664032,
        "abs_cosine": 0.021496407687664032,
        "r_squared": 0.0004620955434742613
      },
      "8": {
        "cosine": 0.03258601576089859,
        "abs_cosine": 0.03258601576089859,
        "r_squared": 0.0010618484231695313
      },
      "9": {
        "cosine": 0.01710212603211403,
        "abs_cosine": 0.01710212603211403,
        "r_squared": 0.00029248271481831234
      },
      "10": {
        "cosine": -0.002512861741706729,
        "abs_cosine": 0.002512861741706729,
        "r_squared": 6.314474132933375e-06
      },
      "11": {
        "cosine": -0.01033138856291771,
        "abs_cosine": 0.01033138856291771,
        "r_squared": 0.00010673758963798685
      },
      "12": {
        "cosine": -0.04573958367109299,
        "abs_cosine": 0.04573958367109299,
        "r_squared": 0.002092109514404916
      },
      "13": {
        "cosine": -0.023022538051009178,
        "abs_cosine": 0.023022538051009178,
        "r_squared": 0.0005300372583101655
      },
      "14": {
        "cosine": 0.02619876340031624,
        "abs_cosine": 0.02619876340031624,
        "r_squared": 0.0006863752037057497
      },
      "15": {
        "cosine": 0.014125121757388115,
        "abs_cosine": 0.014125121757388115,
        "r_squared": 0.0001995190646610391
      },
      "16": {
        "cosine": 0.023970341309905052,
        "abs_cosine": 0.023970341309905052,
        "r_squared": 0.0005745772625133407
      },
      "17": {
        "cosine": 0.02272173762321472,
        "abs_cosine": 0.02272173762321472,
        "r_squared": 0.0005162773606182114
      },
      "18": {
        "cosine": 0.010015832260251045,
        "abs_cosine": 0.010015832260251045,
        "r_squared": 0.00010031689586548556
      },
      "19": {
        "cosine": -0.009964029304683208,
        "abs_cosine": 0.009964029304683208,
        "r_squared": 9.928187998458574e-05
      },
      "20": {
        "cosine": 0.026864513754844666,
        "abs_cosine": 0.026864513754844666,
        "r_squared": 0.0007217020992842382
      },
      "21": {
        "cosine": 0.03326708823442459,
        "abs_cosine": 0.03326708823442459,
        "r_squared": 0.001106699159596991
      },
      "22": {
        "cosine": 0.025182479992508888,
        "abs_cosine": 0.025182479992508888,
        "r_squared": 0.0006341572985731105
      },
      "23": {
        "cosine": 0.013423420488834381,
        "abs_cosine": 0.013423420488834381,
        "r_squared": 0.00018018821762005865
      },
      "24": {
        "cosine": 0.00841991975903511,
        "abs_cosine": 0.00841991975903511,
        "r_squared": 7.089504874858987e-05
      },
      "25": {
        "cosine": -0.006817167159169912,
        "abs_cosine": 0.006817167159169912,
        "r_squared": 4.647376807606477e-05
      },
      "26": {
        "cosine": 0.003480661893263459,
        "abs_cosine": 0.003480661893263459,
        "r_squared": 1.2115007215216368e-05
      },
      "27": {
        "cosine": 0.0315806083381176,
        "abs_cosine": 0.0315806083381176,
        "r_squared": 0.0009973348230055828
      },
      "28": {
        "cosine": 0.04341970011591911,
        "abs_cosine": 0.04341970011591911,
        "r_squared": 0.0018852703581563462
      },
      "29": {
        "cosine": 0.02758113108575344,
        "abs_cosine": 0.02758113108575344,
        "r_squared": 0.0007607187919695148
      },
      "30": {
        "cosine": 0.03086341917514801,
        "abs_cosine": 0.03086341917514801,
        "r_squared": 0.0009525506431808939
      },
      "31": {
        "cosine": 0.036083683371543884,
        "abs_cosine": 0.036083683371543884,
        "r_squared": 0.0013020322056578326
      },
      "32": {
        "cosine": 0.026037301868200302,
        "abs_cosine": 0.026037301868200302,
        "r_squared": 0.0006779410885757869
      },
      "33": {
        "cosine": 0.028072938323020935,
        "abs_cosine": 0.028072938323020935,
        "r_squared": 0.0007880898660881375
      },
      "34": {
        "cosine": 0.025707466527819633,
        "abs_cosine": 0.025707466527819633,
        "r_squared": 0.0006608738352789668
      },
      "35": {
        "cosine": 0.019764931872487068,
        "abs_cosine": 0.019764931872487068,
        "r_squared": 0.00039065253192405516
      },
      "36": {
        "cosine": 0.014042831026017666,
        "abs_cosine": 0.014042831026017666,
        "r_squared": 0.00019720110322528437
      },
      "37": {
        "cosine": 0.01651756837964058,
        "abs_cosine": 0.01651756837964058,
        "r_squared": 0.0002728300651761023
      },
      "38": {
        "cosine": 0.022051405161619186,
        "abs_cosine": 0.022051405161619186,
        "r_squared": 0.0004862644696018853
      },
      "39": {
        "cosine": 0.03504211828112602,
        "abs_cosine": 0.03504211828112602,
        "r_squared": 0.0012279500536284266
      },
      "40": {
        "cosine": 0.04428767040371895,
        "abs_cosine": 0.04428767040371895,
        "r_squared": 0.0019613977497884433
      }
    }
  },
  "control_profile": {
    "probe_type": "control",
    "n_layers": 35,
    "overall_mean_r2": 0.0013071902348634412,
    "overall_mean_abs_cos": 0.029637606628239156,
    "peak_layer": 40,
    "peak_cosine": 0.07983928173780441,
    "peak_abs_cosine": 0.07983928173780441,
    "peak_r2": 0.006374310908408509,
    "onset_layer": 14,
    "band_stats": {
      "early": {
        "mean_cos": 0.010415042284876108,
        "mean_abs_cos": 0.012258563656359911,
        "mean_r2": 0.0002189496358708453,
        "max_r2": 0.0006578815183459069,
        "r2_fraction": 0.02392805467475692,
        "n_layers": 5
      },
      "middle": {
        "mean_cos": 0.018039815469334523,
        "mean_abs_cos": 0.02105285565679272,
        "mean_r2": 0.0008900660509449691,
        "max_r2": 0.0059814351678619815,
        "r2_fraction": 0.2918143578514914,
        "n_layers": 15
      },
      "late": {
        "mean_cos": 0.04401537192364534,
        "mean_abs_cos": 0.04401537192364534,
        "mean_r2": 0.002087061285112778,
        "max_r2": 0.006374310908408509,
        "r2_fraction": 0.6842575874737515,
        "n_layers": 15
      }
    },
    "normalized_entropy": 0.8313255080279658,
    "near_peak_layers": [
      15,
      40
    ],
    "near_peak_fraction": 0.05714285714285714,