{
  "dim_name": "3_agency",
  "dim_id": 3,
  "reading_profile": {
    "probe_type": "reading",
    "n_layers": 35,
    "overall_mean_r2": 0.0006069197636911,
    "overall_mean_abs_cos": 0.021928757721824305,
    "peak_layer": 12,
    "peak_cosine": -0.04418954998254776,
    "peak_abs_cosine": 0.04418954998254776,
    "peak_r2": 0.0019527163276600867,
    "onset_layer": null,
    "band_stats": {
      "early": {
        "mean_cos": 0.011857718462124467,
        "mean_abs_cos": 0.01391067742370069,
        "mean_r2": 0.0003158420635054843,
        "max_r2": 0.0008827272877259297,
        "r2_fraction": 0.07434309687344824,
        "n_layers": 5
      },
      "middle": {
        "mean_cos": 0.006065680288399259,
        "mean_abs_cos": 0.02392352852039039,
        "mean_r2": 0.0007016372983554381,
        "max_r2": 0.0019527163276600867,
        "r2_fraction": 0.4954554412043072,
        "n_layers": 15
      },
      "late": {
        "mean_cos": 0.02145636398345232,
        "mean_abs_cos": 0.02260668035596609,
        "mean_r2": 0.0006092281290886338,
        "max_r2": 0.001536890636516297,
        "r2_fraction": 0.43020146192224473,
        "n_layers": 15
      }
    },
    "normalized_entropy": 0.8986452438840538,
    "near_peak_layers": [
      12,
      13,
      31,
      40
    ],
    "near_peak_fraction": 0.11428571428571428,
    "sign_consistency": 0.7714285714285715,
    "dominant_sign": "positive",
    "profile_type": "negligible",
    "per_layer": {
      "6": {
        "cosine": -0.00329086696729064,
        "abs_cosine": 0.00329086696729064,
        "r_squared": 1.0829805396404693e-05
      },
      "7": {
        "cosine": 0.011036080308258533,
        "abs_cosine": 0.011036080308258533,
        "r_squared": 0.00012179506857033177
      },
      "8": {
        "cosine": 0.02971072681248188,
        "abs_cosine": 0.02971072681248188,
        "r_squared": 0.0008827272877259297
      },
      "9": {
        "cosine": 0.02367418259382248,
        "abs_cosine": 0.02367418259382248,
        "r_squared": 0.0005604669214856473
      },
      "10": {
        "cosine": -0.0018415304366499186,
        "abs_cosine": 0.0018415304366499186,
        "r_squared": 3.3912343491080397e-06
      },
      "11": {
        "cosine": -0.01554618775844574,
        "abs_cosine": 0.01554618775844574,
        "r_squared": 0.00024168395382084817
      },
      "12": {
        "cosine": -0.04418954998254776,
        "abs_cosine": 0.04418954998254776,
        "r_squared": 0.0019527163276600867
      },
      "13": {
        "cosine": -0.03936070203781128,
        "abs_cosine": 0.03936070203781128,
        "r_squared": 0.001549264864909361
      },
      "14": {
        "cosine": 0.029190167784690857,
        "abs_cosine": 0.029190167784690857,
        "r_squared": 0.0008520658952984039
      },
      "15": {
        "cosine": 0.0304960198700428,
        "abs_cosine": 0.0304960198700428,
        "r_squared": 0.0009300072279140453
      },
      "16": {
        "cosine": 0.02991507574915886,
        "abs_cosine": 0.02991507574915886,
        "r_squared": 0.0008949117570779125
      },
      "17": {
        "cosine": 0.03325299918651581,
        "abs_cosine": 0.03325299918651581,
        "r_squared": 0.001105761954898421
      },
      "18": {
        "cosine": 0.020010706037282944,
        "abs_cosine": 0.020010706037282944,
        "r_squared": 0.00040042835611055205
      },
      "19": {
        "cosine": 0.0017027754802256823,
        "abs_cosine": 0.0017027754802256823,
        "r_squared": 2.899444336057803e-06
      },
      "20": {
        "cosine": 0.026713714003562927,
        "abs_cosine": 0.026713714003562927,
        "r_squared": 0.000713622515864154
      },
      "21": {
        "cosine": 0.0314924381673336,
        "abs_cosine": 0.0314924381673336,
        "r_squared": 0.0009917736617233303
      },
      "22": {
        "cosine": 0.013319265097379684,
        "abs_cosine": 0.013319265097379684,
        "r_squared": 0.00017740282273427666
      },
      "23": {
        "cosine": 0.008825904689729214,
        "abs_cosine": 0.008825904689729214,
        "r_squared": 7.789659359218413e-05
      },
      "24": {
        "cosine": -0.013724044896662235,
        "abs_cosine": 0.013724044896662235,
        "r_squared": 0.00018834940832560074
      },
      "25": {
        "cosine": -0.021113377064466476,
        "abs_cosine": 0.021113377064466476,
        "r_squared": 0.00044577469106633905
      },
      "26": {
        "cosine": -0.008627372793853283,
        "abs_cosine": 0.008627372793853283,
        "r_squared": 7.44315613241198e-05
      },
      "27": {
        "cosine": 0.03205086663365364,
        "abs_cosine": 0.03205086663365364,
        "r_squared": 0.0010272580519682523
      },
      "28": {
        "cosine": 0.03224717453122139,
        "abs_cosine": 0.03224717453122139,
        "r_squared": 0.0010398802652470535
      },
      "29": {
        "cosine": 0.017610112205147743,
        "abs_cosine": 0.017610112205147743,
        "r_squared": 0.0003101160518778935
      },
      "30": {
        "cosine": 0.02369512990117073,
        "abs_cosine": 0.02369512990117073,
        "r_squared": 0.0005614591810333552
      },
      "31": {
        "cosine": 0.03535965830087662,
        "abs_cosine": 0.03535965830087662,
        "r_squared": 0.0012503054351547527
      },
      "32": {
        "cosine": 0.027208901941776276,
        "abs_cosine": 0.027208901941776276,
        "r_squared": 0.0007403243448771968
      },
      "33": {
        "cosine": 0.028525162488222122,
        "abs_cosine": 0.028525162488222122,
        "r_squared": 0.0008136848949794745
      },
      "34": {
        "cosine": 0.025193294510245323,
        "abs_cosine": 0.025193294510245323,
        "r_squared": 0.0006347020882799571
      },
      "35": {
        "cosine": 0.01117712166160345,
        "abs_cosine": 0.01117712166160345,
        "r_squared": 0.00012492804863828508
      },
      "36": {
        "cosine": 0.012574267573654652,
        "abs_cosine": 0.012574267573654652,
        "r_squared": 0.00015811220501386284
      },
      "37": {
        "cosine": 0.011895328760147095,
        "abs_cosine": 0.011895328760147095,
        "r_squared": 0.00014149884631198262
      },
      "38": {
        "cosine": 0.008037786930799484,
        "abs_cosine": 0.008037786930799484,
        "r_squared": 6.460601874493099e-05
      },
      "39": {
        "cosine": 0.02569483034312725,
        "abs_cosine": 0.02569483034312725,
        "r_squared": 0.0006602243063620929
      },
      "40": {
        "cosine": 0.03920319676399231,
        "abs_cosine": 0.03920319676399231,
        "r_squared": 0.001536890636516297
      }
    }
  },
  "control_profile": {
    "probe_type": "control",
    "n_layers": 35,
    "overall_mean_r2": 0.0013511043191156869,
    "overall_mean_abs_cos": 0.03016790126982544,
    "peak_layer": 15,
    "peak_cosine": 0.09972621500492096,
    "peak_abs_cosine": 0.09972621500492096,
    "peak_r2": 0.009945317959207722,
    "onset_layer": 14,
    "band_stats": {
      "early": {
        "mean_cos": 0.0021124389953911305,
        "mean_abs_cos": 0.014078210387378932,
        "mean_r2": 0.0002364055460292102,
        "max_r2": 0.000527341820792563,
        "r2_fraction": 0.024996012804858803,
        "n_layers": 5
      },
      "middle": {
        "mean_cos": 0.02461918230789403,
        "mean_abs_cos": 0.028457088287298878,
        "mean_r2": 0.0015294752472212252,
        "max_r2": 0.009945317959207722,
        "r2_fraction": 0.4851508372760326,
        "n_layers": 15
      },
      "late": {
        "mean_cos": 0.037241944546500844,
        "mean_abs_cos": 0.037241944546500844,
        "mean_r2": 0.0015442996487056411,
        "max_r2": 0.0032991154041619453,
        "r2_fraction": 0.4898531499191088,
        "n_layers": 15
      }
    },
    "normalized_entropy": 0.8084443273434998,
    "near_peak_layers": [
      15
    ],