{
  "dim_name": "4_intentions",
  "dim_id": 4,
  "reading_profile": {
    "probe_type": "reading",
    "n_layers": 35,
    "overall_mean_r2": 0.0007890143604689187,
    "overall_mean_abs_cos": 0.02493501057449196,
    "peak_layer": 40,
    "peak_cosine": 0.05438067018985748,
    "peak_abs_cosine": 0.05438067018985748,
    "peak_r2": 0.0029572572902980543,
    "onset_layer": 40,
    "band_stats": {
      "early": {
        "mean_cos": 0.012303169164806605,
        "mean_abs_cos": 0.017209435906261207,
        "mean_r2": 0.0003961287069411203,
        "max_r2": 0.0009148686734941104,
        "r2_fraction": 0.07172216136049925,
        "n_layers": 5
      },
      "middle": {
        "mean_cos": 0.004456283353889982,
        "mean_abs_cos": 0.021560399777566394,
        "mean_r2": 0.0006193788380994568,
        "max_r2": 0.0021398720721088754,
        "r2_fraction": 0.3364299647390923,
        "n_layers": 15
      },
      "late": {
        "mean_cos": 0.030884812927494447,
        "mean_abs_cos": 0.030884812927494447,
        "mean_r2": 0.0010896117673476467,
        "max_r2": 0.0029572572902980543,
        "r2_fraction": 0.5918478739004084,
        "n_layers": 15
      }
    },
    "normalized_entropy": 0.8930140681036447,
    "near_peak_layers": [
      12,
      40
    ],
    "near_peak_fraction": 0.05714285714285714,
    "sign_consistency": 0.7428571428571429,
    "dominant_sign": "positive",
    "profile_type": "distributed",
    "per_layer": {
      "6": {
        "cosine": -0.005362675990909338,
        "abs_cosine": 0.005362675990909338,
        "r_squared": 2.875829378347545e-05
      },
      "7": {
        "cosine": 0.01719956286251545,
        "abs_cosine": 0.01719956286251545,
        "r_squared": 0.00029582496266162064
      },
      "8": {
        "cosine": 0.03024679608643055,
        "abs_cosine": 0.03024679608643055,
        "r_squared": 0.0009148686734941104
      },
      "9": {
        "cosine": 0.026335153728723526,
        "abs_cosine": 0.026335153728723526,
        "r_squared": 0.0006935403219155006
      },
      "10": {
        "cosine": -0.006902990862727165,
        "abs_cosine": 0.006902990862727165,
        "r_squared": 4.765128285089473e-05
      },
      "11": {
        "cosine": -0.016960805281996727,
        "abs_cosine": 0.016960805281996727,
        "r_squared": 0.0002876689158138081
      },
      "12": {
        "cosine": -0.046258751302957535,
        "abs_cosine": 0.046258751302957535,
        "r_squared": 0.0021398720721088754
      },
      "13": {
        "cosine": -0.041371893137693405,
        "abs_cosine": 0.041371893137693405,
        "r_squared": 0.0017116335417967227
      },
      "14": {
        "cosine": 0.022733047604560852,
        "abs_cosine": 0.022733047604560852,
        "r_squared": 0.0005167914533912299
      },
      "15": {
        "cosine": 0.03322635963559151,
        "abs_cosine": 0.03322635963559151,
        "r_squared": 0.0011039909746336646
      },
      "16": {
        "cosine": 0.031517285853624344,
        "abs_cosine": 0.031517285853624344,
        "r_squared": 0.0009933393075790692
      },
      "17": {
        "cosine": 0.01904713362455368,
        "abs_cosine": 0.01904713362455368,
        "r_squared": 0.0003627932993116034
      },
      "18": {
        "cosine": -0.0028297172393649817,
        "abs_cosine": 0.0028297172393649817,
        "r_squared": 8.007299654759373e-06
      },
      "19": {
        "cosine": -0.00976000726222992,
        "abs_cosine": 0.00976000726222992,
        "r_squared": 9.525774175878077e-05
      },
      "20": {
        "cosine": 0.023982912302017212,
        "abs_cosine": 0.023982912302017212,
        "r_squared": 0.0005751800824862485
      },
      "21": {
        "cosine": 0.02510458417236805,
        "abs_cosine": 0.02510458417236805,
        "r_squared": 0.0006302401464675124
      },
      "22": {
        "cosine": 0.021371277049183846,
        "abs_cosine": 0.021371277049183846,
        "r_squared": 0.0004567314827129722
      },
      "23": {
        "cosine": 0.018142523244023323,
        "abs_cosine": 0.018142523244023323,
        "r_squared": 0.00032915114965992656
      },
      "24": {
        "cosine": -0.002514767460525036,
        "abs_cosine": 0.002514767460525036,
        "r_squared": 6.324055380515538e-06
      },
      "25": {
        "cosine": -0.008584931492805481,
        "abs_cosine": 0.008584931492805481,
        "r_squared": 7.370104873616334e-05
      },
      "26": {
        "cosine": 0.006090669427067041,
        "abs_cosine": 0.006090669427067041,
        "r_squared": 3.709625406980916e-05
      },
      "27": {
        "cosine": 0.039505310356616974,
        "abs_cosine": 0.039505310356616974,
        "r_squared": 0.0015606695463726283
      },
      "28": {
        "cosine": 0.03496592864394188,
        "abs_cosine": 0.03496592864394188,
        "r_squared": 0.0012226161659332352
      },
      "29": {
        "cosine": 0.02140430547297001,
        "abs_cosine": 0.02140430547297001,
        "r_squared": 0.0004581442927802139
      },
      "30": {
        "cosine": 0.032257236540317535,
        "abs_cosine": 0.032257236540317535,
        "r_squared": 0.0010405293092179968
      },
      "31": {
        "cosine": 0.04316026344895363,
        "abs_cosine": 0.04316026344895363,
        "r_squared": 0.0018628083409830826
      },
      "32": {
        "cosine": 0.04230893403291702,
        "abs_cosine": 0.04230893403291702,
        "r_squared": 0.0017900458990017243
      },
      "33": {
        "cosine": 0.03174413740634918,
        "abs_cosine": 0.03174413740634918,
        "r_squared": 0.0010076902596731774
      },
      "34": {
        "cosine": 0.026453057304024696,
        "abs_cosine": 0.026453057304024696,
        "r_squared": 0.0006997642407300143
      },
      "35": {
        "cosine": 0.02721405401825905,
        "abs_cosine": 0.02721405401825905,
        "r_squared": 0.0007406047361087215
      },
      "36": {
        "cosine": 0.018394488841295242,
        "abs_cosine": 0.018394488841295242,
        "r_squared": 0.0003383572197325352
      },
      "37": {
        "cosine": 0.021322298794984818,
        "abs_cosine": 0.021322298794984818,
        "r_squared": 0.000454640425902611
      },
      "38": {
        "cosine": 0.024243876338005066,
        "abs_cosine": 0.024243876338005066,
        "r_squared": 0.0005877655398924819
      },
      "39": {
        "cosine": 0.03982696309685707,
        "abs_cosine": 0.03982696309685707,
        "r_squared": 0.001586186989518415
      },
      "40": {
        "cosine": 0.05438067018985748,
        "abs_cosine": 0.05438067018985748,
        "r_squared": 0.0029572572902980543
      }
    }
  },
  "control_profile": {
    "probe_type": "control",
    "n_layers": 35,
    "overall_mean_r2": 0.0014061985810809503,
    "overall_mean_abs_cos": 0.03232326485199987,
    "peak_layer": 15,
    "peak_cosine": 0.08116202801465988,
    "peak_abs_cosine": 0.08116202801465988,
    "peak_r2": 0.0065872747914524354,
    "onset_layer": 14,
    "band_stats": {
      "early": {
        "mean_cos": 0.009091880172491074,
        "mean_abs_cos": 0.01582166217267513,
        "mean_r2": 0.0003171644841237501,
        "max_r2": 0.0008758358408547696,
        "r2_fraction": 0.03222106225057433,
        "n_layers": 5
      },
      "middle": {
        "mean_cos": 0.020152319818347073,
        "mean_abs_cos": 0.025761786326377965,
        "mean_r2": 0.0010912621895968054,
        "max_r2": 0.0065872747914524354,
        "r2_fraction": 0.3325873044061655,
        "n_layers": 15
      },
      "late": {
        "mean_cos": 0.04438527760406335,
        "mean_abs_cos": 0.04438527760406335,
        "mean_r2": 0.0020841463382174946,
        "max_r2": 0.004518956441648625,
        "r2_fraction": 0.63519163334326,
        "n_layers": 15
      }
    },
    "normalized_entropy": 0.8657493191577648,
    "near_peak_layers": [
      15,
      40
    ],
    "near_peak_fraction": 0.05714285714285714,