{
  "0": {
    "mean": 0.0,
    "std": 0.0
  },
  "1": {
    "mean": 0.9557397902011872,
    "std": 0.012654852778223369
  },
  "2": {
    "mean": 0.9435777693986893,
    "std": 0.013516738576902635
  },
  "3": {
    "mean": 0.9483378082513809,
    "std": 0.01192940714179943
  },
  "4": {
    "mean": 0.9545882523059845,
    "std": 0.009718359639882001
  },
  "5": {
    "mean": 0.923030361533165,
    "std": 0.017214911010313746
  },
  "6": {
    "mean": 0.8882028669118881,
    "std": 0.030977874457737663
  },
  "7": {
    "mean": 0.9391716361045838,
    "std": 0.018627688038811825
  },
  "8": {
    "mean": 0.946548867225647,
    "std": 0.009953234504517551
  },
  "9": {
    "mean": 0.9349539309740067,
    "std": 0.015839878104228412
  },
  "10": {
    "mean": 0.9162324219942093,
    "std": 0.018018968290469388
  },
  "11": {
    "mean": 0.918697988986969,
    "std": 0.01786004833418305
  },
  "12": {
    "mean": 0.9018924981355667,
    "std": 0.030115156862560687
  },
  "13": {
    "mean": 0.8747003644704818,
    "std": 0.043597605132979333
  },
  "14": {
    "mean": 0.8866713464260101,
    "std": 0.03811362924325105
  },
  "15": {
    "mean": 0.8573806941509247,
    "std": 0.057547168021023824
  },
  "16": {
    "mean": 0.8434911787509918,
    "std": 0.061794803608215085
  },
  "17": {
    "mean": 0.8333674281835556,
    "std": 0.09196948709751233
  },
  "18": {
    "mean": 0.853928878903389,
    "std": 0.05242608618958945
  },
  "19": {
    "mean": 0.8561225652694702,
    "std": 0.06366239643225427
  },
  "20": {
    "mean": 0.8398963272571563,
    "std": 0.06166544264045216
  },
  "21": {
    "mean": 0.8401495218276978,
    "std": 0.09150566955178237
  },
  "22": {
    "mean": 0.8360652565956116,
    "std": 0.05535582241538331
  },
  "23": {
    "mean": 0.8670022428035736,
    "std": 0.051313766117406234
  },
  "24": {
    "mean": 0.8567569017410278,
    "std": 0.02823656938522907
  },
  "25": {
    "mean": 0.8117984682321548,
    "std": 0.10003899716772559
  },
  "26": {
    "mean": 0.8611007034778595,
    "std": 0.0763229292965399
  },
  "27": {
    "mean": 0.8372493058443069,
    "std": 0.05185362881029825
  },
  "28": {
    "mean": 0.8558546006679535,
    "std": 0.08439051147704597
  },
  "29": {
    "mean": 0.8601250261068344,
    "std": 0.05097479999827082
  },
  "30": {
    "mean": 0.8334926635026931,
    "std": 0.09466651002349626
  },
  "31": {
    "mean": 0.8627906918525696,
    "std": 0.058249058889261913
  },
  "32": {
    "mean": 0.8521068096160889,
    "std": 0.07873699811313362
  },
  "33": {
    "mean": 0.8584676146507263,
    "std": 0.05197266988911536
  },
  "34": {
    "mean": 0.8429155468940734,
    "std": 0.06921281697377374
  },
  "35": {
    "mean": 0.8665349364280701,
    "std": 0.0496880920944021
  },
  "36": {
    "mean": 0.851309421658516,
    "std": 0.073382724181469
  },
  "37": {
    "mean": 0.8656060606241226,
    "std": 0.05454379603613202
  },
  "38": {
    "mean": 0.8598828017711639,
    "std": 0.04390539242787801
  },
  "39": {
    "mean": 0.8643733322620392,
    "std": 0.04636216765859886
  },
  "40": {
    "mean": 0.8740671008825303,
    "std": 0.05353501260532476
  }
}