{
  "0": {
    "mean": 0.0,
    "std": 0.0
  },
  "1": {
    "mean": 0.7244773775339126,
    "std": 0.10176191671290821
  },
  "2": {
    "mean": 0.7289041042327881,
    "std": 0.12622684458586134
  },
  "3": {
    "mean": 0.7279192209243774,
    "std": 0.06811010957399755
  },
  "4": {
    "mean": 0.7102099835872651,
    "std": 0.07413078698107455
  },
  "5": {
    "mean": 0.643493139743805,
    "std": 0.07467058652509204
  },
  "6": {
    "mean": 0.5538780599832535,
    "std": 0.10393608952078369
  },
  "7": {
    "mean": 0.6007728606462479,
    "std": 0.08573393697203271
  },
  "8": {
    "mean": 0.6476799517869949,
    "std": 0.07243285390711503
  },
  "9": {
    "mean": 0.5983482584357261,
    "std": 0.09196078588127897
  },
  "10": {
    "mean": 0.6400726690888405,
    "std": 0.09398809895517907
  },
  "11": {
    "mean": 0.6761790439486504,
    "std": 0.09317576293294103
  },
  "12": {
    "mean": 0.6715894624590873,
    "std": 0.06331860721378049
  },
  "13": {
    "mean": 0.6563775703310967,
    "std": 0.07720759351157093
  },
  "14": {
    "mean": 0.6356229215860367,
    "std": 0.11133015380725882
  },
  "15": {
    "mean": 0.5570940926671029,
    "std": 0.1405453561723887
  },
  "16": {
    "mean": 0.6422369807958603,
    "std": 0.10838841630846603
  },
  "17": {
    "mean": 0.6417707234621048,
    "std": 0.10584190224202877
  },
  "18": {
    "mean": 0.6094132795929909,
    "std": 0.14345038978725358
  },
  "19": {
    "mean": 0.5551364032551647,
    "std": 0.195906681572788
  },
  "20": {
    "mean": 0.6464731603860855,
    "std": 0.11324429514731853
  },
  "21": {
    "mean": 0.5459361242130398,
    "std": 0.17321765230980934
  },
  "22": {
    "mean": 0.6013052925467491,
    "std": 0.14506065067107415
  },
  "23": {
    "mean": 0.6218387052416802,
    "std": 0.17380199951283767
  },
  "24": {
    "mean": 0.6263108968734741,
    "std": 0.09517564147448372
  },
  "25": {
    "mean": 0.6503431424498558,
    "std": 0.10592054739708756
  },
  "26": {
    "mean": 0.6936767995357513,
    "std": 0.0777487894937253
  },
  "27": {
    "mean": 0.6571535930037499,
    "std": 0.1455065471390205
  },
  "28": {
    "mean": 0.682263195514679,
    "std": 0.0740769476317895
  },
  "29": {
    "mean": 0.6789270147681237,
    "std": 0.09789311081070316
  },
  "30": {
    "mean": 0.6784083485603333,
    "std": 0.11150618821020614
  },
  "31": {
    "mean": 0.6198183164000511,
    "std": 0.13033918639886288
  },
  "32": {
    "mean": 0.6545409709215164,
    "std": 0.148918390067176
  },
  "33": {
    "mean": 0.6413675382733345,
    "std": 0.10724594471782439
  },
  "34": {
    "mean": 0.6603234887123108,
    "std": 0.07262974915859532
  },
  "35": {
    "mean": 0.6140152543783188,
    "std": 0.14209281865011555
  },
  "36": {
    "mean": 0.634696289896965,
    "std": 0.10915833792494344
  },
  "37": {
    "mean": 0.5668349236249923,
    "std": 0.14814713797931997
  },
  "38": {
    "mean": 0.5218743063509464,
    "std": 0.19302167287682875
  },
  "39": {
    "mean": 0.6281528294086456,
    "std": 0.10484440505687272
  },
  "40": {
    "mean": 0.5830830991268158,
    "std": 0.10563771651953432
  }
}