{
  "dim_name": "0_baseline",
  "dim_id": 0,
  "reading_profile": {
    "probe_type": "reading",
    "n_layers": 35,
    "overall_mean_r2": 0.0005158693933925172,
    "overall_mean_abs_cos": 0.015657848894729147,
    "peak_layer": 7,
    "peak_cosine": 0.08945084363222122,
    "peak_abs_cosine": 0.08945084363222122,
    "peak_r2": 0.008001453426516092,
    "onset_layer": 7,
    "band_stats": {
      "early": {
        "mean_cos": 0.028072754945605995,
        "mean_abs_cos": 0.04016148904338479,
        "mean_r2": 0.002384830829528512,
        "max_r2": 0.008001453426516092,
        "r2_fraction": 0.6604193287444119,
        "n_layers": 5
      },
      "middle": {
        "mean_cos": -0.006777771702036262,
        "mean_abs_cos": 0.012143109505996109,
        "mean_r2": 0.0002256355724110999,
        "max_r2": 0.0011844498623814342,
        "r2_fraction": 0.18745240722428128,
        "n_layers": 15
      },
      "late": {
        "mean_cos": 0.0032156761502847076,
        "mean_abs_cos": 0.011004708233910303,
        "mean_r2": 0.00018311606899526958,
        "max_r2": 0.0006748245917933028,
        "r2_fraction": 0.15212826403130686,
        "n_layers": 15
      }
    },
    "normalized_entropy": 0.6206105213458285,
    "near_peak_layers": [
      7
    ],
    "near_peak_fraction": 0.02857142857142857,
    "sign_consistency": 0.5428571428571428,
    "dominant_sign": "negative",
    "profile_type": "early-concentrated",
    "per_layer": {
      "6": {
        "cosine": 0.04439875856041908,
        "abs_cosine": 0.04439875856041908,
        "r_squared": 0.0019712497617063868
      },
      "7": {
        "cosine": 0.08945084363222122,
        "abs_cosine": 0.08945084363222122,
        "r_squared": 0.008001453426516092
      },
      "8": {
        "cosine": 0.036736007779836655,
        "abs_cosine": 0.036736007779836655,
        "r_squared": 0.0013495342676002192
      },
      "9": {
        "cosine": -0.006589267868548632,
        "abs_cosine": 0.006589267868548632,
        "r_squared": 4.341845104348743e-05
      },
      "10": {
        "cosine": -0.02363256737589836,
        "abs_cosine": 0.02363256737589836,
        "r_squared": 0.0005584982407763756
      },
      "11": {
        "cosine": -0.013530365191400051,
        "abs_cosine": 0.013530365191400051,
        "r_squared": 0.00018307078221265014
      },
      "12": {
        "cosine": -0.0034715132787823677,
        "abs_cosine": 0.0034715132787823677,
        "r_squared": 1.2051404444762305e-05
      },
      "13": {
        "cosine": 0.004506270866841078,
        "abs_cosine": 0.004506270866841078,
        "r_squared": 2.030647712534064e-05
      },
      "14": {
        "cosine": 0.01750372350215912,
        "abs_cosine": 0.01750372350215912,
        "r_squared": 0.0003063803364400375
      },
      "15": {
        "cosine": -0.021215807646512985,
        "abs_cosine": 0.021215807646512985,
        "r_squared": 0.00045011049409383885
      },
      "16": {
        "cosine": -0.0344158373773098,
        "abs_cosine": 0.0344158373773098,
        "r_squared": 0.0011844498623814342
      },
      "17": {
        "cosine": -0.018222160637378693,
        "abs_cosine": 0.018222160637378693,
        "r_squared": 0.00033204713829443344
      },
      "18": {
        "cosine": -0.007477330509573221,
        "abs_cosine": 0.007477330509573221,
        "r_squared": 5.591047154939453e-05
      },
      "19": {
        "cosine": -0.023272359743714333,
        "abs_cosine": 0.023272359743714333,
        "r_squared": 0.0005416027280408554
      },
      "20": {
        "cosine": 0.0051198685541749,
        "abs_cosine": 0.0051198685541749,
        "r_squared": 2.621305401202898e-05
      },
      "21": {
        "cosine": 0.003982238005846739,
        "abs_cosine": 0.003982238005846739,
        "r_squared": 1.585821953521021e-05
      },
      "22": {
        "cosine": -0.0018837822135537863,
        "abs_cosine": 0.0018837822135537863,
        "r_squared": 3.548635428101603e-06
      },
      "23": {
        "cosine": -0.009386983700096607,
        "abs_cosine": 0.009386983700096607,
        "r_squared": 8.811546298587939e-05
      },
      "24": {
        "cosine": 0.009127932600677013,
        "abs_cosine": 0.009127932600677013,
        "r_squared": 8.331915356250223e-05
      },
      "25": {
        "cosine": -0.009030468761920929,
        "abs_cosine": 0.009030468761920929,
        "r_squared": 8.154936606002972e-05
      },
      "26": {
        "cosine": 0.004990449175238609,
        "abs_cosine": 0.004990449175238609,
        "r_squared": 2.4904582970639716e-05
      },
      "27": {
        "cosine": 0.02597738616168499,
        "abs_cosine": 0.02597738616168499,
        "r_squared": 0.0006748245917933028
      },
      "28": {
        "cosine": 0.025862492620944977,
        "abs_cosine": 0.025862492620944977,
        "r_squared": 0.0006688685245684334
      },
      "29": {
        "cosine": -0.0032907468266785145,
        "abs_cosine": 0.0032907468266785145,
        "r_squared": 1.0829014677294713e-05
      },
      "30": {
        "cosine": 0.015300652012228966,
        "abs_cosine": 0.015300652012228966,
        "r_squared": 0.0002341099519993263
      },
      "31": {
        "cosine": 0.017048895359039307,
        "abs_cosine": 0.017048895359039307,
        "r_squared": 0.000290664832963472
      },
      "32": {
        "cosine": 0.0052096000872552395,
        "abs_cosine": 0.0052096000872552395,
        "r_squared": 2.71399330691298e-05
      },
      "33": {
        "cosine": -0.0012980682076886296,
        "abs_cosine": 0.0012980682076886296,
        "r_squared": 1.6849810718119713e-06
      },
      "34": {
        "cosine": 0.008290288038551807,
        "abs_cosine": 0.008290288038551807,
        "r_squared": 6.872887576215517e-05
      },
      "35": {
        "cosine": -0.006766911130398512,
        "abs_cosine": 0.006766911130398512,
        "r_squared": 4.5791086246711266e-05
      },
      "36": {
        "cosine": -0.0024077605921775103,
        "abs_cosine": 0.0024077605921775103,
        "r_squared": 5.797311069242995e-06
      },
      "37": {
        "cosine": -0.016673991456627846,
        "abs_cosine": 0.016673991456627846,
        "r_squared": 0.0002780219910956984
      },
      "38": {
        "cosine": 0.003973119426518679,
        "abs_cosine": 0.003973119426518679,
        "r_squared": 1.5785677977380114e-05
      },
      "39": {
        "cosine": -0.016007820144295692,
        "abs_cosine": 0.016007820144295692,
        "r_squared": 0.00025625030577211896
      },
      "40": {
        "cosine": -0.011972442269325256,
        "abs_cosine": 0.011972442269325256,
        "r_squared": 0.0001433393738923261
      }
    }
  },
  "control_profile": {
    "probe_type": "control",
    "n_layers": 35,
    "overall_mean_r2": 0.00730218759308536,
    "overall_mean_abs_cos": 0.04865735813842288,
    "peak_layer": 7,
    "peak_cosine": 0.2652309238910675,
    "peak_abs_cosine": 0.2652309238910675,
    "peak_r2": 0.07034744298810924,
    "onset_layer": 6,
    "band_stats": {
      "early": {
        "mean_cos": 0.20938431918621064,
        "mean_abs_cos": 0.20938431918621064,
        "mean_r2": 0.04603145070679084,
        "max_r2": 0.07034744298810924,
        "r2_fraction": 0.9005413029608371,
        "n_layers": 5
      },
      "middle": {
        "mean_cos": 0.02948497903222839,
        "mean_abs_cos": 0.02948497903222839,
        "mean_r2": 0.001399135039590296,
        "max_r2": 0.007760542950783267,
        "r2_fraction": 0.08211639252453069,
        "n_layers": 15
      },
      "late": {
        "mean_cos": 0.013505180381859343,
        "mean_abs_cos": 0.014254083562021454,
        "mean_r2": 0.00029548577534526147,
        "max_r2": 0.0009570285435534266,
        "r2_fraction": 0.01734230451463212,
        "n_layers": 15
      }
    },
    "normalized_entropy": 0.5426263303441702,
    "near_peak_layers": [
      6,
      7,
      8
    ],