{
  "dim_name": "13_helpfulness",
  "dim_id": 13,
  "reading_profile": {
    "probe_type": "reading",
    "n_layers": 35,
    "overall_mean_r2": 0.00034640868530323173,
    "overall_mean_abs_cos": 0.014541275017628712,
    "peak_layer": 17,
    "peak_cosine": 0.0462728776037693,
    "peak_abs_cosine": 0.0462728776037693,
    "peak_r2": 0.0021411792017334147,
    "onset_layer": null,
    "band_stats": {
      "early": {
        "mean_cos": -0.019384864531457425,
        "mean_abs_cos": 0.019384864531457425,
        "mean_r2": 0.0004374690973022547,
        "max_r2": 0.000855439681966861,
        "r2_fraction": 0.18040998387262575,
        "n_layers": 5
      },
      "middle": {
        "mean_cos": 0.0053526862136398755,
        "mean_abs_cos": 0.0143276712934797,
        "mean_r2": 0.0003868750167160252,
        "max_r2": 0.0021411792017334147,
        "r2_fraction": 0.47863574334876935,
        "n_layers": 15
      },
      "late": {
        "mean_cos": 0.010957406895856062,
        "mean_abs_cos": 0.013140348903834819,
        "mean_r2": 0.00027558888322409727,
        "max_r2": 0.0012084921325495324,
        "r2_fraction": 0.34095427277860485,
        "n_layers": 15
      }
    },
    "normalized_entropy": 0.7839566129723969,
    "near_peak_layers": [
      17
    ],
    "near_peak_fraction": 0.02857142857142857,
    "sign_consistency": 0.5428571428571428,
    "dominant_sign": "positive",
    "profile_type": "negligible",
    "per_layer": {
      "6": {
        "cosine": -0.021613702178001404,
        "abs_cosine": 0.021613702178001404,
        "r_squared": 0.0004671521218393426
      },
      "7": {
        "cosine": -0.02924790047109127,
        "abs_cosine": 0.02924790047109127,
        "r_squared": 0.000855439681966861
      },
      "8": {
        "cosine": -0.025433404371142387,
        "abs_cosine": 0.025433404371142387,
        "r_squared": 0.0006468580579060447
      },
      "9": {
        "cosine": -0.011913296766579151,
        "abs_cosine": 0.011913296766579151,
        "r_squared": 0.00014192663984858526
      },
      "10": {
        "cosine": -0.008716018870472908,
        "abs_cosine": 0.008716018870472908,
        "r_squared": 7.596898495043983e-05
      },
      "11": {
        "cosine": -0.015113296918570995,
        "abs_cosine": 0.015113296918570995,
        "r_squared": 0.00022841174374888754
      },
      "12": {
        "cosine": -0.004104659426957369,
        "abs_cosine": 0.004104659426957369,
        "r_squared": 1.6848229011309996e-05
      },
      "13": {
        "cosine": -0.020700525492429733,
        "abs_cosine": 0.020700525492429733,
        "r_squared": 0.00042851175566273325
      },
      "14": {
        "cosine": 0.00046191480942070484,
        "abs_cosine": 0.00046191480942070484,
        "r_squared": 2.1336529116216607e-07
      },
      "15": {
        "cosine": 0.005778421647846699,
        "abs_cosine": 0.005778421647846699,
        "r_squared": 3.339015674030336e-05
      },
      "16": {
        "cosine": 0.033895302563905716,
        "abs_cosine": 0.033895302563905716,
        "r_squared": 0.0011488915358987134
      },
      "17": {
        "cosine": 0.0462728776037693,
        "abs_cosine": 0.0462728776037693,
        "r_squared": 0.0021411792017334147
      },
      "18": {
        "cosine": 0.03509637713432312,
        "abs_cosine": 0.03509637713432312,
        "r_squared": 0.0012317556879546387
      },
      "19": {
        "cosine": 0.009813838638365269,
        "abs_cosine": 0.009813838638365269,
        "r_squared": 9.631142881987107e-05
      },
      "20": {
        "cosine": -0.004088854417204857,
        "abs_cosine": 0.004088854417204857,
        "r_squared": 1.671873044509567e-05
      },
      "21": {
        "cosine": 0.003045402467250824,
        "abs_cosine": 0.003045402467250824,
        "r_squared": 9.274476187537406e-06
      },
      "22": {
        "cosine": -0.007284162100404501,
        "abs_cosine": 0.007284162100404501,
        "r_squared": 5.305901750496931e-05
      },
      "23": {
        "cosine": -0.0011196410050615668,
        "abs_cosine": 0.0011196410050615668,
        "r_squared": 1.2535959802152755e-06
      },
      "24": {
        "cosine": -0.01490124873816967,
        "abs_cosine": 0.01490124873816967,
        "r_squared": 0.00022204721395680319
      },
      "25": {
        "cosine": 0.013238546438515186,
        "abs_cosine": 0.013238546438515186,
        "r_squared": 0.00017525911180472312
      },
      "26": {
        "cosine": -0.0022870388347655535,
        "abs_cosine": 0.0022870388347655535,
        "r_squared": 5.230546631725781e-06
      },
      "27": {
        "cosine": 0.029505031183362007,
        "abs_cosine": 0.029505031183362007,
        "r_squared": 0.0008705468651311644
      },
      "28": {
        "cosine": 0.005223553162068129,
        "abs_cosine": 0.005223553162068129,
        "r_squared": 2.7285507636951945e-05
      },
      "29": {
        "cosine": -0.0069200871512293816,
        "abs_cosine": 0.0069200871512293816,
        "r_squared": 4.788760618060998e-05
      },
      "30": {
        "cosine": -0.0020695796702057123,
        "abs_cosine": 0.0020695796702057123,
        "r_squared": 4.283160011328785e-06
      },
      "31": {
        "cosine": 0.008696344681084156,
        "abs_cosine": 0.008696344681084156,
        "r_squared": 7.562641081222069e-05
      },
      "32": {
        "cosine": 0.01833263412117958,
        "abs_cosine": 0.01833263412117958,
        "r_squared": 0.0003360854738210378
      },
      "33": {
        "cosine": 0.03476337343454361,
        "abs_cosine": 0.03476337343454361,
        "r_squared": 0.0012084921325495324
      },
      "34": {
        "cosine": -0.005095359403640032,
        "abs_cosine": 0.005095359403640032,
        "r_squared": 2.59626874522629e-05
      },
      "35": {
        "cosine": 0.007388709113001823,
        "abs_cosine": 0.007388709113001823,
        "r_squared": 5.459302235655619e-05
      },
      "36": {
        "cosine": 0.02442726492881775,
        "abs_cosine": 0.02442726492881775,
        "r_squared": 0.0005966912719026496
      },
      "37": {
        "cosine": 0.002747246529906988,
        "abs_cosine": 0.002747246529906988,
        "r_squared": 7.547363496085988e-06
      },
      "38": {
        "cosine": 0.022314144298434258,
        "abs_cosine": 0.022314144298434258,
        "r_squared": 0.0004979210357713461
      },
      "39": {
        "cosine": 0.014687895774841309,
        "abs_cosine": 0.014687895774841309,
        "r_squared": 0.00021573428229260116
      },
      "40": {
        "cosine": 0.012646971270442009,
        "abs_cosine": 0.012646971270442009,
        "r_squared": 0.00015994588231538556
      }
    }
  },
  "control_profile": {
    "probe_type": "control",
    "n_layers": 35,
    "overall_mean_r2": 0.0007939354671746317,
    "overall_mean_abs_cos": 0.019215690136687565,
    "peak_layer": 6,
    "peak_cosine": 0.09918591380119324,
    "peak_abs_cosine": 0.09918591380119324,
    "peak_r2": 0.009837845496577735,
    "onset_layer": 6,
    "band_stats": {
      "early": {
        "mean_cos": 0.04429997988045216,
        "mean_abs_cos": 0.04429997988045216,
        "mean_r2": 0.00325064344316191,
        "max_r2": 0.009837845496577735,
        "r2_fraction": 0.5849060206240574,
        "n_layers": 5
      },
      "middle": {
        "mean_cos": 0.019725092857455214,
        "mean_abs_cos": 0.022304792935028673,
        "mean_r2": 0.0006729337399156761,
        "max_r2": 0.002281185780585171,
        "r2_fraction": 0.3632539244982991,
        "n_layers": 15
      },
      "late": {
        "mean_cos": 0.004099815769586712,
        "mean_abs_cos": 0.0077651574237582585,
        "mean_r2": 9.60345357711612e-05,
        "max_r2": 0.0003282242505840728,
        "r2_fraction": 0.05184005487764359,
        "n_layers": 15
      }
    },
    "normalized_entropy": 0.6442383205022171,
    "near_peak_layers": [
      6
    ],