{
  "dim_name": "4_intentions",
  "dim_id": 4,
  "reading_profile": {
    "probe_type": "reading",
    "n_layers": 35,
    "overall_mean_r2": 0.0004526048123569472,
    "overall_mean_abs_cos": 0.01767296887701377,
    "peak_layer": 27,
    "peak_cosine": 0.04243040829896927,
    "peak_abs_cosine": 0.04243040829896927,
    "peak_r2": 0.0018003395484172402,
    "onset_layer": null,
    "band_stats": {
      "early": {
        "mean_cos": -0.004132228088565171,
        "mean_abs_cos": 0.01623065012972802,
        "mean_r2": 0.0004028962544260038,
        "max_r2": 0.0013901870657546805,
        "r2_fraction": 0.12716746752076363,
        "n_layers": 5
      },
      "middle": {
        "mean_cos": 0.01626059922079245,
        "mean_abs_cos": 0.021302753314375877,
        "mean_r2": 0.000565719912721793,
        "max_r2": 0.0017818826745961136,
        "r2_fraction": 0.5356801000500039,
        "n_layers": 15
      },
      "late": {
        "mean_cos": 0.010035773525790622,
        "mean_abs_cos": 0.014523957355413586,
        "mean_r2": 0.00035605923130241585,
        "max_r2": 0.0018003395484172402,
        "r2_fraction": 0.33715243242923243,
        "n_layers": 15
      }
    },
    "normalized_entropy": 0.832460042465038,
    "near_peak_layers": [
      10,
      18,
      21,
      27,
      28
    ],
    "near_peak_fraction": 0.14285714285714285,
    "sign_consistency": 0.7428571428571429,
    "dominant_sign": "positive",
    "profile_type": "negligible",
    "per_layer": {
      "6": {
        "cosine": 0.012489289976656437,
        "abs_cosine": 0.012489289976656437,
        "r_squared": 0.00015598236412101094
      },
      "7": {
        "cosine": 0.016787303611636162,
        "abs_cosine": 0.016787303611636162,
        "r_squared": 0.0002818135625492525
      },
      "8": {
        "cosine": 0.0009694615146145225,
        "abs_cosine": 0.0009694615146145225,
        "r_squared": 9.398556283186839e-07
      },
      "9": {
        "cosine": -0.013621983118355274,
        "abs_cosine": 0.013621983118355274,
        "r_squared": 0.00018555842407675608
      },
      "10": {
        "cosine": -0.0372852124273777,
        "abs_cosine": 0.0372852124273777,
        "r_squared": 0.0013901870657546805
      },
      "11": {
        "cosine": -0.012862438336014748,
        "abs_cosine": 0.012862438336014748,
        "r_squared": 0.00016544231994778183
      },
      "12": {
        "cosine": -0.010719239711761475,
        "abs_cosine": 0.010719239711761475,
        "r_squared": 0.00011490209999820422
      },
      "13": {
        "cosine": -0.014234477654099464,
        "abs_cosine": 0.014234477654099464,
        "r_squared": 0.000202620354085057
      },
      "14": {
        "cosine": 0.03058691881597042,
        "abs_cosine": 0.03058691881597042,
        "r_squared": 0.0009355596026547654
      },
      "15": {
        "cosine": 0.030466612428426743,
        "abs_cosine": 0.030466612428426743,
        "r_squared": 0.0009282144728639669
      },
      "16": {
        "cosine": 0.021964866667985916,
        "abs_cosine": 0.021964866667985916,
        "r_squared": 0.0004824553677423987
      },
      "17": {
        "cosine": 0.031116900965571404,
        "abs_cosine": 0.031116900965571404,
        "r_squared": 0.0009682615257011785
      },
      "18": {
        "cosine": 0.03426525741815567,
        "abs_cosine": 0.03426525741815567,
        "r_squared": 0.0011741078659324722
      },
      "19": {
        "cosine": 0.003916127607226372,
        "abs_cosine": 0.003916127607226372,
        "r_squared": 1.5336055436080548e-05
      },
      "20": {
        "cosine": 0.024096166715025902,
        "abs_cosine": 0.024096166715025902,
        "r_squared": 0.0005806252503583222
      },
      "21": {
        "cosine": 0.0422123521566391,
        "abs_cosine": 0.0422123521566391,
        "r_squared": 0.0017818826745961136
      },
      "22": {
        "cosine": 0.023937132209539413,
        "abs_cosine": 0.023937132209539413,
        "r_squared": 0.0005729862984169692
      },
      "23": {
        "cosine": 0.01846224069595337,
        "abs_cosine": 0.01846224069595337,
        "r_squared": 0.00034085433151531674
      },
      "24": {
        "cosine": 0.012386666610836983,
        "abs_cosine": 0.012386666610836983,
        "r_squared": 0.00015342950972802374
      },
      "25": {
        "cosine": 0.008313901722431183,
        "abs_cosine": 0.008313901722431183,
        "r_squared": 6.912096185024419e-05
      },
      "26": {
        "cosine": 0.009741479530930519,
        "abs_cosine": 0.009741479530930519,
        "r_squared": 9.489642345153829e-05
      },
      "27": {
        "cosine": 0.04243040829896927,
        "abs_cosine": 0.04243040829896927,
        "r_squared": 0.0018003395484172402
      },
      "28": {
        "cosine": 0.037580352276563644,
        "abs_cosine": 0.037580352276563644,
        "r_squared": 0.0014122828772306223
      },
      "29": {
        "cosine": 0.009348663501441479,
        "abs_cosine": 0.009348663501441479,
        "r_squared": 8.739750926318405e-05
      },
      "30": {
        "cosine": 0.005776452366262674,
        "abs_cosine": 0.005776452366262674,
        "r_squared": 3.336740193970165e-05
      },
      "31": {
        "cosine": 0.028958674520254135,
        "abs_cosine": 0.028958674520254135,
        "r_squared": 0.0008386048299700161
      },
      "32": {
        "cosine": 0.014440768398344517,
        "abs_cosine": 0.014440768398344517,
        "r_squared": 0.00020853579193462566
      },
      "33": {
        "cosine": 0.014212599024176598,
        "abs_cosine": 0.014212599024176598,
        "r_squared": 0.00020199797102202557
      },
      "34": {
        "cosine": 0.00975180882960558,
        "abs_cosine": 0.00975180882960558,
        "r_squared": 9.509777544917334e-05
      },
      "35": {
        "cosine": 0.008938999846577644,
        "abs_cosine": 0.008938999846577644,
        "r_squared": 7.990571825711515e-05
      },
      "36": {
        "cosine": -0.019839933142066002,
        "abs_cosine": 0.019839933142066002,
        "r_squared": 0.00039362294708164894
      },
      "37": {
        "cosine": -0.0061697582714259624,
        "abs_cosine": 0.0061697582714259624,
        "r_squared": 3.806591712782908e-05
      },
      "38": {
        "cosine": -0.0007933007436804473,
        "abs_cosine": 0.0007933007436804473,
        "r_squared": 6.293260699239508e-07
      },
      "39": {
        "cosine": -0.006858386564999819,
        "abs_cosine": 0.006858386564999819,
        "r_squared": 4.7037466274970014e-05
      },
      "40": {
        "cosine": 0.0030177750159054995,
        "abs_cosine": 0.0030177750159054995,
        "r_squared": 9.106966046623438e-06
      }
    }
  },
  "control_profile": {
    "probe_type": "control",
    "n_layers": 35,
    "overall_mean_r2": 0.007490911510258902,
    "overall_mean_abs_cos": 0.05823170102999679,
    "peak_layer": 6,
    "peak_cosine": 0.23546527326107025,
    "peak_abs_cosine": 0.23546527326107025,
    "peak_r2": 0.055443894911910485,
    "onset_layer": 6,
    "band_stats": {
      "early": {
        "mean_cos": 0.19354498982429505,
        "mean_abs_cos": 0.19354498982429505,
        "mean_r2": 0.039105387358443086,
        "max_r2": 0.055443894911910485,
        "r2_fraction": 0.7457682420488146,
        "n_layers": 5
      },
      "middle": {
        "mean_cos": 0.05319552787890037,
        "mean_abs_cos": 0.0540188401316603,
        "mean_r2": 0.004021932868049223,
        "max_r2": 0.014446798949867778,
        "r2_fraction": 0.2301035745139465,
        "n_layers": 15
      },
      "late": {
        "mean_cos": 0.014073333780591687,
        "mean_abs_cos": 0.017340132330233852,
        "mean_r2": 0.0004217315364071886,
        "max_r2": 0.001476968101047152,
        "r2_fraction": 0.02412818343723906,
        "n_layers": 15
      }
    },
    "normalized_entropy": 0.661076670840228,