{
  "dim_name": "6_cognitive",
  "dim_id": 6,
  "reading_profile": {
    "probe_type": "reading",
    "n_layers": 35,
    "overall_mean_r2": 0.000529451022191363,
    "overall_mean_abs_cos": 0.018754192196398175,
    "peak_layer": 21,
    "peak_cosine": 0.049490272998809814,
    "peak_abs_cosine": 0.049490272998809814,
    "peak_r2": 0.002449287121496724,
    "onset_layer": null,
    "band_stats": {
      "early": {
        "mean_cos": 0.007473360514268279,
        "mean_abs_cos": 0.0181488951202482,
        "mean_r2": 0.0004142953104344559,
        "max_r2": 0.000840088288740163,
        "r2_fraction": 0.1117856834099902,
        "n_layers": 5
      },
      "middle": {
        "mean_cos": 0.019585747527889906,
        "mean_abs_cos": 0.021558972145430743,
        "mean_r2": 0.0006211799808388461,
        "max_r2": 0.002449287121496724,
        "r2_fraction": 0.5028226986628713,
        "n_layers": 15
      },
      "late": {
        "mean_cos": 0.010773997530729199,
        "mean_abs_cos": 0.0161511779394156,
        "mean_r2": 0.000476107300796182,
        "max_r2": 0.0024207501788612446,
        "r2_fraction": 0.3853916179271382,
        "n_layers": 15
      }
    },
    "normalized_entropy": 0.82536376045902,
    "near_peak_layers": [
      21,
      27,
      31
    ],
    "near_peak_fraction": 0.08571428571428572,
    "sign_consistency": 0.8,
    "dominant_sign": "positive",
    "profile_type": "negligible",
    "per_layer": {
      "6": {
        "cosine": 0.017508158460259438,
        "abs_cosine": 0.017508158460259438,
        "r_squared": 0.0003065356126695541
      },
      "7": {
        "cosine": 0.028984276577830315,
        "abs_cosine": 0.028984276577830315,
        "r_squared": 0.000840088288740163
      },
      "8": {
        "cosine": 0.014181860722601414,
        "abs_cosine": 0.014181860722601414,
        "r_squared": 0.0002011251735552647
      },
      "9": {
        "cosine": 0.003381343325600028,
        "abs_cosine": 0.003381343325600028,
        "r_squared": 1.1433482685579857e-05
      },
      "10": {
        "cosine": -0.0266888365149498,
        "abs_cosine": 0.0266888365149498,
        "r_squared": 0.0007122939945217177
      },
      "11": {
        "cosine": 0.000693326466716826,
        "abs_cosine": 0.000693326466716826,
        "r_squared": 4.80701589450038e-07
      },
      "12": {
        "cosine": -0.009134638123214245,
        "abs_cosine": 0.009134638123214245,
        "r_squared": 8.344161364207906e-05
      },
      "13": {
        "cosine": -0.005664546508342028,
        "abs_cosine": 0.005664546508342028,
        "r_squared": 3.208708714516986e-05
      },
      "14": {
        "cosine": 0.02226378582417965,
        "abs_cosine": 0.02226378582417965,
        "r_squared": 0.0004956761592249427
      },
      "15": {
        "cosine": 0.03462500870227814,
        "abs_cosine": 0.03462500870227814,
        "r_squared": 0.0011988912276328367
      },
      "16": {
        "cosine": 0.014607890509068966,
        "abs_cosine": 0.014607890509068966,
        "r_squared": 0.00021339046512494717
      },
      "17": {
        "cosine": 0.02422233670949936,
        "abs_cosine": 0.02422233670949936,
        "r_squared": 0.0005867215956683602
      },
      "18": {
        "cosine": 0.03178580105304718,
        "abs_cosine": 0.03178580105304718,
        "r_squared": 0.0010103371485838952
      },
      "19": {
        "cosine": 0.014400186948478222,
        "abs_cosine": 0.014400186948478222,
        "r_squared": 0.00020736538415112252
      },
      "20": {
        "cosine": 0.036332495510578156,
        "abs_cosine": 0.036332495510578156,
        "r_squared": 0.0013200502300261818
      },
      "21": {
        "cosine": 0.049490272998809814,
        "abs_cosine": 0.049490272998809814,
        "r_squared": 0.002449287121496724
      },
      "22": {
        "cosine": 0.027735693380236626,
        "abs_cosine": 0.027735693380236626,
        "r_squared": 0.0007692686872825018
      },
      "23": {
        "cosine": 0.021003341302275658,
        "abs_cosine": 0.021003341302275658,
        "r_squared": 0.0004411403458598785
      },
      "24": {
        "cosine": 0.012902956455945969,
        "abs_cosine": 0.012902956455945969,
        "r_squared": 0.00016648628530403775
      },
      "25": {
        "cosine": 0.01852230168879032,
        "abs_cosine": 0.01852230168879032,
        "r_squared": 0.0003430756598505648
      },
      "26": {
        "cosine": 0.022963926196098328,
        "abs_cosine": 0.022963926196098328,
        "r_squared": 0.000527341906339851
      },
      "27": {
        "cosine": 0.0492011196911335,
        "abs_cosine": 0.0492011196911335,
        "r_squared": 0.0024207501788612446
      },
      "28": {
        "cosine": 0.024664180353283882,
        "abs_cosine": 0.024664180353283882,
        "r_squared": 0.0006083217924993146
      },
      "29": {
        "cosine": 0.009601837024092674,
        "abs_cosine": 0.009601837024092674,
        "r_squared": 9.219527423723686e-05
      },
      "30": {
        "cosine": 0.0034260537941008806,
        "abs_cosine": 0.0034260537941008806,
        "r_squared": 1.173784460007304e-05
      },
      "31": {
        "cosine": 0.041854918003082275,
        "abs_cosine": 0.041854918003082275,
        "r_squared": 0.0017518341610447408
      },
      "32": {
        "cosine": 0.013651447370648384,
        "abs_cosine": 0.013651447370648384,
        "r_squared": 0.00018636201531358268
      },
      "33": {
        "cosine": 0.02612909860908985,
        "abs_cosine": 0.02612909860908985,
        "r_squared": 0.0006827297941235412
      },
      "34": {
        "cosine": -0.0010639538522809744,
        "abs_cosine": 0.0010639538522809744,
        "r_squared": 1.1319977997835255e-06
      },
      "35": {
        "cosine": 0.004343578591942787,
        "abs_cosine": 0.004343578591942787,
        "r_squared": 1.8866674984383686e-05
      },
      "36": {
        "cosine": -0.026469001546502113,
        "abs_cosine": 0.026469001546502113,
        "r_squared": 0.0007006080428687313
      },
      "37": {
        "cosine": -0.009915713220834732,
        "abs_cosine": 0.009915713220834732,
        "r_squared": 9.83213686778367e-05
      },
      "38": {
        "cosine": -0.002880184445530176,
        "abs_cosine": 0.002880184445530176,
        "r_squared": 8.295462440273968e-06
      },
      "39": {
        "cosine": 0.00035950812161900103,
        "abs_cosine": 0.00035950812161900103,
        "r_squared": 1.2924608951002244e-07
      },
      "40": {
        "cosine": 0.005743148270994425,
        "abs_cosine": 0.005743148270994425,
        "r_squared": 3.298375206262625e-05
      }
    }
  },
  "control_profile": {
    "probe_type": "control",
    "n_layers": 35,
    "overall_mean_r2": 0.007500479620957141,
    "overall_mean_abs_cos": 0.056402022584474514,
    "peak_layer": 8,
    "peak_cosine": 0.24344830214977264,
    "peak_abs_cosine": 0.24344830214977264,
    "peak_r2": 0.059267075819606996,
    "onset_layer": 6,
    "band_stats": {
      "early": {
        "mean_cos": 0.19687129855155944,
        "mean_abs_cos": 0.19687129855155944,
        "mean_r2": 0.041094240698779226,
        "max_r2": 0.059267075819606996,
        "r2_fraction": 0.7826973888054064,
        "n_layers": 5
      },
      "middle": {
        "mean_cos": 0.04942250840055446,
        "mean_abs_cos": 0.04942250840055446,
        "mean_r2": 0.003357314722347344,
        "max_r2": 0.01291669543680568,
        "r2_fraction": 0.19183428786340437,
        "n_layers": 15
      },
      "late": {
        "mean_cos": 0.012125581254561741,
        "mean_abs_cos": 0.016558444779366254,
        "mean_r2": 0.0004457241602929118,
        "max_r2": 0.0014953881796336277,
        "r2_fraction": 0.025468323331189435,
        "n_layers": 15
      }
    },
    "normalized_entropy": 0.6331489832054905,
    "near_peak_layers": [
      6,
      7,
      8
    ],