{
  "dim_name": "11_formality",
  "dim_id": 11,
  "reading_profile": {
    "probe_type": "reading",
    "n_layers": 35,
    "overall_mean_r2": 0.0002843933203453424,
    "overall_mean_abs_cos": 0.013945909737542804,
    "peak_layer": 6,
    "peak_cosine": 0.03653448447585106,
    "peak_abs_cosine": 0.03653448447585106,
    "peak_r2": 0.001334768555916202,
    "onset_layer": null,
    "band_stats": {
      "early": {
        "mean_cos": 0.00027903891168534756,
        "mean_abs_cos": 0.016170526342466473,
        "mean_r2": 0.0004045550882131892,
        "max_r2": 0.001334768555916202,
        "r2_fraction": 0.2032170937076726,
        "n_layers": 5
      },
      "middle": {
        "mean_cos": -0.004474864969961345,
        "mean_abs_cos": 0.011563882844833036,
        "mean_r2": 0.00016883233837557894,
        "max_r2": 0.0005673066728724453,
        "r2_fraction": 0.2544248098331318,
        "n_layers": 15
      },
      "late": {
        "mean_cos": -0.013303609848177682,
        "mean_abs_cos": 0.015586397761944681,
        "mean_r2": 0.0003599003796924904,
        "max_r2": 0.0012150427331830832,
        "r2_fraction": 0.5423580964591957,
        "n_layers": 15
      }
    },
    "normalized_entropy": 0.8288245649577145,
    "near_peak_layers": [
      6,
      33,
      36,
      40
    ],
    "near_peak_fraction": 0.11428571428571428,
    "sign_consistency": 0.6285714285714286,
    "dominant_sign": "negative",
    "profile_type": "negligible",
    "per_layer": {
      "6": {
        "cosine": 0.03653448447585106,
        "abs_cosine": 0.03653448447585106,
        "r_squared": 0.001334768555916202
      },
      "7": {
        "cosine": 0.004589428659528494,
        "abs_cosine": 0.004589428659528494,
        "r_squared": 2.1062855420901508e-05
      },
      "8": {
        "cosine": -0.003836964024230838,
        "abs_cosine": 0.003836964024230838,
        "r_squared": 1.4722292923241705e-05
      },
      "9": {
        "cosine": -0.015931837260723114,
        "abs_cosine": 0.015931837260723114,
        "r_squared": 0.0002538234385021654
      },
      "10": {
        "cosine": -0.019959917291998863,
        "abs_cosine": 0.019959917291998863,
        "r_squared": 0.00039839829830343523
      },
      "11": {
        "cosine": 0.008791818283498287,
        "abs_cosine": 0.008791818283498287,
        "r_squared": 7.729606873005477e-05
      },
      "12": {
        "cosine": -0.01792391948401928,
        "abs_cosine": 0.01792391948401928,
        "r_squared": 0.00032126688966960595
      },
      "13": {
        "cosine": -0.007470328826457262,
        "abs_cosine": 0.007470328826457262,
        "r_squared": 5.5805812775398334e-05
      },
      "14": {
        "cosine": 0.012663270346820354,
        "abs_cosine": 0.012663270346820354,
        "r_squared": 0.0001603584158766597
      },
      "15": {
        "cosine": 0.00364682381041348,
        "abs_cosine": 0.00364682381041348,
        "r_squared": 1.3299323904198692e-05
      },
      "16": {
        "cosine": -0.018295688554644585,
        "abs_cosine": 0.018295688554644585,
        "r_squared": 0.00033473221968855285
      },
      "17": {
        "cosine": -0.010408842004835606,
        "abs_cosine": 0.010408842004835606,
        "r_squared": 0.00010834399188163011
      },
      "18": {
        "cosine": 0.0017912028124555945,
        "abs_cosine": 0.0017912028124555945,
        "r_squared": 3.2084075153488318e-06
      },
      "19": {
        "cosine": -0.023818200454115868,
        "abs_cosine": 0.023818200454115868,
        "r_squared": 0.0005673066728724453
      },
      "20": {
        "cosine": -0.017652656883001328,
        "abs_cosine": 0.017652656883001328,
        "r_squared": 0.00031161629502897414
      },
      "21": {
        "cosine": 0.0034041597973555326,
        "abs_cosine": 0.0034041597973555326,
        "r_squared": 1.1588303925931661e-05
      },
      "22": {
        "cosine": -0.012421422637999058,
        "abs_cosine": 0.012421422637999058,
        "r_squared": 0.00015429174035179547
      },
      "23": {
        "cosine": 0.011966850608587265,
        "abs_cosine": 0.011966850608587265,
        "r_squared": 0.0001432055134882454
      },
      "24": {
        "cosine": -0.012299549765884876,
        "abs_cosine": 0.012299549765884876,
        "r_squared": 0.00015127892444347871
      },
      "25": {
        "cosine": 0.01090350840240717,
        "abs_cosine": 0.01090350840240717,
        "r_squared": 0.00011888649548136374
      },
      "26": {
        "cosine": 0.0018185487715527415,
        "abs_cosine": 0.0018185487715527415,
        "r_squared": 3.3071196345159853e-06
      },
      "27": {
        "cosine": 0.002170103369280696,
        "abs_cosine": 0.002170103369280696,
        "r_squared": 4.7093486333634285e-06
      },
      "28": {
        "cosine": -0.006980748847126961,
        "abs_cosine": 0.006980748847126961,
        "r_squared": 4.873085446666439e-05
      },
      "29": {
        "cosine": -0.022432269528508186,
        "abs_cosine": 0.022432269528508186,
        "r_squared": 0.0005032067161996369
      },
      "30": {
        "cosine": -0.02175825648009777,
        "abs_cosine": 0.02175825648009777,
        "r_squared": 0.00047342172505371663
      },
      "31": {
        "cosine": 0.00047303905012086034,
        "abs_cosine": 0.00047303905012086034,
        "r_squared": 2.2376594293924582e-07
      },
      "32": {
        "cosine": -0.007941518910229206,
        "abs_cosine": 0.007941518910229206,
        "r_squared": 6.306772260152808e-05
      },
      "33": {
        "cosine": -0.029274217784404755,
        "abs_cosine": 0.029274217784404755,
        "r_squared": 0.0008569798268887596
      },
      "34": {
        "cosine": -0.010384190827608109,
        "abs_cosine": 0.010384190827608109,
        "r_squared": 0.00010783141914418037
      },
      "35": {
        "cosine": -0.021559055894613266,
        "abs_cosine": 0.021559055894613266,
        "r_squared": 0.000464792891067059
      },
      "36": {
        "cosine": -0.03485746309161186,
        "abs_cosine": 0.03485746309161186,
        "r_squared": 0.0012150427331830832
      },
      "37": {
        "cosine": -0.010025467723608017,
        "abs_cosine": 0.010025467723608017,
        "r_squared": 0.00010051000307710611
      },
      "38": {
        "cosine": -0.01971995085477829,
        "abs_cosine": 0.01971995085477829,
        "r_squared": 0.000388876461714871
      },
      "39": {
        "cosine": 0.012659218162298203,
        "abs_cosine": 0.012659218162298203,
        "r_squared": 0.00016025580448066068
      },
      "40": {
        "cosine": -0.0317419171333313,
        "abs_cosine": 0.0317419171333313,
        "r_squared": 0.001007549303299271
      }
    }
  },
  "control_profile": {
    "probe_type": "control",
    "n_layers": 35,
    "overall_mean_r2": 0.00044708817893539363,
    "overall_mean_abs_cos": 0.01866708303818346,
    "peak_layer": 19,
    "peak_cosine": 0.038001615554094315,
    "peak_abs_cosine": 0.038001615554094315,
    "peak_r2": 0.001444122784721183,
    "onset_layer": null,
    "band_stats": {
      "early": {
        "mean_cos": -0.014244725275784732,
        "mean_abs_cos": 0.014244725275784732,
        "mean_r2": 0.00021750929377993265,
        "max_r2": 0.0003723001699464934,
        "r2_fraction": 0.06950028589050719,
        "n_layers": 5
      },
      "middle": {
        "mean_cos": 0.005020826822146773,
        "mean_abs_cos": 0.020633553232376773,
        "mean_r2": 0.0005358787223579339,
        "max_r2": 0.001444122784721183,
        "r2_fraction": 0.5136845937838115,
        "n_layers": 15
      },
      "late": {
        "mean_cos": 0.018150602193782107,
        "mean_abs_cos": 0.018174732098123057,
        "mean_r2": 0.00043482393056467364,
        "max_r2": 0.0014383958576829614,
        "r2_fraction": 0.4168151203256813,
        "n_layers": 15
      }
    },
    "normalized_entropy": 0.8922076508265355,