{
  "dim_name": "12_expertise",
  "dim_id": 12,
  "reading_profile": {
    "probe_type": "reading",
    "n_layers": 35,
    "overall_mean_r2": 0.0002903542942958147,
    "overall_mean_abs_cos": 0.014074183223835591,
    "peak_layer": 6,
    "peak_cosine": 0.03662387654185295,
    "peak_abs_cosine": 0.03662387654185295,
    "peak_r2": 0.0013413083329528869,
    "onset_layer": null,
    "band_stats": {
      "early": {
        "mean_cos": -0.0012015493586659432,
        "mean_abs_cos": 0.016670144349336623,
        "mean_r2": 0.00043031439102955954,
        "max_r2": 0.0013413083329528869,
        "r2_fraction": 0.21171887463171,
        "n_layers": 5
      },
      "middle": {
        "mean_cos": -0.004778659984003753,
        "mean_abs_cos": 0.011586728090575586,
        "mean_r2": 0.00017459154057027215,
        "max_r2": 0.0005565041984214592,
        "r2_fraction": 0.2577022190774143,
        "n_layers": 15
      },
      "late": {
        "mean_cos": -0.013586755003780126,
        "mean_abs_cos": 0.01569631798192859,
        "mean_r2": 0.0003594636824434425,
        "max_r2": 0.0012102708718065985,
        "r2_fraction": 0.5305789062908759,
        "n_layers": 15
      }
    },
    "normalized_entropy": 0.829879187118858,
    "near_peak_layers": [
      6,
      33,
      36,
      40
    ],
    "near_peak_fraction": 0.11428571428571428,
    "sign_consistency": 0.6571428571428571,
    "dominant_sign": "negative",
    "profile_type": "negligible",
    "per_layer": {
      "6": {
        "cosine": 0.03662387654185295,
        "abs_cosine": 0.03662387654185295,
        "r_squared": 0.0013413083329528869
      },
      "7": {
        "cosine": 0.0020476109348237514,
        "abs_cosine": 0.0020476109348237514,
        "r_squared": 4.192710540409797e-06
      },
      "8": {
        "cosine": -0.0058692884631454945,
        "abs_cosine": 0.0058692884631454945,
        "r_squared": 3.44485470636128e-05
      },
      "9": {
        "cosine": -0.01636224240064621,
        "abs_cosine": 0.01636224240064621,
        "r_squared": 0.00026772297637750464
      },
      "10": {
        "cosine": -0.022447703406214714,
        "abs_cosine": 0.022447703406214714,
        "r_squared": 0.0005038993882133837
      },
      "11": {
        "cosine": 0.006819012109190226,
        "abs_cosine": 0.006819012109190226,
        "r_squared": 4.649892614528293e-05
      },
      "12": {
        "cosine": -0.021347813308238983,
        "abs_cosine": 0.021347813308238983,
        "r_squared": 0.00045572913304342544
      },
      "13": {
        "cosine": -0.005886927712708712,
        "abs_cosine": 0.005886927712708712,
        "r_squared": 3.465591789465782e-05
      },
      "14": {
        "cosine": 0.012260004878044128,
        "abs_cosine": 0.012260004878044128,
        "r_squared": 0.00015030771960966582
      },
      "15": {
        "cosine": 0.006125768180936575,
        "abs_cosine": 0.006125768180936575,
        "r_squared": 3.7525035806574994e-05
      },
      "16": {
        "cosine": -0.01881655678153038,
        "abs_cosine": 0.01881655678153038,
        "r_squared": 0.00035406280911255694
      },
      "17": {
        "cosine": -0.00945830438286066,
        "abs_cosine": 0.00945830438286066,
        "r_squared": 8.945952179884118e-05
      },
      "18": {
        "cosine": -0.0003631150466389954,
        "abs_cosine": 0.0003631150466389954,
        "r_squared": 1.318525370956398e-07
      },
      "19": {
        "cosine": -0.023590341210365295,
        "abs_cosine": 0.023590341210365295,
        "r_squared": 0.0005565041984214592
      },
      "20": {
        "cosine": -0.018033908680081367,
        "abs_cosine": 0.018033908680081367,
        "r_squared": 0.0003252218622815141
      },
      "21": {
        "cosine": 0.004620197229087353,
        "abs_cosine": 0.004620197229087353,
        "r_squared": 2.1346222435666452e-05
      },
      "22": {
        "cosine": -0.013868126086890697,
        "abs_cosine": 0.013868126086890697,
        "r_squared": 0.0001923249211618983
      },
      "23": {
        "cosine": 0.010959312319755554,
        "abs_cosine": 0.010959312319755554,
        "r_squared": 0.00012010652652194587
      },
      "24": {
        "cosine": -0.011375317350029945,
        "abs_cosine": 0.011375317350029945,
        "r_squared": 0.0001293978448138923
      },
      "25": {
        "cosine": 0.010276216082274914,
        "abs_cosine": 0.010276216082274914,
        "r_squared": 0.00010560061696960558
      },
      "26": {
        "cosine": 0.001742929918691516,
        "abs_cosine": 0.001742929918691516,
        "r_squared": 3.0378047014700143e-06
      },
      "27": {
        "cosine": 0.003085652133449912,
        "abs_cosine": 0.003085652133449912,
        "r_squared": 9.521249088663994e-06
      },
      "28": {
        "cosine": -0.007874139584600925,
        "abs_cosine": 0.007874139584600925,
        "r_squared": 6.200207419777923e-05
      },
      "29": {
        "cosine": -0.022128209471702576,
        "abs_cosine": 0.022128209471702576,
        "r_squared": 0.0004896576544235476
      },
      "30": {
        "cosine": -0.021145151928067207,
        "abs_cosine": 0.021145151928067207,
        "r_squared": 0.00044711745006104434
      },
      "31": {
        "cosine": 0.000999437179416418,
        "abs_cosine": 0.000999437179416418,
        "r_squared": 9.988746755998455e-07
      },
      "32": {
        "cosine": -0.006798844318836927,
        "abs_cosine": 0.006798844318836927,
        "r_squared": 4.6224284071781164e-05
      },
      "33": {
        "cosine": -0.0293764416128397,
        "abs_cosine": 0.0293764416128397,
        "r_squared": 0.0008629753218325799
      },
      "34": {
        "cosine": -0.014617756009101868,
        "abs_cosine": 0.014617756009101868,
        "r_squared": 0.00021367879074163376
      },
      "35": {
        "cosine": -0.02089918963611126,
        "abs_cosine": 0.02089918963611126,
        "r_squared": 0.0004367761274461403
      },
      "36": {
        "cosine": -0.03478894755244255,
        "abs_cosine": 0.03478894755244255,
        "r_squared": 0.0012102708718065985
      },
      "37": {
        "cosine": -0.009967111982405186,
        "abs_cosine": 0.009967111982405186,
        "r_squared": 9.934332126980503e-05
      },
      "38": {
        "cosine": -0.02067229524254799,
        "abs_cosine": 0.02067229524254799,
        "r_squared": 0.0004273437905950722
      },
      "39": {
        "cosine": 0.009993703104555607,
        "abs_cosine": 0.009993703104555607,
        "r_squared": 9.987410174200437e-05
      },
      "40": {
        "cosine": -0.031354960054159164,
        "abs_cosine": 0.031354960054159164,
        "r_squared": 0.0009831335199979169
      }
    }
  },
  "control_profile": {
    "probe_type": "control",
    "n_layers": 35,
    "overall_mean_r2": 0.00048408121979690965,
    "overall_mean_abs_cos": 0.019623275226747085,
    "peak_layer": 37,
    "peak_cosine": 0.039523880928754807,
    "peak_abs_cosine": 0.039523880928754807,
    "peak_r2": 0.001562137163670388,
    "onset_layer": null,
    "band_stats": {
      "early": {
        "mean_cos": -0.015228971652686597,
        "mean_abs_cos": 0.015228971652686597,
        "mean_r2": 0.0002482213769484919,
        "max_r2": 0.0003873026530672487,
        "r2_fraction": 0.07325257675107559,
        "n_layers": 5
      },
      "middle": {
        "mean_cos": 0.004644506191834807,
        "mean_abs_cos": 0.021755003944660227,
        "mean_r2": 0.0005753066180749603,
        "max_r2": 0.0013978439280415977,
        "r2_fraction": 0.5093359731625702,
        "n_layers": 15
      },
      "late": {
        "mean_cos": 0.018930666492087765,
        "mean_abs_cos": 0.018956314366854108,
        "mean_r2": 0.0004714757691349984,
        "max_r2": 0.001562137163670388,
        "r2_fraction": 0.4174114500863544,
        "n_layers": 15
      }
    },
    "normalized_entropy": 0.8999810253641187,