{
  "dim_name": "13_helpfulness",
  "dim_id": 13,
  "reading_profile": {
    "probe_type": "reading",
    "n_layers": 35,
    "overall_mean_r2": 0.00028321340362265677,
    "overall_mean_abs_cos": 0.013915343487834825,
    "peak_layer": 6,
    "peak_cosine": 0.035801395773887634,
    "peak_abs_cosine": 0.035801395773887634,
    "peak_r2": 0.0012817399393585394,
    "onset_layer": null,
    "band_stats": {
      "early": {
        "mean_cos": -0.00033169863745570184,
        "mean_abs_cos": 0.016110679227858783,
        "mean_r2": 0.0003933351225001585,
        "max_r2": 0.0012817399393585394,
        "r2_fraction": 0.19840421063052305,
        "n_layers": 5
      },
      "middle": {
        "mean_cos": -0.005104197072796524,
        "mean_abs_cos": 0.011455773926960925,
        "mean_r2": 0.00016807352805791223,
        "max_r2": 0.0004994261822726664,
        "r2_fraction": 0.2543365218716544,
        "n_layers": 15
      },
      "late": {
        "mean_cos": -0.013446091980828594,
        "mean_abs_cos": 0.015643134468700737,
        "mean_r2": 0.0003616460395615674,
        "max_r2": 0.001228366256987315,
        "r2_fraction": 0.5472592674978225,
        "n_layers": 15
      }
    },
    "normalized_entropy": 0.8267673107206861,
    "near_peak_layers": [
      6,
      33,
      36,
      40
    ],
    "near_peak_fraction": 0.11428571428571428,
    "sign_consistency": 0.6285714285714286,
    "dominant_sign": "negative",
    "profile_type": "negligible",
    "per_layer": {
      "6": {
        "cosine": 0.035801395773887634,
        "abs_cosine": 0.035801395773887634,
        "r_squared": 0.0012817399393585394
      },
      "7": {
        "cosine": 0.0036460557021200657,
        "abs_cosine": 0.0036460557021200657,
        "r_squared": 1.3293722182962245e-05
      },
      "8": {
        "cosine": -0.005425937473773956,
        "abs_cosine": 0.005425937473773956,
        "r_squared": 2.9440797469304503e-05
      },
      "9": {
        "cosine": -0.016156302765011787,
        "abs_cosine": 0.016156302765011787,
        "r_squared": 0.00026102611903472753
      },
      "10": {
        "cosine": -0.019523704424500465,
        "abs_cosine": 0.019523704424500465,
        "r_squared": 0.00038117503445525905
      },
      "11": {
        "cosine": 0.008431192487478256,
        "abs_cosine": 0.008431192487478256,
        "r_squared": 7.108500676090979e-05
      },
      "12": {
        "cosine": -0.020569657906889915,
        "abs_cosine": 0.020569657906889915,
        "r_squared": 0.0004231108264064788
      },
      "13": {
        "cosine": -0.008679307997226715,
        "abs_cosine": 0.008679307997226715,
        "r_squared": 7.533038731072361e-05
      },
      "14": {
        "cosine": 0.009276804514229298,
        "abs_cosine": 0.009276804514229298,
        "r_squared": 8.605910199522507e-05
      },
      "15": {
        "cosine": 0.003138338215649128,
        "abs_cosine": 0.003138338215649128,
        "r_squared": 9.849166755803752e-06
      },
      "16": {
        "cosine": -0.019683368504047394,
        "abs_cosine": 0.019683368504047394,
        "r_squared": 0.00038743499566612494
      },
      "17": {
        "cosine": -0.009913323447108269,
        "abs_cosine": 0.009913323447108269,
        "r_squared": 9.827398176698657e-05
      },
      "18": {
        "cosine": 0.001409547752700746,
        "abs_cosine": 0.001409547752700746,
        "r_squared": 1.9868248671437236e-06
      },
      "19": {
        "cosine": -0.022347845137119293,
        "abs_cosine": 0.022347845137119293,
        "r_squared": 0.0004994261822726664
      },
      "20": {
        "cosine": -0.01689678616821766,
        "abs_cosine": 0.01689678616821766,
        "r_squared": 0.0002855013828144716
      },
      "21": {
        "cosine": 0.004229223821312189,
        "abs_cosine": 0.004229223821312189,
        "r_squared": 1.7886334130754475e-05
      },
      "22": {
        "cosine": -0.012971669435501099,
        "abs_cosine": 0.012971669435501099,
        "r_squared": 0.0001682642079439134
      },
      "23": {
        "cosine": 0.011121058836579323,
        "abs_cosine": 0.011121058836579323,
        "r_squared": 0.00012367794964665904
      },
      "24": {
        "cosine": -0.013137823902070522,
        "abs_cosine": 0.013137823902070522,
        "r_squared": 0.00017260241688181552
      },
      "25": {
        "cosine": 0.010030660778284073,
        "abs_cosine": 0.010030660778284073,
        "r_squared": 0.00010061415564900644
      },
      "26": {
        "cosine": 0.0018486041808500886,
        "abs_cosine": 0.0018486041808500886,
        "r_squared": 3.417337417456427e-06
      },
      "27": {
        "cosine": 0.0038924701511859894,
        "abs_cosine": 0.0038924701511859894,
        "r_squared": 1.5151323877873879e-05
      },
      "28": {
        "cosine": -0.006785745732486248,
        "abs_cosine": 0.006785745732486248,
        "r_squared": 4.604634514595533e-05
      },
      "29": {
        "cosine": -0.02220340259373188,
        "abs_cosine": 0.02220340259373188,
        "r_squared": 0.0004929910867393396
      },
      "30": {
        "cosine": -0.021254604682326317,
        "abs_cosine": 0.021254604682326317,
        "r_squared": 0.0004517582202019678
      },
      "31": {
        "cosine": 0.0008579999557696283,
        "abs_cosine": 0.0008579999557696283,
        "r_squared": 7.361639241006841e-07
      },
      "32": {
        "cosine": -0.0075796255841851234,
        "abs_cosine": 0.0075796255841851234,
        "r_squared": 5.7450723996433674e-05
      },
      "33": {
        "cosine": -0.02917708456516266,
        "abs_cosine": 0.02917708456516266,
        "r_squared": 0.000851302263722653
      },
      "34": {
        "cosine": -0.01212276704609394,
        "abs_cosine": 0.01212276704609394,
        "r_squared": 0.0001469614808538612
      },
      "35": {
        "cosine": -0.0213738102465868,
        "abs_cosine": 0.0213738102465868,
        "r_squared": 0.00045683976445709887
      },
      "36": {
        "cosine": -0.03504805639386177,
        "abs_cosine": 0.03504805639386177,
        "r_squared": 0.001228366256987315
      },
      "37": {
        "cosine": -0.00974795687943697,
        "abs_cosine": 0.00974795687943697,
        "r_squared": 9.502266332336255e-05
      },
      "38": {
        "cosine": -0.019991599023342133,
        "abs_cosine": 0.019991599023342133,
        "r_squared": 0.0003996640315100941
      },
      "39": {
        "cosine": 0.00987874437123537,
        "abs_cosine": 0.00987874437123537,
        "r_squared": 9.758959035221452e-05
      },
      "40": {
        "cosine": -0.032884545624256134,
        "abs_cosine": 0.032884545624256134,
        "r_squared": 0.0010813933409137833
      }
    }
  },
  "control_profile": {
    "probe_type": "control",
    "n_layers": 35,
    "overall_mean_r2": 0.00046646391805629496,
    "overall_mean_abs_cos": 0.019085956607679172,
    "peak_layer": 37,
    "peak_cosine": 0.040006883442401886,
    "peak_abs_cosine": 0.040006883442401886,
    "peak_r2": 0.0016005507227739302,
    "onset_layer": null,
    "band_stats": {
      "early": {
        "mean_cos": -0.015207462664693593,
        "mean_abs_cos": 0.015207462664693593,
        "mean_r2": 0.0002549939246952803,
        "max_r2": 0.0004304150691792352,
        "r2_fraction": 0.07809329321694916,
        "n_layers": 5
      },
      "middle": {
        "mean_cos": 0.004086531652137637,
        "mean_abs_cos": 0.021412236569449305,
        "mean_r2": 0.0005647418206386467,
        "max_r2": 0.0013826531816454324,
        "r2_fraction": 0.5188658746718429,
        "n_layers": 15
      },
      "late": {
        "mean_cos": 0.017905884554299215,
        "mean_abs_cos": 0.018052507960237562,
        "mean_r2": 0.000438676013260948,
        "max_r2": 0.0016005507227739302,
        "r2_fraction": 0.40304083211120795,
        "n_layers": 15
      }
    },
    "normalized_entropy": 0.8935161401501908,