{
  "dim_name": "14_biological",
  "dim_id": 14,
  "reading_profile": {
    "probe_type": "reading",
    "n_layers": 35,
    "overall_mean_r2": 0.00030989283316130165,
    "overall_mean_abs_cos": 0.014215889220109343,
    "peak_layer": 40,
    "peak_cosine": -0.03409988060593605,
    "peak_abs_cosine": 0.03409988060593605,
    "peak_r2": 0.0011628018573390936,
    "onset_layer": null,
    "band_stats": {
      "early": {
        "mean_cos": -0.002134310221299529,
        "mean_abs_cos": 0.01595874917693436,
        "mean_r2": 0.00039972667792236884,
        "max_r2": 0.0011460875329783043,
        "r2_fraction": 0.18426954424610392,
        "n_layers": 5
      },
      "middle": {
        "mean_cos": -0.004344206107392287,
        "mean_abs_cos": 0.011747014462404575,
        "mean_r2": 0.0001934582629420932,
        "max_r2": 0.0004935070269121745,
        "r2_fraction": 0.26754631035589094,
        "n_layers": 15
      },
      "late": {
        "mean_cos": -0.015262909075439287,
        "mean_abs_cos": 0.01610381065887244,
        "mean_r2": 0.00039638278846015434,
        "max_r2": 0.0011628018573390936,
        "r2_fraction": 0.5481841453980051,
        "n_layers": 15
      }
    },
    "normalized_entropy": 0.8264973426435286,
    "near_peak_layers": [
      6,
      33,
      36,
      40
    ],
    "near_peak_fraction": 0.11428571428571428,
    "sign_consistency": 0.7428571428571429,
    "dominant_sign": "negative",
    "profile_type": "negligible",
    "per_layer": {
      "6": {
        "cosine": 0.033853914588689804,
        "abs_cosine": 0.033853914588689804,
        "r_squared": 0.0011460875329783043
      },
      "7": {
        "cosine": 0.0007071828003972769,
        "abs_cosine": 0.0007071828003972769,
        "r_squared": 5.001075131777348e-07
      },
      "8": {
        "cosine": -0.004563063848763704,
        "abs_cosine": 0.004563063848763704,
        "r_squared": 2.082155168789423e-05
      },
      "9": {
        "cosine": -0.021786797791719437,
        "abs_cosine": 0.021786797791719437,
        "r_squared": 0.0004746645580172709
      },
      "10": {
        "cosine": -0.018882786855101585,
        "abs_cosine": 0.018882786855101585,
        "r_squared": 0.0003565596394151972
      },
      "11": {
        "cosine": 0.00434368010610342,
        "abs_cosine": 0.00434368010610342,
        "r_squared": 1.886755686415862e-05
      },
      "12": {
        "cosine": -0.022215018048882484,
        "abs_cosine": 0.022215018048882484,
        "r_squared": 0.0004935070269121745
      },
      "13": {
        "cosine": -0.003307170234620571,
        "abs_cosine": 0.003307170234620571,
        "r_squared": 1.0937374960760284e-05
      },
      "14": {
        "cosine": 0.02177676185965538,
        "abs_cosine": 0.02177676185965538,
        "r_squared": 0.00047422735709214126
      },
      "15": {
        "cosine": -0.0007412833510898054,
        "abs_cosine": 0.0007412833510898054,
        "r_squared": 5.495010066029316e-07
      },
      "16": {
        "cosine": -0.020464817062020302,
        "abs_cosine": 0.020464817062020302,
        "r_squared": 0.00041880873738195726
      },
      "17": {
        "cosine": -0.015988489612936974,
        "abs_cosine": 0.015988489612936974,
        "r_squared": 0.0002556318001029935
      },
      "18": {
        "cosine": 0.012460213154554367,
        "abs_cosine": 0.012460213154554367,
        "r_squared": 0.0001552569118569297
      },
      "19": {
        "cosine": -0.02082548849284649,
        "abs_cosine": 0.02082548849284649,
        "r_squared": 0.0004337009709656815
      },
      "20": {
        "cosine": -0.013293253257870674,
        "abs_cosine": 0.013293253257870674,
        "r_squared": 0.0001767105821778893
      },
      "21": {
        "cosine": 0.004775218199938536,
        "abs_cosine": 0.004775218199938536,
        "r_squared": 2.280270885702423e-05
      },
      "22": {
        "cosine": -0.00899145845323801,
        "abs_cosine": 0.00899145845323801,
        "r_squared": 8.084632511630527e-05
      },
      "23": {
        "cosine": 0.011796415783464909,
        "abs_cosine": 0.011796415783464909,
        "r_squared": 0.00013915542533638
      },
      "24": {
        "cosine": -0.014857175759971142,
        "abs_cosine": 0.014857175759971142,
        "r_squared": 0.00022073567156267408
      },
      "25": {
        "cosine": 0.00036877355887554586,
        "abs_cosine": 0.00036877355887554586,
        "r_squared": 1.359939377257357e-07
      },
      "26": {
        "cosine": -0.008302925154566765,
        "abs_cosine": 0.008302925154566765,
        "r_squared": 6.893856612233754e-05
      },
      "27": {
        "cosine": -0.00020634628890547901,
        "abs_cosine": 0.00020634628890547901,
        "r_squared": 4.257879094506341e-08
      },
      "28": {
        "cosine": -0.007287642452865839,
        "abs_cosine": 0.007287642452865839,
        "r_squared": 5.310973252081242e-05
      },
      "29": {
        "cosine": -0.025886910036206245,
        "abs_cosine": 0.025886910036206245,
        "r_squared": 0.0006701321112226356
      },
      "30": {
        "cosine": -0.021435439586639404,
        "abs_cosine": 0.021435439586639404,
        "r_squared": 0.0004594780702724677
      },
      "31": {
        "cosine": -0.006978353951126337,
        "abs_cosine": 0.006978353951126337,
        "r_squared": 4.869742386720056e-05
      },
      "32": {
        "cosine": -0.013246890157461166,
        "abs_cosine": 0.013246890157461166,
        "r_squared": 0.00017548009884384153
      },
      "33": {
        "cosine": -0.031727384775877,
        "abs_cosine": 0.031727384775877,
        "r_squared": 0.0010066269447165516
      },
      "34": {
        "cosine": -0.0004170805332250893,
        "abs_cosine": 0.0004170805332250893,
        "r_squared": 1.7395617119532483e-07
      },
      "35": {
        "cosine": -0.026577310636639595,
        "abs_cosine": 0.026577310636639595,
        "r_squared": 0.0007063534406764362
      },
      "36": {
        "cosine": -0.03327004611492157,
        "abs_cosine": 0.03327004611492157,
        "r_squared": 0.0011068959684890078
      },
      "37": {
        "cosine": -0.005355614237487316,
        "abs_cosine": 0.005355614237487316,
        "r_squared": 2.8682603860776847e-05
      },
      "38": {
        "cosine": -0.02045857347548008,
        "abs_cosine": 0.02045857347548008,
        "r_squared": 0.00041855322865161707
      },
      "39": {
        "cosine": 0.006306761875748634,
        "abs_cosine": 0.006306761875748634,
        "r_squared": 3.977524535739643e-05
      },
      "40": {
        "cosine": -0.03409988060593605,
        "abs_cosine": 0.03409988060593605,
        "r_squared": 0.0011628018573390936
      }
    }
  },
  "control_profile": {
    "probe_type": "control",
    "n_layers": 35,
    "overall_mean_r2": 0.000308508514993207,
    "overall_mean_abs_cos": 0.01464164419698396,
    "peak_layer": 37,
    "peak_cosine": 0.037433769553899765,
    "peak_abs_cosine": 0.037433769553899765,
    "peak_r2": 0.001401287103014473,
    "onset_layer": null,
    "band_stats": {
      "early": {
        "mean_cos": -0.011186119262129068,
        "mean_abs_cos": 0.011186119262129068,
        "mean_r2": 0.00014021406711667628,
        "max_r2": 0.00024517391245080025,
        "r2_fraction": 0.06492715773860923,
        "n_layers": 5
      },
      "middle": {
        "mean_cos": 0.007955341173025468,
        "mean_abs_cos": 0.013446383589568237,
        "mean_r2": 0.0002877598099437856,
        "max_r2": 0.001033130572721197,
        "r2_fraction": 0.3997479059395377,
        "n_layers": 15
      },
      "late": {
        "mean_cos": 0.015916562577088674,
        "mean_abs_cos": 0.016988746449351312,
        "mean_r2": 0.0003853553693348053,
        "max_r2": 0.001401287103014473,
        "r2_fraction": 0.5353249363218531,
        "n_layers": 15
      }
    },
    "normalized_entropy": 0.8409821781487451,