{
  "dim_name": "1_phenomenology",
  "dim_id": 1,
  "reading_profile": {
    "probe_type": "reading",
    "n_layers": 35,
    "overall_mean_r2": 0.000304747096052118,
    "overall_mean_abs_cos": 0.014334614031291234,
    "peak_layer": 40,
    "peak_cosine": -0.03628373146057129,
    "peak_abs_cosine": 0.03628373146057129,
    "peak_r2": 0.0013165091687028507,
    "onset_layer": null,
    "band_stats": {
      "early": {
        "mean_cos": -0.002456114081724081,
        "mean_abs_cos": 0.016404597846849354,
        "mean_r2": 0.00041700935354012684,
        "max_r2": 0.001216001245912271,
        "r2_fraction": 0.19548263318400425,
        "n_layers": 5
      },
      "middle": {
        "mean_cos": -0.004178194461079935,
        "mean_abs_cos": 0.012363800383172929,
        "mean_r2": 0.00019979217837358312,
        "max_r2": 0.0005997915176538283,
        "r2_fraction": 0.28097140354151406,
        "n_layers": 15
      },
      "late": {
        "mean_cos": -0.014870754792355001,
        "mean_abs_cos": 0.015615433074223499,
        "mean_r2": 0.00037228126123465,
        "max_r2": 0.0013165091687028507,
        "r2_fraction": 0.5235459632744818,
        "n_layers": 15
      }
    },
    "normalized_entropy": 0.8274906287597567,
    "near_peak_layers": [
      6,
      33,
      36,
      40
    ],
    "near_peak_fraction": 0.11428571428571428,
    "sign_consistency": 0.7428571428571429,
    "dominant_sign": "negative",
    "profile_type": "negligible",
    "per_layer": {
      "6": {
        "cosine": 0.03487120941281319,
        "abs_cosine": 0.03487120941281319,
        "r_squared": 0.001216001245912271
      },
      "7": {
        "cosine": -8.770923159318045e-05,
        "abs_cosine": 8.770923159318045e-05,
        "r_squared": 7.692909306666163e-09
      },
      "8": {
        "cosine": -0.006405717693269253,
        "abs_cosine": 0.006405717693269253,
        "r_squared": 4.103321916586276e-05
      },
      "9": {
        "cosine": -0.019476598128676414,
        "abs_cosine": 0.019476598128676414,
        "r_squared": 0.0003793378746659616
      },
      "10": {
        "cosine": -0.021181754767894745,
        "abs_cosine": 0.021181754767894745,
        "r_squared": 0.00044866673504723176
      },
      "11": {
        "cosine": 0.0063055818900465965,
        "abs_cosine": 0.0063055818900465965,
        "r_squared": 3.976036297208361e-05
      },
      "12": {
        "cosine": -0.024490641430020332,
        "abs_cosine": 0.024490641430020332,
        "r_squared": 0.0005997915176538283
      },
      "13": {
        "cosine": -0.006087008398026228,
        "abs_cosine": 0.006087008398026228,
        "r_squared": 3.7051671237641826e-05
      },
      "14": {
        "cosine": 0.02123945951461792,
        "abs_cosine": 0.02123945951461792,
        "r_squared": 0.0004511146404730937
      },
      "15": {
        "cosine": -0.0014653931139037013,
        "abs_cosine": 0.0014653931139037013,
        "r_squared": 2.147376978276386e-06
      },
      "16": {
        "cosine": -0.020782211795449257,
        "abs_cosine": 0.020782211795449257,
        "r_squared": 0.0004319003271109102
      },
      "17": {
        "cosine": -0.014999451115727425,
        "abs_cosine": 0.014999451115727425,
        "r_squared": 0.00022498353377309668
      },
      "18": {
        "cosine": 0.011438855901360512,
        "abs_cosine": 0.011438855901360512,
        "r_squared": 0.0001308474243320902
      },
      "19": {
        "cosine": -0.020909223705530167,
        "abs_cosine": 0.020909223705530167,
        "r_squared": 0.00043719563596790467
      },
      "20": {
        "cosine": -0.01476316712796688,
        "abs_cosine": 0.01476316712796688,
        "r_squared": 0.00021795110364828188
      },
      "21": {
        "cosine": 0.0070940060541033745,
        "abs_cosine": 0.0070940060541033745,
        "r_squared": 5.032492189565533e-05
      },
      "22": {
        "cosine": -0.007496245671063662,
        "abs_cosine": 0.007496245671063662,
        "r_squared": 5.6193699160940686e-05
      },
      "23": {
        "cosine": 0.01149710826575756,
        "abs_cosine": 0.01149710826575756,
        "r_squared": 0.00013218349847455083
      },
      "24": {
        "cosine": -0.013071618974208832,
        "abs_cosine": 0.013071618974208832,
        "r_squared": 0.00017086722260689635
      },
      "25": {
        "cosine": 0.003817032789811492,
        "abs_cosine": 0.003817032789811492,
        "r_squared": 1.4569739318496101e-05
      },
      "26": {
        "cosine": -0.00619991309940815,
        "abs_cosine": 0.00619991309940815,
        "r_squared": 3.843892244021277e-05
      },
      "27": {
        "cosine": -0.003005296690389514,
        "abs_cosine": 0.003005296690389514,
        "r_squared": 9.031808197266166e-06
      },
      "28": {
        "cosine": -0.0058897328563034534,
        "abs_cosine": 0.0058897328563034534,
        "r_squared": 3.4688953118620436e-05
      },
      "29": {
        "cosine": -0.024570174515247345,
        "abs_cosine": 0.024570174515247345,
        "r_squared": 0.0006036934757097101
      },
      "30": {
        "cosine": -0.021302325651049614,
        "abs_cosine": 0.021302325651049614,
        "r_squared": 0.00045378907814336636
      },
      "31": {
        "cosine": -0.007223979569971561,
        "abs_cosine": 0.007223979569971561,
        "r_squared": 5.2185880827366506e-05
      },
      "32": {
        "cosine": -0.01220571156591177,
        "abs_cosine": 0.01220571156591177,
        "r_squared": 0.00014897939483023235
      },
      "33": {
        "cosine": -0.03089757077395916,
        "abs_cosine": 0.03089757077395916,
        "r_squared": 0.0009546598797318152
      },
      "34": {
        "cosine": 0.0013257126556709409,
        "abs_cosine": 0.0013257126556709409,
        "r_squared": 1.7575140454060986e-06
      },
      "35": {
        "cosine": -0.02058231271803379,
        "abs_cosine": 0.02058231271803379,
        "r_squared": 0.0004236315968229355
      },
      "36": {
        "cosine": -0.03271259367465973,
        "abs_cosine": 0.03271259367465973,
        "r_squared": 0.0010701137849233877
      },
      "37": {
        "cosine": -0.00784809049218893,
        "abs_cosine": 0.00784809049218893,
        "r_squared": 6.159252437358629e-05
      },
      "38": {
        "cosine": -0.01992497593164444,
        "abs_cosine": 0.01992497593164444,
        "r_squared": 0.0003970046658766102
      },
      "39": {
        "cosine": 0.004259374458342791,
        "abs_cosine": 0.004259374458342791,
        "r_squared": 1.814227077638294e-05
      },
      "40": {
        "cosine": -0.03628373146057129,
        "abs_cosine": 0.03628373146057129,
        "r_squared": 0.0013165091687028507
      }
    }
  },
  "control_profile": {
    "probe_type": "control",
    "n_layers": 35,
    "overall_mean_r2": 0.00029645234812730997,
    "overall_mean_abs_cos": 0.014489128478037726,
    "peak_layer": 19,
    "peak_cosine": 0.035383690148591995,
    "peak_abs_cosine": 0.035383690148591995,
    "peak_r2": 0.0012520055285315662,
    "onset_layer": null,
    "band_stats": {
      "early": {
        "mean_cos": -0.013476856611669063,
        "mean_abs_cos": 0.013476856611669063,
        "mean_r2": 0.0002041217645033301,
        "max_r2": 0.0003380083813532414,
        "r2_fraction": 0.0983640448662649,
        "n_layers": 5
      },
      "middle": {
        "mean_cos": 0.004264366487041116,
        "mean_abs_cos": 0.014474645055209597,
        "mean_r2": 0.00031988282286712574,
        "max_r2": 0.0012520055285315662,
        "r2_fraction": 0.4624440967920807,
        "n_layers": 15
      },
      "late": {
        "mean_cos": 0.013589638182505344,
        "mean_abs_cos": 0.014841035856322075,
        "mean_r2": 0.0003037987345954876,
        "max_r2": 0.0011571537781707303,
        "r2_fraction": 0.43919185834165464,
        "n_layers": 15
      }
    },
    "normalized_entropy": 0.8533941524758608,