{
  "dim_name": "9_roles",
  "dim_id": 9,
  "reading_profile": {
    "probe_type": "reading",
    "n_layers": 35,
    "overall_mean_r2": 0.0002861034115355899,
    "overall_mean_abs_cos": 0.01387706527519705,
    "peak_layer": 6,
    "peak_cosine": 0.03622467815876007,
    "peak_abs_cosine": 0.03622467815876007,
    "peak_r2": 0.001312227307705749,
    "onset_layer": null,
    "band_stats": {
      "early": {
        "mean_cos": -0.0024817188619636,
        "mean_abs_cos": 0.01718831198522821,
        "mean_r2": 0.0004506880489832957,
        "max_r2": 0.001312227307705749,
        "r2_fraction": 0.22503753678450844,
        "n_layers": 5
      },
      "middle": {
        "mean_cos": -0.003451462276279926,
        "mean_abs_cos": 0.011984788750608762,
        "mean_r2": 0.00017567956711887905,
        "max_r2": 0.0004878182216840367,
        "r2_fraction": 0.2631609411675341,
        "n_layers": 15
      },
      "late": {
        "mean_cos": -0.01324169587654372,
        "mean_abs_cos": 0.014665592896441619,
        "mean_r2": 0.00034166571013639885,
        "max_r2": 0.0011421248789179744,
        "r2_fraction": 0.5118015220479576,
        "n_layers": 15
      }
    },
    "normalized_entropy": 0.8232205473605111,
    "near_peak_layers": [
      6,
      33,
      36,
      40
    ],
    "near_peak_fraction": 0.11428571428571428,
    "sign_consistency": 0.6857142857142857,
    "dominant_sign": "negative",
    "profile_type": "negligible",
    "per_layer": {
      "6": {
        "cosine": 0.03622467815876007,
        "abs_cosine": 0.03622467815876007,
        "r_squared": 0.001312227307705749
      },
      "7": {
        "cosine": 0.0005418046494014561,
        "abs_cosine": 0.0005418046494014561,
        "r_squared": 2.935522781130348e-07
      },
      "8": {
        "cosine": -0.00735622551292181,
        "abs_cosine": 0.00735622551292181,
        "r_squared": 5.411405379696175e-05
      },
      "9": {
        "cosine": -0.01841973140835762,
        "abs_cosine": 0.01841973140835762,
        "r_squared": 0.0003392865051560362
      },
      "10": {
        "cosine": -0.023399120196700096,
        "abs_cosine": 0.023399120196700096,
        "r_squared": 0.0005475188259796183
      },
      "11": {
        "cosine": 0.007334729190915823,
        "abs_cosine": 0.007334729190915823,
        "r_squared": 5.379825230407268e-05
      },
      "12": {
        "cosine": -0.022086607292294502,
        "abs_cosine": 0.022086607292294502,
        "r_squared": 0.0004878182216840367
      },
      "13": {
        "cosine": -0.0039332858286798,
        "abs_cosine": 0.0039332858286798,
        "r_squared": 1.547073741009334e-05
      },
      "14": {
        "cosine": 0.01692560501396656,
        "abs_cosine": 0.01692560501396656,
        "r_squared": 0.00028647610508880997
      },
      "15": {
        "cosine": 0.004302502144128084,
        "abs_cosine": 0.004302502144128084,
        "r_squared": 1.851152470022676e-05
      },
      "16": {
        "cosine": -0.018536914139986038,
        "abs_cosine": 0.018536914139986038,
        "r_squared": 0.0003436171858332143
      },
      "17": {
        "cosine": -0.010454108938574791,
        "abs_cosine": 0.010454108938574791,
        "r_squared": 0.00010928839369958934
      },
      "18": {
        "cosine": 0.007157824467867613,
        "abs_cosine": 0.007157824467867613,
        "r_squared": 5.1234451112804275e-05
      },
      "19": {
        "cosine": -0.02100728452205658,
        "abs_cosine": 0.02100728452205658,
        "r_squared": 0.00044130600299063794
      },
      "20": {
        "cosine": -0.014664568938314915,
        "abs_cosine": 0.014664568938314915,
        "r_squared": 0.00021504958214659062
      },
      "21": {
        "cosine": 0.007400090806186199,
        "abs_cosine": 0.007400090806186199,
        "r_squared": 5.476134393980151e-05
      },
      "22": {
        "cosine": -0.010949915274977684,
        "abs_cosine": 0.010949915274977684,
        "r_squared": 0.00011990064452918961
      },
      "23": {
        "cosine": 0.013607698492705822,
        "abs_cosine": 0.013607698492705822,
        "r_squared": 0.0001851694582683883
      },
      "24": {
        "cosine": -0.014139197766780853,
        "abs_cosine": 0.014139197766780853,
        "r_squared": 0.00019991691348814067
      },
      "25": {
        "cosine": 0.007271498441696167,
        "abs_cosine": 0.007271498441696167,
        "r_squared": 5.2874689587589785e-05
      },
      "26": {
        "cosine": -0.001184392487630248,
        "abs_cosine": 0.001184392487630248,
        "r_squared": 1.4027855647549673e-06
      },
      "27": {
        "cosine": 0.0019267679890617728,
        "abs_cosine": 0.0019267679890617728,
        "r_squared": 3.712434883673148e-06
      },
      "28": {
        "cosine": -0.004524813499301672,
        "abs_cosine": 0.004524813499301672,
        "r_squared": 2.0473937203462642e-05
      },
      "29": {
        "cosine": -0.021592292934656143,
        "abs_cosine": 0.021592292934656143,
        "r_squared": 0.0004662271141760016
      },
      "30": {
        "cosine": -0.021527685225009918,
        "abs_cosine": 0.021527685225009918,
        "r_squared": 0.00046344123114711033
      },
      "31": {
        "cosine": -0.0019431629916653037,
        "abs_cosine": 0.0019431629916653037,
        "r_squared": 3.775882412177653e-06
      },
      "32": {
        "cosine": -0.008604592643678188,
        "abs_cosine": 0.008604592643678188,
        "r_squared": 7.40390145636408e-05
      },
      "33": {
        "cosine": -0.02916664443910122,
        "abs_cosine": 0.02916664443910122,
        "r_squared": 0.0008506931478369541
      },
      "34": {
        "cosine": -0.0059823328629136086,
        "abs_cosine": 0.0059823328629136086,
        "r_squared": 3.578830648269613e-05
      },
      "35": {
        "cosine": -0.021412290632724762,
        "abs_cosine": 0.021412290632724762,
        "r_squared": 0.0004584861901402726
      },
      "36": {
        "cosine": -0.03375985473394394,
        "abs_cosine": 0.03375985473394394,
        "r_squared": 0.001139727791656997
      },
      "37": {
        "cosine": -0.0076436614617705345,
        "abs_cosine": 0.0076436614617705345,
        "r_squared": 5.8425560542156064e-05
      },
      "38": {
        "cosine": -0.018167603760957718,
        "abs_cosine": 0.018167603760957718,
        "r_squared": 0.000330061826415165
      },
      "39": {
        "cosine": 0.008752459660172462,
        "abs_cosine": 0.008752459660172462,
        "r_squared": 7.660555010294626e-05
      },
      "40": {
        "cosine": -0.03379533812403679,
        "abs_cosine": 0.03379533812403679,
        "r_squared": 0.0011421248789179744
      }
    }
  },
  "control_profile": {
    "probe_type": "control",
    "n_layers": 35,
    "overall_mean_r2": 0.00039106615111335043,
    "overall_mean_abs_cos": 0.017161145096594867,
    "peak_layer": 37,
    "peak_cosine": 0.0398818701505661,
    "peak_abs_cosine": 0.0398818701505661,
    "peak_r2": 0.0015905635667066154,
    "onset_layer": null,
    "band_stats": {
      "early": {
        "mean_cos": -0.013996643107384443,
        "mean_abs_cos": 0.013996643107384443,
        "mean_r2": 0.00021890453069492154,
        "max_r2": 0.0003933900926616496,
        "r2_fraction": 0.07996620450153973,
        "n_layers": 5
      },
      "middle": {
        "mean_cos": 0.005020768490309516,
        "mean_abs_cos": 0.017652711815511188,
        "mean_r2": 0.0004213728368985236,
        "max_r2": 0.0012900027177947943,
        "r2_fraction": 0.46178468311989584,
        "n_layers": 15
      },
      "late": {
        "mean_cos": 0.01772441237408202,
        "mean_abs_cos": 0.01772441237408202,
        "mean_r2": 0.00041814667213432014,
        "max_r2": 0.0015905635667066154,
        "r2_fraction": 0.45824911237856436,
        "n_layers": 15
      }
    },
    "normalized_entropy": 0.8803714543127215,