{
  "dim_name": "1_phenomenology",
  "dim_id": 1,
  "reading_profile": {
    "probe_type": "reading",
    "n_layers": 35,
    "overall_mean_r2": 0.00038295705237294703,
    "overall_mean_abs_cos": 0.01712834417537254,
    "peak_layer": 24,
    "peak_cosine": -0.035025618970394135,
    "peak_abs_cosine": 0.035025618970394135,
    "peak_r2": 0.0012267939842592335,
    "onset_layer": null,
    "band_stats": {
      "early": {
        "mean_cos": 0.0008396665565669536,
        "mean_abs_cos": 0.019508992787450552,
        "mean_r2": 0.0005179226408852594,
        "max_r2": 0.0012112915488773357,
        "r2_fraction": 0.1932042986006672,
        "n_layers": 5
      },
      "middle": {
        "mean_cos": -0.005792407675956687,
        "mean_abs_cos": 0.020111100887879728,
        "mean_r2": 0.00047727077351235927,
        "max_r2": 0.0012267939842592335,
        "r2_fraction": 0.5341189461119636,
        "n_layers": 15
      },
      "late": {
        "mean_cos": -0.011364268862719958,
        "mean_abs_cos": 0.013352037925506011,
        "mean_r2": 0.00024365480172943075,
        "max_r2": 0.0007407721243608313,
        "r2_fraction": 0.27267675528736923,
        "n_layers": 15
      }
    },
    "normalized_entropy": 0.8844729631012065,
    "near_peak_layers": [
      9,
      10,
      15,
      24
    ],
    "near_peak_fraction": 0.11428571428571428,
    "sign_consistency": 0.6571428571428571,
    "dominant_sign": "negative",
    "profile_type": "negligible",
    "per_layer": {
      "6": {
        "cosine": 0.01853698305785656,
        "abs_cosine": 0.01853698305785656,
        "r_squared": 0.00034361974088726113
      },
      "7": {
        "cosine": -0.0118697015568614,
        "abs_cosine": 0.0118697015568614,
        "r_squared": 0.00014088981504895796
      },
      "8": {
        "cosine": 0.002546634990721941,
        "abs_cosine": 0.002546634990721941,
        "r_squared": 6.4853497759693405e-06
      },
      "9": {
        "cosine": 0.029788030311465263,
        "abs_cosine": 0.029788030311465263,
        "r_squared": 0.0008873267498367733
      },
      "10": {
        "cosine": -0.034803614020347595,
        "abs_cosine": 0.034803614020347595,
        "r_squared": 0.0012112915488773357
      },
      "11": {
        "cosine": 0.020247332751750946,
        "abs_cosine": 0.020247332751750946,
        "r_squared": 0.00040995448356012654
      },
      "12": {
        "cosine": -0.019323963671922684,
        "abs_cosine": 0.019323963671922684,
        "r_squared": 0.0003734155719937876
      },
      "13": {
        "cosine": -0.007528900168836117,
        "abs_cosine": 0.007528900168836117,
        "r_squared": 5.668433775230051e-05
      },
      "14": {
        "cosine": 0.0271524079144001,
        "abs_cosine": 0.0271524079144001,
        "r_squared": 0.0007372532555499772
      },
      "15": {
        "cosine": 0.03121192567050457,
        "abs_cosine": 0.03121192567050457,
        "r_squared": 0.0009741843040611022
      },
      "16": {
        "cosine": 0.01108755823224783,
        "abs_cosine": 0.01108755823224783,
        "r_squared": 0.0001229339475534866
      },
      "17": {
        "cosine": 0.00261243456043303,
        "abs_cosine": 0.00261243456043303,
        "r_squared": 6.824814332544919e-06
      },
      "18": {
        "cosine": 0.015078539960086346,
        "abs_cosine": 0.015078539960086346,
        "r_squared": 0.00022736236732792073
      },
      "19": {
        "cosine": -0.025359854102134705,
        "abs_cosine": 0.025359854102134705,
        "r_squared": 0.0006431222000815584
      },
      "20": {
        "cosine": -0.025795049965381622,
        "abs_cosine": 0.025795049965381622,
        "r_squared": 0.0006653846027165344
      },
      "21": {
        "cosine": -0.013410459272563457,
        "abs_cosine": 0.013410459272563457,
        "r_squared": 0.00017984041790108322
      },
      "22": {
        "cosine": -0.021802634000778198,
        "abs_cosine": 0.021802634000778198,
        "r_squared": 0.00047535484937188954
      },
      "23": {
        "cosine": -0.02247656136751175,
        "abs_cosine": 0.02247656136751175,
        "r_squared": 0.0005051958109075216
      },
      "24": {
        "cosine": -0.035025618970394135,
        "abs_cosine": 0.035025618970394135,
        "r_squared": 0.0012267939842592335
      },
      "25": {
        "cosine": -0.02355327270925045,
        "abs_cosine": 0.02355327270925045,
        "r_squared": 0.000554756655316322
      },
      "26": {
        "cosine": -0.02721712924540043,
        "abs_cosine": 0.02721712924540043,
        "r_squared": 0.0007407721243608313
      },
      "27": {
        "cosine": -0.015950975939631462,
        "abs_cosine": 0.015950975939631462,
        "r_squared": 0.0002544336334267018
      },
      "28": {
        "cosine": -0.011006781831383705,
        "abs_cosine": 0.011006781831383705,
        "r_squared": 0.00012114924628367843
      },
      "29": {
        "cosine": -0.013679415918886662,
        "abs_cosine": 0.013679415918886662,
        "r_squared": 0.0001871264198818898
      },
      "30": {
        "cosine": -0.025342997163534164,
        "abs_cosine": 0.025342997163534164,
        "r_squared": 0.0006422675052309007
      },
      "31": {
        "cosine": -0.012193349190056324,
        "abs_cosine": 0.012193349190056324,
        "r_squared": 0.0001486777644706472
      },
      "32": {
        "cosine": -0.018146341666579247,
        "abs_cosine": 0.018146341666579247,
        "r_squared": 0.00032928971588023007
      },
      "33": {
        "cosine": -0.02402110956609249,
        "abs_cosine": 0.02402110956609249,
        "r_squared": 0.0005770137047862202
      },
      "34": {
        "cosine": 0.00040665906271897256,
        "abs_cosine": 0.00040665906271897256,
        "r_squared": 1.6537159329147326e-07
      },
      "35": {
        "cosine": -0.0031526032835245132,
        "abs_cosine": 0.0031526032835245132,
        "r_squared": 9.938907463289542e-06
      },
      "36": {
        "cosine": -0.00831975881010294,
        "abs_cosine": 0.00831975881010294,
        "r_squared": 6.921838665828548e-05
      },
      "37": {
        "cosine": 0.008266249671578407,
        "abs_cosine": 0.008266249671578407,
        "r_squared": 6.833088363287013e-05
      },
      "38": {
        "cosine": -0.005405211355537176,
        "abs_cosine": 0.005405211355537176,
        "r_squared": 2.9216309798028037e-05
      },
      "39": {
        "cosine": 0.006235359236598015,
        "abs_cosine": 0.006235359236598015,
        "r_squared": 3.887970480942818e-05
      },
      "40": {
        "cosine": -0.020936626940965652,
        "abs_cosine": 0.020936626940965652,
        "r_squared": 0.0004383423476651688
      }
    }
  },
  "control_profile": {
    "probe_type": "control",
    "n_layers": 35,
    "overall_mean_r2": 0.00010778371294884633,
    "overall_mean_abs_cos": 0.008669552226534247,
    "peak_layer": 13,
    "peak_cosine": -0.02383829653263092,
    "peak_abs_cosine": 0.02383829653263092,
    "peak_r2": 0.0005682643815776434,
    "onset_layer": null,
    "band_stats": {
      "early": {
        "mean_cos": -0.0001351470680674538,
        "mean_abs_cos": 0.00818953258858528,
        "mean_r2": 9.72956063051198e-05,
        "max_r2": 0.00021662343973780866,
        "r2_fraction": 0.12895614698205293,
        "n_layers": 5
      },
      "middle": {
        "mean_cos": -0.005882095642543088,
        "mean_abs_cos": 0.008150284640335789,
        "mean_r2": 0.00010241802628379982,
        "max_r2": 0.0005682643815776434,
        "r2_fraction": 0.40723629419544904,
        "n_layers": 15
      },
      "late": {
        "mean_cos": -0.009348826358715694,
        "mean_abs_cos": 0.009348826358715694,
        "mean_r2": 0.00011664543516180167,
        "max_r2": 0.0002913635677538641,
        "r2_fraction": 0.4638075588224981,
        "n_layers": 15
      }
    },
    "normalized_entropy": 0.8450357927331614,