{
  "dim_name": "21_sysprompt_talkto_ai",
  "dim_id": 21,
  "reading_profile": {
    "probe_type": "reading",
    "n_layers": 35,
    "overall_mean_r2": 0.0004625409651795369,
    "overall_mean_abs_cos": 0.018980522225111988,
    "peak_layer": 10,
    "peak_cosine": -0.03897925093770027,
    "peak_abs_cosine": 0.03897925093770027,
    "peak_r2": 0.0015193820036642075,
    "onset_layer": null,
    "band_stats": {
      "early": {
        "mean_cos": 0.004415340162813664,
        "mean_abs_cos": 0.02213238887488842,
        "mean_r2": 0.0006850042714156704,
        "max_r2": 0.0015193820036642075,
        "r2_fraction": 0.2115655918636259,
        "n_layers": 5
      },
      "middle": {
        "mean_cos": -0.006448861304670572,
        "mean_abs_cos": 0.0199356807085375,
        "mean_r2": 0.00047577396425052033,
        "max_r2": 0.0012264962456005751,
        "r2_fraction": 0.44083258108131373,
        "n_layers": 15
      },
      "late": {
        "mean_cos": -0.016941445858295386,
        "mean_abs_cos": 0.016974741525094334,
        "mean_r2": 0.0003751535306965089,
        "max_r2": 0.001069684866955578,
        "r2_fraction": 0.34760182705506043,
        "n_layers": 15
      }
    },
    "normalized_entropy": 0.8938847378159294,
    "near_peak_layers": [
      9,
      10,
      15,
      20,
      33
    ],
    "near_peak_fraction": 0.14285714285714285,
    "sign_consistency": 0.7428571428571429,
    "dominant_sign": "negative",
    "profile_type": "negligible",
    "per_layer": {
      "6": {
        "cosine": 0.02569383755326271,
        "abs_cosine": 0.02569383755326271,
        "r_squared": 0.0006601732882134531
      },
      "7": {
        "cosine": -0.00531337084248662,
        "abs_cosine": 0.00531337084248662,
        "r_squared": 2.8231909709786973e-05
      },
      "8": {
        "cosine": 0.006373742129653692,
        "abs_cosine": 0.006373742129653692,
        "r_squared": 4.0624588735322384e-05
      },
      "9": {
        "cosine": 0.034301742911338806,
        "abs_cosine": 0.034301742911338806,
        "r_squared": 0.001176609566755582
      },
      "10": {
        "cosine": -0.03897925093770027,
        "abs_cosine": 0.03897925093770027,
        "r_squared": 0.0015193820036642075
      },
      "11": {
        "cosine": 0.016213398426771164,
        "abs_cosine": 0.016213398426771164,
        "r_squared": 0.00026287428854522565
      },
      "12": {
        "cosine": -0.02223225124180317,
        "abs_cosine": 0.02223225124180317,
        "r_squared": 0.0004942729952786586
      },
      "13": {
        "cosine": -0.013240603730082512,
        "abs_cosine": 0.013240603730082512,
        "r_squared": 0.00017531358713707493
      },
      "14": {
        "cosine": 0.030544603243470192,
        "abs_cosine": 0.030544603243470192,
        "r_squared": 0.0009329727873010098
      },
      "15": {
        "cosine": 0.03502136841416359,
        "abs_cosine": 0.03502136841416359,
        "r_squared": 0.0012264962456005751
      },
      "16": {
        "cosine": 0.013555495999753475,
        "abs_cosine": 0.013555495999753475,
        "r_squared": 0.00018375147179933247
      },
      "17": {
        "cosine": -0.0024192752316594124,
        "abs_cosine": 0.0024192752316594124,
        "r_squared": 5.8528926465207035e-06
      },
      "18": {
        "cosine": 0.005816279444843531,
        "abs_cosine": 0.005816279444843531,
        "r_squared": 3.382910658050937e-05
      },
      "19": {
        "cosine": -0.024041438475251198,
        "abs_cosine": 0.024041438475251198,
        "r_squared": 0.0005779907639592886
      },
      "20": {
        "cosine": -0.03194393217563629,
        "abs_cosine": 0.03194393217563629,
        "r_squared": 0.0010204148028416515
      },
      "21": {
        "cosine": -0.017969898879528046,
        "abs_cosine": 0.017969898879528046,
        "r_squared": 0.0003229172657404633
      },
      "22": {
        "cosine": -0.019631339237093925,
        "abs_cosine": 0.019631339237093925,
        "r_squared": 0.0003853894802418635
      },
      "23": {
        "cosine": -0.01905760169029236,
        "abs_cosine": 0.01905760169029236,
        "r_squared": 0.00036319218218583416
      },
      "24": {
        "cosine": -0.027575021609663963,
        "abs_cosine": 0.027575021609663963,
        "r_squared": 0.0007603818167734346
      },
      "25": {
        "cosine": -0.01977270282804966,
        "abs_cosine": 0.01977270282804966,
        "r_squared": 0.000390959777126363
      },
      "26": {
        "cosine": -0.021578025072813034,
        "abs_cosine": 0.021578025072813034,
        "r_squared": 0.00046561116604294794
      },
      "27": {
        "cosine": -0.012546233832836151,
        "abs_cosine": 0.012546233832836151,
        "r_squared": 0.0001574079833882025
      },
      "28": {
        "cosine": -0.017717109993100166,
        "abs_cosine": 0.017717109993100166,
        "r_squared": 0.0003138959865076098
      },
      "29": {
        "cosine": -0.021778961643576622,
        "abs_cosine": 0.021778961643576622,
        "r_squared": 0.0004743231702723817
      },
      "30": {
        "cosine": -0.029435472562909126,
        "abs_cosine": 0.029435472562909126,
        "r_squared": 0.000866447045001776
      },
      "31": {
        "cosine": -0.00676356116309762,
        "abs_cosine": 0.00676356116309762,
        "r_squared": 4.574575960696243e-05
      },
      "32": {
        "cosine": -0.02252003364264965,
        "abs_cosine": 0.02252003364264965,
        "r_squared": 0.0005071519152660721
      },
      "33": {
        "cosine": -0.032706037163734436,
        "abs_cosine": 0.032706037163734436,
        "r_squared": 0.001069684866955578
      },
      "34": {
        "cosine": -0.020956214517354965,
        "abs_cosine": 0.020956214517354965,
        "r_squared": 0.000439162926897399
      },
      "35": {
        "cosine": -0.010788587853312492,
        "abs_cosine": 0.010788587853312492,
        "r_squared": 0.00011639362786864185
      },
      "36": {
        "cosine": -0.014168725349009037,
        "abs_cosine": 0.014168725349009037,
        "r_squared": 0.00020075277801565126
      },
      "37": {
        "cosine": -0.0004166190337855369,
        "abs_cosine": 0.0004166190337855369,
        "r_squared": 1.7357141931239432e-07
      },
      "38": {
        "cosine": -0.01669325865805149,
        "abs_cosine": 0.01669325865805149,
        "r_squared": 0.00027866488462461106
      },
      "39": {
        "cosine": 0.0002497175009921193,
        "abs_cosine": 0.0002497175009921193,
        "r_squared": 6.235883030174911e-08
      },
      "40": {
        "cosine": -0.02630256488919258,
        "abs_cosine": 0.02630256488919258,
        "r_squared": 0.0006918249197501863
      }
    }
  },
  "control_profile": {
    "probe_type": "control",
    "n_layers": 35,
    "overall_mean_r2": 0.00012869918917436768,
    "overall_mean_abs_cos": 0.009497078392139103,
    "peak_layer": 35,
    "peak_cosine": -0.02478632517158985,
    "peak_abs_cosine": 0.02478632517158985,
    "peak_r2": 0.0006143619155117887,
    "onset_layer": null,
    "band_stats": {
      "early": {
        "mean_cos": 0.0010786799481138586,
        "mean_abs_cos": 0.006282046693377197,
        "mean_r2": 6.319984395370075e-05,
        "max_r2": 0.00018808058128698488,
        "r2_fraction": 0.07015233890876083,
        "n_layers": 5
      },
      "middle": {
        "mean_cos": -0.005248463534129163,
        "mean_abs_cos": 0.009154534797805052,
        "mean_r2": 0.0001127348736532665,
        "max_r2": 0.00033501553907147943,
        "r2_fraction": 0.3754098698006604,
        "n_layers": 15
      },
      "late": {
        "mean_cos": -0.010317218358977698,
        "mean_abs_cos": 0.010911299219393792,
        "mean_r2": 0.00016649661976902449,
        "max_r2": 0.0006143619155117887,
        "r2_fraction": 0.5544377912905787,
        "n_layers": 15
      }
    },
    "normalized_entropy": 0.8388055204492445,