{
  "dim_name": "22_sysprompt_bare_human",
  "dim_id": 22,
  "reading_profile": {
    "probe_type": "reading",
    "n_layers": 35,
    "overall_mean_r2": 0.0005184779755816906,
    "overall_mean_abs_cos": 0.020397964853327722,
    "peak_layer": 15,
    "peak_cosine": 0.03809131681919098,
    "peak_abs_cosine": 0.03809131681919098,
    "peak_r2": 0.0014509484170199816,
    "onset_layer": null,
    "band_stats": {
      "early": {
        "mean_cos": 0.0066659215837717055,
        "mean_abs_cos": 0.02265264131128788,
        "mean_r2": 0.0007000218797512649,
        "max_r2": 0.0012676551680888132,
        "r2_fraction": 0.19287825209268855,
        "n_layers": 5
      },
      "middle": {
        "mean_cos": -0.006639907551774135,
        "mean_abs_cos": 0.020261422525315233,
        "mean_r2": 0.000500570551738024,
        "max_r2": 0.0014509484170199816,
        "r2_fraction": 0.41376923719559633,
        "n_layers": 15
      },
      "late": {
        "mean_cos": -0.019782948362020155,
        "mean_abs_cos": 0.019782948362020155,
        "mean_r2": 0.0004758707647021659,
        "max_r2": 0.001316432665047343,
        "r2_fraction": 0.3933525107117153,
        "n_layers": 15
      }
    },
    "normalized_entropy": 0.905545495463803,
    "near_peak_layers": [
      9,
      10,
      14,
      15,
      30,
      33,
      40
    ],
    "near_peak_fraction": 0.2,
    "sign_consistency": 0.7714285714285715,
    "dominant_sign": "negative",
    "profile_type": "negligible",
    "per_layer": {
      "6": {
        "cosine": 0.030403032898902893,
        "abs_cosine": 0.030403032898902893,
        "r_squared": 0.0009243444094517717
      },
      "7": {
        "cosine": -0.004362653940916061,
        "abs_cosine": 0.004362653940916061,
        "r_squared": 1.903274940819044e-05
      },
      "8": {
        "cosine": 0.007860733196139336,
        "abs_cosine": 0.007860733196139336,
        "r_squared": 6.179112638088693e-05
      },
      "9": {
        "cosine": 0.035032641142606735,
        "abs_cosine": 0.035032641142606735,
        "r_squared": 0.0012272859454266621
      },
      "10": {
        "cosine": -0.035604145377874374,
        "abs_cosine": 0.035604145377874374,
        "r_squared": 0.0012676551680888132
      },
      "11": {
        "cosine": 0.016150062903761864,
        "abs_cosine": 0.016150062903761864,
        "r_squared": 0.0002608245317954651
      },
      "12": {
        "cosine": -0.021164949983358383,
        "abs_cosine": 0.021164949983358383,
        "r_squared": 0.000447955107798062
      },
      "13": {
        "cosine": -0.016948046162724495,
        "abs_cosine": 0.016948046162724495,
        "r_squared": 0.0002872362687338405
      },
      "14": {
        "cosine": 0.03143136203289032,
        "abs_cosine": 0.03143136203289032,
        "r_squared": 0.000987930519242619
      },
      "15": {
        "cosine": 0.03809131681919098,
        "abs_cosine": 0.03809131681919098,
        "r_squared": 0.0014509484170199816
      },
      "16": {
        "cosine": 0.01356697827577591,
        "abs_cosine": 0.01356697827577591,
        "r_squared": 0.00018406289953537547
      },
      "17": {
        "cosine": -0.0004083944368176162,
        "abs_cosine": 0.0004083944368176162,
        "r_squared": 1.6678601602357793e-07
      },
      "18": {
        "cosine": 0.002921642269939184,
        "abs_cosine": 0.002921642269939184,
        "r_squared": 8.535993553495389e-06
      },
      "19": {
        "cosine": -0.022389238700270653,
        "abs_cosine": 0.022389238700270653,
        "r_squared": 0.0005012780095776971
      },
      "20": {
        "cosine": -0.029490811750292778,
        "abs_cosine": 0.029490811750292778,
        "r_squared": 0.0008697079776912066
      },
      "21": {
        "cosine": -0.019333278760313988,
        "abs_cosine": 0.019333278760313988,
        "r_squared": 0.00037377566762400796
      },
      "22": {
        "cosine": -0.021879209205508232,
        "abs_cosine": 0.021879209205508232,
        "r_squared": 0.00047869979545839617
      },
      "23": {
        "cosine": -0.020640116184949875,
        "abs_cosine": 0.020640116184949875,
        "r_squared": 0.0004260143961282298
      },
      "24": {
        "cosine": -0.026485497131943703,
        "abs_cosine": 0.026485497131943703,
        "r_squared": 0.0007014815583261981
      },
      "25": {
        "cosine": -0.023020433261990547,
        "abs_cosine": 0.023020433261990547,
        "r_squared": 0.0005299403475697607
      },
      "26": {
        "cosine": -0.021687962114810944,
        "abs_cosine": 0.021687962114810944,
        "r_squared": 0.0004703677006934748
      },
      "27": {
        "cosine": -0.010133694857358932,
        "abs_cosine": 0.010133694857358932,
        "r_squared": 0.00010269177146206288
      },
      "28": {
        "cosine": -0.015767594799399376,
        "abs_cosine": 0.015767594799399376,
        "r_squared": 0.00024861704575804625
      },
      "29": {
        "cosine": -0.02102639526128769,
        "abs_cosine": 0.02102639526128769,
        "r_squared": 0.0004421092976839014
      },
      "30": {
        "cosine": -0.031723495572805405,
        "abs_cosine": 0.031723495572805405,
        "r_squared": 0.0010063801713578041
      },
      "31": {
        "cosine": -0.012739604339003563,
        "abs_cosine": 0.012739604339003563,
        "r_squared": 0.0001622975187143584
      },
      "32": {
        "cosine": -0.021582305431365967,
        "abs_cosine": 0.021582305431365967,
        "r_squared": 0.0004657959077327689
      },
      "33": {
        "cosine": -0.036282677203416824,
        "abs_cosine": 0.036282677203416824,
        "r_squared": 0.001316432665047343
      },
      "34": {
        "cosine": -0.026401378214359283,
        "abs_cosine": 0.026401378214359283,
        "r_squared": 0.000697032771617645
      },
      "35": {
        "cosine": -0.013866852968931198,
        "abs_cosine": 0.013866852968931198,
        "r_squared": 0.00019228961126195598
      },
      "36": {
        "cosine": -0.02041514217853546,
        "abs_cosine": 0.02041514217853546,
        "r_squared": 0.0004167780301698176
      },
      "37": {
        "cosine": -0.009490915574133396,
        "abs_cosine": 0.009490915574133396,
        "r_squared": 9.007747843532785e-05
      },
      "38": {
        "cosine": -0.021232813596725464,
        "abs_cosine": 0.021232813596725464,
        "r_squared": 0.00045083237323328973
      },
      "39": {
        "cosine": -0.0016257882816717029,
        "abs_cosine": 0.0016257882816717029,
        "r_squared": 2.6431875368210282e-06
      },
      "40": {
        "cosine": -0.032767605036497116,
        "abs_cosine": 0.032767605036497116,
        "r_squared": 0.0010737159398278712
      }
    }
  },
  "control_profile": {
    "probe_type": "control",
    "n_layers": 35,
    "overall_mean_r2": 0.00011677988850398129,
    "overall_mean_abs_cos": 0.00823627533016926,
    "peak_layer": 13,
    "peak_cosine": -0.03257438912987709,
    "peak_abs_cosine": 0.03257438912987709,
    "peak_r2": 0.0010610908271846548,
    "onset_layer": null,
    "band_stats": {
      "early": {
        "mean_cos": -0.0010651885997503996,
        "mean_abs_cos": 0.006975476955994963,
        "mean_r2": 8.136495958628397e-05,
        "max_r2": 0.00027417220240858256,
        "r2_fraction": 0.0995339677412618,
        "n_layers": 5
      },
      "middle": {
        "mean_cos": -0.00618236961211854,
        "mean_abs_cos": 0.007994391775961654,
        "mean_r2": 0.00012982673320941475,
        "max_r2": 0.0010610908271846548,
        "r2_fraction": 0.47645214626509697,
        "n_layers": 15
      },
      "late": {
        "mean_cos": -0.008647575702828666,
        "mean_abs_cos": 0.008898425009101629,
        "mean_r2": 0.00011553802010444692,
        "max_r2": 0.0005016857830218747,
        "r2_fraction": 0.4240138859936412,
        "n_layers": 15
      }
    },