{
  "dim_name": "13_helpfulness",
  "dim_id": 13,
  "reading_profile": {
    "probe_type": "reading",
    "n_layers": 35,
    "overall_mean_r2": 0.0002702595397529689,
    "overall_mean_abs_cos": 0.013898466465928192,
    "peak_layer": 17,
    "peak_cosine": 0.03575781360268593,
    "peak_abs_cosine": 0.03575781360268593,
    "peak_r2": 0.0012786212336444308,
    "onset_layer": null,
    "band_stats": {
      "early": {
        "mean_cos": -0.007009247527457773,
        "mean_abs_cos": 0.009733819565735758,
        "mean_r2": 0.00016240022278150363,
        "max_r2": 0.0006256994511988391,
        "r2_fraction": 0.08584352599406893,
        "n_layers": 5
      },
      "middle": {
        "mean_cos": -0.009810914355330169,
        "mean_abs_cos": 0.01479967318009585,
        "mean_r2": 0.00033221039950537143,
        "max_r2": 0.0012786212336444308,
        "r2_fraction": 0.5268116923178398,
        "n_layers": 15
      },
      "late": {
        "mean_cos": 0.005648276539674649,
        "mean_abs_cos": 0.014385475385158013,
        "mean_r2": 0.00024426178565772145,
        "max_r2": 0.0006344259109059558,
        "r2_fraction": 0.3873447816880913,
        "n_layers": 15
      }
    },
    "normalized_entropy": 0.8609937938120567,
    "near_peak_layers": [
      17
    ],
    "near_peak_fraction": 0.02857142857142857,
    "sign_consistency": 0.6285714285714286,
    "dominant_sign": "negative",
    "profile_type": "negligible",
    "per_layer": {
      "6": {
        "cosine": -0.025013985112309456,
        "abs_cosine": 0.025013985112309456,
        "r_squared": 0.0006256994511988391
      },
      "7": {
        "cosine": -0.01060899905860424,
        "abs_cosine": 0.01060899905860424,
        "r_squared": 0.00011255086102546566
      },
      "8": {
        "cosine": 0.0009889266220852733,
        "abs_cosine": 0.0009889266220852733,
        "r_squared": 9.779758638689889e-07
      },
      "9": {
        "cosine": -0.006234683562070131,
        "abs_cosine": 0.006234683562070131,
        "r_squared": 3.88712791191475e-05
      },
      "10": {
        "cosine": 0.005822503473609686,
        "abs_cosine": 0.005822503473609686,
        "r_squared": 3.390154670019686e-05
      },
      "11": {
        "cosine": -0.023220784962177277,
        "abs_cosine": 0.023220784962177277,
        "r_squared": 0.0005392048542596783
      },
      "12": {
        "cosine": -0.016384754329919815,
        "abs_cosine": 0.016384754329919815,
        "r_squared": 0.00026846017445182613
      },
      "13": {
        "cosine": -0.0028891239780932665,
        "abs_cosine": 0.0028891239780932665,
        "r_squared": 8.347037360793461e-06
      },
      "14": {
        "cosine": -0.026577603071928024,
        "abs_cosine": 0.026577603071928024,
        "r_squared": 0.000706368985048958
      },
      "15": {
        "cosine": -0.010874428786337376,
        "abs_cosine": 0.010874428786337376,
        "r_squared": 0.00011825320142912297
      },
      "16": {
        "cosine": -0.0006022720481269062,
        "abs_cosine": 0.0006022720481269062,
        "r_squared": 3.6273161995497837e-07
      },
      "17": {
        "cosine": 0.03575781360268593,
        "abs_cosine": 0.03575781360268593,
        "r_squared": 0.0012786212336444308
      },
      "18": {
        "cosine": -0.01337702851742506,
        "abs_cosine": 0.01337702851742506,
        "r_squared": 0.0001789448919560033
      },
      "19": {
        "cosine": -0.01416824385523796,
        "abs_cosine": 0.01416824385523796,
        "r_squared": 0.00020073913394148823
      },
      "20": {
        "cosine": -0.0222852174192667,
        "abs_cosine": 0.0222852174192667,
        "r_squared": 0.000496630915423988
      },
      "21": {
        "cosine": -0.0005147142219357193,
        "abs_cosine": 0.0005147142219357193,
        "r_squared": 2.6493073026289285e-07
      },
      "22": {
        "cosine": -0.006540870759636164,
        "abs_cosine": 0.006540870759636164,
        "r_squared": 4.2782990294263365e-05
      },
      "23": {
        "cosine": -0.01969076506793499,
        "abs_cosine": 0.01969076506793499,
        "r_squared": 0.00038772622896060885
      },
      "24": {
        "cosine": -0.027453599497675896,
        "abs_cosine": 0.027453599497675896,
        "r_squared": 0.0007537001253787902
      },
      "25": {
        "cosine": 0.0016578775830566883,
        "abs_cosine": 0.0016578775830566883,
        "r_squared": 2.7485580804018864e-06
      },
      "26": {
        "cosine": -0.01482928916811943,
        "abs_cosine": 0.01482928916811943,
        "r_squared": 0.00021990781723170427
      },
      "27": {
        "cosine": 0.012773721478879452,
        "abs_cosine": 0.012773721478879452,
        "r_squared": 0.00016316796041998625
      },
      "28": {
        "cosine": -0.0030664221849292517,
        "abs_cosine": 0.0030664221849292517,
        "r_squared": 9.402945016226286e-06
      },
      "29": {
        "cosine": -0.018059656023979187,
        "abs_cosine": 0.018059656023979187,
        "r_squared": 0.00032615117570444774
      },
      "30": {
        "cosine": -0.011768443509936333,
        "abs_cosine": 0.011768443509936333,
        "r_squared": 0.0001384962626465626
      },
      "31": {
        "cosine": 0.015098311007022858,
        "abs_cosine": 0.015098311007022858,
        "r_squared": 0.00022795899526478758
      },
      "32": {
        "cosine": 0.020828261971473694,
        "abs_cosine": 0.020828261971473694,
        "r_squared": 0.00043381649675233724
      },
      "33": {
        "cosine": 0.017194388434290886,
        "abs_cosine": 0.017194388434290886,
        "r_squared": 0.0002956469936292762
      },
      "34": {
        "cosine": -0.017270470038056374,
        "abs_cosine": 0.017270470038056374,
        "r_squared": 0.0002982691353354029
      },
      "35": {
        "cosine": 0.012103546410799026,
        "abs_cosine": 0.012103546410799026,
        "r_squared": 0.000146495835718366
      },
      "36": {
        "cosine": 0.015671610832214355,
        "abs_cosine": 0.015671610832214355,
        "r_squared": 0.0002455993860763783
      },
      "37": {
        "cosine": -0.0005347104161046445,
        "abs_cosine": 0.0005347104161046445,
        "r_squared": 2.859152290908021e-07
      },
      "38": {
        "cosine": 0.019664080813527107,
        "abs_cosine": 0.019664080813527107,
        "r_squared": 0.0003866760742409249
      },
      "39": {
        "cosine": 0.025187812745571136,
        "abs_cosine": 0.025187812745571136,
        "r_squared": 0.0006344259109059558
      },
      "40": {
        "cosine": 0.01173140574246645,
        "abs_cosine": 0.01173140574246645,
        "r_squared": 0.0001376258806943748
      }
    }
  },
  "control_profile": {
    "probe_type": "control",
    "n_layers": 35,
    "overall_mean_r2": 0.00017506013384426482,
    "overall_mean_abs_cos": 0.010648008699146366,
    "peak_layer": 8,
    "peak_cosine": -0.026415133848786354,
    "peak_abs_cosine": 0.026415133848786354,
    "peak_r2": 0.0006977592962492986,
    "onset_layer": null,
    "band_stats": {
      "early": {
        "mean_cos": -0.016907019540667534,
        "mean_abs_cos": 0.021968364343047143,
        "mean_r2": 0.0005092090739619769,
        "max_r2": 0.0006977592962492986,
        "r2_fraction": 0.4155380886881616,
        "n_layers": 5
      },
      "middle": {
        "mean_cos": -0.0013071829976979642,
        "mean_abs_cos": 0.008917733520502225,
        "mean_r2": 0.00012526569769659936,
        "max_r2": 0.0005751906250451994,
        "r2_fraction": 0.30666775943737856,
        "n_layers": 15
      },
      "late": {
        "mean_cos": 0.002271043325890787,
        "mean_abs_cos": 0.008604831996490248,
        "mean_r2": 0.00011347158995269298,
        "max_r2": 0.0003779894612626761,
        "r2_fraction": 0.27779415187446,
        "n_layers": 15
      }
    },
    "normalized_entropy": 0.8191670284260957,