{
  "dim_name": "14_biological",
  "dim_id": 14,
  "reading_profile": {
    "probe_type": "reading",
    "n_layers": 35,
    "overall_mean_r2": 0.0002525269811808282,
    "overall_mean_abs_cos": 0.013081219522947711,
    "peak_layer": 27,
    "peak_cosine": 0.039476387202739716,
    "peak_abs_cosine": 0.039476387202739716,
    "peak_r2": 0.001558385146580632,
    "onset_layer": null,
    "band_stats": {
      "early": {
        "mean_cos": 0.008002189174294471,
        "mean_abs_cos": 0.015775736793875693,
        "mean_r2": 0.00031396551731362394,
        "max_r2": 0.0007254335186729667,
        "r2_fraction": 0.17761356251659935,
        "n_layers": 5
      },
      "middle": {
        "mean_cos": 0.0015377722292517623,
        "mean_abs_cos": 0.011367478074195485,
        "mean_r2": 0.0001851533817532381,
        "max_r2": 0.0006402038519376513,
        "r2_fraction": 0.3142295882672227,
        "n_layers": 15
      },
      "late": {
        "mean_cos": 0.0028225071573009094,
        "mean_abs_cos": 0.013896788548057279,
        "mean_r2": 0.00029942106856415307,
        "max_r2": 0.001558385146580632,
        "r2_fraction": 0.5081568492161781,
        "n_layers": 15
      }
    },
    "normalized_entropy": 0.8259282396126483,
    "near_peak_layers": [
      27
    ],
    "near_peak_fraction": 0.02857142857142857,
    "sign_consistency": 0.5142857142857142,
    "dominant_sign": "negative",
    "profile_type": "negligible",
    "per_layer": {
      "6": {
        "cosine": -0.017571793869137764,
        "abs_cosine": 0.017571793869137764,
        "r_squared": 0.0003087679397794675
      },
      "7": {
        "cosine": 0.014899348840117455,
        "abs_cosine": 0.014899348840117455,
        "r_squared": 0.00022199059585950934
      },
      "8": {
        "cosine": 0.02693387307226658,
        "abs_cosine": 0.02693387307226658,
        "r_squared": 0.0007254335186729667
      },
      "9": {
        "cosine": -0.0018620751798152924,
        "abs_cosine": 0.0018620751798152924,
        "r_squared": 3.4673239752841534e-06
      },
      "10": {
        "cosine": 0.017611593008041382,
        "abs_cosine": 0.017611593008041382,
        "r_squared": 0.0003101682082808921
      },
      "11": {
        "cosine": -0.011008912697434425,
        "abs_cosine": 0.011008912697434425,
        "r_squared": 0.00012119615877973292
      },
      "12": {
        "cosine": -0.010178306140005589,
        "abs_cosine": 0.010178306140005589,
        "r_squared": 0.00010359791587967546
      },
      "13": {
        "cosine": 0.0010239074472337961,
        "abs_cosine": 0.0010239074472337961,
        "r_squared": 1.048386460500829e-06
      },
      "14": {
        "cosine": 0.024093111976981163,
        "abs_cosine": 0.024093111976981163,
        "r_squared": 0.0005804780447353532
      },
      "15": {
        "cosine": 0.008175275288522243,
        "abs_cosine": 0.008175275288522243,
        "r_squared": 6.683512604312245e-05
      },
      "16": {
        "cosine": -0.0018522661412134767,
        "abs_cosine": 0.0018522661412134767,
        "r_squared": 3.430889857885863e-06
      },
      "17": {
        "cosine": -0.017838021740317345,
        "abs_cosine": 0.017838021740317345,
        "r_squared": 0.00031819501960803423
      },
      "18": {
        "cosine": -0.009381444193422794,
        "abs_cosine": 0.009381444193422794,
        "r_squared": 8.801149515430626e-05
      },
      "19": {
        "cosine": -0.005449606571346521,
        "abs_cosine": 0.005449606571346521,
        "r_squared": 2.969821178246319e-05
      },
      "20": {
        "cosine": 0.021526236087083817,
        "abs_cosine": 0.021526236087083817,
        "r_squared": 0.0004633788400768696
      },
      "21": {
        "cosine": 0.003024911740794778,
        "abs_cosine": 0.003024911740794778,
        "r_squared": 9.150091039598093e-06
      },
      "22": {
        "cosine": 0.013643684796988964,
        "abs_cosine": 0.013643684796988964,
        "r_squared": 0.0001861501348395878
      },
      "23": {
        "cosine": -0.007652458734810352,
        "abs_cosine": 0.007652458734810352,
        "r_squared": 5.856012468797526e-05
      },
      "24": {
        "cosine": 0.025302249938249588,
        "abs_cosine": 0.025302249938249588,
        "r_squared": 0.0006402038519376513
      },
      "25": {
        "cosine": -0.010361777618527412,
        "abs_cosine": 0.010361777618527412,
        "r_squared": 0.00010736643541581561
      },
      "26": {
        "cosine": -0.002692843321710825,
        "abs_cosine": 0.002692843321710825,
        "r_squared": 7.2514051552825896e-06
      },
      "27": {
        "cosine": 0.039476387202739716,
        "abs_cosine": 0.039476387202739716,
        "r_squared": 0.001558385146580632
      },
      "28": {
        "cosine": 0.02438257448375225,
        "abs_cosine": 0.02438257448375225,
        "r_squared": 0.0005945099384557263
      },
      "29": {
        "cosine": -0.012718383222818375,
        "abs_cosine": 0.012718383222818375,
        "r_squared": 0.0001617572718024679
      },
      "30": {
        "cosine": 0.0010801823809742928,
        "abs_cosine": 0.0010801823809742928,
        "r_squared": 1.1667939761672921e-06
      },
      "31": {
        "cosine": 0.012759432196617126,
        "abs_cosine": 0.012759432196617126,
        "r_squared": 0.00016280310998006975
      },
      "32": {
        "cosine": -0.00944085419178009,
        "abs_cosine": 0.00944085419178009,
        "r_squared": 8.91297278704517e-05
      },
      "33": {
        "cosine": -0.0023289218079298735,
        "abs_cosine": 0.0023289218079298735,
        "r_squared": 5.4238767874513504e-06
      },
      "34": {
        "cosine": 0.02711784653365612,
        "abs_cosine": 0.02711784653365612,
        "r_squared": 0.0007353776006229253
      },
      "35": {
        "cosine": -0.011837049387395382,
        "abs_cosine": 0.011837049387395382,
        "r_squared": 0.0001401157381996374
      },
      "36": {
        "cosine": -0.01711977645754814,
        "abs_cosine": 0.01711977645754814,
        "r_squared": 0.0002930867459564196
      },
      "37": {
        "cosine": -0.020403046160936356,
        "abs_cosine": 0.020403046160936356,
        "r_squared": 0.00041628429264529976
      },
      "38": {
        "cosine": 0.004296237602829933,
        "abs_cosine": 0.004296237602829933,
        "r_squared": 1.845765753996989e-05
      },
      "39": {
        "cosine": -0.006516235880553722,
        "abs_cosine": 0.006516235880553722,
        "r_squared": 4.2461330051015746e-05
      },
      "40": {
        "cosine": 0.016282057389616966,
        "abs_cosine": 0.016282057389616966,
        "r_squared": 0.00026510539283878046
      }
    }
  },
  "control_profile": {
    "probe_type": "control",
    "n_layers": 35,
    "overall_mean_r2": 0.00024245541759653676,
    "overall_mean_abs_cos": 0.012681968919267612,
    "peak_layer": 16,
    "peak_cosine": 0.03174551948904991,
    "peak_abs_cosine": 0.03174551948904991,
    "peak_r2": 0.0010077780076296478,
    "onset_layer": null,
    "band_stats": {
      "early": {
        "mean_cos": -0.007581663900054991,
        "mean_abs_cos": 0.007858445378951728,
        "mean_r2": 0.00011517271671929031,
        "max_r2": 0.00046592889940812177,
        "r2_fraction": 0.06786090988897714,
        "n_layers": 5
      },
      "middle": {
        "mean_cos": 0.0024147456201414268,
        "mean_abs_cos": 0.013761215563863515,
        "mean_r2": 0.0002808502955703878,
        "max_r2": 0.0010077780076296478,
        "r2_fraction": 0.4964393601944754,
        "n_layers": 15
      },
      "late": {
        "mean_cos": 0.010102536001553138,
        "mean_abs_cos": 0.013210563454777002,
        "mean_r2": 0.000246488106581768,
        "max_r2": 0.0009103712595931596,
        "r2_fraction": 0.43569972991654765,
        "n_layers": 15
      }
    },
    "normalized_entropy": 0.820840711971543,