{
  "dim_name": "17_attention",
  "dim_id": 17,
  "reading_profile": {
    "probe_type": "reading",
    "n_layers": 35,
    "overall_mean_r2": 0.00023786544256746347,
    "overall_mean_abs_cos": 0.012018304203853145,
    "peak_layer": 31,
    "peak_cosine": 0.0316837877035141,
    "peak_abs_cosine": 0.0316837877035141,
    "peak_r2": 0.0010038624032413512,
    "onset_layer": null,
    "band_stats": {
      "early": {
        "mean_cos": 0.008978735096752644,
        "mean_abs_cos": 0.011861239187419414,
        "mean_r2": 0.00021787879234868597,
        "max_r2": 0.0007436111709845129,
        "r2_fraction": 0.13085356758062977,
        "n_layers": 5
      },
      "middle": {
        "mean_cos": -0.0030809071720189723,
        "mean_abs_cos": 0.008577110010082833,
        "mean_r2": 0.00015054198385739445,
        "max_r2": 0.0008942119246041803,
        "r2_fraction": 0.2712373532924685,
        "n_layers": 15
      },
      "late": {
        "mean_cos": 0.0020837315358221533,
        "mean_abs_cos": 0.015511853403101366,
        "mean_r2": 0.0003318511180171251,
        "max_r2": 0.0010038624032413512,
        "r2_fraction": 0.5979090791269018,
        "n_layers": 15
      }
    },
    "normalized_entropy": 0.7974537398104775,
    "near_peak_layers": [
      8,
      12,
      27,
      31,
      36
    ],
    "near_peak_fraction": 0.14285714285714285,
    "sign_consistency": 0.5142857142857142,
    "dominant_sign": "negative",
    "profile_type": "negligible",
    "per_layer": {
      "6": {
        "cosine": -0.004220243543386459,
        "abs_cosine": 0.004220243543386459,
        "r_squared": 1.7810455565495098e-05
      },
      "7": {
        "cosine": 0.014736361801624298,
        "abs_cosine": 0.014736361801624298,
        "r_squared": 0.00021716035914837173
      },
      "8": {
        "cosine": 0.027269234880805016,
        "abs_cosine": 0.027269234880805016,
        "r_squared": 0.0007436111709845129
      },
      "9": {
        "cosine": 0.010094339028000832,
        "abs_cosine": 0.010094339028000832,
        "r_squared": 0.00010189568041222077
      },
      "10": {
        "cosine": -0.002986016683280468,
        "abs_cosine": 0.002986016683280468,
        "r_squared": 8.916295632829287e-06
      },
      "11": {
        "cosine": -0.018986232578754425,
        "abs_cosine": 0.018986232578754425,
        "r_squared": 0.0003604770275345559
      },
      "12": {
        "cosine": -0.02990337647497654,
        "abs_cosine": 0.02990337647497654,
        "r_squared": 0.0008942119246041803
      },
      "13": {
        "cosine": -0.0057170274667441845,
        "abs_cosine": 0.0057170274667441845,
        "r_squared": 3.268440305550743e-05
      },
      "14": {
        "cosine": -0.004809953738003969,
        "abs_cosine": 0.004809953738003969,
        "r_squared": 2.3135654961738356e-05
      },
      "15": {
        "cosine": 0.004017106257379055,
        "abs_cosine": 0.004017106257379055,
        "r_squared": 1.613714268307396e-05
      },
      "16": {
        "cosine": 0.0026939348317682743,
        "abs_cosine": 0.0026939348317682743,
        "r_squared": 7.25728487781436e-06
      },
      "17": {
        "cosine": -0.0012608414981514215,
        "abs_cosine": 0.0012608414981514215,
        "r_squared": 1.5897212834607211e-06
      },
      "18": {
        "cosine": -0.0010002341587096453,
        "abs_cosine": 0.0010002341587096453,
        "r_squared": 1.0004683722495918e-06
      },
      "19": {
        "cosine": -0.0205405130982399,
        "abs_cosine": 0.0205405130982399,
        "r_squared": 0.00042191267833896484
      },
      "20": {
        "cosine": 0.012494616210460663,
        "abs_cosine": 0.012494616210460663,
        "r_squared": 0.00015611543424670637
      },
      "21": {
        "cosine": 0.017465870827436447,
        "abs_cosine": 0.017465870827436447,
        "r_squared": 0.0003050566437606955
      },
      "22": {
        "cosine": 5.652983963955194e-05,
        "abs_cosine": 5.652983963955194e-05,
        "r_squared": 3.1956227696734575e-09
      },
      "23": {
        "cosine": 0.004493463318794966,
        "abs_cosine": 0.004493463318794966,
        "r_squared": 2.0191212597355868e-05
      },
      "24": {
        "cosine": -0.0010675850789994001,
        "abs_cosine": 0.0010675850789994001,
        "r_squared": 1.1397379009021554e-06
      },
      "25": {
        "cosine": -0.004149364773184061,
        "abs_cosine": 0.004149364773184061,
        "r_squared": 1.7217228020940814e-05
      },
      "26": {
        "cosine": -0.014079934917390347,
        "abs_cosine": 0.014079934917390347,
        "r_squared": 0.0001982445672779479
      },
      "27": {
        "cosine": 0.028501637279987335,
        "abs_cosine": 0.028501637279987335,
        "r_squared": 0.0008123433276399639
      },
      "28": {
        "cosine": 0.0034580600913614035,
        "abs_cosine": 0.0034580600913614035,
        "r_squared": 1.1958179595466438e-05
      },
      "29": {
        "cosine": -0.02323068678379059,
        "abs_cosine": 0.02323068678379059,
        "r_squared": 0.0005396648084465827
      },
      "30": {
        "cosine": -0.011519725434482098,
        "abs_cosine": 0.011519725434482098,
        "r_squared": 0.00013270407408585375
      },
      "31": {
        "cosine": 0.0316837877035141,
        "abs_cosine": 0.0316837877035141,
        "r_squared": 0.0010038624032413512
      },
      "32": {
        "cosine": -0.0021307645365595818,
        "abs_cosine": 0.0021307645365595818,
        "r_squared": 4.540157510259969e-06
      },
      "33": {
        "cosine": 0.0021484631579369307,
        "abs_cosine": 0.0021484631579369307,
        "r_squared": 4.615893941012329e-06
      },
      "34": {
        "cosine": 0.012473830953240395,
        "abs_cosine": 0.012473830953240395,
        "r_squared": 0.00015559645865001817
      },
      "35": {
        "cosine": 0.007595981936901808,
        "abs_cosine": 0.007595981936901808,
        "r_squared": 5.769894158573854e-05
      },
      "36": {
        "cosine": -0.025655189529061317,
        "abs_cosine": 0.025655189529061317,
        "r_squared": 0.0006581887497720575
      },
      "37": {
        "cosine": -0.01678958535194397,
        "abs_cosine": 0.01678958535194397,
        "r_squared": 0.0002818901762902115
      },
      "38": {
        "cosine": -0.007305027451366186,
        "abs_cosine": 0.007305027451366186,
        "r_squared": 5.336342606521356e-05
      },
      "39": {
        "cosine": 0.02340913563966751,
        "abs_cosine": 0.02340913563966751,
        "r_squared": 0.0005479876313963516
      },
      "40": {
        "cosine": 0.022695990279316902,
        "abs_cosine": 0.022695990279316902,
        "r_squared": 0.0005151079747588473
      }
    }
  },
  "control_profile": {
    "probe_type": "control",
    "n_layers": 35,
    "overall_mean_r2": 0.00030438434211037436,
    "overall_mean_abs_cos": 0.013811294927394815,
    "peak_layer": 40,
    "peak_cosine": 0.04737532511353493,
    "peak_abs_cosine": 0.04737532511353493,
    "peak_r2": 0.002244421429613133,
    "onset_layer": null,
    "band_stats": {
      "early": {
        "mean_cos": 0.006181234051473439,
        "mean_abs_cos": 0.00788603920955211,
        "mean_r2": 0.00010566872619102439,
        "max_r2": 0.0002782693277214726,
        "r2_fraction": 0.049593655863972186,
        "n_layers": 5
      },
      "middle": {
        "mean_cos": 0.004532614815980196,
        "mean_abs_cos": 0.015070627816021443,
        "mean_r2": 0.000335241227298968,
        "max_r2": 0.001550586870003104,
        "r2_fraction": 0.4720177480333698,
        "n_layers": 15
      },
      "late": {
        "mean_cos": 0.012426312617026269,
        "mean_abs_cos": 0.014527047278049092,
        "mean_r2": 0.000339765995561564,
        "max_r2": 0.002244421429613133,
        "r2_fraction": 0.478388596102658,
        "n_layers": 15
      }
    },
    "normalized_entropy": 0.7827640893113484,