{
  "dim_name": "4_intentions",
  "dim_id": 4,
  "reading_profile": {
    "probe_type": "reading",
    "n_layers": 35,
    "overall_mean_r2": 0.00019363256954405553,
    "overall_mean_abs_cos": 0.011161077446636877,
    "peak_layer": 40,
    "peak_cosine": 0.03242860361933708,
    "peak_abs_cosine": 0.03242860361933708,
    "peak_r2": 0.001051614332700082,
    "onset_layer": null,
    "band_stats": {
      "early": {
        "mean_cos": 0.008534911274909972,
        "mean_abs_cos": 0.012826915457844734,
        "mean_r2": 0.0002492667317602861,
        "max_r2": 0.0006274997615149693,
        "r2_fraction": 0.18390260064441472,
        "n_layers": 5
      },
      "middle": {
        "mean_cos": -0.001275000205108275,
        "mean_abs_cos": 0.010264315475554515,
        "mean_r2": 0.00016105455775916426,
        "max_r2": 0.0010173984705319633,
        "r2_fraction": 0.3564657643045965,
        "n_layers": 15
      },
      "late": {
        "mean_cos": 0.0028355269925668834,
        "mean_abs_cos": 0.011502560080649952,
        "mean_r2": 0.00020766586059020313,
        "max_r2": 0.001051614332700082,
        "r2_fraction": 0.45963163505098853,
        "n_layers": 15
      }
    },
    "normalized_entropy": 0.7949786215209469,
    "near_peak_layers": [
      12,
      40
    ],
    "near_peak_fraction": 0.05714285714285714,
    "sign_consistency": 0.5714285714285714,
    "dominant_sign": "positive",
    "profile_type": "negligible",
    "per_layer": {
      "6": {
        "cosine": -0.009721830487251282,
        "abs_cosine": 0.009721830487251282,
        "r_squared": 9.45139880228485e-05
      },
      "7": {
        "cosine": 0.021965481340885162,
        "abs_cosine": 0.021965481340885162,
        "r_squared": 0.00048248237053677423
      },
      "8": {
        "cosine": 0.02504994533956051,
        "abs_cosine": 0.02504994533956051,
        "r_squared": 0.0006274997615149693
      },
      "9": {
        "cosine": 0.006389140151441097,
        "abs_cosine": 0.006389140151441097,
        "r_squared": 4.082111187475677e-05
      },
      "10": {
        "cosine": -0.0010081799700856209,
        "abs_cosine": 0.0010081799700856209,
        "r_squared": 1.0164268520818434e-06
      },
      "11": {
        "cosine": -0.006677660625427961,
        "abs_cosine": 0.006677660625427961,
        "r_squared": 4.459115142839095e-05
      },
      "12": {
        "cosine": -0.0318966843187809,
        "abs_cosine": 0.0318966843187809,
        "r_squared": 0.0010173984705319633
      },
      "13": {
        "cosine": 0.003169107483699918,
        "abs_cosine": 0.003169107483699918,
        "r_squared": 1.0043242243242825e-05
      },
      "14": {
        "cosine": -0.003160510677844286,
        "abs_cosine": 0.003160510677844286,
        "r_squared": 9.988827744767748e-06
      },
      "15": {
        "cosine": 0.02041860669851303,
        "abs_cosine": 0.02041860669851303,
        "r_squared": 0.0004169194995085612
      },
      "16": {
        "cosine": 0.008847644552588463,
        "abs_cosine": 0.008847644552588463,
        "r_squared": 7.82808141289483e-05
      },
      "17": {
        "cosine": 0.009338448755443096,
        "abs_cosine": 0.009338448755443096,
        "r_squared": 8.720662515803671e-05
      },
      "18": {
        "cosine": 0.006415173877030611,
        "abs_cosine": 0.006415173877030611,
        "r_squared": 4.115445587253596e-05
      },
      "19": {
        "cosine": -0.008889719843864441,
        "abs_cosine": 0.008889719843864441,
        "r_squared": 7.902711890239722e-05
      },
      "20": {
        "cosine": 0.010255442000925541,
        "abs_cosine": 0.010255442000925541,
        "r_squared": 0.00010517409063434766
      },
      "21": {
        "cosine": 0.008592615835368633,
        "abs_cosine": 0.008592615835368633,
        "r_squared": 7.38330468942278e-05
      },
      "22": {
        "cosine": -0.008348959498107433,
        "abs_cosine": 0.008348959498107433,
        "r_squared": 6.970512470103832e-05
      },
      "23": {
        "cosine": 0.00038282532477751374,
        "abs_cosine": 0.00038282532477751374,
        "r_squared": 1.4655522929100888e-07
      },
      "24": {
        "cosine": -0.012722616083920002,
        "abs_cosine": 0.012722616083920002,
        "r_squared": 0.00016186496001881993
      },
      "25": {
        "cosine": -0.01484871655702591,
        "abs_cosine": 0.01484871655702591,
        "r_squared": 0.00022048438339089538
      },
      "26": {
        "cosine": -0.009502640925347805,
        "abs_cosine": 0.009502640925347805,
        "r_squared": 9.030018455609499e-05
      },
      "27": {
        "cosine": 0.020132873207330704,
        "abs_cosine": 0.020132873207330704,
        "r_squared": 0.0004053325835824545
      },
      "28": {
        "cosine": 0.00782106164842844,
        "abs_cosine": 0.00782106164842844,
        "r_squared": 6.116900530851819e-05
      },
      "29": {
        "cosine": -0.016082555055618286,
        "abs_cosine": 0.016082555055618286,
        "r_squared": 0.0002586485771169933
      },
      "30": {
        "cosine": -0.008057069964706898,
        "abs_cosine": 0.008057069964706898,
        "r_squared": 6.491637641618201e-05
      },
      "31": {
        "cosine": 0.019112853333353996,
        "abs_cosine": 0.019112853333353996,
        "r_squared": 0.00036530116254230097
      },
      "32": {
        "cosine": 0.003928715363144875,
        "abs_cosine": 0.003928715363144875,
        "r_squared": 1.5434804404610564e-05
      },
      "33": {
        "cosine": -0.0014112208737060428,
        "abs_cosine": 0.0014112208737060428,
        "r_squared": 1.9915443543836467e-06
      },
      "34": {
        "cosine": 0.004275873769074678,
        "abs_cosine": 0.004275873769074678,
        "r_squared": 1.8283096489060896e-05
      },
      "35": {
        "cosine": 0.005470694042742252,
        "abs_cosine": 0.005470694042742252,
        "r_squared": 2.992849330929557e-05
      },
      "36": {
        "cosine": -0.023599185049533844,
        "abs_cosine": 0.023599185049533844,
        "r_squared": 0.0005569215350021417
      },
      "37": {
        "cosine": -0.006350076291710138,
        "abs_cosine": 0.006350076291710138,
        "r_squared": 4.032346891053918e-05
      },
      "38": {
        "cosine": 0.002100833458825946,
        "abs_cosine": 0.002100833458825946,
        "r_squared": 4.413501221722587e-06
      },
      "39": {
        "cosine": 0.012264144606888294,
        "abs_cosine": 0.012264144606888294,
        "r_squared": 0.00015040924293866723
      },
      "40": {
        "cosine": 0.03242860361933708,
        "abs_cosine": 0.03242860361933708,
        "r_squared": 0.001051614332700082
      }
    }
  },
  "control_profile": {
    "probe_type": "control",
    "n_layers": 35,
    "overall_mean_r2": 0.00045356970317722627,
    "overall_mean_abs_cos": 0.017920862756935614,
    "peak_layer": 15,
    "peak_cosine": 0.04512146860361099,
    "peak_abs_cosine": 0.04512146860361099,
    "peak_r2": 0.0020359469289466525,
    "onset_layer": null,
    "band_stats": {
      "early": {
        "mean_cos": 0.008275855844840408,
        "mean_abs_cos": 0.011036093393340708,
        "mean_r2": 0.00017419712794449534,
        "max_r2": 0.0004974986756628753,
        "r2_fraction": 0.05486544585705533,
        "n_layers": 5
      },
      "middle": {
        "mean_cos": 0.010283718568583329,
        "mean_abs_cos": 0.020158216046790283,
        "mean_r2": 0.0005521900932423979,
        "max_r2": 0.0020359469289466525,
        "r2_fraction": 0.5217564035828378,
        "n_layers": 15
      },
      "late": {
        "mean_cos": 0.01631755313525597,
        "mean_abs_cos": 0.017978432588279247,
        "mean_r2": 0.0004480735048562984,
        "max_r2": 0.0019406221242884852,
        "r2_fraction": 0.423378150560107,
        "n_layers": 15
      }
    },
    "normalized_entropy": 0.8397553412557462,