{
  "dim_name": "7_social",
  "dim_id": 7,
  "reading_profile": {
    "probe_type": "reading",
    "n_layers": 35,
    "overall_mean_r2": 0.000211033757224827,
    "overall_mean_abs_cos": 0.011679741731911365,
    "peak_layer": 12,
    "peak_cosine": -0.03581186756491661,
    "peak_abs_cosine": 0.03581186756491661,
    "peak_r2": 0.0012824898584871264,
    "onset_layer": null,
    "band_stats": {
      "early": {
        "mean_cos": 0.00701917817350477,
        "mean_abs_cos": 0.00960579423699528,
        "mean_r2": 0.0001585818900474957,
        "max_r2": 0.00044721363563705874,
        "r2_fraction": 0.10735038800894565,
        "n_layers": 5
      },
      "middle": {
        "mean_cos": -0.0008795311170009275,
        "mean_abs_cos": 0.012321034900378437,
        "mean_r2": 0.00025945696758959344,
        "max_r2": 0.0012824898584871264,
        "r2_fraction": 0.5269102190803496,
        "n_layers": 15
      },
      "late": {
        "mean_cos": -0.0022354156244546175,
        "mean_abs_cos": 0.01172976439508299,
        "mean_r2": 0.0001800945025858376,
        "max_r2": 0.0006726089499285749,
        "r2_fraction": 0.3657393929107047,
        "n_layers": 15
      }
    },
    "normalized_entropy": 0.7964087087343311,
    "near_peak_layers": [
      12,
      24
    ],
    "near_peak_fraction": 0.05714285714285714,
    "sign_consistency": 0.5714285714285714,
    "dominant_sign": "positive",
    "profile_type": "negligible",
    "per_layer": {
      "6": {
        "cosine": -0.0061389487236738205,
        "abs_cosine": 0.0061389487236738205,
        "r_squared": 3.768669143189643e-05
      },
      "7": {
        "cosine": 0.01726142317056656,
        "abs_cosine": 0.01726142317056656,
        "r_squared": 0.00029795672987337207
      },
      "8": {
        "cosine": 0.02114742621779442,
        "abs_cosine": 0.02114742621779442,
        "r_squared": 0.00044721363563705874
      },
      "9": {
        "cosine": 0.003153581637889147,
        "abs_cosine": 0.003153581637889147,
        "r_squared": 9.945077146831594e-06
      },
      "10": {
        "cosine": -0.00032759143505245447,
        "abs_cosine": 0.00032759143505245447,
        "r_squared": 1.073161483197265e-07
      },
      "11": {
        "cosine": -0.000556109705939889,
        "abs_cosine": 0.000556109705939889,
        "r_squared": 3.0925800504054976e-07
      },
      "12": {
        "cosine": -0.03581186756491661,
        "abs_cosine": 0.03581186756491661,
        "r_squared": 0.0012824898584871264
      },
      "13": {
        "cosine": 0.0017418400384485722,
        "abs_cosine": 0.0017418400384485722,
        "r_squared": 3.0340067195425233e-06
      },
      "14": {
        "cosine": 0.015993887558579445,
        "abs_cosine": 0.015993887558579445,
        "r_squared": 0.00025580443923648236
      },
      "15": {
        "cosine": 0.011806300841271877,
        "abs_cosine": 0.011806300841271877,
        "r_squared": 0.00013938873955461704
      },
      "16": {
        "cosine": -0.007779021747410297,
        "abs_cosine": 0.007779021747410297,
        "r_squared": 6.051317934668236e-05
      },
      "17": {
        "cosine": 0.0008685431093908846,
        "abs_cosine": 0.0008685431093908846,
        "r_squared": 7.543671328703862e-07
      },
      "18": {
        "cosine": 0.011076903901994228,
        "abs_cosine": 0.011076903901994228,
        "r_squared": 0.00012269780005401496
      },
      "19": {
        "cosine": 0.005580298602581024,
        "abs_cosine": 0.005580298602581024,
        "r_squared": 3.113973249396773e-05
      },
      "20": {
        "cosine": 0.019633600488305092,
        "abs_cosine": 0.019633600488305092,
        "r_squared": 0.00038547826813437394
      },
      "21": {
        "cosine": 0.008868960663676262,
        "abs_cosine": 0.008868960663676262,
        "r_squared": 7.865846325383688e-05
      },
      "22": {
        "cosine": -0.007626316975802183,
        "abs_cosine": 0.007626316975802183,
        "r_squared": 5.8160710615408557e-05
      },
      "23": {
        "cosine": 0.010240943171083927,
        "abs_cosine": 0.010240943171083927,
        "r_squared": 0.00010487691703337052
      },
      "24": {
        "cosine": -0.03486642986536026,
        "abs_cosine": 0.03486642986536026,
        "r_squared": 0.0012156679315560859
      },
      "25": {
        "cosine": -0.012364499270915985,
        "abs_cosine": 0.012364499270915985,
        "r_squared": 0.00015288084222048193
      },
      "26": {
        "cosine": -0.012200300581753254,
        "abs_cosine": 0.012200300581753254,
        "r_squared": 0.00014884733428512879
      },
      "27": {
        "cosine": 0.025934705510735512,
        "abs_cosine": 0.025934705510735512,
        "r_squared": 0.0006726089499285749
      },
      "28": {
        "cosine": 0.005472952499985695,
        "abs_cosine": 0.005472952499985695,
        "r_squared": 2.9953209067099668e-05
      },
      "29": {
        "cosine": -0.019374145194888115,
        "abs_cosine": 0.019374145194888115,
        "r_squared": 0.00037535750203260623
      },
      "30": {
        "cosine": -0.015542425215244293,
        "abs_cosine": 0.015542425215244293,
        "r_squared": 0.00024156698157146161
      },
      "31": {
        "cosine": 0.004883319605141878,
        "abs_cosine": 0.004883319605141878,
        "r_squared": 2.384681036596303e-05
      },
      "32": {
        "cosine": 0.008699696511030197,
        "abs_cosine": 0.008699696511030197,
        "r_squared": 7.568471938403099e-05
      },
      "33": {
        "cosine": 0.0035106244031339884,
        "abs_cosine": 0.0035106244031339884,
        "r_squared": 1.2324483699879872e-05
      },
      "34": {
        "cosine": 0.009871718473732471,
        "abs_cosine": 0.009871718473732471,
        "r_squared": 9.745082562463096e-05
      },
      "35": {
        "cosine": -0.009368883445858955,
        "abs_cosine": 0.009368883445858955,
        "r_squared": 8.777597702208997e-05
      },
      "36": {
        "cosine": -0.017017995938658714,
        "abs_cosine": 0.017017995938658714,
        "r_squared": 0.0002896121857682045
      },
      "37": {
        "cosine": -0.010254885070025921,
        "abs_cosine": 0.010254885070025921,
        "r_squared": 0.00010516266779944054
      },
      "38": {
        "cosine": -0.020980214700102806,
        "abs_cosine": 0.020980214700102806,
        "r_squared": 0.0004401694088624099
      },
      "39": {
        "cosine": 0.003360093105584383,
        "abs_cosine": 0.003360093105584383,
        "r_squared": 1.1290225678195704e-05
      },
      "40": {
        "cosine": 0.009474505670368671,
        "abs_cosine": 0.009474505670368671,
        "r_squared": 8.976625769784811e-05
      }
    }
  },
  "control_profile": {
    "probe_type": "control",
    "n_layers": 35,
    "overall_mean_r2": 0.00035363492969088376,
    "overall_mean_abs_cos": 0.01478401444785829,
    "peak_layer": 35,
    "peak_cosine": 0.04498688876628876,
    "peak_abs_cosine": 0.04498688876628876,
    "peak_r2": 0.0020238201608704376,
    "onset_layer": null,
    "band_stats": {
      "early": {
        "mean_cos": 0.0027409260161221027,
        "mean_abs_cos": 0.005317999888211489,
        "mean_r2": 6.234755276900753e-05,
        "max_r2": 0.0002777498056910771,
        "r2_fraction": 0.025186406955050762,
        "n_layers": 5
      },
      "middle": {
        "mean_cos": 0.007247812347486615,
        "mean_abs_cos": 0.017144716174031297,
        "mean_r2": 0.000408359442647456,
        "max_r2": 0.0017984634827508672,
        "r2_fraction": 0.49489226038568024,
        "n_layers": 15
      },
      "late": {
        "mean_cos": 0.013728620600886643,
        "mean_abs_cos": 0.015578650908234218,
        "mean_r2": 0.0003960062090416036,
        "max_r2": 0.0020238201608704376,
        "r2_fraction": 0.479921332659269,
        "n_layers": 15
      }
    },
    "normalized_entropy": 0.7966102683165758,