{
  "1_phenomenology": {
    "dim_id": 1,
    "reading_mean_r2": 0.0002272038931264502,
    "control_mean_r2": 0.0001575804761376476,
    "reading_boot_ci95": [
      0.000224427712290064,
      0.00022975481825619686
    ],
    "control_boot_ci95": [
      0.0001548134667913413,
      0.0001602315477882241
    ]
  },
  "2_emotions": {
    "dim_id": 2,
    "reading_mean_r2": 0.0002318624447450119,
    "control_mean_r2": 0.00015390462530929277,
    "reading_boot_ci95": [
      0.00022857226004080052,
      0.00023510255558896765
    ],
    "control_boot_ci95": [
      0.00015104079044033855,
      0.00015709001378643752
    ]
  },
  "3_agency": {
    "dim_id": 3,
    "reading_mean_r2": 0.00021192444722588236,
    "control_mean_r2": 0.00015882692076484503,
    "reading_boot_ci95": [
      0.00020660281519197012,
      0.00021692206377412442
    ],
    "control_boot_ci95": [
      0.0001560463569946356,
      0.00016165370791640504
    ]
  },
  "4_intentions": {
    "dim_id": 4,
    "reading_mean_r2": 0.00021591683580083953,
    "control_mean_r2": 0.00016154650778530704,
    "reading_boot_ci95": [
      0.00021202404967993974,
      0.00021980532195617917
    ],
    "control_boot_ci95": [
      0.0001580287497828913,
      0.0001650764144627165
    ]
  },
  "5_prediction": {
    "dim_id": 5,
    "reading_mean_r2": 0.00021502743371268741,
    "control_mean_r2": 0.00015265649379781387,
    "reading_boot_ci95": [
      0.00021208782191020316,
      0.00021822877534240763
    ],
    "control_boot_ci95": [
      0.00014929282728601127,
      0.00015648722189504427
    ]
  },
  "6_cognitive": {
    "dim_id": 6,
    "reading_mean_r2": 0.00020474481398955128,
    "control_mean_r2": 0.00015807634869158935,
    "reading_boot_ci95": [
      0.00020081769476788946,
      0.00020925726276435755
    ],
    "control_boot_ci95": [
      0.00015426837244840048,
      0.00016186074807959976
    ]
  },
  "7_social": {
    "dim_id": 7,
    "reading_mean_r2": 0.00020542443686392042,
    "control_mean_r2": 0.00015754633879534914,
    "reading_boot_ci95": [
      0.0002021019863689055,
      0.00020897050875213683
    ],
    "control_boot_ci95": [
      0.00015375920243801324,
      0.0001613816340435958
    ]
  },
  "8_embodiment": {
    "dim_id": 8,
    "reading_mean_r2": 0.00021695985960378306,
    "control_mean_r2": 0.00016779682434949739,
    "reading_boot_ci95": [
      0.00021352031931735636,
      0.0002202899891906997
    ],
    "control_boot_ci95": [
      0.00016424387932825277,
      0.00017161647404060213
    ]
  },
  "9_roles": {
    "dim_id": 9,
    "reading_mean_r2": 0.0002055368299686278,
    "control_mean_r2": 0.00015962625192055785,
    "reading_boot_ci95": [
      0.00020180108706460324,
      0.00020924919600507047
    ],
    "control_boot_ci95": [
      0.00015686361192234093,
      0.00016251290512316396
    ]
  },
  "10_animacy": {
    "dim_id": 10,
    "reading_mean_r2": 0.0002148819892581625,
    "control_mean_r2": 0.00016152462609416728,
    "reading_boot_ci95": [
      0.00021158211779053818,
      0.0002181005823744516
    ],
    "control_boot_ci95": [
      0.00015802192506867642,
      0.0001652011517824047
    ]
  },
  "11_formality": {
    "dim_id": 11,
    "reading_mean_r2": 0.00022337009004663296,
    "control_mean_r2": 0.00015459105550930493,
    "reading_boot_ci95": [
      0.00021923854725052386,
      0.00022731903142692418
    ],
    "control_boot_ci95": [
      0.00015098258936383028,
      0.00015893243485111516
    ]
  },
  "12_expertise": {
    "dim_id": 12,
    "reading_mean_r2": 0.00021126014024136538,
    "control_mean_r2": 0.0001550115781275362,
    "reading_boot_ci95": [
      0.0002064592123811891,
      0.00021612904839024162
    ],
    "control_boot_ci95": [
      0.00015189831426945982,
      0.00015861216961413738
    ]
  },
  "13_helpfulness": {
    "dim_id": 13,
    "reading_mean_r2": 0.00021666503950130617,
    "control_mean_r2": 0.00015573449242137338,
    "reading_boot_ci95": [
      0.00021368601655753796,
      0.00022024256105997514
    ],
    "control_boot_ci95": [
      0.00015217498717708447,
      0.0001596911352775051
    ]
  },
  "14_biological": {
    "dim_id": 14,
    "reading_mean_r2": 0.00021680276148919664,
    "control_mean_r2": 0.00017520316435670167,
    "reading_boot_ci95": [
      0.00021354638102984876,
      0.00022000748232413398
    ],
    "control_boot_ci95": [
      0.0001718326198585105,
      0.00017855399951800284
    ]
  },
  "15_shapes": {
    "dim_id": 15,
    "reading_mean_r2": 0.00022824137933648826,
    "control_mean_r2": 0.00016309325377770822,
    "reading_boot_ci95": [
      0.00022478424798696954,
      0.00023133323662398385
    ],
    "control_boot_ci95": [
      0.00016074860899374343,
      0.00016569289236373716
    ]
  },
  "16_human": {
    "dim_id": 16,
    "reading_mean_r2": 0.00021321411751062345,
    "control_mean_r2": 0.0001477656503767647,
    "reading_boot_ci95": [
      0.00021009599799568516,
      0.00021639667696035035
    ],
    "control_boot_ci95": [
      0.00014573495792890038,
      0.00015015397446604766
    ]
  },
  "17_ai": {
    "dim_id": 17,
    "reading_mean_r2": 0.0002135360522747984,
    "control_mean_r2": 0.0001480229794253475,
    "reading_boot_ci95": [
      0.0002093874672988663,
      0.00021757900787936727
    ],
    "control_boot_ci95": [
      0.0001461427906929841,
      0.00015030520155444606
    ]
  },
  "18_attention": {
    "dim_id": 18,
    "reading_mean_r2": 0.00021821138136260168,
    "control_mean_r2": 0.00015978903409039603,
    "reading_boot_ci95": [
      0.0002155903164637188,
      0.00022077994905456372
    ],
    "control_boot_ci95": [
      0.000156651689029788,
      0.00016303731210611322
    ]
  },
  "20_sysprompt_talkto_human": {
    "dim_id": 20,
    "reading_mean_r2": 0.00022640673686713132,
    "control_mean_r2": 0.00016345243105369027,
    "reading_boot_ci95": [
      0.0002251192331399673,
      0.0002277863230492307
    ],
    "control_boot_ci95": [
      0.0001609338913530773,
      0.0001658619419317499
    ]
  },
  "21_sysprompt_talkto_ai": {
    "dim_id": 21,
    "reading_mean_r2": 0.0002184109722756156,
    "control_mean_r2": 0.00015433200614047628,
    "reading_boot_ci95": [
      0.00021089865564660333,
      0.00022481633135261228
    ],
    "control_boot_ci95": [
      0.00015072343315710753,
      0.00015833036814156713
    ]
  },
  "22_sysprompt_bare_human": {
    "dim_id": 22,
    "reading_mean_r2": 0.0002048158020518483,
    "control_mean_r2": 0.00019475385447033288,
    "reading_boot_ci95": [
      0.00020188208305373827,
      0.0002073393305547892
    ],
    "control_boot_ci95": [
      0.00019190795995056026,
      0.00019721291058020788
    ]
  },
  "23_sysprompt_bare_ai": {
    "dim_id": 23,
    "reading_mean_r2": 0.00019748616595443772,
    "control_mean_r2": 0.0001765162594614245,
    "reading_boot_ci95": [
      0.0001916184687840111,
      0.00020314941001710706
    ],
    "control_boot_ci95": [
      0.0001697161440310721,
      0.00018409768420579823
    ]
  },
  "25_beliefs": {
    "dim_id": 25,
    "reading_mean_r2": 0.00021227634069182752,
    "control_mean_r2": 0.00015470384076112713,
    "reading_boot_ci95": [
      0.00020914328460995142,
      0.0002155315903372457
    ],
    "control_boot_ci95": [
      0.00015185963565043426,
      0.00015773670358224898
    ]
  },
  "26_desires": {
    "dim_id": 26,
    "reading_mean_r2": 0.00021683323283096318,
    "control_mean_r2": 0.00015714213945281427,
    "reading_boot_ci95": [
      0.00021404001713843157,
      0.00021959058642180015
    ],
    "control_boot_ci95": [
      0.00015442182943415611,
      0.00016018880570290057
    ]
  },
  "27_goals": {
    "dim_id": 27,
    "reading_mean_r2": 0.0002154310968321155,
    "control_mean_r2": 0.00015825881198465352,
    "reading_boot_ci95": [
      0.00021207473083253384,
      0.00021855755662738367
    ],