{
  "dim_name": "0_baseline",
  "dim_id": 0,
  "reading_profile": {
    "probe_type": "reading",
    "n_layers": 35,
    "overall_mean_r2": 0.00018677284777729645,
    "overall_mean_abs_cos": 0.011267378799883383,
    "peak_layer": 14,
    "peak_cosine": 0.02621411718428135,
    "peak_abs_cosine": 0.02621411718428135,
    "peak_r2": 0.0006871799397512347,
    "onset_layer": null,
    "band_stats": {
      "early": {
        "mean_cos": 0.009239709202665836,
        "mean_abs_cos": 0.009505327499937266,
        "mean_r2": 0.00016248044865818607,
        "max_r2": 0.00044456888487715354,
        "r2_fraction": 0.12427659020936485,
        "n_layers": 5
      },
      "middle": {
        "mean_cos": -0.00015333819125468534,
        "mean_abs_cos": 0.010082255587136994,
        "mean_r2": 0.00016787519264611575,
        "max_r2": 0.0006871799397512347,
        "r2_fraction": 0.3852086210081078,
        "n_layers": 15
      },
      "late": {
        "mean_cos": -0.003077772523586949,
        "mean_abs_cos": 0.013039852445945143,
        "mean_r2": 0.00021376796928151395,
        "max_r2": 0.00048822320077747394,
        "r2_fraction": 0.49051478878252724,
        "n_layers": 15
      }
    },
    "normalized_entropy": 0.8412556629646667,
    "near_peak_layers": [
      7,
      14,
      20,
      37,
      39
    ],
    "near_peak_fraction": 0.14285714285714285,
    "sign_consistency": 0.5142857142857142,
    "dominant_sign": "positive",
    "profile_type": "negligible",
    "per_layer": {
      "6": {
        "cosine": 0.0053850761614739895,
        "abs_cosine": 0.0053850761614739895,
        "r_squared": 2.8999045264875437e-05
      },
      "7": {
        "cosine": 0.021084802225232124,
        "abs_cosine": 0.021084802225232124,
        "r_squared": 0.00044456888487715354
      },
      "8": {
        "cosine": 0.018272927030920982,
        "abs_cosine": 0.018272927030920982,
        "r_squared": 0.0003338998622773627
      },
      "9": {
        "cosine": 0.002119786338880658,
        "abs_cosine": 0.002119786338880658,
        "r_squared": 4.4934941225050645e-06
      },
      "10": {
        "cosine": -0.0006640457431785762,
        "abs_cosine": 0.0006640457431785762,
        "r_squared": 4.409567490335876e-07
      },
      "11": {
        "cosine": 0.009556607343256474,
        "abs_cosine": 0.009556607343256474,
        "r_squared": 9.132874391318355e-05
      },
      "12": {
        "cosine": -0.012586986646056175,
        "abs_cosine": 0.012586986646056175,
        "r_squared": 0.00015843223282799648
      },
      "13": {
        "cosine": -0.007160776294767857,
        "abs_cosine": 0.007160776294767857,
        "r_squared": 5.127671714370927e-05
      },
      "14": {
        "cosine": 0.02621411718428135,
        "abs_cosine": 0.02621411718428135,
        "r_squared": 0.0006871799397512347
      },
      "15": {
        "cosine": -0.00234365276992321,
        "abs_cosine": 0.00234365276992321,
        "r_squared": 5.492708305968735e-06
      },
      "16": {
        "cosine": -0.019220689311623573,
        "abs_cosine": 0.019220689311623573,
        "r_squared": 0.00036943489761396067
      },
      "17": {
        "cosine": -0.016773829236626625,
        "abs_cosine": 0.016773829236626625,
        "r_squared": 0.00028136134725951015
      },
      "18": {
        "cosine": 0.006615092046558857,
        "abs_cosine": 0.006615092046558857,
        "r_squared": 4.375944278444625e-05
      },
      "19": {
        "cosine": 0.0005514845834113657,
        "abs_cosine": 0.0005514845834113657,
        "r_squared": 3.041352457404076e-07
      },
      "20": {
        "cosine": 0.02574959397315979,
        "abs_cosine": 0.02574959397315979,
        "r_squared": 0.000663041589782587
      },
      "21": {
        "cosine": 0.0014934567734599113,
        "abs_cosine": 0.0014934567734599113,
        "r_squared": 2.230413134193289e-06
      },
      "22": {
        "cosine": -0.002103920094668865,
        "abs_cosine": 0.002103920094668865,
        "r_squared": 4.426479764751447e-06
      },
      "23": {
        "cosine": -0.006859422195702791,
        "abs_cosine": 0.006859422195702791,
        "r_squared": 4.70516728589001e-05
      },
      "24": {
        "cosine": 0.004286528564989567,
        "abs_cosine": 0.004286528564989567,
        "r_squared": 1.8374327138471515e-05
      },
      "25": {
        "cosine": -0.009717676788568497,
        "abs_cosine": 0.009717676788568497,
        "r_squared": 9.443324216708293e-05
      },
      "26": {
        "cosine": 0.0019455263391137123,
        "abs_cosine": 0.0019455263391137123,
        "r_squared": 3.7850727361852035e-06
      },
      "27": {
        "cosine": 0.017488019540905952,
        "abs_cosine": 0.017488019540905952,
        "r_squared": 0.00030583082746310844
      },
      "28": {
        "cosine": 0.016332903876900673,
        "abs_cosine": 0.016332903876900673,
        "r_squared": 0.00026676374905207703
      },
      "29": {
        "cosine": -0.01222920697182417,
        "abs_cosine": 0.01222920697182417,
        "r_squared": 0.00014955350315971287
      },
      "30": {
        "cosine": 0.014889100566506386,
        "abs_cosine": 0.014889100566506386,
        "r_squared": 0.00022168531567954078
      },
      "31": {
        "cosine": 0.009235984645783901,
        "abs_cosine": 0.009235984645783901,
        "r_squared": 8.530341237715598e-05
      },
      "32": {
        "cosine": -0.017337379977107048,
        "abs_cosine": 0.017337379977107048,
        "r_squared": 0.0003005847444705924
      },
      "33": {
        "cosine": -0.006262289360165596,
        "abs_cosine": 0.006262289360165596,
        "r_squared": 3.921626803044323e-05
      },
      "34": {
        "cosine": 0.0036719581112265587,
        "abs_cosine": 0.0036719581112265587,
        "r_squared": 1.3483276370602516e-05
      },
      "35": {
        "cosine": -0.01949171908199787,
        "abs_cosine": 0.01949171908199787,
        "r_squared": 0.00037992711277151994
      },
      "36": {
        "cosine": -0.003055836306884885,
        "abs_cosine": 0.003055836306884885,
        "r_squared": 9.338135534475852e-06
      },
      "37": {
        "cosine": -0.022095773369073868,
        "abs_cosine": 0.022095773369073868,
        "r_squared": 0.00048822320077747394
      },
      "38": {
        "cosine": 0.011152106337249279,
        "abs_cosine": 0.011152106337249279,
        "r_squared": 0.00012436947575731553
      },
      "39": {
        "cosine": -0.02119799517095089,
        "abs_cosine": 0.02119799517095089,
        "r_squared": 0.00044935499926765723
      },
      "40": {
        "cosine": -0.019211987033486366,
        "abs_cosine": 0.019211987033486366,
        "r_squared": 0.00036910044577484827
      }
    }
  },
  "control_profile": {
    "probe_type": "control",
    "n_layers": 35,
    "overall_mean_r2": 0.00014331230712937758,
    "overall_mean_abs_cos": 0.010108756606600114,
    "peak_layer": 22,
    "peak_cosine": 0.02432606928050518,
    "peak_abs_cosine": 0.02432606928050518,
    "peak_r2": 0.0005917576466399378,
    "onset_layer": null,
    "band_stats": {
      "early": {
        "mean_cos": -0.0031852489337325096,
        "mean_abs_cos": 0.006390060298144817,
        "mean_r2": 6.384414420671208e-05,
        "max_r2": 0.00020146531467291062,
        "r2_fraction": 0.06364137325133234,
        "n_layers": 5
      },
      "middle": {
        "mean_cos": 0.007538856146857143,
        "mean_abs_cos": 0.012761400283003847,
        "mean_r2": 0.0002148920685910884,
        "max_r2": 0.0005917576466399378,
        "r2_fraction": 0.642628694419178,
        "n_layers": 15
      },
      "late": {
        "mean_cos": -0.0009546580879638592,
        "mean_abs_cos": 0.008695678366348148,
        "mean_r2": 9.822193330855526e-05,
        "max_r2": 0.0003119642034462057,
        "r2_fraction": 0.2937299323294896,
        "n_layers": 15
      }
    },