{
  "dim_name": "17_attention",
  "dim_id": 17,
  "reading_profile": {
    "probe_type": "reading",
    "n_layers": 35,
    "overall_mean_r2": 0.00022849334534461886,
    "overall_mean_abs_cos": 0.012102000498063196,
    "peak_layer": 36,
    "peak_cosine": -0.03334062919020653,
    "peak_abs_cosine": 0.03334062919020653,
    "peak_r2": 0.0011115975547988516,
    "onset_layer": null,
    "band_stats": {
      "early": {
        "mean_cos": 0.004418676439672709,
        "mean_abs_cos": 0.0111487309448421,
        "mean_r2": 0.00019543681894799737,
        "max_r2": 0.0006749085936357015,
        "r2_fraction": 0.12218975358731225,
        "n_layers": 5
      },
      "middle": {
        "mean_cos": 0.0009250574560913568,
        "mean_abs_cos": 0.010850965028900343,
        "mean_r2": 0.0001860215721822895,
        "max_r2": 0.0008273154148991414,
        "r2_fraction": 0.3489096403005789,
        "n_layers": 15
      },
      "late": {
        "mean_cos": -0.0011826139486705264,
        "mean_abs_cos": 0.013670792484966417,
        "mean_r2": 0.00028198396063915533,
        "max_r2": 0.0011115975547988516,
        "r2_fraction": 0.5289006061121087,
        "n_layers": 15
      }
    },
    "normalized_entropy": 0.8059478404970714,
    "near_peak_layers": [
      12,
      27,
      36
    ],
    "near_peak_fraction": 0.08571428571428572,
    "sign_consistency": 0.5428571428571428,
    "dominant_sign": "positive",
    "profile_type": "negligible",
    "per_layer": {
      "6": {
        "cosine": -0.01021552737802267,
        "abs_cosine": 0.01021552737802267,
        "r_squared": 0.00010435699961113074
      },
      "7": {
        "cosine": 0.0129395155236125,
        "abs_cosine": 0.0129395155236125,
        "r_squared": 0.00016743106198580885
      },
      "8": {
        "cosine": 0.025979002937674522,
        "abs_cosine": 0.025979002937674522,
        "r_squared": 0.0006749085936357015
      },
      "9": {
        "cosine": -0.0012258654460310936,
        "abs_cosine": 0.0012258654460310936,
        "r_squared": 1.502746091773012e-06
      },
      "10": {
        "cosine": -0.005383743438869715,
        "abs_cosine": 0.005383743438869715,
        "r_squared": 2.8984693415572702e-05
      },
      "11": {
        "cosine": -0.026544706895947456,
        "abs_cosine": 0.026544706895947456,
        "r_squared": 0.0007046214641917604
      },
      "12": {
        "cosine": -0.028763091191649437,
        "abs_cosine": 0.028763091191649437,
        "r_squared": 0.0008273154148991414
      },
      "13": {
        "cosine": 0.00040589921991340816,
        "abs_cosine": 0.00040589921991340816,
        "r_squared": 1.6475417672631328e-07
      },
      "14": {
        "cosine": 0.00950424000620842,
        "abs_cosine": 0.00950424000620842,
        "r_squared": 9.033057809561262e-05
      },
      "15": {
        "cosine": 0.00355743570253253,
        "abs_cosine": 0.00355743570253253,
        "r_squared": 1.2655348777653114e-05
      },
      "16": {
        "cosine": 0.0067184618674218655,
        "abs_cosine": 0.0067184618674218655,
        "r_squared": 4.51377298640017e-05
      },
      "17": {
        "cosine": -0.00021456020476762205,
        "abs_cosine": 0.00021456020476762205,
        "r_squared": 4.6036081469923905e-08
      },
      "18": {
        "cosine": -0.005179235246032476,
        "abs_cosine": 0.005179235246032476,
        "r_squared": 2.6824477733745087e-05
      },
      "19": {
        "cosine": -0.013742713257670403,
        "abs_cosine": 0.013742713257670403,
        "r_squared": 0.00018886216768254985
      },
      "20": {
        "cosine": 0.014792265370488167,
        "abs_cosine": 0.014792265370488167,
        "r_squared": 0.00021881111479094342
      },
      "21": {
        "cosine": 0.01917632669210434,
        "abs_cosine": 0.01917632669210434,
        "r_squared": 0.00036773150540231336
      },
      "22": {
        "cosine": 0.009361915290355682,
        "abs_cosine": 0.009361915290355682,
        "r_squared": 8.764545790379552e-05
      },
      "23": {
        "cosine": 0.00573878176510334,
        "abs_cosine": 0.00573878176510334,
        "r_squared": 3.293361614748261e-05
      },
      "24": {
        "cosine": 0.01119221094995737,
        "abs_cosine": 0.01119221094995737,
        "r_squared": 0.00012526558594834567
      },
      "25": {
        "cosine": 0.007872631773352623,
        "abs_cosine": 0.007872631773352623,
        "r_squared": 6.197833103880127e-05
      },
      "26": {
        "cosine": -0.0069956546649336815,
        "abs_cosine": 0.0069956546649336815,
        "r_squared": 4.893918419100838e-05
      },
      "27": {
        "cosine": 0.02937597595155239,
        "abs_cosine": 0.02937597595155239,
        "r_squared": 0.0008629479631061844
      },
      "28": {
        "cosine": 0.004735349677503109,
        "abs_cosine": 0.004735349677503109,
        "r_squared": 2.2423536568228798e-05
      },
      "29": {
        "cosine": -0.01787862926721573,
        "abs_cosine": 0.01787862926721573,
        "r_squared": 0.0003196453844745428
      },
      "30": {
        "cosine": -0.017125122249126434,
        "abs_cosine": 0.017125122249126434,
        "r_squared": 0.0002932698120475252
      },
      "31": {
        "cosine": 0.02538040466606617,
        "abs_cosine": 0.02538040466606617,
        "r_squared": 0.0006441649410132734
      },
      "32": {
        "cosine": -0.001159700914286077,
        "abs_cosine": 0.001159700914286077,
        "r_squared": 1.344906210595963e-06
      },
      "33": {
        "cosine": 0.003009493462741375,
        "abs_cosine": 0.003009493462741375,
        "r_squared": 9.057050902283072e-06
      },
      "34": {
        "cosine": 0.011336075142025948,
        "abs_cosine": 0.011336075142025948,
        "r_squared": 0.0001285065996256586
      },
      "35": {
        "cosine": 0.011602552607655525,
        "abs_cosine": 0.011602552607655525,
        "r_squared": 0.00013461922701341403
      },
      "36": {
        "cosine": -0.03334062919020653,
        "abs_cosine": 0.03334062919020653,
        "r_squared": 0.0011115975547988516
      },
      "37": {
        "cosine": -0.020687170326709747,
        "abs_cosine": 0.020687170326709747,
        "r_squared": 0.0004279590161263003
      },
      "38": {
        "cosine": -0.012430239468812943,
        "abs_cosine": 0.012430239468812943,
        "r_squared": 0.00015451085325203506
      },
      "39": {
        "cosine": 0.008221487514674664,
        "abs_cosine": 0.008221487514674664,
        "r_squared": 6.759285695395138e-05
      },
      "40": {
        "cosine": -0.0017834021709859371,
        "abs_cosine": 0.0017834021709859371,
        "r_squared": 3.1805233034773537e-06
      }
    }
  },
  "control_profile": {
    "probe_type": "control",
    "n_layers": 35,
    "overall_mean_r2": 0.0002754376860339152,
    "overall_mean_abs_cos": 0.013620475280081987,
    "peak_layer": 16,
    "peak_cosine": 0.041391387581825256,
    "peak_abs_cosine": 0.041391387581825256,
    "peak_r2": 0.001713246965948878,
    "onset_layer": null,
    "band_stats": {
      "early": {
        "mean_cos": 0.0020348760299384594,
        "mean_abs_cos": 0.009209048096090555,
        "mean_r2": 0.00011537363236256639,
        "max_r2": 0.00040038266090686517,
        "r2_fraction": 0.059839115400995534,
        "n_layers": 5
      },
      "middle": {
        "mean_cos": 0.005118072672242609,
        "mean_abs_cos": 0.018044463216210716,
        "mean_r2": 0.0004444719369475208,
        "max_r2": 0.001713246965948878,
        "r2_fraction": 0.691582824850096,
        "n_layers": 15
      },
      "late": {
        "mean_cos": 0.0016848947717032084,
        "mean_abs_cos": 0.0106669630719504,
        "mean_r2": 0.00015975811967742574,
        "max_r2": 0.0007278610806119336,
        "r2_fraction": 0.24857805974890823,
        "n_layers": 15
      }
    },
    "normalized_entropy": 0.8173752824736031,