{
  "dim_name": "1_phenomenology",
  "dim_id": 1,
  "reading_profile": {
    "probe_type": "reading",
    "n_layers": 35,
    "overall_mean_r2": 0.0002123404648465775,
    "overall_mean_abs_cos": 0.011805656121578068,
    "peak_layer": 12,
    "peak_cosine": -0.034386299550533295,
    "peak_abs_cosine": 0.034386299550533295,
    "peak_r2": 0.0011824175967790063,
    "onset_layer": null,
    "band_stats": {
      "early": {
        "mean_cos": 0.0046165174338966605,
        "mean_abs_cos": 0.01578440680168569,
        "mean_r2": 0.0003391171113503115,
        "max_r2": 0.0008410681220676376,
        "r2_fraction": 0.2281491738113896,
        "n_layers": 5
      },
      "middle": {
        "mean_cos": 0.0015115934307686984,
        "mean_abs_cos": 0.0098476498038508,
        "mean_r2": 0.00019074295719436908,
        "max_r2": 0.0011824175967790063,
        "r2_fraction": 0.38498070404901064,
        "n_layers": 15
      },
      "late": {
        "mean_cos": 0.0006426405239229401,
        "mean_abs_cos": 0.012437412212602795,
        "mean_r2": 0.00019167909033087458,
        "max_r2": 0.00037317963466071413,
        "r2_fraction": 0.38687012213959976,
        "n_layers": 15
      }
    },
    "normalized_entropy": 0.8201069263932309,
    "near_peak_layers": [
      8,
      12
    ],
    "near_peak_fraction": 0.05714285714285714,
    "sign_consistency": 0.5714285714285714,
    "dominant_sign": "positive",
    "profile_type": "negligible",
    "per_layer": {
      "6": {
        "cosine": -0.017387239262461662,
        "abs_cosine": 0.017387239262461662,
        "r_squared": 0.00030231608917008837
      },
      "7": {
        "cosine": 0.02200113609433174,
        "abs_cosine": 0.02200113609433174,
        "r_squared": 0.00048404998944130695
      },
      "8": {
        "cosine": 0.029001174494624138,
        "abs_cosine": 0.029001174494624138,
        "r_squared": 0.0008410681220676376
      },
      "9": {
        "cosine": -0.007784648798406124,
        "abs_cosine": 0.007784648798406124,
        "r_squared": 6.060075691452591e-05
      },
      "10": {
        "cosine": -0.0027478353586047888,
        "abs_cosine": 0.0027478353586047888,
        "r_squared": 7.550599157998708e-06
      },
      "11": {
        "cosine": -0.019245142117142677,
        "abs_cosine": 0.019245142117142677,
        "r_squared": 0.00037037549510901893
      },
      "12": {
        "cosine": -0.034386299550533295,
        "abs_cosine": 0.034386299550533295,
        "r_squared": 0.0011824175967790063
      },
      "13": {
        "cosine": 0.005360358394682407,
        "abs_cosine": 0.005360358394682407,
        "r_squared": 2.8733442119442155e-05
      },
      "14": {
        "cosine": 0.010270634666085243,
        "abs_cosine": 0.010270634666085243,
        "r_squared": 0.00010548593644419194
      },
      "15": {
        "cosine": 0.0039035757072269917,
        "abs_cosine": 0.0039035757072269917,
        "r_squared": 1.5237903302052708e-05
      },
      "16": {
        "cosine": -0.0023247411008924246,
        "abs_cosine": 0.0023247411008924246,
        "r_squared": 5.404421186178522e-06
      },
      "17": {
        "cosine": -0.005839151330292225,
        "abs_cosine": 0.005839151330292225,
        "r_squared": 3.409568825805346e-05
      },
      "18": {
        "cosine": 0.005042148754000664,
        "abs_cosine": 0.005042148754000664,
        "r_squared": 2.5423264057470446e-05
      },
      "19": {
        "cosine": -0.0007250886992551386,
        "abs_cosine": 0.0007250886992551386,
        "r_squared": 5.257536217875089e-07
      },
      "20": {
        "cosine": 0.019997110590338707,
        "abs_cosine": 0.019997110590338707,
        "r_squared": 0.00039988443196223647
      },
      "21": {
        "cosine": 0.012532282620668411,
        "abs_cosine": 0.012532282620668411,
        "r_squared": 0.0001570581076843075
      },
      "22": {
        "cosine": 0.0033279103226959705,
        "abs_cosine": 0.0033279103226959705,
        "r_squared": 1.1074987115906399e-05
      },
      "23": {
        "cosine": 0.000681366422213614,
        "abs_cosine": 0.000681366422213614,
        "r_squared": 4.642602013201809e-07
      },
      "24": {
        "cosine": 0.02288071997463703,
        "abs_cosine": 0.02288071997463703,
        "r_squared": 0.000523527346557754
      },
      "25": {
        "cosine": 0.0011982168070971966,
        "abs_cosine": 0.0011982168070971966,
        "r_squared": 1.4357235168102004e-06
      },
      "26": {
        "cosine": 0.008029933087527752,
        "abs_cosine": 0.008029933087527752,
        "r_squared": 6.447982539017297e-05
      },
      "27": {
        "cosine": 0.015467040240764618,
        "abs_cosine": 0.015467040240764618,
        "r_squared": 0.000239229333809432
      },
      "28": {
        "cosine": 0.017974108457565308,
        "abs_cosine": 0.017974108457565308,
        "r_squared": 0.0003230685748443207
      },
      "29": {
        "cosine": 0.0011460614623501897,
        "abs_cosine": 0.0011460614623501897,
        "r_squared": 1.3134568754842553e-06
      },
      "30": {
        "cosine": -0.008650156669318676,
        "abs_cosine": 0.008650156669318676,
        "r_squared": 7.482521040375837e-05
      },
      "31": {
        "cosine": 0.019295237958431244,
        "abs_cosine": 0.019295237958431244,
        "r_squared": 0.0003723062078724859
      },
      "32": {
        "cosine": -0.003953604493290186,
        "abs_cosine": 0.003953604493290186,
        "r_squared": 1.5630988489364348e-05
      },
      "33": {
        "cosine": 0.00470896577462554,
        "abs_cosine": 0.00470896577462554,
        "r_squared": 2.217435866659471e-05
      },
      "34": {
        "cosine": 0.01902078650891781,
        "abs_cosine": 0.01902078650891781,
        "r_squared": 0.0003617903194178297
      },
      "35": {
        "cosine": 0.012458262033760548,
        "abs_cosine": 0.012458262033760548,
        "r_squared": 0.0001552082929018395
      },
      "36": {
        "cosine": -0.019317857921123505,
        "abs_cosine": 0.019317857921123505,
        "r_squared": 0.00037317963466071413
      },
      "37": {
        "cosine": -0.0169442817568779,
        "abs_cosine": 0.0169442817568779,
        "r_squared": 0.0002871086842564652
      },
      "38": {
        "cosine": -0.007515802979469299,
        "abs_cosine": 0.007515802979469299,
        "r_squared": 5.64872944261996e-05
      },
      "39": {
        "cosine": -0.013407967984676361,
        "abs_cosine": 0.013407967984676361,
        "r_squared": 0.00017977360547810628
      },
      "40": {
        "cosine": -0.01867111586034298,
        "abs_cosine": 0.01867111586034298,
        "r_squared": 0.00034861056747035116
      }
    }
  },
  "control_profile": {
    "probe_type": "control",
    "n_layers": 35,
    "overall_mean_r2": 0.0002668144102125576,
    "overall_mean_abs_cos": 0.013240963909109789,
    "peak_layer": 15,
    "peak_cosine": 0.03875202685594559,
    "peak_abs_cosine": 0.03875202685594559,
    "peak_r2": 0.001501719585443928,
    "onset_layer": null,
    "band_stats": {
      "early": {
        "mean_cos": 0.005053062294609845,
        "mean_abs_cos": 0.006602865387685597,
        "mean_r2": 7.225415539069687e-05,
        "max_r2": 0.0002713810523014143,
        "r2_fraction": 0.03868614963655053,
        "n_layers": 5
      },
      "middle": {
        "mean_cos": 0.007140272095178564,
        "mean_abs_cos": 0.017546907983099422,
        "mean_r2": 0.0004212026552269591,
        "max_r2": 0.001501719585443928,
        "r2_fraction": 0.6765579997155671,
        "n_layers": 15
      },
      "late": {
        "mean_cos": 0.00584305664524436,
        "mean_abs_cos": 0.011147719342261553,
        "mean_r2": 0.00017727958347210973,
        "max_r2": 0.0007442332093819705,
        "r2_fraction": 0.2847558506478824,
        "n_layers": 15
      }
    },
    "normalized_entropy": 0.8070139850660583,