{
  "dim_name": "2_emotions",
  "dim_id": 2,
  "reading_profile": {
    "probe_type": "reading",
    "n_layers": 35,
    "overall_mean_r2": 0.00017076446177621658,
    "overall_mean_abs_cos": 0.01123088356273781,
    "peak_layer": 12,
    "peak_cosine": -0.024806810542941093,
    "peak_abs_cosine": 0.024806810542941093,
    "peak_r2": 0.0006153778493133734,
    "onset_layer": null,
    "band_stats": {
      "early": {
        "mean_cos": 0.0020544774364680053,
        "mean_abs_cos": 0.012076671561226248,
        "mean_r2": 0.0002000652017401828,
        "max_r2": 0.0003999017894953938,
        "r2_fraction": 0.16736938592758777,
        "n_layers": 5
      },
      "middle": {
        "mean_cos": 0.0037330740480683742,
        "mean_abs_cos": 0.009972629467180619,
        "mean_r2": 0.000144696419886571,
        "max_r2": 0.0006153778493133734,
        "r2_fraction": 0.3631478747681439,
        "n_layers": 15
      },
      "late": {
        "mean_cos": 0.0005305003995696704,
        "mean_abs_cos": 0.01220720832546552,
        "mean_r2": 0.00018706559034454008,
        "max_r2": 0.0005450496912647075,
        "r2_fraction": 0.4694827393042683,
        "n_layers": 15
      }
    },
    "normalized_entropy": 0.8646784931781042,
    "near_peak_layers": [
      8,
      12,
      14,
      28,
      34
    ],
    "near_peak_fraction": 0.14285714285714285,
    "sign_consistency": 0.5714285714285714,
    "dominant_sign": "positive",
    "profile_type": "negligible",
    "per_layer": {
      "6": {
        "cosine": -0.018499840050935745,
        "abs_cosine": 0.018499840050935745,
        "r_squared": 0.0003422440819102063
      },
      "7": {
        "cosine": 0.014654233120381832,
        "abs_cosine": 0.014654233120381832,
        "r_squared": 0.00021474654834649585
      },
      "8": {
        "cosine": 0.019997544586658478,
        "abs_cosine": 0.019997544586658478,
        "r_squared": 0.0003999017894953938
      },
      "9": {
        "cosine": -0.006555645260959864,
        "abs_cosine": 0.006555645260959864,
        "r_squared": 4.297648478754552e-05
      },
      "10": {
        "cosine": 0.0006760947871953249,
        "abs_cosine": 0.0006760947871953249,
        "r_squared": 4.5710416127269166e-07
      },
      "11": {
        "cosine": -0.007306402549147606,
        "abs_cosine": 0.007306402549147606,
        "r_squared": 5.3383518210190634e-05
      },
      "12": {
        "cosine": -0.024806810542941093,
        "abs_cosine": 0.024806810542941093,
        "r_squared": 0.0006153778493133734
      },
      "13": {
        "cosine": 0.0060633281245827675,
        "abs_cosine": 0.0060633281245827675,
        "r_squared": 3.676394794635638e-05
      },
      "14": {
        "cosine": 0.020962852984666824,
        "abs_cosine": 0.020962852984666824,
        "r_squared": 0.0004394412052567548
      },
      "15": {
        "cosine": 0.011104453355073929,
        "abs_cosine": 0.011104453355073929,
        "r_squared": 0.00012330888431501263
      },
      "16": {
        "cosine": -0.003339842427521944,
        "abs_cosine": 0.003339842427521944,
        "r_squared": 1.1154547440675672e-05
      },
      "17": {
        "cosine": -0.0097725884988904,
        "abs_cosine": 0.0097725884988904,
        "r_squared": 9.550348596864492e-05
      },
      "18": {
        "cosine": 0.008533025160431862,
        "abs_cosine": 0.008533025160431862,
        "r_squared": 7.28125183885632e-05
      },
      "19": {
        "cosine": -0.001571021624840796,
        "abs_cosine": 0.001571021624840796,
        "r_squared": 2.4681089457174148e-06
      },
      "20": {
        "cosine": 0.01942281797528267,
        "abs_cosine": 0.01942281797528267,
        "r_squared": 0.00037724585810096356
      },
      "21": {
        "cosine": 0.010611336678266525,
        "abs_cosine": 0.010611336678266525,
        "r_squared": 0.00011260046609952445
      },
      "22": {
        "cosine": 0.008380050770938396,
        "abs_cosine": 0.008380050770938396,
        "r_squared": 7.022525092350521e-05
      },
      "23": {
        "cosine": 0.0065860147587955,
        "abs_cosine": 0.0065860147587955,
        "r_squared": 4.3375590403072145e-05
      },
      "24": {
        "cosine": 0.010801761411130428,
        "abs_cosine": 0.010801761411130428,
        "r_squared": 0.00011667804958298642
      },
      "25": {
        "cosine": 0.0003271351451985538,
        "abs_cosine": 0.0003271351451985538,
        "r_squared": 1.0701740322407888e-07
      },
      "26": {
        "cosine": -0.0056654768995940685,
        "abs_cosine": 0.0056654768995940685,
        "r_squared": 3.209762849983402e-05
      },
      "27": {
        "cosine": 0.015280320309102535,
        "abs_cosine": 0.015280320309102535,
        "r_squared": 0.0002334881887487714
      },
      "28": {
        "cosine": 0.022508449852466583,
        "abs_cosine": 0.022508449852466583,
        "r_squared": 0.000506630314761003
      },
      "29": {
        "cosine": -0.008016320876777172,
        "abs_cosine": 0.008016320876777172,
        "r_squared": 6.426140039945353e-05
      },
      "30": {
        "cosine": -0.0061300769448280334,
        "abs_cosine": 0.0061300769448280334,
        "r_squared": 3.75778433495122e-05
      },
      "31": {
        "cosine": 0.006624700967222452,
        "abs_cosine": 0.006624700967222452,
        "r_squared": 4.388666290511809e-05
      },
      "32": {
        "cosine": 0.002630573697388172,
        "abs_cosine": 0.002630573697388172,
        "r_squared": 6.919917977390479e-06
      },
      "33": {
        "cosine": 0.00594701711088419,
        "abs_cosine": 0.00594701711088419,
        "r_squared": 3.5367012517149334e-05
      },
      "34": {
        "cosine": 0.023346299305558205,
        "abs_cosine": 0.023346299305558205,
        "r_squared": 0.0005450496912647075
      },
      "35": {
        "cosine": 0.019195454195141792,
        "abs_cosine": 0.019195454195141792,
        "r_squared": 0.00036846546175778663
      },
      "36": {
        "cosine": -0.014631885103881359,
        "abs_cosine": 0.014631885103881359,
        "r_squared": 0.0002140920616931852
      },
      "37": {
        "cosine": -0.010673919692635536,
        "abs_cosine": 0.010673919692635536,
        "r_squared": 0.0001139325616048327
      },
      "38": {
        "cosine": -0.01563759706914425,
        "abs_cosine": 0.01563759706914425,
        "r_squared": 0.0002445344420969088
      },
      "39": {
        "cosine": -0.013301420025527477,
        "abs_cosine": 0.013301420025527477,
        "r_squared": 0.0001769277746955034
      },
      "40": {
        "cosine": -0.013518612831830978,
        "abs_cosine": 0.013518612831830978,
        "r_squared": 0.00018275289289694518
      }
    }
  },
  "control_profile": {
    "probe_type": "control",
    "n_layers": 35,
    "overall_mean_r2": 0.0003396966505425257,
    "overall_mean_abs_cos": 0.014353487542497793,
    "peak_layer": 15,
    "peak_cosine": 0.06152587756514549,
    "peak_abs_cosine": 0.06152587756514549,
    "peak_r2": 0.0037854336101612734,
    "onset_layer": 15,
    "band_stats": {
      "early": {
        "mean_cos": 0.0060689525678753855,
        "mean_abs_cos": 0.006708798976615071,
        "mean_r2": 7.728002037635755e-05,
        "max_r2": 0.00021260334655782975,
        "r2_fraction": 0.032499593073044314,
        "n_layers": 5
      },
      "middle": {
        "mean_cos": 0.010702370790143807,
        "mean_abs_cos": 0.020195813663303853,
        "mean_r2": 0.0005749992061749187,
        "max_r2": 0.0037854336101612734,
        "r2_fraction": 0.7254361525915978,
        "n_layers": 15
      },
      "late": {
        "mean_cos": 0.0023966538060146074,
        "mean_abs_cos": 0.01105939094365264,
        "mean_r2": 0.00019186630496552187,
        "max_r2": 0.0006321187151077691,
        "r2_fraction": 0.2420642543353578,
        "n_layers": 15
      }
    },
    "normalized_entropy": 0.7518488709595788,