{
  "dim_name": "5_prediction",
  "dim_id": 5,
  "reading_profile": {
    "probe_type": "reading",
    "n_layers": 35,
    "overall_mean_r2": 0.00017801230539892616,
    "overall_mean_abs_cos": 0.010932850765155828,
    "peak_layer": 12,
    "peak_cosine": -0.03369976952672005,
    "peak_abs_cosine": 0.03369976952672005,
    "peak_r2": 0.001135674466154049,
    "onset_layer": null,
    "band_stats": {
      "early": {
        "mean_cos": 0.001995163131505251,
        "mean_abs_cos": 0.010496409889310599,
        "mean_r2": 0.00013508993472326935,
        "max_r2": 0.00033206981154944304,
        "r2_fraction": 0.1084113935835843,
        "n_layers": 5
      },
      "middle": {
        "mean_cos": -0.001579834642567827,
        "mean_abs_cos": 0.00931266893700619,
        "mean_r2": 0.00016598790140146357,
        "max_r2": 0.001135674466154049,
        "r2_fraction": 0.39962221639554024,
        "n_layers": 15
      },
      "late": {
        "mean_cos": -0.00016522502604251107,
        "mean_abs_cos": 0.012698512885253876,
        "mean_r2": 0.00020434416628827435,
        "max_r2": 0.0006081906850464863,
        "r2_fraction": 0.4919663900208754,
        "n_layers": 15
      }
    },
    "normalized_entropy": 0.8267232174959869,
    "near_peak_layers": [
      12
    ],
    "near_peak_fraction": 0.02857142857142857,
    "sign_consistency": 0.5428571428571428,
    "dominant_sign": "negative",
    "profile_type": "negligible",
    "per_layer": {
      "6": {
        "cosine": -0.010016554966568947,
        "abs_cosine": 0.010016554966568947,
        "r_squared": 0.00010033137339829704
      },
      "7": {
        "cosine": 0.013006149791181087,
        "abs_cosine": 0.013006149791181087,
        "r_squared": 0.00016915993239063985
      },
      "8": {
        "cosine": 0.018222782760858536,
        "abs_cosine": 0.018222782760858536,
        "r_squared": 0.00033206981154944304
      },
      "9": {
        "cosine": -0.0032989713363349438,
        "abs_cosine": 0.0032989713363349438,
        "r_squared": 1.0883211877959565e-05
      },
      "10": {
        "cosine": -0.007937590591609478,
        "abs_cosine": 0.007937590591609478,
        "r_squared": 6.30053444000073e-05
      },
      "11": {
        "cosine": -0.02197030931711197,
        "abs_cosine": 0.02197030931711197,
        "r_squared": 0.000482694491489577
      },
      "12": {
        "cosine": -0.03369976952672005,
        "abs_cosine": 0.03369976952672005,
        "r_squared": 0.001135674466154049
      },
      "13": {
        "cosine": -0.000156339694513008,
        "abs_cosine": 0.000156339694513008,
        "r_squared": 2.4442100080420663e-08
      },
      "14": {
        "cosine": 0.01572149246931076,
        "abs_cosine": 0.01572149246931076,
        "r_squared": 0.00024716532546259495
      },
      "15": {
        "cosine": 0.010893845930695534,
        "abs_cosine": 0.010893845930695534,
        "r_squared": 0.00011867587916173164
      },
      "16": {
        "cosine": -2.3114953364711255e-05,
        "abs_cosine": 2.3114953364711255e-05,
        "r_squared": 5.343010690527762e-10
      },
      "17": {
        "cosine": -0.006685393862426281,
        "abs_cosine": 0.006685393862426281,
        "r_squared": 4.469449109576699e-05
      },
      "18": {
        "cosine": 0.005257464945316315,
        "abs_cosine": 0.005257464945316315,
        "r_squared": 2.764093765122988e-05
      },
      "19": {
        "cosine": -0.00824110209941864,
        "abs_cosine": 0.00824110209941864,
        "r_squared": 6.791576381304232e-05
      },
      "20": {
        "cosine": 0.011363288387656212,
        "abs_cosine": 0.011363288387656212,
        "r_squared": 0.0001291243229810425
      },
      "21": {
        "cosine": 0.012370752170681953,
        "abs_cosine": 0.012370752170681953,
        "r_squared": 0.00015303550926843226
      },
      "22": {
        "cosine": -0.0007626416627317667,
        "abs_cosine": 0.0007626416627317667,
        "r_squared": 5.816223057342738e-07
      },
      "23": {
        "cosine": -0.0015195792075246572,
        "abs_cosine": 0.0015195792075246572,
        "r_squared": 2.3091209679412653e-06
      },
      "24": {
        "cosine": 0.0023894133046269417,
        "abs_cosine": 0.0023894133046269417,
        "r_squared": 5.709295940328242e-06
      },
      "25": {
        "cosine": -0.008635526522994041,
        "abs_cosine": 0.008635526522994041,
        "r_squared": 7.457231832933356e-05
      },
      "26": {
        "cosine": -0.015742462128400803,
        "abs_cosine": 0.015742462128400803,
        "r_squared": 0.00024782511386413353
      },
      "27": {
        "cosine": 0.02466152235865593,
        "abs_cosine": 0.02466152235865593,
        "r_squared": 0.0006081906850464863
      },
      "28": {
        "cosine": 0.017993321642279625,
        "abs_cosine": 0.017993321642279625,
        "r_squared": 0.00032375962372252834
      },
      "29": {
        "cosine": -0.01287288311868906,
        "abs_cosine": 0.01287288311868906,
        "r_squared": 0.00016571111978742979
      },
      "30": {
        "cosine": -0.013761541806161404,
        "abs_cosine": 0.013761541806161404,
        "r_squared": 0.00018938003288272807
      },
      "31": {
        "cosine": 0.01594441942870617,
        "abs_cosine": 0.01594441942870617,
        "r_squared": 0.00025422451091850276
      },
      "32": {
        "cosine": 0.007934920489788055,
        "abs_cosine": 0.007934920489788055,
        "r_squared": 6.296296317925831e-05
      },
      "33": {
        "cosine": 0.00395834818482399,
        "abs_cosine": 0.00395834818482399,
        "r_squared": 1.5668520352299375e-05
      },
      "34": {
        "cosine": 0.012283357791602612,
        "abs_cosine": 0.012283357791602612,
        "r_squared": 0.00015088087863652459
      },
      "35": {
        "cosine": 0.007905738428235054,
        "abs_cosine": 0.007905738428235054,
        "r_squared": 6.250070009567246e-05
      },
      "36": {
        "cosine": -0.019804274663329124,
        "abs_cosine": 0.019804274663329124,
        "r_squared": 0.0003922092949405799
      },
      "37": {
        "cosine": -0.019817067310214043,
        "abs_cosine": 0.019817067310214043,
        "r_squared": 0.00039271615677755403
      },
      "38": {
        "cosine": -0.013693242333829403,
        "abs_cosine": 0.013693242333829403,
        "r_squared": 0.0001875048856129777
      },
      "39": {
        "cosine": 0.003318030619993806,
        "abs_cosine": 0.003318030619993806,
        "r_squared": 1.100932719521648e-05
      },
      "40": {
        "cosine": -0.0007865629740990698,
        "abs_cosine": 0.0007865629740990698,
        "r_squared": 6.18681312223574e-07
      }
    }
  },
  "control_profile": {
    "probe_type": "control",
    "n_layers": 35,
    "overall_mean_r2": 0.0003128168446579635,
    "overall_mean_abs_cos": 0.014020675514068768,
    "peak_layer": 15,
    "peak_cosine": 0.04370030015707016,
    "peak_abs_cosine": 0.04370030015707016,
    "peak_r2": 0.0019097162338180262,
    "onset_layer": null,
    "band_stats": {
      "early": {
        "mean_cos": 0.0032300943275913596,
        "mean_abs_cos": 0.007853592769242823,
        "mean_r2": 9.114862223375684e-05,
        "max_r2": 0.0002844130882319641,
        "r2_fraction": 0.041625737136748726,
        "n_layers": 5
      },
      "middle": {
        "mean_cos": 0.008359913590053718,
        "mean_abs_cos": 0.019848659075796603,
        "mean_r2": 0.0005297134512637834,
        "max_r2": 0.0019097162338180262,
        "r2_fraction": 0.7257283436569635,
        "n_layers": 15
      },
      "late": {
        "mean_cos": -0.0003989253887539235,
        "mean_abs_cos": 0.010248386200616248,
        "mean_r2": 0.00016980964552687922,
        "max_r2": 0.0009943434255896832,
        "r2_fraction": 0.23264591920628802,
        "n_layers": 15
      }
    },
    "normalized_entropy": 0.786729799941375,