{
  "dim_name": "9_roles",
  "dim_id": 9,
  "reading_profile": {
    "probe_type": "reading",
    "n_layers": 35,
    "overall_mean_r2": 0.0001647440458887836,
    "overall_mean_abs_cos": 0.010589020068956805,
    "peak_layer": 28,
    "peak_cosine": 0.026179036125540733,
    "peak_abs_cosine": 0.026179036125540733,
    "peak_r2": 0.0006853419324623668,
    "onset_layer": null,
    "band_stats": {
      "early": {
        "mean_cos": 0.003804135404061526,
        "mean_abs_cos": 0.010310155421029777,
        "mean_r2": 0.00016103561776263891,
        "max_r2": 0.000360773585426577,
        "r2_fraction": 0.13964139418632449,
        "n_layers": 5
      },
      "middle": {
        "mean_cos": 0.0015856988339995345,
        "mean_abs_cos": 0.010462100656392673,
        "mean_r2": 0.0001598858309353323,
        "max_r2": 0.000598654177540462,
        "r2_fraction": 0.4159330833634124,
        "n_layers": 15
      },
      "late": {
        "mean_cos": -0.0010671052305648724,
        "mean_abs_cos": 0.010808894364163279,
        "mean_r2": 0.00017083840355094977,
        "max_r2": 0.0006853419324623668,
        "r2_fraction": 0.44442552245026307,
        "n_layers": 15
      }
    },
    "normalized_entropy": 0.8336372765904597,
    "near_peak_layers": [
      14,
      20,
      28,
      39
    ],
    "near_peak_fraction": 0.11428571428571428,
    "sign_consistency": 0.5142857142857142,
    "dominant_sign": "positive",
    "profile_type": "negligible",
    "per_layer": {
      "6": {
        "cosine": -0.014021783135831356,
        "abs_cosine": 0.014021783135831356,
        "r_squared": 0.00019661040230828462
      },
      "7": {
        "cosine": 0.01899404078722,
        "abs_cosine": 0.01899404078722,
        "r_squared": 0.000360773585426577
      },
      "8": {
        "cosine": 0.01556380558758974,
        "abs_cosine": 0.01556380558758974,
        "r_squared": 0.00024223204436828964
      },
      "9": {
        "cosine": -0.0022432669065892696,
        "abs_cosine": 0.0022432669065892696,
        "r_squared": 5.032246414198591e-06
      },
      "10": {
        "cosine": 0.000727880687918514,
        "abs_cosine": 0.000727880687918514,
        "r_squared": 5.298102958447292e-07
      },
      "11": {
        "cosine": -0.00605621887370944,
        "abs_cosine": 0.00605621887370944,
        "r_squared": 3.667778704627444e-05
      },
      "12": {
        "cosine": -0.019644305109977722,
        "abs_cosine": 0.019644305109977722,
        "r_squared": 0.00038589872325389685
      },
      "13": {
        "cosine": -0.00392273860052228,
        "abs_cosine": 0.00392273860052228,
        "r_squared": 1.5387878128027494e-05
      },
      "14": {
        "cosine": 0.022238705307245255,
        "abs_cosine": 0.022238705307245255,
        "r_squared": 0.0004945600137424983
      },
      "15": {
        "cosine": 0.010195830836892128,
        "abs_cosine": 0.010195830836892128,
        "r_squared": 0.00010395496645452043
      },
      "16": {
        "cosine": -0.011223521083593369,
        "abs_cosine": 0.011223521083593369,
        "r_squared": 0.00012596742551386486
      },
      "17": {
        "cosine": -0.007202527951449156,
        "abs_cosine": 0.007202527951449156,
        "r_squared": 5.187640889140637e-05
      },
      "18": {
        "cosine": 0.00702390493825078,
        "abs_cosine": 0.00702390493825078,
        "r_squared": 4.9335240581583695e-05
      },
      "19": {
        "cosine": 0.00544506311416626,
        "abs_cosine": 0.00544506311416626,
        "r_squared": 2.9648712317253967e-05
      },
      "20": {
        "cosine": 0.024467410519719124,
        "abs_cosine": 0.024467410519719124,
        "r_squared": 0.000598654177540462
      },
      "21": {
        "cosine": 0.013749411329627037,
        "abs_cosine": 0.013749411329627037,
        "r_squared": 0.00018904631191127633
      },
      "22": {
        "cosine": -0.0015316266799345613,
        "abs_cosine": 0.0015316266799345613,
        "r_squared": 2.345880286687367e-06
      },
      "23": {
        "cosine": 0.0035567970480769873,
        "abs_cosine": 0.0035567970480769873,
        "r_squared": 1.265080524120917e-05
      },
      "24": {
        "cosine": 0.00368137308396399,
        "abs_cosine": 0.00368137308396399,
        "r_squared": 1.355250778333454e-05
      },
      "25": {
        "cosine": -0.016992075368762016,
        "abs_cosine": 0.016992075368762016,
        "r_squared": 0.0002887306253376888
      },
      "26": {
        "cosine": -0.0031652760226279497,
        "abs_cosine": 0.0031652760226279497,
        "r_squared": 1.0018972299423413e-05
      },
      "27": {
        "cosine": 0.015627043321728706,
        "abs_cosine": 0.015627043321728706,
        "r_squared": 0.00024420448297918576
      },
      "28": {
        "cosine": 0.026179036125540733,
        "abs_cosine": 0.026179036125540733,
        "r_squared": 0.0006853419324623668
      },
      "29": {
        "cosine": -0.010693127289414406,
        "abs_cosine": 0.010693127289414406,
        "r_squared": 0.00011434297122761908
      },
      "30": {
        "cosine": 0.006283374968916178,
        "abs_cosine": 0.006283374968916178,
        "r_squared": 3.948080100000238e-05
      },
      "31": {
        "cosine": 0.0060537392273545265,
        "abs_cosine": 0.0060537392273545265,
        "r_squared": 3.664775863281098e-05
      },
      "32": {
        "cosine": -0.0010996840428560972,
        "abs_cosine": 0.0010996840428560972,
        "r_squared": 1.2093049941123307e-06
      },
      "33": {
        "cosine": 0.0029390063136816025,
        "abs_cosine": 0.0029390063136816025,
        "r_squared": 8.637758111860322e-06
      },
      "34": {
        "cosine": 0.013993619941174984,
        "abs_cosine": 0.013993619941174984,
        "r_squared": 0.00019582139905805016
      },
      "35": {
        "cosine": 0.001987598603591323,
        "abs_cosine": 0.001987598603591323,
        "r_squared": 3.950548208998177e-06
      },
      "36": {
        "cosine": -0.00858406350016594,
        "abs_cosine": 0.00858406350016594,
        "r_squared": 7.368614617488112e-05
      },
      "37": {
        "cosine": -0.020142940804362297,
        "abs_cosine": 0.020142940804362297,
        "r_squared": 0.0004057380642480436
      },
      "38": {
        "cosine": -0.01155567355453968,
        "abs_cosine": 0.01155567355453968,
        "r_squared": 0.00013353359129908773
      },
      "39": {
        "cosine": -0.021259374916553497,
        "abs_cosine": 0.021259374916553497,
        "r_squared": 0.000451961021842584
      },
      "40": {
        "cosine": -0.012569856829941273,
        "abs_cosine": 0.012569856829941273,
        "r_squared": 0.00015800130072522126
      }
    }
  },
  "control_profile": {
    "probe_type": "control",
    "n_layers": 35,
    "overall_mean_r2": 0.00025690885600979525,
    "overall_mean_abs_cos": 0.01244475575627543,
    "peak_layer": 15,
    "peak_cosine": 0.049013372510671616,
    "peak_abs_cosine": 0.049013372510671616,
    "peak_r2": 0.00240231068486986,
    "onset_layer": null,
    "band_stats": {
      "early": {
        "mean_cos": 0.0030742306262254715,
        "mean_abs_cos": 0.007395468652248383,
        "mean_r2": 6.560219263002688e-05,
        "max_r2": 0.00013850904255451827,
        "r2_fraction": 0.03647885849420557,
        "n_layers": 5
      },
      "middle": {
        "mean_cos": 0.010087823282568327,
        "mean_abs_cos": 0.016570975480863125,
        "mean_r2": 0.0004284224229634192,
        "max_r2": 0.00240231068486986,
        "r2_fraction": 0.7146877405988092,
        "n_layers": 15
      },
      "late": {
        "mean_cos": 0.00042679806550343833,
        "mean_abs_cos": 0.010001631733030081,
        "mean_r2": 0.0001491641768494274,
        "max_r2": 0.0005089310117380209,
        "r2_fraction": 0.24883340090698525,
        "n_layers": 15
      }
    },
    "normalized_entropy": 0.7603895299545519,