{
  "dim_name": "12_expertise",
  "dim_id": 12,
  "reading_profile": {
    "probe_type": "reading",
    "n_layers": 35,
    "overall_mean_r2": 0.0004009245110796118,
    "overall_mean_abs_cos": 0.017700824374333023,
    "peak_layer": 40,
    "peak_cosine": -0.0391232930123806,
    "peak_abs_cosine": 0.0391232930123806,
    "peak_r2": 0.0015306320561325887,
    "onset_layer": null,
    "band_stats": {
      "early": {
        "mean_cos": -0.006378801632672548,
        "mean_abs_cos": 0.01326379580423236,
        "mean_r2": 0.00020539222547514077,
        "max_r2": 0.0003526919171305126,
        "r2_fraction": 0.07318521488605688,
        "n_layers": 5
      },
      "middle": {
        "mean_cos": -0.011260639829561114,
        "mean_abs_cos": 0.014831975055858492,
        "mean_r2": 0.0002754200989323531,
        "max_r2": 0.0007669777501190383,
        "r2_fraction": 0.29441249410985515,
        "n_layers": 15
      },
      "late": {
        "mean_cos": -0.021214534466465314,
        "mean_abs_cos": 0.022048683216174442,
        "mean_r2": 0.0005916063517616942,
        "max_r2": 0.0015306320561325887,
        "r2_fraction": 0.632402291004088,
        "n_layers": 15
      }
    },
    "normalized_entropy": 0.8848988134820871,
    "near_peak_layers": [
      33,
      40
    ],
    "near_peak_fraction": 0.05714285714285714,
    "sign_consistency": 0.8571428571428571,
    "dominant_sign": "negative",
    "profile_type": "negligible",
    "per_layer": {
      "6": {
        "cosine": 0.013285061344504356,
        "abs_cosine": 0.013285061344504356,
        "r_squared": 0.0001764928549272439
      },
      "7": {
        "cosine": -0.018517781049013138,
        "abs_cosine": 0.018517781049013138,
        "r_squared": 0.0003429082149791901
      },
      "8": {
        "cosine": -0.018780093640089035,
        "abs_cosine": 0.018780093640089035,
        "r_squared": 0.0003526919171305126
      },
      "9": {
        "cosine": 0.00392742408439517,
        "abs_cosine": 0.00392742408439517,
        "r_squared": 1.542465993868724e-05
      },
      "10": {
        "cosine": -0.011808618903160095,
        "abs_cosine": 0.011808618903160095,
        "r_squared": 0.00013944348040006993
      },
      "11": {
        "cosine": 0.018779097124934196,
        "abs_cosine": 0.018779097124934196,
        "r_squared": 0.0003526544888277118
      },
      "12": {
        "cosine": -0.020022006705403328,
        "abs_cosine": 0.020022006705403328,
        "r_squared": 0.0004008807525112158
      },
      "13": {
        "cosine": -0.009220592677593231,
        "abs_cosine": 0.009220592677593231,
        "r_squared": 8.501932932608591e-05
      },
      "14": {
        "cosine": -0.002970283618196845,
        "abs_cosine": 0.002970283618196845,
        "r_squared": 8.822584772528541e-06
      },
      "15": {
        "cosine": 0.008005917072296143,
        "abs_cosine": 0.008005917072296143,
        "r_squared": 6.409470816848284e-05
      },
      "16": {
        "cosine": -0.022192753851413727,
        "abs_cosine": 0.022192753851413727,
        "r_squared": 0.0004925183235094388
      },
      "17": {
        "cosine": -0.021954666823148727,
        "abs_cosine": 0.021954666823148727,
        "r_squared": 0.00048200739531546744
      },
      "18": {
        "cosine": -0.011415465734899044,
        "abs_cosine": 0.011415465734899044,
        "r_squared": 0.00013031285794465417
      },
      "19": {
        "cosine": -0.01404925063252449,
        "abs_cosine": 0.01404925063252449,
        "r_squared": 0.0001973814433354898
      },
      "20": {
        "cosine": -0.021373311057686806,
        "abs_cosine": 0.021373311057686806,
        "r_squared": 0.0004568184255686371
      },
      "21": {
        "cosine": -0.01669430360198021,
        "abs_cosine": 0.01669430360198021,
        "r_squared": 0.0002786997727550894
      },
      "22": {
        "cosine": -0.018708957359194756,
        "abs_cosine": 0.018708957359194756,
        "r_squared": 0.0003500250854681676
      },
      "23": {
        "cosine": -0.001465043518692255,
        "abs_cosine": 0.001465043518692255,
        "r_squared": 2.1463525116621838e-06
      },
      "24": {
        "cosine": -0.02769436314702034,
        "abs_cosine": 0.02769436314702034,
        "r_squared": 0.0007669777501190383
      },
      "25": {
        "cosine": -0.007933612912893295,
        "abs_cosine": 0.007933612912893295,
        "r_squared": 6.294221385162724e-05
      },
      "26": {
        "cosine": -0.013748464174568653,
        "abs_cosine": 0.013748464174568653,
        "r_squared": 0.00018902026715939772
      },
      "27": {
        "cosine": -0.008209828287363052,
        "abs_cosine": 0.008209828287363052,
        "r_squared": 6.740128050798655e-05
      },
      "28": {
        "cosine": -0.019134758040308952,
        "abs_cosine": 0.019134758040308952,
        "r_squared": 0.0003661389652611681
      },
      "29": {
        "cosine": -0.030477654188871384,
        "abs_cosine": 0.030477654188871384,
        "r_squared": 0.0009288874048564294
      },
      "30": {
        "cosine": -0.029863931238651276,
        "abs_cosine": 0.029863931238651276,
        "r_squared": 0.0008918543890268915
      },
      "31": {
        "cosine": -0.012256664223968983,
        "abs_cosine": 0.012256664223968983,
        "r_squared": 0.00015022581789912118
      },
      "32": {
        "cosine": -0.027206096798181534,
        "abs_cosine": 0.027206096798181534,
        "r_squared": 0.0007401717029920235
      },
      "33": {
        "cosine": -0.038012709468603134,
        "abs_cosine": 0.038012709468603134,
        "r_squared": 0.0014449660811444304
      },
      "34": {
        "cosine": -0.022798091173171997,
        "abs_cosine": 0.022798091173171997,
        "r_squared": 0.0005197529611402629
      },
      "35": {
        "cosine": -0.024318497627973557,
        "abs_cosine": 0.024318497627973557,
        "r_squared": 0.0005913893268817555
      },
      "36": {
        "cosine": -0.029388366267085075,
        "abs_cosine": 0.029388366267085075,
        "r_squared": 0.000863676071848344
      },
      "37": {
        "cosine": -0.007799745537340641,
        "abs_cosine": 0.007799745537340641,
        "r_squared": 6.0836030447265245e-05
      },
      "38": {
        "cosine": -0.022136032581329346,
        "abs_cosine": 0.022136032581329346,
        "r_squared": 0.0004900039384416743
      },
      "39": {
        "cosine": 0.00625611562281847,
        "abs_cosine": 0.00625611562281847,
        "r_squared": 3.913898268607333e-05
      },
      "40": {
        "cosine": -0.0391232930123806,
        "abs_cosine": 0.0391232930123806,
        "r_squared": 0.0015306320561325887
      }
    }
  },
  "control_profile": {
    "probe_type": "control",
    "n_layers": 35,
    "overall_mean_r2": 0.003410035445655748,
    "overall_mean_abs_cos": 0.04973399176129273,
    "peak_layer": 14,
    "peak_cosine": -0.11178199201822281,
    "peak_abs_cosine": 0.11178199201822281,
    "peak_r2": 0.012495213739562028,
    "onset_layer": 6,
    "band_stats": {
      "early": {
        "mean_cos": -0.0874110296368599,
        "mean_abs_cos": 0.0874110296368599,
        "mean_r2": 0.007896490634120424,
        "max_r2": 0.012042166951976851,
        "r2_fraction": 0.3308089046481171,
        "n_layers": 5
      },
      "middle": {
        "mean_cos": -0.06109159414966901,
        "mean_abs_cos": 0.06109159414966901,
        "mean_r2": 0.0044845988392787535,
        "max_r2": 0.012495213739562028,
        "r2_fraction": 0.5636219804014008,
        "n_layers": 15
      },
      "late": {
        "mean_cos": -0.025817376747727393,
        "mean_abs_cos": 0.025817376747727393,
        "mean_r2": 0.0008399869892111842,
        "max_r2": 0.0025262450931373692,
        "r2_fraction": 0.10556911495048217,
        "n_layers": 15
      }
    },
    "normalized_entropy": 0.8486154279297434,