{
  "dim_name": "21_sysprompt_talkto_ai",
  "dim_id": 21,
  "reading_profile": {
    "probe_type": "reading",
    "n_layers": 35,
    "overall_mean_r2": 0.00044870091828271046,
    "overall_mean_abs_cos": 0.018280792434857824,
    "peak_layer": 7,
    "peak_cosine": -0.0366368442773819,
    "peak_abs_cosine": 0.0366368442773819,
    "peak_r2": 0.0013422583586051307,
    "onset_layer": null,
    "band_stats": {
      "early": {
        "mean_cos": -0.018145041912794112,
        "mean_abs_cos": 0.02059269044548273,
        "mean_r2": 0.0005683512992105115,
        "max_r2": 0.0013422583586051307,
        "r2_fraction": 0.18095136300390172,
        "n_layers": 5
      },
      "middle": {
        "mean_cos": -0.015262063396221492,
        "mean_abs_cos": 0.016577694989488617,
        "mean_r2": 0.00037371714822163616,
        "max_r2": 0.0012423085931174832,
        "r2_fraction": 0.3569515585302925,
        "n_layers": 15
      },
      "late": {
        "mean_cos": -0.018796625477261842,
        "mean_abs_cos": 0.019213257210018733,
        "mean_r2": 0.0004838012280345179,
        "max_r2": 0.0012663564660831406,
        "r2_fraction": 0.46209707846580583,
        "n_layers": 15
      }
    },
    "normalized_entropy": 0.879540812796339,
    "near_peak_layers": [
      7,
      12,
      16,
      30,
      33,
      40
    ],
    "near_peak_fraction": 0.17142857142857143,
    "sign_consistency": 0.8857142857142857,
    "dominant_sign": "negative",
    "profile_type": "negligible",
    "per_layer": {
      "6": {
        "cosine": 0.006119121331721544,
        "abs_cosine": 0.006119121331721544,
        "r_squared": 3.7443645872329645e-05
      },
      "7": {
        "cosine": -0.0366368442773819,
        "abs_cosine": 0.0366368442773819,
        "r_squared": 0.0013422583586051307
      },
      "8": {
        "cosine": -0.02930489555001259,
        "abs_cosine": 0.02930489555001259,
        "r_squared": 0.0008587769031971476
      },
      "9": {
        "cosine": -0.007520579267293215,
        "abs_cosine": 0.007520579267293215,
        "r_squared": 5.655911251564055e-05
      },
      "10": {
        "cosine": -0.02338201180100441,
        "abs_cosine": 0.02338201180100441,
        "r_squared": 0.0005467184758623095
      },
      "11": {
        "cosine": 0.009867236949503422,
        "abs_cosine": 0.009867236949503422,
        "r_squared": 9.736236501764559e-05
      },
      "12": {
        "cosine": -0.03134820982813835,
        "abs_cosine": 0.03134820982813835,
        "r_squared": 0.00098271025942899
      },
      "13": {
        "cosine": -0.013067311607301235,
        "abs_cosine": 0.013067311607301235,
        "r_squared": 0.0001707546326423096
      },
      "14": {
        "cosine": -0.01020741369575262,
        "abs_cosine": 0.01020741369575262,
        "r_squared": 0.00010419129435623817
      },
      "15": {
        "cosine": -0.0009303890401497483,
        "abs_cosine": 0.0009303890401497483,
        "r_squared": 8.6562376603077e-07
      },
      "16": {
        "cosine": -0.03524639829993248,
        "abs_cosine": 0.03524639829993248,
        "r_squared": 0.0012423085931174832
      },
      "17": {
        "cosine": -0.028170699253678322,
        "abs_cosine": 0.028170699253678322,
        "r_squared": 0.0007935882964411924
      },
      "18": {
        "cosine": -0.012614716775715351,
        "abs_cosine": 0.012614716775715351,
        "r_squared": 0.0001591310793315143
      },
      "19": {
        "cosine": -0.01671692728996277,
        "abs_cosine": 0.01671692728996277,
        "r_squared": 0.00027945565801790195
      },
      "20": {
        "cosine": -0.022879568859934807,
        "abs_cosine": 0.022879568859934807,
        "r_squared": 0.0005234746712164985
      },
      "21": {
        "cosine": -0.016940917819738388,
        "abs_cosine": 0.016940917819738388,
        "r_squared": 0.00028699469657512966
      },
      "22": {
        "cosine": -0.016138125211000443,
        "abs_cosine": 0.016138125211000443,
        "r_squared": 0.0002604390853259281
      },
      "23": {
        "cosine": -0.00011199173604836687,
        "abs_cosine": 0.00011199173604836687,
        "r_squared": 1.2542148943127076e-08
      },
      "24": {
        "cosine": -0.024693075567483902,
        "abs_cosine": 0.024693075567483902,
        "r_squared": 0.0006097479809814704
      },
      "25": {
        "cosine": -0.009732442907989025,
        "abs_cosine": 0.009732442907989025,
        "r_squared": 9.472044495726587e-05
      },
      "26": {
        "cosine": -0.011119469068944454,
        "abs_cosine": 0.011119469068944454,
        "r_squared": 0.00012364259237521245
      },
      "27": {
        "cosine": -0.0034667670261114836,
        "abs_cosine": 0.0034667670261114836,
        "r_squared": 1.201847361333386e-05
      },
      "28": {
        "cosine": -0.018810603767633438,
        "abs_cosine": 0.018810603767633438,
        "r_squared": 0.0003538388141029053
      },
      "29": {
        "cosine": -0.027405301108956337,
        "abs_cosine": 0.027405301108956337,
        "r_squared": 0.0007510505288725634
      },
      "30": {
        "cosine": -0.029405968263745308,
        "abs_cosine": 0.029405968263745308,
        "r_squared": 0.0008647109695283962
      },
      "31": {
        "cosine": 0.0014789538690820336,
        "abs_cosine": 0.0014789538690820336,
        "r_squared": 2.187304546872717e-06
      },
      "32": {
        "cosine": -0.022327685728669167,
        "abs_cosine": 0.022327685728669167,
        "r_squared": 0.0004985255499982168
      },
      "33": {
        "cosine": -0.03150032088160515,
        "abs_cosine": 0.03150032088160515,
        "r_squared": 0.0009922702156440893
      },
      "34": {
        "cosine": -0.02328953891992569,
        "abs_cosine": 0.02328953891992569,
        "r_squared": 0.0005424026231027335
      },
      "35": {
        "cosine": -0.02141902782022953,
        "abs_cosine": 0.02141902782022953,
        "r_squared": 0.0004587747527637666
      },
      "36": {
        "cosine": -0.02372859977185726,
        "abs_cosine": 0.02372859977185726,
        "r_squared": 0.0005630464471329845
      },
      "37": {
        "cosine": -0.010127957910299301,
        "abs_cosine": 0.010127957910299301,
        "r_squared": 0.00010257553143279419
      },
      "38": {
        "cosine": -0.02688697725534439,
        "abs_cosine": 0.02688697725534439,
        "r_squared": 0.0007229095459294066
      },
      "39": {
        "cosine": 0.0016457841265946627,
        "abs_cosine": 0.0016457841265946627,
        "r_squared": 2.7086053913509566e-06
      },
      "40": {
        "cosine": -0.035585902631282806,
        "abs_cosine": 0.035585902631282806,
        "r_squared": 0.0012663564660831406
      }
    }
  },
  "control_profile": {
    "probe_type": "control",
    "n_layers": 35,
    "overall_mean_r2": 0.0035637413349579906,
    "overall_mean_abs_cos": 0.05058016231549638,
    "peak_layer": 11,
    "peak_cosine": -0.11645512282848358,
    "peak_abs_cosine": 0.11645512282848358,
    "peak_r2": 0.013561795632997198,
    "onset_layer": 6,
    "band_stats": {
      "early": {
        "mean_cos": -0.08990510180592537,
        "mean_abs_cos": 0.08990510180592537,
        "mean_r2": 0.008492626190429068,
        "max_r2": 0.012422286987936515,
        "r2_fraction": 0.34043781489341446,
        "n_layers": 5
      },
      "middle": {
        "mean_cos": -0.062057045226295786,
        "mean_abs_cos": 0.062057045226295786,
        "mean_r2": 0.004639688204798759,
        "max_r2": 0.013561795632997198,
        "r2_fraction": 0.5579635599675336,
        "n_layers": 15
      },
      "late": {
        "mean_cos": -0.02599496624122063,
        "mean_abs_cos": 0.02599496624122063,
        "mean_r2": 0.0008448328466268651,
        "max_r2": 0.002478539111749889,
        "r2_fraction": 0.10159862513905216,
        "n_layers": 15
      }
    },
    "normalized_entropy": 0.8428483645652307,