{
  "dim_name": "22_sysprompt_bare_human",
  "dim_id": 22,
  "reading_profile": {
    "probe_type": "reading",
    "n_layers": 35,
    "overall_mean_r2": 0.0003699392677309768,
    "overall_mean_abs_cos": 0.016109449665860406,
    "peak_layer": 40,
    "peak_cosine": -0.04324345663189888,
    "peak_abs_cosine": 0.04324345663189888,
    "peak_r2": 0.0018699965414749192,
    "onset_layer": null,
    "band_stats": {
      "early": {
        "mean_cos": -0.018039411632344127,
        "mean_abs_cos": 0.01949862320907414,
        "mean_r2": 0.0005084624985842061,
        "max_r2": 0.001130356494517315,
        "r2_fraction": 0.196349796125364,
        "n_layers": 5
      },
      "middle": {
        "mean_cos": -0.010207670507952571,
        "mean_abs_cos": 0.01291614753815035,
        "mean_r2": 0.000232497417573843,
        "max_r2": 0.001392218221600905,
        "r2_fraction": 0.26934623891089676,
        "n_layers": 15
      },
      "late": {
        "mean_cos": -0.01708422100637108,
        "mean_abs_cos": 0.018173027279165883,
        "mean_r2": 0.0004612067076037007,
        "max_r2": 0.0018699965414749192,
        "r2_fraction": 0.5343039649637392,
        "n_layers": 15
      }
    },
    "normalized_entropy": 0.8371161740610847,
    "near_peak_layers": [
      12,
      40
    ],
    "near_peak_fraction": 0.05714285714285714,
    "sign_consistency": 0.8285714285714286,
    "dominant_sign": "negative",
    "profile_type": "negligible",
    "per_layer": {
      "6": {
        "cosine": 0.0036480289418250322,
        "abs_cosine": 0.0036480289418250322,
        "r_squared": 1.3308115160393064e-05
      },
      "7": {
        "cosine": -0.03362077474594116,
        "abs_cosine": 0.03362077474594116,
        "r_squared": 0.001130356494517315
      },
      "8": {
        "cosine": -0.026700790971517563,
        "abs_cosine": 0.026700790971517563,
        "r_squared": 0.0007129322385046738
      },
      "9": {
        "cosine": -0.008894029073417187,
        "abs_cosine": 0.008894029073417187,
        "r_squared": 7.910375315879018e-05
      },
      "10": {
        "cosine": -0.024629492312669754,
        "abs_cosine": 0.024629492312669754,
        "r_squared": 0.0006066118915798585
      },
      "11": {
        "cosine": 0.008352980948984623,
        "abs_cosine": 0.008352980948984623,
        "r_squared": 6.977229073410005e-05
      },
      "12": {
        "cosine": -0.03731244057416916,
        "abs_cosine": 0.03731244057416916,
        "r_squared": 0.001392218221600905
      },
      "13": {
        "cosine": -0.015513620339334011,
        "abs_cosine": 0.015513620339334011,
        "r_squared": 0.00024067241603299792
      },
      "14": {
        "cosine": -0.005482844077050686,
        "abs_cosine": 0.005482844077050686,
        "r_squared": 3.0061579173249788e-05
      },
      "15": {
        "cosine": 0.007201784756034613,
        "abs_cosine": 0.007201784756034613,
        "r_squared": 5.1865703672252525e-05
      },
      "16": {
        "cosine": -0.02078613080084324,
        "abs_cosine": 0.02078613080084324,
        "r_squared": 0.000432063233669764
      },
      "17": {
        "cosine": -0.015151838771998882,
        "abs_cosine": 0.015151838771998882,
        "r_squared": 0.0002295782181726486
      },
      "18": {
        "cosine": -0.0028819360304623842,
        "abs_cosine": 0.0028819360304623842,
        "r_squared": 8.305555283677284e-06
      },
      "19": {
        "cosine": -0.009906843304634094,
        "abs_cosine": 0.009906843304634094,
        "r_squared": 9.814554426257338e-05
      },
      "20": {
        "cosine": -0.016277309507131577,
        "abs_cosine": 0.016277309507131577,
        "r_squared": 0.000264950804790956
      },
      "21": {
        "cosine": -0.00876674521714449,
        "abs_cosine": 0.00876674521714449,
        "r_squared": 7.685582170232578e-05
      },
      "22": {
        "cosine": -0.014024035073816776,
        "abs_cosine": 0.014024035073816776,
        "r_squared": 0.00019667355975164311
      },
      "23": {
        "cosine": 0.004758812021464109,
        "abs_cosine": 0.004758812021464109,
        "r_squared": 2.2646291855631323e-05
      },
      "24": {
        "cosine": -0.014066902920603752,
        "abs_cosine": 0.014066902920603752,
        "r_squared": 0.00019787775777769037
      },
      "25": {
        "cosine": -0.013257988728582859,
        "abs_cosine": 0.013257988728582859,
        "r_squared": 0.00017577426512723014
      },
      "26": {
        "cosine": -0.008577853441238403,
        "abs_cosine": 0.008577853441238403,
        "r_squared": 7.357956965936552e-05
      },
      "27": {
        "cosine": 0.0011261228937655687,
        "abs_cosine": 0.0011261228937655687,
        "r_squared": 1.2681527718629384e-06
      },
      "28": {
        "cosine": -0.011702141724526882,
        "abs_cosine": 0.011702141724526882,
        "r_squared": 0.000136940120940913
      },
      "29": {
        "cosine": -0.024342678487300873,
        "abs_cosine": 0.024342678487300873,
        "r_squared": 0.0005925659959361007
      },
      "30": {
        "cosine": -0.02469487115740776,
        "abs_cosine": 0.02469487115740776,
        "r_squared": 0.0006098366614809697
      },
      "31": {
        "cosine": -0.0005812837043777108,
        "abs_cosine": 0.0005812837043777108,
        "r_squared": 3.378907449750739e-07
      },
      "32": {
        "cosine": -0.01596752554178238,
        "abs_cosine": 0.01596752554178238,
        "r_squared": 0.00025496187192747266
      },
      "33": {
        "cosine": -0.03258005157113075,
        "abs_cosine": 0.03258005157113075,
        "r_squared": 0.0010614597603775394
      },
      "34": {
        "cosine": -0.02218881994485855,
        "abs_cosine": 0.02218881994485855,
        "r_squared": 0.0004923437305453526
      },
      "35": {
        "cosine": -0.016244111582636833,
        "abs_cosine": 0.016244111582636833,
        "r_squared": 0.0002638711611091561
      },
      "36": {
        "cosine": -0.022506840527057648,
        "abs_cosine": 0.022506840527057648,
        "r_squared": 0.0005065578705104046
      },
      "37": {
        "cosine": -0.012800106778740883,
        "abs_cosine": 0.012800106778740883,
        "r_squared": 0.0001638427335471683
      },
      "38": {
        "cosine": -0.02899962104856968,
        "abs_cosine": 0.02899962104856968,
        "r_squared": 0.0008409780209606456
      },
      "39": {
        "cosine": 0.007039924152195454,
        "abs_cosine": 0.007039924152195454,
        "r_squared": 4.956053206866488e-05
      },
      "40": {
        "cosine": -0.04324345663189888,
        "abs_cosine": 0.04324345663189888,
        "r_squared": 0.0018699965414749192
      }
    }
  },
  "control_profile": {
    "probe_type": "control",
    "n_layers": 35,
    "overall_mean_r2": 0.00250444597478494,
    "overall_mean_abs_cos": 0.04270851334024753,
    "peak_layer": 11,
    "peak_cosine": -0.10359834134578705,
    "peak_abs_cosine": 0.10359834134578705,
    "peak_r2": 0.01073261632959821,
    "onset_layer": 7,
    "band_stats": {
      "early": {
        "mean_cos": -0.06812755018472672,
        "mean_abs_cos": 0.06812755018472672,
        "mean_r2": 0.0049493276667701095,
        "max_r2": 0.0075056053254596855,
        "r2_fraction": 0.282316654724126,
        "n_layers": 5
      },
      "middle": {
        "mean_cos": -0.051688084254662196,
        "mean_abs_cos": 0.051688084254662196,
        "mean_r2": 0.0033811955980968616,
        "max_r2": 0.01073261632959821,
        "r2_fraction": 0.5786045466124429,
        "n_layers": 15
      },
      "late": {
        "mean_cos": -0.0252559301443398,
        "mean_abs_cos": 0.0252559301443398,
        "mean_r2": 0.0008127357874779618,
        "max_r2": 0.002040178956978167,
        "r2_fraction": 0.1390787986634311,
        "n_layers": 15
      }
    },
    "normalized_entropy": 0.8485616674429259,