{
  "dim_name": "6_cognitive",
  "dim_id": 6,
  "reading_profile": {
    "probe_type": "reading",
    "n_layers": 35,
    "overall_mean_r2": 0.0004249997967454361,
    "overall_mean_abs_cos": 0.01798417428175786,
    "peak_layer": 40,
    "peak_cosine": -0.04261677712202072,
    "peak_abs_cosine": 0.04261677712202072,
    "peak_r2": 0.0018161896922679888,
    "onset_layer": null,
    "band_stats": {
      "early": {
        "mean_cos": -0.00726475166156888,
        "mean_abs_cos": 0.013348562922328711,
        "mean_r2": 0.00021686427840329677,
        "max_r2": 0.00038046419788537525,
        "r2_fraction": 0.07289559062784105,
        "n_layers": 5
      },
      "middle": {
        "mean_cos": -0.012144082264664272,
        "mean_abs_cos": 0.01511415782539795,
        "mean_r2": 0.0002943356893802617,
        "max_r2": 0.0007374728698587886,
        "r2_fraction": 0.2968092404825594,
        "n_layers": 15
      },
      "late": {
        "mean_cos": -0.021719360599915187,
        "mean_abs_cos": 0.02239939452459415,
        "mean_r2": 0.000625042410224657,
        "max_r2": 0.0018161896922679888,
        "r2_fraction": 0.6302951688895996,
        "n_layers": 15
      }
    },
    "normalized_entropy": 0.8760276213336982,
    "near_peak_layers": [
      33,
      40
    ],
    "near_peak_fraction": 0.05714285714285714,
    "sign_consistency": 0.8285714285714286,
    "dominant_sign": "negative",
    "profile_type": "negligible",
    "per_layer": {
      "6": {
        "cosine": 0.013214796781539917,
        "abs_cosine": 0.013214796781539917,
        "r_squared": 0.00017463085397739775
      },
      "7": {
        "cosine": -0.019505491480231285,
        "abs_cosine": 0.019505491480231285,
        "r_squared": 0.00038046419788537525
      },
      "8": {
        "cosine": -0.01849961280822754,
        "abs_cosine": 0.01849961280822754,
        "r_squared": 0.0003422356740543364
      },
      "9": {
        "cosine": 0.001994731370359659,
        "abs_cosine": 0.001994731370359659,
        "r_squared": 3.978953239896924e-06
      },
      "10": {
        "cosine": -0.013528182171285152,
        "abs_cosine": 0.013528182171285152,
        "r_squared": 0.00018301171285947746
      },
      "11": {
        "cosine": 0.016523877158761024,
        "abs_cosine": 0.016523877158761024,
        "r_squared": 0.0002730385163578243
      },
      "12": {
        "cosine": -0.02442888543009758,
        "abs_cosine": 0.02442888543009758,
        "r_squared": 0.0005967704433568338
      },
      "13": {
        "cosine": -0.010766001418232918,
        "abs_cosine": 0.010766001418232918,
        "r_squared": 0.0001159067865373932
      },
      "14": {
        "cosine": -0.003208009758964181,
        "abs_cosine": 0.003208009758964181,
        "r_squared": 1.0291326613609422e-05
      },
      "15": {
        "cosine": 0.0056174383498728275,
        "abs_cosine": 0.0056174383498728275,
        "r_squared": 3.1555613614621955e-05
      },
      "16": {
        "cosine": -0.02478405088186264,
        "abs_cosine": 0.02478405088186264,
        "r_squared": 0.0006142491781147563
      },
      "17": {
        "cosine": -0.024190852418541908,
        "abs_cosine": 0.024190852418541908,
        "r_squared": 0.0005851973407356749
      },
      "18": {
        "cosine": -0.010650942102074623,
        "abs_cosine": 0.010650942102074623,
        "r_squared": 0.00011344256766174579
      },
      "19": {
        "cosine": -0.015695147216320038,
        "abs_cosine": 0.015695147216320038,
        "r_squared": 0.00024633764614195863
      },
      "20": {
        "cosine": -0.021150704473257065,
        "abs_cosine": 0.021150704473257065,
        "r_squared": 0.0004473522997150564
      },
      "21": {
        "cosine": -0.015790259465575218,
        "abs_cosine": 0.015790259465575218,
        "r_squared": 0.0002493322939901878
      },
      "22": {
        "cosine": -0.017773065716028214,
        "abs_cosine": 0.017773065716028214,
        "r_squared": 0.0003158818649462575
      },
      "23": {
        "cosine": 0.00013425119686871767,
        "abs_cosine": 0.00013425119686871767,
        "r_squared": 1.802338386068319e-08
      },
      "24": {
        "cosine": -0.02715645171701908,
        "abs_cosine": 0.02715645171701908,
        "r_squared": 0.0007374728698587886
      },
      "25": {
        "cosine": -0.00884243007749319,
        "abs_cosine": 0.00884243007749319,
        "r_squared": 7.818856967535624e-05
      },
      "26": {
        "cosine": -0.014755848795175552,
        "abs_cosine": 0.014755848795175552,
        "r_squared": 0.0002177350736660838
      },
      "27": {
        "cosine": -0.00730075454339385,
        "abs_cosine": 0.00730075454339385,
        "r_squared": 5.330101690288595e-05
      },
      "28": {
        "cosine": -0.018464121967554092,
        "abs_cosine": 0.018464121967554092,
        "r_squared": 0.0003409238000327136
      },
      "29": {
        "cosine": -0.03225236386060715,
        "abs_cosine": 0.03225236386060715,
        "r_squared": 0.001040214974596998
      },
      "30": {
        "cosine": -0.031141865998506546,
        "abs_cosine": 0.031141865998506546,
        "r_squared": 0.0009698158178689381
      },
      "31": {
        "cosine": -0.012644195929169655,
        "abs_cosine": 0.012644195929169655,
        "r_squared": 0.00015987569069523047
      },
      "32": {
        "cosine": -0.028526386246085167,
        "abs_cosine": 0.028526386246085167,
        "r_squared": 0.000813754712260837
      },
      "33": {
        "cosine": -0.03823595866560936,
        "abs_cosine": 0.03823595866560936,
        "r_squared": 0.0014619885350781875
      },
      "34": {
        "cosine": -0.02000793255865574,
        "abs_cosine": 0.02000793255865574,
        "r_squared": 0.0004003173652717164
      },
      "35": {
        "cosine": -0.024308543652296066,
        "abs_cosine": 0.024308543652296066,
        "r_squared": 0.0005909052944955834
      },
      "36": {
        "cosine": -0.030406484380364418,
        "abs_cosine": 0.030406484380364418,
        "r_squared": 0.0009245542923733453
      },
      "37": {
        "cosine": -0.007933556102216244,
        "abs_cosine": 0.007933556102216244,
        "r_squared": 6.29413124270126e-05
      },
      "38": {
        "cosine": -0.02229587361216545,
        "abs_cosine": 0.02229587361216545,
        "r_squared": 0.0004971059801296557
      },
      "39": {
        "cosine": 0.005100254435092211,
        "abs_cosine": 0.005100254435092211,
        "r_squared": 2.6012595302677766e-05
      },
      "40": {
        "cosine": -0.04261677712202072,
        "abs_cosine": 0.04261677712202072,
        "r_squared": 0.0018161896922679888
      }
    }
  },
  "control_profile": {
    "probe_type": "control",
    "n_layers": 35,
    "overall_mean_r2": 0.00350750297365477,
    "overall_mean_abs_cos": 0.050238947583628554,
    "peak_layer": 14,
    "peak_cosine": -0.11771119385957718,
    "peak_abs_cosine": 0.11771119385957718,
    "peak_r2": 0.01385592515984696,
    "onset_layer": 6,
    "band_stats": {
      "early": {
        "mean_cos": -0.08650573790073394,
        "mean_abs_cos": 0.08650573790073394,
        "mean_r2": 0.0077235311327573,
        "max_r2": 0.011204341571673604,
        "r2_fraction": 0.31457181894965364,
        "n_layers": 5
      },
      "middle": {
        "mean_cos": -0.0630720475067695,
        "mean_abs_cos": 0.0630720475067695,
        "mean_r2": 0.004798280413457857,
        "max_r2": 0.01385592515984696,
        "r2_fraction": 0.5862877114938528,
        "n_layers": 15
      },
      "late": {
        "mean_cos": -0.02531691755478581,
        "mean_abs_cos": 0.02531691755478581,
        "mean_r2": 0.0008113828141508388,
        "max_r2": 0.00247421043504982,
        "r2_fraction": 0.09914046955649344,
        "n_layers": 15
      }
    },
    "normalized_entropy": 0.8459364501333975,