{
  "dim_name": "7_social",
  "dim_id": 7,
  "reading_profile": {
    "probe_type": "reading",
    "n_layers": 35,
    "overall_mean_r2": 0.00039328651154163697,
    "overall_mean_abs_cos": 0.017199763731748266,
    "peak_layer": 40,
    "peak_cosine": -0.039817579090595245,
    "peak_abs_cosine": 0.039817579090595245,
    "peak_r2": 0.0015854396046358077,
    "onset_layer": null,
    "band_stats": {
      "early": {
        "mean_cos": -0.008285210095345974,
        "mean_abs_cos": 0.013922608084976673,
        "mean_r2": 0.00023998604977898286,
        "max_r2": 0.00040216394178355444,
        "r2_fraction": 0.08717238041703843,
        "n_layers": 5
      },
      "middle": {
        "mean_cos": -0.011998076559393667,
        "mean_abs_cos": 0.01485715482752615,
        "mean_r2": 0.0002911374983868267,
        "max_r2": 0.000709512256607106,
        "r2_fraction": 0.3172578004398319,
        "n_layers": 15
      },
      "late": {
        "mean_cos": -0.019961464342971642,
        "mean_abs_cos": 0.020634757851560912,
        "mean_r2": 0.0005465356786173319,
        "max_r2": 0.0015854396046358077,
        "r2_fraction": 0.5955698191431298,
        "n_layers": 15
      }
    },
    "normalized_entropy": 0.8758924479532257,
    "near_peak_layers": [
      33,
      40
    ],
    "near_peak_fraction": 0.05714285714285714,
    "sign_consistency": 0.8285714285714286,
    "dominant_sign": "negative",
    "profile_type": "negligible",
    "per_layer": {
      "6": {
        "cosine": 0.012479608878493309,
        "abs_cosine": 0.012479608878493309,
        "r_squared": 0.00015574063776016903
      },
      "7": {
        "cosine": -0.020054025575518608,
        "abs_cosine": 0.020054025575518608,
        "r_squared": 0.00040216394178355444
      },
      "8": {
        "cosine": -0.020026173442602158,
        "abs_cosine": 0.020026173442602158,
        "r_squared": 0.00040104762275318395
      },
      "9": {
        "cosine": 0.0016138860955834389,
        "abs_cosine": 0.0016138860955834389,
        "r_squared": 2.604628329517557e-06
      },
      "10": {
        "cosine": -0.015439346432685852,
        "abs_cosine": 0.015439346432685852,
        "r_squared": 0.00023837341826848935
      },
      "11": {
        "cosine": 0.015384106896817684,
        "abs_cosine": 0.015384106896817684,
        "r_squared": 0.00023667074501271344
      },
      "12": {
        "cosine": -0.023592162877321243,
        "abs_cosine": 0.023592162877321243,
        "r_squared": 0.0005565901492300546
      },
      "13": {
        "cosine": -0.009570375084877014,
        "abs_cosine": 0.009570375084877014,
        "r_squared": 9.159207926523472e-05
      },
      "14": {
        "cosine": -0.0019648666493594646,
        "abs_cosine": 0.0019648666493594646,
        "r_squared": 3.860700949765089e-06
      },
      "15": {
        "cosine": 0.005858898628503084,
        "abs_cosine": 0.005858898628503084,
        "r_squared": 3.432669313907532e-05
      },
      "16": {
        "cosine": -0.026636671274900436,
        "abs_cosine": 0.026636671274900436,
        "r_squared": 0.000709512256607106
      },
      "17": {
        "cosine": -0.025890102609992027,
        "abs_cosine": 0.025890102609992027,
        "r_squared": 0.000670297413155916
      },
      "18": {
        "cosine": -0.012666621245443821,
        "abs_cosine": 0.012666621245443821,
        "r_squared": 0.00016044329377552877
      },
      "19": {
        "cosine": -0.014551150612533092,
        "abs_cosine": 0.014551150612533092,
        "r_squared": 0.0002117359841486222
      },
      "20": {
        "cosine": -0.019794180989265442,
        "abs_cosine": 0.019794180989265442,
        "r_squared": 0.00039180960103579743
      },
      "21": {
        "cosine": -0.015283450484275818,
        "abs_cosine": 0.015283450484275818,
        "r_squared": 0.00023358385870531073
      },
      "22": {
        "cosine": -0.017988335341215134,
        "abs_cosine": 0.017988335341215134,
        "r_squared": 0.0003235802083480094
      },
      "23": {
        "cosine": 0.0002000814856728539,
        "abs_cosine": 0.0002000814856728539,
        "r_squared": 4.0032600909056435e-08
      },
      "24": {
        "cosine": -0.026295552030205727,
        "abs_cosine": 0.026295552030205727,
        "r_squared": 0.0006914560565732565
      },
      "25": {
        "cosine": -0.007180766202509403,
        "abs_cosine": 0.007180766202509403,
        "r_squared": 5.1563403255101316e-05
      },
      "26": {
        "cosine": -0.013148842379450798,
        "abs_cosine": 0.013148842379450798,
        "r_squared": 0.00017289205591964132
      },
      "27": {
        "cosine": -0.005774653051048517,
        "abs_cosine": 0.005774653051048517,
        "r_squared": 3.334661785998395e-05
      },
      "28": {
        "cosine": -0.01573350839316845,
        "abs_cosine": 0.01573350839316845,
        "r_squared": 0.00024754328635790204
      },
      "29": {
        "cosine": -0.029459545388817787,
        "abs_cosine": 0.029459545388817787,
        "r_squared": 0.0008678648145158153
      },
      "30": {
        "cosine": -0.028612826019525528,
        "abs_cosine": 0.028612826019525528,
        "r_squared": 0.0008186938128236371
      },
      "31": {
        "cosine": -0.007519872859120369,
        "abs_cosine": 0.007519872859120369,
        "r_squared": 5.654848781733515e-05
      },
      "32": {
        "cosine": -0.0245226938277483,
        "abs_cosine": 0.0245226938277483,
        "r_squared": 0.0006013625125694845
      },
      "33": {
        "cosine": -0.03563923016190529,
        "abs_cosine": 0.03563923016190529,
        "r_squared": 0.0012701547265332597
      },
      "34": {
        "cosine": -0.022537298500537872,
        "abs_cosine": 0.022537298500537872,
        "r_squared": 0.0005079298237023466
      },
      "35": {
        "cosine": -0.023109251633286476,
        "abs_cosine": 0.023109251633286476,
        "r_squared": 0.0005340375110505537
      },
      "36": {
        "cosine": -0.030936144292354584,
        "abs_cosine": 0.030936144292354584,
        "r_squared": 0.0009570450236773831
      },
      "37": {
        "cosine": -0.0055496059358119965,
        "abs_cosine": 0.0055496059358119965,
        "r_squared": 3.0798126042799745e-05
      },
      "38": {
        "cosine": -0.02211061492562294,
        "abs_cosine": 0.02211061492562294,
        "r_squared": 0.0004888792923891799
      },
      "39": {
        "cosine": 0.005049701314419508,
        "abs_cosine": 0.005049701314419508,
        "r_squared": 2.5499483364850107e-05
      },
      "40": {
        "cosine": -0.039817579090595245,
        "abs_cosine": 0.039817579090595245,
        "r_squared": 0.0015854396046358077
      }
    }
  },
  "control_profile": {
    "probe_type": "control",
    "n_layers": 35,
    "overall_mean_r2": 0.0030675329883675375,
    "overall_mean_abs_cos": 0.046714204363524914,
    "peak_layer": 14,
    "peak_cosine": -0.1076434776186943,
    "peak_abs_cosine": 0.1076434776186943,
    "peak_r2": 0.011587118273846342,
    "onset_layer": 6,
    "band_stats": {
      "early": {
        "mean_cos": -0.0820951022207737,
        "mean_abs_cos": 0.0820951022207737,
        "mean_r2": 0.006988815983405186,
        "max_r2": 0.010488197966398938,
        "r2_fraction": 0.3254740167847134,
        "n_layers": 5
      },
      "middle": {
        "mean_cos": -0.0580810851107041,
        "mean_abs_cos": 0.0580810851107041,
        "mean_r2": 0.004099415550148882,
        "max_r2": 0.011587118273846342,
        "r2_fraction": 0.5727378924033049,
        "n_layers": 15
      },
      "late": {
        "mean_cos": -0.023553690997262795,
        "mean_abs_cos": 0.023553690997262795,
        "mean_r2": 0.0007285560949069776,
        "max_r2": 0.0023162033990831166,
        "r2_fraction": 0.10178809081198174,
        "n_layers": 15
      }
    },
    "normalized_entropy": 0.8428541418059472,