{
  "dim_name": "12_expertise",
  "dim_id": 12,
  "reading_profile": {
    "probe_type": "reading",
    "n_layers": 35,
    "overall_mean_r2": 0.0007368808892215441,
    "overall_mean_abs_cos": 0.02055469032909189,
    "peak_layer": 7,
    "peak_cosine": -0.07573758065700531,
    "peak_abs_cosine": 0.07573758065700531,
    "peak_r2": 0.005736181123776385,
    "onset_layer": 6,
    "band_stats": {
      "early": {
        "mean_cos": -0.05166670233011246,
        "mean_abs_cos": 0.05166670233011246,
        "mean_r2": 0.0031538176001527085,
        "max_r2": 0.005736181123776385,
        "r2_fraction": 0.6114222502450187,
        "n_layers": 5
      },
      "middle": {
        "mean_cos": 0.009275027380014459,
        "mean_abs_cos": 0.015226295264437795,
        "mean_r2": 0.00027897950415333957,
        "max_r2": 0.0007255878444106835,
        "r2_fraction": 0.16225504879554406,
        "n_layers": 15
      },
      "late": {
        "mean_cos": 0.005983670940622687,
        "mean_abs_cos": 0.015512414726739128,
        "mean_r2": 0.0003891367039793608,
        "max_r2": 0.002586384437953948,
        "r2_fraction": 0.22632270095943727,
        "n_layers": 15
      }
    },
    "normalized_entropy": 0.7246489911598816,
    "near_peak_layers": [
      7,
      8
    ],
    "near_peak_fraction": 0.05714285714285714,
    "sign_consistency": 0.6,
    "dominant_sign": "positive",
    "profile_type": "early-concentrated",
    "per_layer": {
      "6": {
        "cosine": -0.05996527522802353,
        "abs_cosine": 0.05996527522802353,
        "r_squared": 0.0035958342331726123
      },
      "7": {
        "cosine": -0.07573758065700531,
        "abs_cosine": 0.07573758065700531,
        "r_squared": 0.005736181123776385
      },
      "8": {
        "cosine": -0.06623312830924988,
        "abs_cosine": 0.06623312830924988,
        "r_squared": 0.004386827285629558
      },
      "9": {
        "cosine": -0.013034582138061523,
        "abs_cosine": 0.013034582138061523,
        "r_squared": 0.00016990033151387252
      },
      "10": {
        "cosine": -0.043362945318222046,
        "abs_cosine": 0.043362945318222046,
        "r_squared": 0.0018803450266711152
      },
      "11": {
        "cosine": -0.022150078788399696,
        "abs_cosine": 0.022150078788399696,
        "r_squared": 0.0004906259903323142
      },
      "12": {
        "cosine": -0.01869332045316696,
        "abs_cosine": 0.01869332045316696,
        "r_squared": 0.00034944022956479026
      },
      "13": {
        "cosine": -0.0037911098916083574,
        "abs_cosine": 0.0037911098916083574,
        "r_squared": 1.4372514210250732e-05
      },
      "14": {
        "cosine": 0.014938514679670334,
        "abs_cosine": 0.014938514679670334,
        "r_squared": 0.00022315922083472606
      },
      "15": {
        "cosine": 0.026936737820506096,
        "abs_cosine": 0.026936737820506096,
        "r_squared": 0.0007255878444106835
      },
      "16": {
        "cosine": 0.010478420183062553,
        "abs_cosine": 0.010478420183062553,
        "r_squared": 0.00010979728953281268
      },
      "17": {
        "cosine": 0.019313795492053032,
        "abs_cosine": 0.019313795492053032,
        "r_squared": 0.000373022696308848
      },
      "18": {
        "cosine": 0.014963842928409576,
        "abs_cosine": 0.014963842928409576,
        "r_squared": 0.0002239165951861133
      },
      "19": {
        "cosine": 0.011338181793689728,
        "abs_cosine": 0.011338181793689728,
        "r_squared": 0.0001285543663867572
      },
      "20": {
        "cosine": 0.016059571877121925,
        "abs_cosine": 0.016059571877121925,
        "r_squared": 0.00025790984887644544
      },
      "21": {
        "cosine": 0.024357222020626068,
        "abs_cosine": 0.024357222020626068,
        "r_squared": 0.0005932742645620714
      },
      "22": {
        "cosine": 0.006619368679821491,
        "abs_cosine": 0.006619368679821491,
        "r_squared": 4.381604171940171e-05
      },
      "23": {
        "cosine": 0.02246863767504692,
        "abs_cosine": 0.02246863767504692,
        "r_squared": 0.0005048396789725379
      },
      "24": {
        "cosine": 0.005519345868378878,
        "abs_cosine": 0.005519345868378878,
        "r_squared": 3.0463178814790987e-05
      },
      "25": {
        "cosine": 0.010766280815005302,
        "abs_cosine": 0.010766280815005302,
        "r_squared": 0.00011591280258755124
      },
      "26": {
        "cosine": 0.009384115226566792,
        "abs_cosine": 0.009384115226566792,
        "r_squared": 8.80616185854827e-05
      },
      "27": {
        "cosine": 0.03156872093677521,
        "abs_cosine": 0.03156872093677521,
        "r_squared": 0.0009965841415839893
      },
      "28": {
        "cosine": 0.013465153984725475,
        "abs_cosine": 0.013465153984725475,
        "r_squared": 0.00018131037183236835
      },
      "29": {
        "cosine": 0.0011394438333809376,
        "abs_cosine": 0.0011394438333809376,
        "r_squared": 1.2983322494298458e-06
      },
      "30": {
        "cosine": -0.011391793377697468,
        "abs_cosine": 0.011391793377697468,
        "r_squared": 0.00012977295636015188
      },
      "31": {
        "cosine": 0.05085650831460953,
        "abs_cosine": 0.05085650831460953,
        "r_squared": 0.002586384437953948
      },
      "32": {
        "cosine": 0.017882592976093292,
        "abs_cosine": 0.017882592976093292,
        "r_squared": 0.00031978713154862115
      },
      "33": {
        "cosine": 0.020402228459715843,
        "abs_cosine": 0.020402228459715843,
        "r_squared": 0.0004162509261224391
      },
      "34": {
        "cosine": -0.02328168787062168,
        "abs_cosine": 0.02328168787062168,
        "r_squared": 0.0005420369901050527
      },
      "35": {
        "cosine": -0.010366949252784252,
        "abs_cosine": 0.010366949252784252,
        "r_squared": 0.00010747363680980396
      },
      "36": {
        "cosine": -0.013853571377694607,
        "abs_cosine": 0.013853571377694607,
        "r_squared": 0.00019192143991687925
      },
      "37": {
        "cosine": -0.005564455408602953,
        "abs_cosine": 0.005564455408602953,
        "r_squared": 3.0963163994330656e-05
      },
      "38": {
        "cosine": -0.007007121108472347,
        "abs_cosine": 0.007007121108472347,
        "r_squared": 4.9099746228798737e-05
      },
      "39": {
        "cosine": 0.0028011121321469545,
        "abs_cosine": 0.0028011121321469545,
        "r_squared": 7.846229176860858e-06
      },
      "40": {
        "cosine": 0.013720766641199589,
        "abs_cosine": 0.013720766641199589,
        "r_squared": 0.00018825943722225544
      }
    }
  },
  "control_profile": {
    "probe_type": "control",
    "n_layers": 35,
    "overall_mean_r2": 0.00302790321305317,
    "overall_mean_abs_cos": 0.04237316489785111,
    "peak_layer": 6,
    "peak_cosine": 0.12696394324302673,
    "peak_abs_cosine": 0.12696394324302673,
    "peak_r2": 0.016119842883818514,
    "onset_layer": 6,
    "band_stats": {
      "early": {
        "mean_cos": 0.08398471586406231,
        "mean_abs_cos": 0.08398471586406231,
        "mean_r2": 0.008094998321244551,
        "max_r2": 0.016119842883818514,
        "r2_fraction": 0.3819238100547759,
        "n_layers": 5
      },
      "middle": {
        "mean_cos": 0.05383211042111118,
        "mean_abs_cos": 0.05383211042111118,
        "mean_r2": 0.003807360949980609,
        "max_r2": 0.01201274469928798,
        "r2_fraction": 0.5388963935128291,
        "n_layers": 15
      },
      "late": {
        "mean_cos": 0.01598859114650016,
        "mean_abs_cos": 0.017043702385853975,
        "mean_r2": 0.0005594137733952703,
        "max_r2": 0.003151081628171029,
        "r2_fraction": 0.0791797964323949,
        "n_layers": 15
      }
    },
    "normalized_entropy": 0.7855404787872281,
    "near_peak_layers": [
      6,
      13
    ],