{
  "dim_name": "15_shapes",
  "dim_id": 15,
  "reading_profile": {
    "probe_type": "reading",
    "n_layers": 35,
    "overall_mean_r2": 0.0006692936958427216,
    "overall_mean_abs_cos": 0.01878811862386231,
    "peak_layer": 7,
    "peak_cosine": -0.06865993142127991,
    "peak_abs_cosine": 0.06865993142127991,
    "peak_r2": 0.00471418618277486,
    "onset_layer": 6,
    "band_stats": {
      "early": {
        "mean_cos": -0.053193364292383194,
        "mean_abs_cos": 0.053193364292383194,
        "mean_r2": 0.003118113488397281,
        "max_r2": 0.00471418618277486,
        "r2_fraction": 0.6655445685856725,
        "n_layers": 5
      },
      "middle": {
        "mean_cos": 0.006753790347526471,
        "mean_abs_cos": 0.019081582284222045,
        "mean_r2": 0.00045738082803807394,
        "max_r2": 0.0012472236544458642,
        "r2_fraction": 0.2928764398813692,
        "n_layers": 15
      },
      "late": {
        "mean_cos": -0.0010286146697277823,
        "mean_abs_cos": 0.007026239740662276,
        "mean_r2": 6.49332994625162e-05,
        "max_r2": 0.00015271034763608086,
        "r2_fraction": 0.041578991532958375,
        "n_layers": 15
      }
    },
    "normalized_entropy": 0.7043811298537623,
    "near_peak_layers": [
      6,
      7,
      8
    ],
    "near_peak_fraction": 0.08571428571428572,
    "sign_consistency": 0.5428571428571428,
    "dominant_sign": "negative",
    "profile_type": "early-concentrated",
    "per_layer": {
      "6": {
        "cosine": -0.06252284348011017,
        "abs_cosine": 0.06252284348011017,
        "r_squared": 0.003909105956838355
      },
      "7": {
        "cosine": -0.06865993142127991,
        "abs_cosine": 0.06865993142127991,
        "r_squared": 0.00471418618277486
      },
      "8": {
        "cosine": -0.06402783840894699,
        "abs_cosine": 0.06402783840894699,
        "r_squared": 0.0040995640913222275
      },
      "9": {
        "cosine": -0.048877932131290436,
        "abs_cosine": 0.048877932131290436,
        "r_squared": 0.002389052249431034
      },
      "10": {
        "cosine": -0.021878276020288467,
        "abs_cosine": 0.021878276020288467,
        "r_squared": 0.0004786589616199294
      },
      "11": {
        "cosine": -0.010210379958152771,
        "abs_cosine": 0.010210379958152771,
        "r_squared": 0.00010425185888984778
      },
      "12": {
        "cosine": -0.030193494632840157,
        "abs_cosine": 0.030193494632840157,
        "r_squared": 0.0009116471181433473
      },
      "13": {
        "cosine": -0.03531605377793312,
        "abs_cosine": 0.03531605377793312,
        "r_squared": 0.0012472236544458642
      },
      "14": {
        "cosine": -0.005205413792282343,
        "abs_cosine": 0.005205413792282343,
        "r_squared": 2.7096332748883243e-05
      },
      "15": {
        "cosine": 0.015665829181671143,
        "abs_cosine": 0.015665829181671143,
        "r_squared": 0.00024541820394929914
      },
      "16": {
        "cosine": 0.018274975940585136,
        "abs_cosine": 0.018274975940585136,
        "r_squared": 0.0003339747456289656
      },
      "17": {
        "cosine": 0.028192972764372826,
        "abs_cosine": 0.028192972764372826,
        "r_squared": 0.0007948437132926679
      },
      "18": {
        "cosine": 0.03526110202074051,
        "abs_cosine": 0.03526110202074051,
        "r_squared": 0.0012433453157170704
      },
      "19": {
        "cosine": 0.00933681707829237,
        "abs_cosine": 0.00933681707829237,
        "r_squared": 8.717615315349207e-05
      },
      "20": {
        "cosine": 0.023772895336151123,
        "abs_cosine": 0.023772895336151123,
        "r_squared": 0.0005651505526635958
      },
      "21": {
        "cosine": 0.017560910433530807,
        "abs_cosine": 0.017560910433530807,
        "r_squared": 0.0003083855752544912
      },
      "22": {
        "cosine": 0.008358330465853214,
        "abs_cosine": 0.008358330465853214,
        "r_squared": 6.986168817641001e-05
      },
      "23": {
        "cosine": 0.02545795403420925,
        "abs_cosine": 0.02545795403420925,
        "r_squared": 0.0006481074236079111
      },
      "24": {
        "cosine": -0.011533097364008427,
        "abs_cosine": 0.011533097364008427,
        "r_squared": 0.00013301233480769812
      },
      "25": {
        "cosine": 0.0118835074827075,
        "abs_cosine": 0.0118835074827075,
        "r_squared": 0.00014121775009156515
      },
      "26": {
        "cosine": -0.0029683916363865137,
        "abs_cosine": 0.0029683916363865137,
        "r_squared": 8.811348906969405e-06
      },
      "27": {
        "cosine": 0.007200043648481369,
        "abs_cosine": 0.007200043648481369,
        "r_squared": 5.1840628540036904e-05
      },
      "28": {
        "cosine": -0.011865124106407166,
        "abs_cosine": 0.011865124106407166,
        "r_squared": 0.00014078117006044444
      },
      "29": {
        "cosine": -0.0028047796804457903,
        "abs_cosine": 0.0028047796804457903,
        "r_squared": 7.86678905584159e-06
      },
      "30": {
        "cosine": -0.010017044842243195,
        "abs_cosine": 0.010017044842243195,
        "r_squared": 0.00010034118737151099
      },
      "31": {
        "cosine": 0.012357602827250957,
        "abs_cosine": 0.012357602827250957,
        "r_squared": 0.00015271034763608086
      },
      "32": {
        "cosine": -0.008459404110908508,
        "abs_cosine": 0.008459404110908508,
        "r_squared": 7.156151791165577e-05
      },
      "33": {
        "cosine": 0.010931025259196758,
        "abs_cosine": 0.010931025259196758,
        "r_squared": 0.00011948731321719756
      },
      "34": {
        "cosine": -0.0069994740188121796,
        "abs_cosine": 0.0069994740188121796,
        "r_squared": 4.8992636540026724e-05
      },
      "35": {
        "cosine": -0.0024767075665295124,
        "abs_cosine": 0.0024767075665295124,
        "r_squared": 6.134080370104539e-06
      },
      "36": {
        "cosine": -0.004479119088500738,
        "abs_cosine": 0.004479119088500738,
        "r_squared": 2.0062507808971683e-05
      },
      "37": {
        "cosine": 0.011586025357246399,
        "abs_cosine": 0.011586025357246399,
        "r_squared": 0.00013423598357875655
      },
      "38": {
        "cosine": 0.0014952176716178656,
        "abs_cosine": 0.0014952176716178656,
        "r_squared": 2.2356758855183513e-06
      },
      "39": {
        "cosine": 0.0014122732682153583,
        "abs_cosine": 0.0014122732682153583,
        "r_squared": 1.9945157841156892e-06
      },
      "40": {
        "cosine": -0.010341363027691841,
        "abs_cosine": 0.010341363027691841,
        "r_squared": 0.00010694378927051176
      }
    }
  },
  "control_profile": {
    "probe_type": "control",
    "n_layers": 35,
    "overall_mean_r2": 0.0005201166131947246,
    "overall_mean_abs_cos": 0.018688308617233165,
    "peak_layer": 6,
    "peak_cosine": 0.051965560764074326,
    "peak_abs_cosine": 0.051965560764074326,
    "peak_r2": 0.002700419505524701,
    "onset_layer": 6,
    "band_stats": {
      "early": {
        "mean_cos": 0.009578699339181184,
        "mean_abs_cos": 0.023617251496762037,
        "mean_r2": 0.000878963205760638,
        "max_r2": 0.002700419505524701,
        "r2_fraction": 0.24141926842184802,
        "n_layers": 5
      },
      "middle": {
        "mean_cos": 0.023487329583925506,
        "mean_abs_cos": 0.023607795150019227,
        "mean_r2": 0.0006970876602071782,
        "max_r2": 0.0015253754515179296,
        "r2_fraction": 0.574393985493896,
        "n_layers": 15
      },
      "late": {
        "mean_cos": 0.003962377645075321,
        "mean_abs_cos": 0.012125841124604146,
        "mean_r2": 0.00022353003532696634,
        "max_r2": 0.0010325381862239524,
        "r2_fraction": 0.18418674608425586,
        "n_layers": 15
      }
    },
    "normalized_entropy": 0.8294830641099988,
    "near_peak_layers": [
      6
    ],