{
  "dim_name": "11_formality",
  "dim_id": 11,
  "reading_profile": {
    "probe_type": "reading",
    "n_layers": 35,
    "overall_mean_r2": 0.00042465464765743544,
    "overall_mean_abs_cos": 0.016409579659479537,
    "peak_layer": 12,
    "peak_cosine": -0.04167652130126953,
    "peak_abs_cosine": 0.04167652130126953,
    "peak_r2": 0.001736932427775173,
    "onset_layer": null,
    "band_stats": {
      "early": {
        "mean_cos": 0.007127539813518524,
        "mean_abs_cos": 0.019987290352582933,
        "mean_r2": 0.0004274270942034142,
        "max_r2": 0.0007675897707186442,
        "r2_fraction": 0.14378981554650944,
        "n_layers": 5
      },
      "middle": {
        "mean_cos": -0.015078550530597567,
        "mean_abs_cos": 0.01611230322159827,
        "mean_r2": 0.00043952471478933726,
        "max_r2": 0.001736932427775173,
        "r2_fraction": 0.4435786490241602,
        "n_layers": 15
      },
      "late": {
        "mean_cos": -0.010616588107465456,
        "mean_abs_cos": 0.015514285866326341,
        "mean_r2": 0.00040886043167687386,
        "max_r2": 0.0017056837434206162,
        "r2_fraction": 0.41263153542933023,
        "n_layers": 15
      }
    },
    "normalized_entropy": 0.8100636737750936,
    "near_peak_layers": [
      11,
      12,
      25,
      26,
      29
    ],
    "near_peak_fraction": 0.14285714285714285,
    "sign_consistency": 0.6857142857142857,
    "dominant_sign": "negative",
    "profile_type": "negligible",
    "per_layer": {
      "6": {
        "cosine": -0.012762663885951042,
        "abs_cosine": 0.012762663885951042,
        "r_squared": 0.00016288558946575896
      },
      "7": {
        "cosine": -0.019386712461709976,
        "abs_cosine": 0.019386712461709976,
        "r_squared": 0.0003758446200730209
      },
      "8": {
        "cosine": 0.0237520020455122,
        "abs_cosine": 0.0237520020455122,
        "r_squared": 0.0005641576011700157
      },
      "9": {
        "cosine": 0.01632966287434101,
        "abs_cosine": 0.01632966287434101,
        "r_squared": 0.00026665788958963113
      },
      "10": {
        "cosine": 0.02770541049540043,
        "abs_cosine": 0.02770541049540043,
        "r_squared": 0.0007675897707186442
      },
      "11": {
        "cosine": -0.0381462536752224,
        "abs_cosine": 0.0381462536752224,
        "r_squared": 0.0014551366694544182
      },
      "12": {
        "cosine": -0.04167652130126953,
        "abs_cosine": 0.04167652130126953,
        "r_squared": 0.001736932427775173
      },
      "13": {
        "cosine": -0.006790144369006157,
        "abs_cosine": 0.006790144369006157,
        "r_squared": 4.610606055194602e-05
      },
      "14": {
        "cosine": -0.0034072170965373516,
        "abs_cosine": 0.0034072170965373516,
        "r_squared": 1.160912834293642e-05
      },
      "15": {
        "cosine": -0.009290505200624466,
        "abs_cosine": 0.009290505200624466,
        "r_squared": 8.631348688283025e-05
      },
      "16": {
        "cosine": -0.022417379543185234,
        "abs_cosine": 0.022417379543185234,
        "r_squared": 0.0005025389055832198
      },
      "17": {
        "cosine": -0.008284332230687141,
        "abs_cosine": 0.008284332230687141,
        "r_squared": 6.863016050840179e-05
      },
      "18": {
        "cosine": -0.004043456166982651,
        "abs_cosine": 0.004043456166982651,
        "r_squared": 1.634953777431003e-05
      },
      "19": {
        "cosine": -0.007176975719630718,
        "abs_cosine": 0.007176975719630718,
        "r_squared": 5.1508980480168866e-05
      },
      "20": {
        "cosine": 0.0018738869111984968,
        "abs_cosine": 0.0018738869111984968,
        "r_squared": 3.511452155961043e-06
      },
      "21": {
        "cosine": 0.005879258271306753,
        "abs_cosine": 0.005879258271306753,
        "r_squared": 3.456567782072887e-05
      },
      "22": {
        "cosine": -0.007332623936235905,
        "abs_cosine": 0.007332623936235905,
        "r_squared": 5.376737379025973e-05
      },
      "23": {
        "cosine": -0.020544983446598053,
        "abs_cosine": 0.020544983446598053,
        "r_squared": 0.000422096344820988
      },
      "24": {
        "cosine": -0.031201617792248726,
        "abs_cosine": 0.031201617792248726,
        "r_squared": 0.0009735409528535723
      },
      "25": {
        "cosine": -0.03361939266324043,
        "abs_cosine": 0.03361939266324043,
        "r_squared": 0.0011302635630451446
      },
      "26": {
        "cosine": -0.04129992425441742,
        "abs_cosine": 0.04129992425441742,
        "r_squared": 0.0017056837434206162
      },
      "27": {
        "cosine": -0.029808662831783295,
        "abs_cosine": 0.029808662831783295,
        "r_squared": 0.0008885563798189389
      },
      "28": {
        "cosine": -0.020388612523674965,
        "abs_cosine": 0.020388612523674965,
        "r_squared": 0.0004156955206405556
      },
      "29": {
        "cosine": -0.03735837712883949,
        "abs_cosine": 0.03735837712883949,
        "r_squared": 0.0013956483417005977
      },
      "30": {
        "cosine": -0.0239592045545578,
        "abs_cosine": 0.0239592045545578,
        "r_squared": 0.0005740434828871432
      },
      "31": {
        "cosine": 0.002043955959379673,
        "abs_cosine": 0.002043955959379673,
        "r_squared": 4.1777559638836795e-06
      },
      "32": {
        "cosine": -0.022256573662161827,
        "abs_cosine": 0.022256573662161827,
        "r_squared": 0.0004953550711792355
      },
      "33": {
        "cosine": -0.006055607460439205,
        "abs_cosine": 0.006055607460439205,
        "r_squared": 3.667038171492696e-05
      },
      "34": {
        "cosine": -0.0009624558733776212,
        "abs_cosine": 0.0009624558733776212,
        "r_squared": 9.263213081990796e-07
      },
      "35": {
        "cosine": -0.013892136514186859,
        "abs_cosine": 0.013892136514186859,
        "r_squared": 0.00019299145692880382
      },
      "36": {
        "cosine": 0.0007899124757386744,
        "abs_cosine": 0.0007899124757386744,
        "r_squared": 6.239617193276019e-07
      },
      "37": {
        "cosine": 0.015176028944551945,
        "abs_cosine": 0.015176028944551945,
        "r_squared": 0.00023031185452587841
      },
      "38": {
        "cosine": 0.001513478229753673,
        "abs_cosine": 0.001513478229753673,
        "r_squared": 2.290616351938312e-06
      },
      "39": {
        "cosine": 0.004030261188745499,
        "abs_cosine": 0.004030261188745499,
        "r_squared": 1.624300524950828e-05
      },
      "40": {
        "cosine": 0.013179096393287182,
        "abs_cosine": 0.013179096393287182,
        "r_squared": 0.0001736885817435552
      }
    }
  },
  "control_profile": {
    "probe_type": "control",
    "n_layers": 35,
    "overall_mean_r2": 0.0006062067934164075,
    "overall_mean_abs_cos": 0.022317941693056908,
    "peak_layer": 9,
    "peak_cosine": -0.047331489622592926,
    "peak_abs_cosine": 0.047331489622592926,
    "peak_r2": 0.002240269909893622,
    "onset_layer": null,
    "band_stats": {
      "early": {
        "mean_cos": -0.01809125770814717,
        "mean_abs_cos": 0.02349976901896298,
        "mean_r2": 0.0009295405150668691,
        "max_r2": 0.002240269909893622,
        "r2_fraction": 0.219053140932379,
        "n_layers": 5
      },
      "middle": {
        "mean_cos": -0.013989936653524637,
        "mean_abs_cos": 0.02053230352078875,
        "mean_r2": 0.0004937292461900115,
        "max_r2": 0.0012409728123861236,
        "r2_fraction": 0.34905291505336117,
        "n_layers": 15
      },
      "late": {
        "mean_cos": -0.023709637423356373,
        "mean_abs_cos": 0.023709637423356373,
        "mean_r2": 0.000610906433425983,
        "max_r2": 0.0016874315689827668,
        "r2_fraction": 0.43189394401425985,
        "n_layers": 15
      }
    },
    "normalized_entropy": 0.9007991428658854,