{
  "dim_name": "9_roles",
  "dim_id": 9,
  "reading_profile": {
    "probe_type": "reading",
    "n_layers": 35,
    "overall_mean_r2": 0.0005729662078461905,
    "overall_mean_abs_cos": 0.020687173516489566,
    "peak_layer": 40,
    "peak_cosine": 0.046147845685482025,
    "peak_abs_cosine": 0.046147845685482025,
    "peak_r2": 0.002129623661411062,
    "onset_layer": null,
    "band_stats": {
      "early": {
        "mean_cos": 0.014578358794096857,
        "mean_abs_cos": 0.016369176807347684,
        "mean_r2": 0.00041853264433941873,
        "max_r2": 0.000998222078130509,
        "r2_fraction": 0.1043523630957735,
        "n_layers": 5
      },
      "middle": {
        "mean_cos": 0.007564760763974239,
        "mean_abs_cos": 0.01746714657250171,
        "mean_r2": 0.00039693462036174173,
        "max_r2": 0.0011608862428774125,
        "r2_fraction": 0.29690204233397943,
        "n_layers": 15
      },
      "late": {
        "mean_cos": 0.02534653269685805,
        "mean_abs_cos": 0.02534653269685805,
        "mean_r2": 0.0008004756498328965,
        "max_r2": 0.002129623661411062,
        "r2_fraction": 0.598745594570247,
        "n_layers": 15
      }
    },
    "normalized_entropy": 0.8781276706542437,
    "near_peak_layers": [
      28,
      40
    ],
    "near_peak_fraction": 0.05714285714285714,
    "sign_consistency": 0.8285714285714286,
    "dominant_sign": "positive",
    "profile_type": "negligible",
    "per_layer": {
      "6": {
        "cosine": -0.0044770450331270695,
        "abs_cosine": 0.0044770450331270695,
        "r_squared": 2.0043932228647763e-05
      },
      "7": {
        "cosine": 0.018582021817564964,
        "abs_cosine": 0.018582021817564964,
        "r_squared": 0.00034529153482846034
      },
      "8": {
        "cosine": 0.0315946526825428,
        "abs_cosine": 0.0315946526825428,
        "r_squared": 0.000998222078130509
      },
      "9": {
        "cosine": 0.027001282200217247,
        "abs_cosine": 0.027001282200217247,
        "r_squared": 0.0007290692404557687
      },
      "10": {
        "cosine": 0.0001908823032863438,
        "abs_cosine": 0.0001908823032863438,
        "r_squared": 3.643605370789974e-08
      },
      "11": {
        "cosine": -0.008434722200036049,
        "abs_cosine": 0.008434722200036049,
        "r_squared": 7.114453859178096e-05
      },
      "12": {
        "cosine": -0.030438818037509918,
        "abs_cosine": 0.030438818037509918,
        "r_squared": 0.0009265216435206391
      },
      "13": {
        "cosine": -0.023756342008709908,
        "abs_cosine": 0.023756342008709908,
        "r_squared": 0.0005643637856347951
      },
      "14": {
        "cosine": 0.016750406473875046,
        "abs_cosine": 0.016750406473875046,
        "r_squared": 0.00028057611704003504
      },
      "15": {
        "cosine": 0.016587747260928154,
        "abs_cosine": 0.016587747260928154,
        "r_squared": 0.0002751533591924295
      },
      "16": {
        "cosine": 0.018732288852334023,
        "abs_cosine": 0.018732288852334023,
        "r_squared": 0.0003508986456472775
      },
      "17": {
        "cosine": 0.021840807050466537,
        "abs_cosine": 0.021840807050466537,
        "r_squared": 0.0004770208526157088
      },
      "18": {
        "cosine": 0.011664657853543758,
        "abs_cosine": 0.011664657853543758,
        "r_squared": 0.00013606424284024008
      },
      "19": {
        "cosine": -0.0021033319644629955,
        "abs_cosine": 0.0021033319644629955,
        "r_squared": 4.424005352731764e-06
      },
      "20": {
        "cosine": 0.030184272676706314,
        "abs_cosine": 0.030184272676706314,
        "r_squared": 0.0009110903170217594
      },
      "21": {
        "cosine": 0.03407178074121475,
        "abs_cosine": 0.03407178074121475,
        "r_squared": 0.0011608862428774125
      },
      "22": {
        "cosine": 0.020464517176151276,
        "abs_cosine": 0.020464517176151276,
        "r_squared": 0.0004187964632529906
      },
      "23": {
        "cosine": 0.016908075660467148,
        "abs_cosine": 0.016908075660467148,
        "r_squared": 0.0002858830225400816
      },
      "24": {
        "cosine": 0.0005347512778826058,
        "abs_cosine": 0.0005347512778826058,
        "r_squared": 2.859589291970799e-07
      },
      "25": {
        "cosine": -0.009534679353237152,
        "abs_cosine": 0.009534679353237152,
        "r_squared": 9.091011036904684e-05
      },
      "26": {
        "cosine": 0.003330953186377883,
        "abs_cosine": 0.003330953186377883,
        "r_squared": 1.1095249129840971e-05
      },
      "27": {
        "cosine": 0.03400339186191559,
        "abs_cosine": 0.03400339186191559,
        "r_squared": 0.0011562306581149873
      },
      "28": {
        "cosine": 0.04506998509168625,
        "abs_cosine": 0.04506998509168625,
        "r_squared": 0.0020313035561648207
      },
      "29": {
        "cosine": 0.028283437713980675,
        "abs_cosine": 0.028283437713980675,
        "r_squared": 0.0007999528489206244
      },
      "30": {
        "cosine": 0.032134655863046646,
        "abs_cosine": 0.032134655863046646,
        "r_squared": 0.0010326361074364382
      },
      "31": {
        "cosine": 0.02529473602771759,
        "abs_cosine": 0.02529473602771759,
        "r_squared": 0.0006398236707119143
      },
      "32": {
        "cosine": 0.030159668996930122,
        "abs_cosine": 0.030159668996930122,
        "r_squared": 0.000909605634004388
      },
      "33": {
        "cosine": 0.033736005425453186,
        "abs_cosine": 0.033736005425453186,
        "r_squared": 0.0011381180620662068
      },
      "34": {
        "cosine": 0.03125617280602455,
        "abs_cosine": 0.03125617280602455,
        "r_squared": 0.0009769483384800687
      },
      "35": {
        "cosine": 0.015925100073218346,
        "abs_cosine": 0.015925100073218346,
        "r_squared": 0.00025360881234201896
      },
      "36": {
        "cosine": 0.015496389009058475,
        "abs_cosine": 0.015496389009058475,
        "r_squared": 0.00024013807232006832
      },
      "37": {
        "cosine": 0.0035333214327692986,
        "abs_cosine": 0.0035333214327692986,
        "r_squared": 1.2484360347266889e-05
      },
      "38": {
        "cosine": 0.013802029192447662,
        "abs_cosine": 0.013802029192447662,
        "r_squared": 0.00019049600982917747
      },
      "39": {
        "cosine": 0.02202429808676243,
        "abs_cosine": 0.02202429808676243,
        "r_squared": 0.00048506970621456716
      },
      "40": {
        "cosine": 0.046147845685482025,
        "abs_cosine": 0.046147845685482025,
        "r_squared": 0.002129623661411062
      }
    }
  },
  "control_profile": {
    "probe_type": "control",
    "n_layers": 35,
    "overall_mean_r2": 0.001229981326977533,
    "overall_mean_abs_cos": 0.028704920544156007,
    "peak_layer": 15,
    "peak_cosine": 0.09651113301515579,
    "peak_abs_cosine": 0.09651113301515579,
    "peak_r2": 0.009314398795869094,
    "onset_layer": 8,
    "band_stats": {
      "early": {
        "mean_cos": 0.01588079212233424,
        "mean_abs_cos": 0.02101458152756095,
        "mean_r2": 0.0007274029900447173,
        "max_r2": 0.0026321792986389175,
        "r2_fraction": 0.08448478898365354,
        "n_layers": 5
      },
      "middle": {
        "mean_cos": 0.01621692134067416,
        "mean_abs_cos": 0.024890097696334122,
        "mean_r2": 0.0012543181826026601,
        "max_r2": 0.009314398795869094,
        "r2_fraction": 0.43705129794296405,
        "n_layers": 15
      },
      "late": {
        "mean_cos": 0.03508318973084291,
        "mean_abs_cos": 0.03508318973084291,
        "mean_r2": 0.0013731705836633442,
        "max_r2": 0.003147526382865584,
        "r2_fraction": 0.4784639130733824,
        "n_layers": 15
      }
    },
    "normalized_entropy": 0.8057060335028752,
    "near_peak_layers": [
      15
    ],