{
  "1_phenomenology": {
    "dim_id": 1,
    "reading_mean_r2": 0.00047561861532379596,
    "control_mean_r2": 0.0037725037472335536,
    "reading_boot_ci95": [
      0.0004620532271485027,
      0.0004885245213207022
    ],
    "control_boot_ci95": [
      0.0037166252012463246,
      0.003828242867927019
    ]
  },
  "2_emotions": {
    "dim_id": 2,
    "reading_mean_r2": 0.00046975694382078595,
    "control_mean_r2": 0.00352488880558101,
    "reading_boot_ci95": [
      0.0004523877161835905,
      0.0004874459970022984
    ],
    "control_boot_ci95": [
      0.0034669249739734177,
      0.0035816802357984323
    ]
  },
  "3_agency": {
    "dim_id": 3,
    "reading_mean_r2": 0.00046862862194094743,
    "control_mean_r2": 0.0035117792314142663,
    "reading_boot_ci95": [
      0.000444788770545436,
      0.0004886657251075423
    ],
    "control_boot_ci95": [
      0.0034409219154790385,
      0.003574147927085141
    ]
  },
  "4_intentions": {
    "dim_id": 4,
    "reading_mean_r2": 0.00045834738523870276,
    "control_mean_r2": 0.0034652403208813537,
    "reading_boot_ci95": [
      0.00044133614118436825,
      0.0004715616590726766
    ],
    "control_boot_ci95": [
      0.003404928107796299,
      0.003523522210629371
    ]
  },
  "5_prediction": {
    "dim_id": 5,
    "reading_mean_r2": 0.0004767454972840484,
    "control_mean_r2": 0.003518145471685847,
    "reading_boot_ci95": [
      0.0004520326871403657,
      0.000502377346774669
    ],
    "control_boot_ci95": [
      0.0034390693810851577,
      0.0035833744003205084
    ]
  },
  "6_cognitive": {
    "dim_id": 6,
    "reading_mean_r2": 0.0004249997967454361,
    "control_mean_r2": 0.00350750297365477,
    "reading_boot_ci95": [
      0.00040352904052039435,
      0.00044609692611609526
    ],
    "control_boot_ci95": [
      0.0034130360147344363,
      0.0036109711623598622
    ]
  },
  "7_social": {
    "dim_id": 7,
    "reading_mean_r2": 0.00039328651154163697,
    "control_mean_r2": 0.0030675329883675375,
    "reading_boot_ci95": [
      0.0003757163081545903,
      0.00040960145936805976
    ],
    "control_boot_ci95": [
      0.002996452858597045,
      0.003132486114010497
    ]
  },
  "8_embodiment": {
    "dim_id": 8,
    "reading_mean_r2": 0.00048572985936524147,
    "control_mean_r2": 0.0038873875198489317,
    "reading_boot_ci95": [
      0.0004624701068114114,
      0.000510564851484432
    ],
    "control_boot_ci95": [
      0.0038096653864744395,
      0.003955372478633682
    ]
  },
  "9_roles": {
    "dim_id": 9,
    "reading_mean_r2": 0.0004349002550309069,
    "control_mean_r2": 0.003605584547997047,
    "reading_boot_ci95": [
      0.0004170243238773369,
      0.00045207457666509015
    ],
    "control_boot_ci95": [
      0.0035352335501081344,
      0.003681777368006158
    ]
  },
  "10_animacy": {
    "dim_id": 10,
    "reading_mean_r2": 0.0004988078559133123,
    "control_mean_r2": 0.0039981835995269435,
    "reading_boot_ci95": [
      0.0004819276407017741,
      0.0005150284253415201
    ],
    "control_boot_ci95": [
      0.0039385445262685925,
      0.00405085681301462
    ]
  },
  "11_formality": {
    "dim_id": 11,
    "reading_mean_r2": 0.00041385045773256106,
    "control_mean_r2": 0.0033158688716172034,
    "reading_boot_ci95": [
      0.00039555229696031563,
      0.00043254067815435665
    ],
    "control_boot_ci95": [
      0.0032143925518201516,
      0.0034121137676901593
    ]
  },
  "12_expertise": {
    "dim_id": 12,
    "reading_mean_r2": 0.0004009245110796118,
    "control_mean_r2": 0.003410035445655748,
    "reading_boot_ci95": [
      0.0003866739430871732,
      0.0004143012577396557
    ],
    "control_boot_ci95": [
      0.00330366390746494,
      0.0035252252564401325
    ]
  },
  "13_helpfulness": {
    "dim_id": 13,
    "reading_mean_r2": 0.00040199474889242916,
    "control_mean_r2": 0.0032391184891223737,
    "reading_boot_ci95": [
      0.0003867268130559096,
      0.00041722600223845945
    ],
    "control_boot_ci95": [
      0.0031548636443614604,
      0.0033170368697751232
    ]
  },
  "14_biological": {
    "dim_id": 14,
    "reading_mean_r2": 0.0005118326671493345,
    "control_mean_r2": 0.003924350680110865,
    "reading_boot_ci95": [
      0.0004965655470218242,
      0.00052907808756052
    ],
    "control_boot_ci95": [
      0.0038553648934024146,
      0.0039860669784601045
    ]
  },
  "15_shapes": {
    "dim_id": 15,
    "reading_mean_r2": 0.00046330799441721425,
    "control_mean_r2": 0.003934688868311243,
    "reading_boot_ci95": [
      0.00045142217208944625,
      0.00047343822506090775
    ],
    "control_boot_ci95": [
      0.003861435345055334,
      0.003999493285086145
    ]
  },
  "16_human": {
    "dim_id": 16,
    "reading_mean_r2": 0.0005167112022614454,
    "control_mean_r2": 0.003609978692953482,
    "reading_boot_ci95": [
      0.0004919732392501724,
      0.0005423843461624715
    ],
    "control_boot_ci95": [
      0.003543957040252593,
      0.0036687605711268304
    ]
  },
  "17_ai": {
    "dim_id": 17,
    "reading_mean_r2": 0.0005313665736316634,
    "control_mean_r2": 0.004407949025254355,
    "reading_boot_ci95": [
      0.0005117281674612155,
      0.0005464208377257808
    ],
    "control_boot_ci95": [
      0.00434698254117288,
      0.004457483854239359
    ]
  },
  "18_attention": {
    "dim_id": 18,
    "reading_mean_r2": 0.0004594216423005481,
    "control_mean_r2": 0.003794296231755239,
    "reading_boot_ci95": [
      0.00044676550562864915,
      0.0004716279129667745
    ],
    "control_boot_ci95": [
      0.0037057200970445165,
      0.003878364109861794
    ]
  },
  "20_sysprompt_talkto_human": {
    "dim_id": 20,
    "reading_mean_r2": 0.00033941828827647764,
    "control_mean_r2": 0.0024935384787294693,
    "reading_boot_ci95": [
      0.0003312876517573171,
      0.00034938998551707964
    ],
    "control_boot_ci95": [
      0.002453257305263094,
      0.0025434452807823523
    ]
  },
  "21_sysprompt_talkto_ai": {
    "dim_id": 21,
    "reading_mean_r2": 0.00044870091828271046,
    "control_mean_r2": 0.003563741334957991,
    "reading_boot_ci95": [
      0.0004230596408209906,
      0.0004770543865973346
    ],
    "control_boot_ci95": [
      0.0032572218731021143,
      0.003925289070679921
    ]
  },
  "22_sysprompt_bare_human": {
    "dim_id": 22,
    "reading_mean_r2": 0.0003699392677309768,
    "control_mean_r2": 0.00250444597478494,
    "reading_boot_ci95": [
      0.0003598535335193928,
      0.0003816250709676456
    ],
    "control_boot_ci95": [
      0.002455019609779163,
      0.0025551216077327557
    ]
  },
  "23_sysprompt_bare_ai": {
    "dim_id": 23,
    "reading_mean_r2": 0.00043654561373092875,
    "control_mean_r2": 0.0036432861799892626,
    "reading_boot_ci95": [
      0.00041008440136260354,
      0.00046788417456746276
    ],
    "control_boot_ci95": [
      0.003330009361872131,
      0.004037505980358307
    ]
  },
  "25_beliefs": {
    "dim_id": 25,
    "reading_mean_r2": 0.0004504640053961971,
    "control_mean_r2": 0.0035213109958133777,
    "reading_boot_ci95": [
      0.00043027499138576387,
      0.00047246691328623256
    ],
    "control_boot_ci95": [
      0.0034591934552110903,
      0.003578552954768156
    ]
  },
  "26_desires": {
    "dim_id": 26,
    "reading_mean_r2": 0.0004974335084606317,
    "control_mean_r2": 0.0034819753818471472,
    "reading_boot_ci95": [
      0.00047971314884888774,
      0.0005133056510391095
    ],
    "control_boot_ci95": [
      0.0034291323982975856,
      0.003531094162056807
    ]
  },
  "27_goals": {
    "dim_id": 27,
    "reading_mean_r2": 0.0004451068993028369,
    "control_mean_r2": 0.00351571447331576,
    "reading_boot_ci95": [
      0.00043209371054971264,
      0.0004568420639043355
    ],
    "control_boot_ci95": [
      0.0034560029113941144,
      0.003582145897222359
    ]
  },
  "30_granite_sandstone": {
    "dim_id": 30,
    "reading_mean_r2": 0.0004301701279678665,