{
  "dim_name": "16_mind",
  "dim_id": 16,
  "reading_profile": {
    "probe_type": "reading",
    "n_layers": 35,
    "overall_mean_r2": 0.00045524323085761946,
    "overall_mean_abs_cos": 0.017327658920216243,
    "peak_layer": 7,
    "peak_cosine": -0.049213625490665436,
    "peak_abs_cosine": 0.049213625490665436,
    "peak_r2": 0.0024219809339354748,
    "onset_layer": null,
    "band_stats": {
      "early": {
        "mean_cos": -0.015325902681797742,
        "mean_abs_cos": 0.020865324418991804,
        "mean_r2": 0.000723141185935162,
        "max_r2": 0.0024219809339354748,
        "r2_fraction": 0.22692459042259275,
        "n_layers": 5
      },
      "middle": {
        "mean_cos": 0.015095794231941302,
        "mean_abs_cos": 0.020228219187508025,
        "mean_r2": 0.0005660723552304255,
        "max_r2": 0.0019925773560997145,
        "r2_fraction": 0.5329072933140927,
        "n_layers": 15
      },
      "late": {
        "mean_cos": 0.0032697360535773137,
        "mean_abs_cos": 0.013247876819999267,
        "mean_r2": 0.00025511478812563265,
        "max_r2": 0.000760050154050021,
        "r2_fraction": 0.24016811626331458,
        "n_layers": 15
      }
    },
    "normalized_entropy": 0.8143470374834615,
    "near_peak_layers": [
      7,
      15,
      16
    ],
    "near_peak_fraction": 0.08571428571428572,
    "sign_consistency": 0.6571428571428571,
    "dominant_sign": "positive",
    "profile_type": "negligible",
    "per_layer": {
      "6": {
        "cosine": 0.013848554342985153,
        "abs_cosine": 0.013848554342985153,
        "r_squared": 0.00019178245739061295
      },
      "7": {
        "cosine": -0.049213625490665436,
        "abs_cosine": 0.049213625490665436,
        "r_squared": 0.0024219809339354748
      },
      "8": {
        "cosine": -0.0026919138617813587,
        "abs_cosine": 0.0026919138617813587,
        "r_squared": 7.246400239250628e-06
      },
      "9": {
        "cosine": -0.008088582195341587,
        "abs_cosine": 0.008088582195341587,
        "r_squared": 6.542516193079693e-05
      },
      "10": {
        "cosine": -0.030483946204185486,
        "abs_cosine": 0.030483946204185486,
        "r_squared": 0.0009292709761796747
      },
      "11": {
        "cosine": -0.009112807922065258,
        "abs_cosine": 0.009112807922065258,
        "r_squared": 8.304326822445533e-05
      },
      "12": {
        "cosine": -0.029380379244685173,
        "abs_cosine": 0.029380379244685173,
        "r_squared": 0.0008632066845615273
      },
      "13": {
        "cosine": 0.005203794222325087,
        "abs_cosine": 0.005203794222325087,
        "r_squared": 2.7079474308303953e-05
      },
      "14": {
        "cosine": 0.03539030998945236,
        "abs_cosine": 0.03539030998945236,
        "r_squared": 0.0012524740411495316
      },
      "15": {
        "cosine": 0.0402187742292881,
        "abs_cosine": 0.0402187742292881,
        "r_squared": 0.0016175498005064487
      },
      "16": {
        "cosine": 0.044638294726610184,
        "abs_cosine": 0.044638294726610184,
        "r_squared": 0.0019925773560997145
      },
      "17": {
        "cosine": 0.021449830383062363,
        "abs_cosine": 0.021449830383062363,
        "r_squared": 0.00046009522346214526
      },
      "18": {
        "cosine": 0.007915572263300419,
        "abs_cosine": 0.007915572263300419,
        "r_squared": 6.265628425553092e-05
      },
      "19": {
        "cosine": 0.01095736213028431,
        "abs_cosine": 0.01095736213028431,
        "r_squared": 0.0001200637848541887
      },
      "20": {
        "cosine": 0.010395189747214317,
        "abs_cosine": 0.010395189747214317,
        "r_squared": 0.00010805996988058966
      },
      "21": {
        "cosine": 0.030858639627695084,
        "abs_cosine": 0.030858639627695084,
        "r_squared": 0.0009522556396719534
      },
      "22": {
        "cosine": 0.013373657129704952,
        "abs_cosine": 0.013373657129704952,
        "r_squared": 0.0001788547050229081
      },
      "23": {
        "cosine": 0.023491792380809784,
        "abs_cosine": 0.023491792380809784,
        "r_squared": 0.0005518643092630726
      },
      "24": {
        "cosine": 0.010639987885951996,
        "abs_cosine": 0.010639987885951996,
        "r_squared": 0.00011320934221320522
      },
      "25": {
        "cosine": 0.010396895930171013,
        "abs_cosine": 0.010396895930171013,
        "r_squared": 0.00010809544498280657
      },
      "26": {
        "cosine": -0.0017526510637253523,
        "abs_cosine": 0.0017526510637253523,
        "r_squared": 3.071785751177609e-06
      },
      "27": {
        "cosine": 0.018659990280866623,
        "abs_cosine": 0.018659990280866623,
        "r_squared": 0.00034819523728203683
      },
      "28": {
        "cosine": 0.020577743649482727,
        "abs_cosine": 0.020577743649482727,
        "r_squared": 0.0004234435337038267
      },
      "29": {
        "cosine": -0.0076800184324383736,
        "abs_cosine": 0.0076800184324383736,
        "r_squared": 5.898268312259317e-05
      },
      "30": {
        "cosine": -0.01518164947628975,
        "abs_cosine": 0.01518164947628975,
        "r_squared": 0.00023048248082092881
      },
      "31": {
        "cosine": 0.02026273123919964,
        "abs_cosine": 0.02026273123919964,
        "r_squared": 0.0004105782772720369
      },
      "32": {
        "cosine": 0.019411373883485794,
        "abs_cosine": 0.019411373883485794,
        "r_squared": 0.00037680143604447436
      },
      "33": {
        "cosine": 0.004099707584828138,
        "abs_cosine": 0.004099707584828138,
        "r_squared": 1.6807602281097367e-05
      },
      "34": {
        "cosine": 0.016353555023670197,
        "abs_cosine": 0.016353555023670197,
        "r_squared": 0.0002674387619122087
      },
      "35": {
        "cosine": 0.023404989391565323,
        "abs_cosine": 0.023404989391565323,
        "r_squared": 0.0005477935284192853
      },
      "36": {
        "cosine": -0.01925753429532051,
        "abs_cosine": 0.01925753429532051,
        "r_squared": 0.00037085262713544564
      },
      "37": {
        "cosine": -0.0033951953519135714,
        "abs_cosine": 0.0033951953519135714,
        "r_squared": 1.152735147765552e-05
      },
      "38": {
        "cosine": -0.027569007128477097,
        "abs_cosine": 0.027569007128477097,
        "r_squared": 0.000760050154050021
      },
      "39": {
        "cosine": 0.0007535938639193773,
        "abs_cosine": 0.0007535938639193773,
        "r_squared": 5.67903711736937e-07
      },
      "40": {
        "cosine": 0.0003584116348065436,
        "abs_cosine": 0.0003584116348065436,
        "r_squared": 1.2845889996469917e-07
      }
    }
  },
  "control_profile": {
    "probe_type": "control",
    "n_layers": 35,
    "overall_mean_r2": 0.0007044817540345225,
    "overall_mean_abs_cos": 0.020143589000716538,
    "peak_layer": 6,
    "peak_cosine": 0.07305075973272324,
    "peak_abs_cosine": 0.07305075973272324,
    "peak_r2": 0.005336413497528059,
    "onset_layer": 6,
    "band_stats": {
      "early": {
        "mean_cos": 0.00035011591389775274,
        "mean_abs_cos": 0.028870187979191542,
        "mean_r2": 0.00140899572245233,
        "max_r2": 0.005336413497528059,
        "r2_fraction": 0.28572081825360085,
        "n_layers": 5
      },
      "middle": {
        "mean_cos": 0.016104044610013565,
        "mean_abs_cos": 0.02551345226044456,
        "mean_r2": 0.000978344292485086,
        "max_r2": 0.004965416812802381,
        "r2_fraction": 0.5951756857630267,
        "n_layers": 15
      },
      "late": {
        "mean_cos": 0.0005831985947831223,
        "mean_abs_cos": 0.011864859414830183,
        "mean_r2": 0.00019578122611135673,
        "max_r2": 0.0007175879635836768,
        "r2_fraction": 0.1191034959833726,
        "n_layers": 15
      }
    },
    "normalized_entropy": 0.7265374221319332,