{
  "dim_name": "17_attention",
  "dim_id": 17,
  "reading_profile": {
    "probe_type": "reading",
    "n_layers": 35,
    "overall_mean_r2": 0.0004598959578103288,
    "overall_mean_abs_cos": 0.018272890556337577,
    "peak_layer": 7,
    "peak_cosine": -0.04390866681933403,
    "peak_abs_cosine": 0.04390866681933403,
    "peak_r2": 0.0019279710218512852,
    "onset_layer": null,
    "band_stats": {
      "early": {
        "mean_cos": -0.011712516634725034,
        "mean_abs_cos": 0.017007025121711195,
        "mean_r2": 0.0005247609367604828,
        "max_r2": 0.0019279710218512852,
        "r2_fraction": 0.1630061035230015,
        "n_layers": 5
      },
      "middle": {
        "mean_cos": 0.01722033734743794,
        "mean_abs_cos": 0.02038082228973508,
        "mean_r2": 0.0005249975035932023,
        "max_r2": 0.0014546077994742057,
        "r2_fraction": 0.4892387643123554,
        "n_layers": 15
      },
      "late": {
        "mean_cos": 0.005471489011930923,
        "mean_abs_cos": 0.016586913967815538,
        "mean_r2": 0.0003731727523774038,
        "max_r2": 0.00123895554015091,
        "r2_fraction": 0.3477551321646429,
        "n_layers": 15
      }
    },
    "normalized_entropy": 0.8547135470475347,
    "near_peak_layers": [
      7,
      15,
      16,
      31
    ],
    "near_peak_fraction": 0.11428571428571428,
    "sign_consistency": 0.6857142857142857,
    "dominant_sign": "positive",
    "profile_type": "negligible",
    "per_layer": {
      "6": {
        "cosine": 0.0132362712174654,
        "abs_cosine": 0.0132362712174654,
        "r_squared": 0.000175198875742303
      },
      "7": {
        "cosine": -0.04390866681933403,
        "abs_cosine": 0.04390866681933403,
        "r_squared": 0.0019279710218512852
      },
      "8": {
        "cosine": -0.0039175283163785934,
        "abs_cosine": 0.0039175283163785934,
        "r_squared": 1.5347028109628097e-05
      },
      "9": {
        "cosine": -0.001547374646179378,
        "abs_cosine": 0.001547374646179378,
        "r_squared": 2.3943682956387554e-06
      },
      "10": {
        "cosine": -0.02242528460919857,
        "abs_cosine": 0.02242528460919857,
        "r_squared": 0.0005028933898035583
      },
      "11": {
        "cosine": -0.016167471185326576,
        "abs_cosine": 0.016167471185326576,
        "r_squared": 0.00026138712452836513
      },
      "12": {
        "cosine": -0.0075361658819019794,
        "abs_cosine": 0.0075361658819019794,
        "r_squared": 5.679379619954344e-05
      },
      "13": {
        "cosine": 0.012741095386445522,
        "abs_cosine": 0.012741095386445522,
        "r_squared": 0.00016233551164650337
      },
      "14": {
        "cosine": 0.03397883102297783,
        "abs_cosine": 0.03397883102297783,
        "r_squared": 0.0011545609576880805
      },
      "15": {
        "cosine": 0.03813932090997696,
        "abs_cosine": 0.03813932090997696,
        "r_squared": 0.0014546077994742057
      },
      "16": {
        "cosine": 0.035259123891592026,
        "abs_cosine": 0.035259123891592026,
        "r_squared": 0.0012432058176026356
      },
      "17": {
        "cosine": 0.022443942725658417,
        "abs_cosine": 0.022443942725658417,
        "r_squared": 0.0005037305650726354
      },
      "18": {
        "cosine": 0.006100590340793133,
        "abs_cosine": 0.006100590340793133,
        "r_squared": 3.721720250617847e-05
      },
      "19": {
        "cosine": 0.006179250776767731,
        "abs_cosine": 0.006179250776767731,
        "r_squared": 3.81831401621846e-05
      },
      "20": {
        "cosine": 0.0118782427161932,
        "abs_cosine": 0.0118782427161932,
        "r_squared": 0.0001410926500247968
      },
      "21": {
        "cosine": 0.03159502521157265,
        "abs_cosine": 0.03159502521157265,
        "r_squared": 0.0009982456181199112
      },
      "22": {
        "cosine": 0.02343165874481201,
        "abs_cosine": 0.02343165874481201,
        "r_squared": 0.0005490426315333252
      },
      "23": {
        "cosine": 0.023783693090081215,
        "abs_cosine": 0.023783693090081215,
        "r_squared": 0.0005656640570031769
      },
      "24": {
        "cosine": 0.013571185059845448,
        "abs_cosine": 0.013571185059845448,
        "r_squared": 0.00018417706392857228
      },
      "25": {
        "cosine": 0.02290673740208149,
        "abs_cosine": 0.02290673740208149,
        "r_squared": 0.000524718618407919
      },
      "26": {
        "cosine": 0.0029348123352974653,
        "abs_cosine": 0.0029348123352974653,
        "r_squared": 8.613123443414162e-06
      },
      "27": {
        "cosine": 0.03403855115175247,
        "abs_cosine": 0.03403855115175247,
        "r_squared": 0.0011586229645104695
      },
      "28": {
        "cosine": 0.015341396443545818,
        "abs_cosine": 0.015341396443545818,
        "r_squared": 0.00023535844483804028
      },
      "29": {
        "cosine": -0.013734519481658936,
        "abs_cosine": 0.013734519481658936,
        "r_squared": 0.00018863702539206884
      },
      "30": {
        "cosine": -0.015007068403065205,
        "abs_cosine": 0.015007068403065205,
        "r_squared": 0.00022521210205427803
      },
      "31": {
        "cosine": 0.03519880026578903,
        "abs_cosine": 0.03519880026578903,
        "r_squared": 0.00123895554015091
      },
      "32": {
        "cosine": 0.012152294628322124,
        "abs_cosine": 0.012152294628322124,
        "r_squared": 0.00014767826473354676
      },
      "33": {
        "cosine": 0.009138139896094799,
        "abs_cosine": 0.009138139896094799,
        "r_squared": 8.350560076059946e-05
      },
      "34": {
        "cosine": 0.009329835884273052,
        "abs_cosine": 0.009329835884273052,
        "r_squared": 8.704583762746913e-05
      },
      "35": {
        "cosine": 0.02093316987156868,
        "abs_cosine": 0.02093316987156868,
        "r_squared": 0.0004381976008719507
      },
      "36": {
        "cosine": -0.028528310358524323,
        "abs_cosine": 0.028528310358524323,
        "r_squared": 0.0008138644919122862
      },
      "37": {
        "cosine": -0.010042879730463028,
        "abs_cosine": 0.010042879730463028,
        "r_squared": 0.00010085943328054514
      },
      "38": {
        "cosine": -0.016052909195423126,
        "abs_cosine": 0.016052909195423126,
        "r_squared": 0.00025769589363650036
      },
      "39": {
        "cosine": 0.024710040539503098,
        "abs_cosine": 0.024710040539503098,
        "r_squared": 0.0006105861034638865
      },
      "40": {
        "cosine": 0.0016609813319519162,
        "abs_cosine": 0.0016609813319519162,
        "r_squared": 2.7588589850927617e-06
      }
    }
  },
  "control_profile": {
    "probe_type": "control",
    "n_layers": 35,
    "overall_mean_r2": 0.0006612251528838337,
    "overall_mean_abs_cos": 0.019630561925337783,
    "peak_layer": 6,
    "peak_cosine": 0.08755798637866974,
    "peak_abs_cosine": 0.08755798637866974,
    "peak_r2": 0.0076664009786873155,
    "onset_layer": 6,
    "band_stats": {
      "early": {
        "mean_cos": 0.009190068393945695,
        "mean_abs_cos": 0.031611645221710206,
        "mean_r2": 0.0018106720390143078,
        "max_r2": 0.0076664009786873155,
        "r2_fraction": 0.3911941840336262,
        "n_layers": 5
      },
      "middle": {
        "mean_cos": 0.01610616922068099,
        "mean_abs_cos": 0.02322213927594324,
        "mean_r2": 0.0007078180445613141,
        "max_r2": 0.0033643576225907967,
        "r2_fraction": 0.45877049474488324,
        "n_layers": 15
      },
      "late": {
        "mean_cos": 0.00790068144754817,
        "mean_abs_cos": 0.012045290142608186,
        "mean_r2": 0.00023148329916286187,
        "max_r2": 0.0009095548509211217,
        "r2_fraction": 0.15003532122149038,
        "n_layers": 15
      }
    },
    "normalized_entropy": 0.7238972731225178,
    "near_peak_layers": [
      6
    ],