{
  "dim_name": "1_phenomenology",
  "dim_id": 1,
  "reading_profile": {
    "probe_type": "reading",
    "n_layers": 35,
    "overall_mean_r2": 0.000336573220514563,
    "overall_mean_abs_cos": 0.014498497847567446,
    "peak_layer": 16,
    "peak_cosine": 0.04284067824482918,
    "peak_abs_cosine": 0.04284067824482918,
    "peak_r2": 0.00183532371247698,
    "onset_layer": null,
    "band_stats": {
      "early": {
        "mean_cos": -0.010673618828877806,
        "mean_abs_cos": 0.01731356610544026,
        "mean_r2": 0.00048280030054257387,
        "max_r2": 0.0015741216712517186,
        "r2_fraction": 0.20492263585509382,
        "n_layers": 5
      },
      "middle": {
        "mean_cos": 0.00991619005217217,
        "mean_abs_cos": 0.016976348968455568,
        "mean_r2": 0.00045123763471445656,
        "max_r2": 0.00183532371247698,
        "r2_fraction": 0.5745779698073142,
        "n_layers": 15
      },
      "late": {
        "mean_cos": 0.0016739124121765295,
        "mean_abs_cos": 0.011082290640721719,
        "mean_r2": 0.0001731664463053325,
        "max_r2": 0.0006016957273127232,
        "r2_fraction": 0.220499394337592,
        "n_layers": 15
      }
    },
    "normalized_entropy": 0.7973119381546684,
    "near_peak_layers": [
      7,
      12,
      16
    ],
    "near_peak_fraction": 0.08571428571428572,
    "sign_consistency": 0.6285714285714286,
    "dominant_sign": "positive",
    "profile_type": "negligible",
    "per_layer": {
      "6": {
        "cosine": 0.015719067305326462,
        "abs_cosine": 0.015719067305326462,
        "r_squared": 0.0002470890769493833
      },
      "7": {
        "cosine": -0.03967520222067833,
        "abs_cosine": 0.03967520222067833,
        "r_squared": 0.0015741216712517186
      },
      "8": {
        "cosine": 0.000880800886079669,
        "abs_cosine": 0.000880800886079669,
        "r_squared": 7.7581020091873e-07
      },
      "9": {
        "cosine": -0.006985825952142477,
        "abs_cosine": 0.006985825952142477,
        "r_squared": 4.8801764233627346e-05
      },
      "10": {
        "cosine": -0.023306934162974358,
        "abs_cosine": 0.023306934162974358,
        "r_squared": 0.0005432131800772212
      },
      "11": {
        "cosine": -0.010175072588026524,
        "abs_cosine": 0.010175072588026524,
        "r_squared": 0.00010353210217160878
      },
      "12": {
        "cosine": -0.0359659343957901,
        "abs_cosine": 0.0359659343957901,
        "r_squared": 0.0012935484369622774
      },
      "13": {
        "cosine": -0.005797326099127531,
        "abs_cosine": 0.005797326099127531,
        "r_squared": 3.3608989899625236e-05
      },
      "14": {
        "cosine": 0.029457496479153633,
        "abs_cosine": 0.029457496479153633,
        "r_squared": 0.0008677440988193487
      },
      "15": {
        "cosine": 0.02103252522647381,
        "abs_cosine": 0.02103252522647381,
        "r_squared": 0.0004423671174022571
      },
      "16": {
        "cosine": 0.04284067824482918,
        "abs_cosine": 0.04284067824482918,
        "r_squared": 0.00183532371247698
      },
      "17": {
        "cosine": 0.011368444189429283,
        "abs_cosine": 0.011368444189429283,
        "r_squared": 0.00012924152328816843
      },
      "18": {
        "cosine": -0.0005798960919491947,
        "abs_cosine": 0.0005798960919491947,
        "r_squared": 3.3627947745794884e-07
      },
      "19": {
        "cosine": -0.0004329626972321421,
        "abs_cosine": 0.0004329626972321421,
        "r_squared": 1.8745669719453154e-07
      },
      "20": {
        "cosine": 0.002601206535473466,
        "abs_cosine": 0.002601206535473466,
        "r_squared": 6.7662754401898715e-06
      },
      "21": {
        "cosine": 0.027434416115283966,
        "abs_cosine": 0.027434416115283966,
        "r_squared": 0.0007526471875865526
      },
      "22": {
        "cosine": 0.008242371492087841,
        "abs_cosine": 0.008242371492087841,
        "r_squared": 6.793668781358234e-05
      },
      "23": {
        "cosine": 0.01460442878305912,
        "abs_cosine": 0.01460442878305912,
        "r_squared": 0.0002132893400794457
      },
      "24": {
        "cosine": 0.027010027319192886,
        "abs_cosine": 0.027010027319192886,
        "r_squared": 0.0007295415757835461
      },
      "25": {
        "cosine": 0.017102448269724846,
        "abs_cosine": 0.017102448269724846,
        "r_squared": 0.0002924937368186144
      },
      "26": {
        "cosine": 0.006663789507001638,
        "abs_cosine": 0.006663789507001638,
        "r_squared": 4.440609059362514e-05
      },
      "27": {
        "cosine": 0.00565670570358634,
        "abs_cosine": 0.00565670570358634,
        "r_squared": 3.199831941698623e-05
      },
      "28": {
        "cosine": 0.013602935709059238,
        "abs_cosine": 0.013602935709059238,
        "r_squared": 0.00018503985990479897
      },
      "29": {
        "cosine": 0.0003990940749645233,
        "abs_cosine": 0.0003990940749645233,
        "r_squared": 1.5927608067178856e-07
      },
      "30": {
        "cosine": -0.017892520874738693,
        "abs_cosine": 0.017892520874738693,
        "r_squared": 0.0003201423032529599
      },
      "31": {
        "cosine": 0.019569778814911842,
        "abs_cosine": 0.019569778814911842,
        "r_squared": 0.00038297624286457235
      },
      "32": {
        "cosine": 0.008100440725684166,
        "abs_cosine": 0.008100440725684166,
        "r_squared": 6.561713995032262e-05
      },
      "33": {
        "cosine": 0.003944530617445707,
        "abs_cosine": 0.003944530617445707,
        "r_squared": 1.5559321791966613e-05
      },
      "34": {
        "cosine": 0.012263385578989983,
        "abs_cosine": 0.012263385578989983,
        "r_squared": 0.00015039062585897947
      },
      "35": {
        "cosine": 0.024529486894607544,
        "abs_cosine": 0.024529486894607544,
        "r_squared": 0.0006016957273127232
      },
      "36": {
        "cosine": -0.01983865350484848,
        "abs_cosine": 0.01983865350484848,
        "r_squared": 0.0003935721728854369
      },
      "37": {
        "cosine": -0.007129628211259842,
        "abs_cosine": 0.007129628211259842,
        "r_squared": 5.083159843079221e-05
      },
      "38": {
        "cosine": -0.016309669241309166,
        "abs_cosine": 0.016309669241309166,
        "r_squared": 0.0002660053107609063
      },
      "39": {
        "cosine": 0.000941375270485878,
        "abs_cosine": 0.000941375270485878,
        "r_squared": 8.8618739988236e-07
      },
      "40": {
        "cosine": -0.009392364881932735,
        "abs_cosine": 0.009392364881932735,
        "r_squared": 8.821651807536333e-05
      }
    }
  },
  "control_profile": {
    "probe_type": "control",
    "n_layers": 35,
    "overall_mean_r2": 0.0005543313047124526,
    "overall_mean_abs_cos": 0.017314675764646383,
    "peak_layer": 6,
    "peak_cosine": 0.07793381065130234,
    "peak_abs_cosine": 0.07793381065130234,
    "peak_r2": 0.006073678842633046,
    "onset_layer": 6,
    "band_stats": {
      "early": {
        "mean_cos": -0.005580441653728485,
        "mean_abs_cos": 0.03675396591424942,
        "mean_r2": 0.001810000251483583,
        "max_r2": 0.006073678842633046,
        "r2_fraction": 0.46645654376633683,
        "n_layers": 5
      },
      "middle": {
        "mean_cos": 0.005396874388679862,
        "mean_abs_cos": 0.018988553698485098,
        "mean_r2": 0.0005688219248419393,
        "max_r2": 0.002571495420085626,
        "r2_fraction": 0.43977459483136305,
        "n_layers": 15
      },
      "late": {
        "mean_cos": 0.0018767645621361833,
        "mean_abs_cos": 0.009161034447606653,
        "mean_r2": 0.000121284368992589,
        "max_r2": 0.00043910078698151944,
        "r2_fraction": 0.09376886140230009,
        "n_layers": 15
      }
    },
    "normalized_entropy": 0.7019451604420158,
    "near_peak_layers": [
      6
    ],