{
  "0_baseline": {
    "dim_id": 0,
    "entity_overlap": 0.9756097590051046,
    "reading_mean_r2": 0.00020868588100441917,
    "control_mean_r2": 0.0004300480394349941,
    "reading_boot_ci95": [
      0.0001372775791680307,
      0.00035000050138603983
    ],
    "control_boot_ci95": [
      0.00016048366265913205,
      0.0005642978132886563
    ]
  },
  "1_phenomenology": {
    "dim_id": 1,
    "entity_overlap": 0.5669274381021174,
    "reading_mean_r2": 0.0002033419788842915,
    "control_mean_r2": 0.0002682298537555336,
    "reading_boot_ci95": [
      0.00015400809739437676,
      0.00027075662555106167
    ],
    "control_boot_ci95": [
      0.00022077662008325078,
      0.00035631701555622025
    ]
  },
  "2_emotions": {
    "dim_id": 2,
    "entity_overlap": 0.49406216984115,
    "reading_mean_r2": 0.00019369127042663992,
    "control_mean_r2": 0.0003001865808470022,
    "reading_boot_ci95": [
      0.00016465575664193665,
      0.00023620962028501953
    ],
    "control_boot_ci95": [
      0.00023334657136915625,
      0.0003752283808714421
    ]
  },
  "3_agency": {
    "dim_id": 3,
    "entity_overlap": 0.5390474730875434,
    "reading_mean_r2": 0.00016219411490444514,
    "control_mean_r2": 0.0003442588072332494,
    "reading_boot_ci95": [
      0.00012705839020761819,
      0.0002275845807851321
    ],
    "control_boot_ci95": [
      0.00027673758480529045,
      0.00041862065427808107
    ]
  },
  "4_intentions": {
    "dim_id": 4,
    "entity_overlap": 0.4166012366370457,
    "reading_mean_r2": 0.0002085352560266833,
    "control_mean_r2": 0.00035088168293924844,
    "reading_boot_ci95": [
      0.0001606807787087912,
      0.00026032338641023895
    ],
    "control_boot_ci95": [
      0.0002955273522627819,
      0.00042096873361228846
    ]
  },
  "5_prediction": {
    "dim_id": 5,
    "entity_overlap": 0.5677882560142656,
    "reading_mean_r2": 0.00022994151308852783,
    "control_mean_r2": 0.0002989619748951051,
    "reading_boot_ci95": [
      0.00017291929743787582,
      0.00028586483687437317
    ],
    "control_boot_ci95": [
      0.00024277939900643666,
      0.0003718017122662343
    ]
  },
  "6_cognitive": {
    "dim_id": 6,
    "entity_overlap": 0.2395757762033765,
    "reading_mean_r2": 0.0002755518573083356,
    "control_mean_r2": 0.0002567548196217028,
    "reading_boot_ci95": [
      0.0002063997866067573,
      0.0003188396540941789
    ],
    "control_boot_ci95": [
      0.00020188058007614417,
      0.0003254953963615104
    ]
  },
  "7_social": {
    "dim_id": 7,
    "entity_overlap": 0.5568320940180522,
    "reading_mean_r2": 0.0002457765130726488,
    "control_mean_r2": 0.00026721409495170784,
    "reading_boot_ci95": [
      0.00017521960675549337,
      0.00030959469239066884
    ],
    "control_boot_ci95": [
      0.00019158141346691508,
      0.0003337026456608331
    ]
  },
  "8_embodiment": {
    "dim_id": 8,
    "entity_overlap": 0.6324034182400238,
    "reading_mean_r2": 0.00022439880748720796,
    "control_mean_r2": 0.00038991051227197705,
    "reading_boot_ci95": [
      0.0001753504374194679,
      0.00028777032464252116
    ],
    "control_boot_ci95": [
      0.0002948277801744905,
      0.0005033745411844535
    ]
  },
  "9_roles": {
    "dim_id": 9,
    "entity_overlap": 0.683411560407499,
    "reading_mean_r2": 0.00018720444589759153,
    "control_mean_r2": 0.00032322713522478866,
    "reading_boot_ci95": [
      0.00014737941792986406,
      0.0002687562145522887
    ],
    "control_boot_ci95": [
      0.00023396862663881233,
      0.00042061238488708786
    ]
  },
  "10_animacy": {
    "dim_id": 10,
    "entity_overlap": 0.7429141413147856,
    "reading_mean_r2": 0.00025317222574614326,
    "control_mean_r2": 0.0003211817837053969,
    "reading_boot_ci95": [
      0.00018774447547545005,
      0.00031148772593755155
    ],
    "control_boot_ci95": [
      0.00023950037551301187,
      0.0003941524408848243
    ]
  },
  "11_formality": {
    "dim_id": 11,
    "entity_overlap": 0.23351308903316173,
    "reading_mean_r2": 0.0003519296914488427,
    "control_mean_r2": 0.00023438032562029423,
    "reading_boot_ci95": [
      0.0002522296551526447,
      0.00041722217604419726
    ],
    "control_boot_ci95": [
      0.0001685444339185822,
      0.00041850014651433396
    ]
  },
  "12_expertise": {
    "dim_id": 12,
    "entity_overlap": 0.17305628823616157,
    "reading_mean_r2": 0.00029864990171707,
    "control_mean_r2": 0.0002625253032918469,
    "reading_boot_ci95": [
      0.00024088151006752603,
      0.0003417820545966339
    ],
    "control_boot_ci95": [
      0.00018671689935164244,
      0.00038464773485927115
    ]
  },
  "13_helpfulness": {
    "dim_id": 13,
    "entity_overlap": 0.19644393165391394,
    "reading_mean_r2": 0.00022219218288848953,
    "control_mean_r2": 0.0002321966641054815,
    "reading_boot_ci95": [
      0.00015419397164876427,
      0.000282397923542055
    ],
    "control_boot_ci95": [
      0.00015529581067170415,
      0.0004017673339909102
    ]
  },
  "14_biological": {
    "dim_id": 14,
    "entity_overlap": 0.5145828683928746,
    "reading_mean_r2": 0.0002040443768223898,
    "control_mean_r2": 0.00037959067489307135,
    "reading_boot_ci95": [
      0.00017982840397842972,
      0.00024778578935996063
    ],
    "control_boot_ci95": [
      0.0003116386243419597,
      0.00047013662424708687
    ]
  },
  "15_shapes": {
    "dim_id": 15,
    "entity_overlap": 0.1273111758708227,
    "reading_mean_r2": 0.00035017190406307525,
    "control_mean_r2": 0.00019822577799875126,
    "reading_boot_ci95": [
      0.0002416311616760535,
      0.0004121454070343984
    ],
    "control_boot_ci95": [
      0.00013793699986012033,
      0.0002853440696323759
    ]
  },
  "16_mind": {
    "dim_id": 16,
    "entity_overlap": 0.6316027059787657,
    "reading_mean_r2": 0.00019929019730135445,
    "control_mean_r2": 0.0003467953763059442,
    "reading_boot_ci95": [
      0.00016306869709902815,
      0.00025382254937473343
    ],
    "control_boot_ci95": [
      0.00030062535424739444,
      0.0004097970408274918
    ]
  },
  "17_attention": {
    "dim_id": 17,
    "entity_overlap": 0.4182856680779922,
    "reading_mean_r2": 0.0003030916027733274,
    "control_mean_r2": 0.00032969419789120777,
    "reading_boot_ci95": [
      0.00023008124609715495,
      0.0003704333027039217
    ],
    "control_boot_ci95": [
      0.0002728510557970911,
      0.00039922899433438556
    ]
  },
  "18_sysprompt_labeled": {
    "dim_id": 18,
    "entity_overlap": 0.28293701388487,
    "reading_mean_r2": 0.0002396742171315985,
    "control_mean_r2": 0.00016331751023236592,
    "reading_boot_ci95": [
      0.00020700101170941518,
      0.00026797507516038334
    ],
    "control_boot_ci95": [
      0.00013931853012061164,
      0.0002007919221119266
    ]
  }
}