{
  "dim_name": "11_formality",
  "dim_id": 11,
  "reading_profile": {
    "probe_type": "reading",
    "n_layers": 35,
    "overall_mean_r2": 0.0003723951960787179,
    "overall_mean_abs_cos": 0.016459124121216258,
    "peak_layer": 9,
    "peak_cosine": -0.04285110905766487,
    "peak_abs_cosine": 0.04285110905766487,
    "peak_r2": 0.0018362175474718884,
    "onset_layer": null,
    "band_stats": {
      "early": {
        "mean_cos": -0.02291750869480893,
        "mean_abs_cos": 0.02291750869480893,
        "mean_r2": 0.0007093130639471569,
        "max_r2": 0.0018362175474718884,
        "r2_fraction": 0.2721045780765582,
        "n_layers": 5
      },
      "middle": {
        "mean_cos": 0.00670281865944465,
        "mean_abs_cos": 0.016356727170447508,
        "mean_r2": 0.00035889014950193454,
        "max_r2": 0.0014309988937911827,
        "r2_fraction": 0.4130291305899254,
        "n_layers": 15
      },
      "late": {
        "mean_cos": -0.014408726214120786,
        "mean_abs_cos": 0.014408726214120786,
        "mean_r2": 0.00027359428669935495,
        "max_r2": 0.0008450391898728871,
        "r2_fraction": 0.3148662913335164,
        "n_layers": 15
      }
    },
    "normalized_entropy": 0.8485498379094061,
    "near_peak_layers": [
      9,
      11
    ],
    "near_peak_fraction": 0.05714285714285714,
    "sign_consistency": 0.7142857142857143,
    "dominant_sign": "negative",
    "profile_type": "negligible",
    "per_layer": {
      "6": {
        "cosine": -0.00039356754859909415,
        "abs_cosine": 0.00039356754859909415,
        "r_squared": 1.5489541531030034e-07
      },
      "7": {
        "cosine": -0.024125514551997185,
        "abs_cosine": 0.024125514551997185,
        "r_squared": 0.0005820404523986279
      },
      "8": {
        "cosine": -0.026198390871286392,
        "abs_cosine": 0.026198390871286392,
        "r_squared": 0.0006863556842447022
      },
      "9": {
        "cosine": -0.04285110905766487,
        "abs_cosine": 0.04285110905766487,
        "r_squared": 0.0018362175474718884
      },
      "10": {
        "cosine": -0.02101896144449711,
        "abs_cosine": 0.02101896144449711,
        "r_squared": 0.00044179674020525597
      },
      "11": {
        "cosine": -0.03782854601740837,
        "abs_cosine": 0.03782854601740837,
        "r_squared": 0.0014309988937911827
      },
      "12": {
        "cosine": -0.010034956969320774,
        "abs_cosine": 0.010034956969320774,
        "r_squared": 0.00010070036137611958
      },
      "13": {
        "cosine": 0.009388791397213936,
        "abs_cosine": 0.009388791397213936,
        "r_squared": 8.814940390039841e-05
      },
      "14": {
        "cosine": 0.016406964510679245,
        "abs_cosine": 0.016406964510679245,
        "r_squared": 0.00026918848445468824
      },
      "15": {
        "cosine": 0.03122217021882534,
        "abs_cosine": 0.03122217021882534,
        "r_squared": 0.000974823913173304
      },
      "16": {
        "cosine": 0.003985771909356117,
        "abs_cosine": 0.003985771909356117,
        "r_squared": 1.588637771341231e-05
      },
      "17": {
        "cosine": 0.01542900875210762,
        "abs_cosine": 0.01542900875210762,
        "r_squared": 0.00023805431107261354
      },
      "18": {
        "cosine": 0.016531797125935555,
        "abs_cosine": 0.016531797125935555,
        "r_squared": 0.00027330031621309106
      },
      "19": {
        "cosine": 0.019721105694770813,
        "abs_cosine": 0.019721105694770813,
        "r_squared": 0.0003889220098243218
      },
      "20": {
        "cosine": 0.025916974991559982,
        "abs_cosine": 0.025916974991559982,
        "r_squared": 0.0006716895927131455
      },
      "21": {
        "cosine": 0.025548795238137245,
        "abs_cosine": 0.025548795238137245,
        "r_squared": 0.0006527409381202644
      },
      "22": {
        "cosine": 0.008795213885605335,
        "abs_cosine": 0.008795213885605335,
        "r_squared": 7.73557872935449e-05
      },
      "23": {
        "cosine": -0.008882492780685425,
        "abs_cosine": 0.008882492780685425,
        "r_squared": 7.889867799892869e-05
      },
      "24": {
        "cosine": -0.007989957928657532,
        "abs_cosine": 0.007989957928657532,
        "r_squared": 6.383942770171736e-05
      },
      "25": {
        "cosine": -0.007668360136449337,
        "abs_cosine": 0.007668360136449337,
        "r_squared": 5.8803747182285294e-05
      },
      "26": {
        "cosine": -0.010966788046061993,
        "abs_cosine": 0.010966788046061993,
        "r_squared": 0.00012027044004724822
      },
      "27": {
        "cosine": -0.028411975130438805,
        "abs_cosine": 0.028411975130438805,
        "r_squared": 0.0008072403308126731
      },
      "28": {
        "cosine": -0.023722274228930473,
        "abs_cosine": 0.023722274228930473,
        "r_squared": 0.0005627462945925789
      },
      "29": {
        "cosine": -0.029069557785987854,
        "abs_cosine": 0.029069557785987854,
        "r_squared": 0.0008450391898728871
      },
      "30": {
        "cosine": -0.026813767850399017,
        "abs_cosine": 0.026813767850399017,
        "r_squared": 0.0007189781463350919
      },
      "31": {
        "cosine": -0.0033782031387090683,
        "abs_cosine": 0.0033782031387090683,
        "r_squared": 1.14122564463838e-05
      },
      "32": {
        "cosine": -0.01230215560644865,
        "abs_cosine": 0.01230215560644865,
        "r_squared": 0.00015134303256527596
      },
      "33": {
        "cosine": -0.00990778673440218,
        "abs_cosine": 0.00990778673440218,
        "r_squared": 9.816423797439581e-05
      },
      "34": {
        "cosine": -0.010712673887610435,
        "abs_cosine": 0.010712673887610435,
        "r_squared": 0.00011476138182229048
      },
      "35": {
        "cosine": -0.010862157680094242,
        "abs_cosine": 0.010862157680094242,
        "r_squared": 0.00011798646946723033
      },
      "36": {
        "cosine": -0.008252346888184547,
        "abs_cosine": 0.008252346888184547,
        "r_squared": 6.810122916292918e-05
      },
      "37": {
        "cosine": -0.009168065153062344,
        "abs_cosine": 0.009168065153062344,
        "r_squared": 8.405341865079605e-05
      },
      "38": {
        "cosine": -0.013741286471486092,
        "abs_cosine": 0.013741286471486092,
        "r_squared": 0.00018882295389144668
      },
      "39": {
        "cosine": -0.013762008398771286,
        "abs_cosine": 0.013762008398771286,
        "r_squared": 0.00018939287516785142
      },
      "40": {
        "cosine": -0.005059846211224794,
        "abs_cosine": 0.005059846211224794,
        "r_squared": 2.5602043681245907e-05
      }
    }
  },
  "control_profile": {
    "probe_type": "control",
    "n_layers": 35,
    "overall_mean_r2": 0.000967849417897583,
    "overall_mean_abs_cos": 0.01795252940251625,
    "peak_layer": 6,
    "peak_cosine": 0.15033608675003052,
    "peak_abs_cosine": 0.15033608675003052,
    "peak_r2": 0.0226009389793127,
    "onset_layer": 6,
    "band_stats": {
      "early": {
        "mean_cos": 0.04314635805785656,
        "mean_abs_cos": 0.05483005978167057,
        "mean_r2": 0.005532204102604741,
        "max_r2": 0.0226009389793127,
        "r2_fraction": 0.816568008603491,
        "n_layers": 5
      },
      "middle": {
        "mean_cos": 0.008927408435071508,
        "mean_abs_cos": 0.013123363489285111,
        "mean_r2": 0.00025750696135985144,
        "max_r2": 0.0010539150103463513,
        "r2_fraction": 0.11402613284286482,
        "n_layers": 15
      },
      "late": {
        "mean_cos": 0.007302890093221019,
        "mean_abs_cos": 0.010489185189362616,
        "mean_r2": 0.00015674031286626205,
        "max_r2": 0.0005159863918802327,
        "r2_fraction": 0.06940585855364427,
        "n_layers": 15
      }
    },
    "normalized_entropy": 0.4266869173762957,
    "near_peak_layers": [
      6
    ],