{
  "dim_name": "1_phenomenology",
  "dim_id": 1,
  "reading_profile": {
    "probe_type": "reading",
    "n_layers": 35,
    "overall_mean_r2": 0.00019632656678888262,
    "overall_mean_abs_cos": 0.011426771957693356,
    "peak_layer": 14,
    "peak_cosine": 0.0335053950548172,
    "peak_abs_cosine": 0.0335053950548172,
    "peak_r2": 0.0011226114977793689,
    "onset_layer": null,
    "band_stats": {
      "early": {
        "mean_cos": 0.00838500801473856,
        "mean_abs_cos": 0.01790632735937834,
        "mean_r2": 0.00036370275411553665,
        "max_r2": 0.0007539183909663662,
        "r2_fraction": 0.2646485249145696,
        "n_layers": 5
      },
      "middle": {
        "mean_cos": 0.00663949513885503,
        "mean_abs_cos": 0.012062557332683355,
        "mean_r2": 0.00023674970977759588,
        "max_r2": 0.0011226114977793689,
        "r2_fraction": 0.5168132005403202,
        "n_layers": 15
      },
      "late": {
        "mean_cos": 0.0028891021579814454,
        "mean_abs_cos": 0.008631134782141696,
        "mean_r2": 0.00010011136135795138,
        "max_r2": 0.00027965341740949015,
        "r2_fraction": 0.21853827454511013,
        "n_layers": 15
      }
    },
    "normalized_entropy": 0.8139872198959476,
    "near_peak_layers": [
      7,
      14,
      15
    ],
    "near_peak_fraction": 0.08571428571428572,
    "sign_consistency": 0.6285714285714286,
    "dominant_sign": "positive",
    "profile_type": "negligible",
    "per_layer": {
      "6": {
        "cosine": 0.0156411100178957,
        "abs_cosine": 0.0156411100178957,
        "r_squared": 0.0002446443225919172
      },
      "7": {
        "cosine": 0.027457574382424355,
        "abs_cosine": 0.027457574382424355,
        "r_squared": 0.0007539183909663662
      },
      "8": {
        "cosine": 0.02262965403497219,
        "abs_cosine": 0.02262965403497219,
        "r_squared": 0.0005121012417425332
      },
      "9": {
        "cosine": -0.008397986181080341,
        "abs_cosine": 0.008397986181080341,
        "r_squared": 7.052617189761638e-05
      },
      "10": {
        "cosine": -0.015405312180519104,
        "abs_cosine": 0.015405312180519104,
        "r_squared": 0.00023732364337925027
      },
      "11": {
        "cosine": -0.0007725960458628833,
        "abs_cosine": 0.0007725960458628833,
        "r_squared": 5.969046500829625e-07
      },
      "12": {
        "cosine": 0.0011066715233027935,
        "abs_cosine": 0.0011066715233027935,
        "r_squared": 1.2247218604893254e-06
      },
      "13": {
        "cosine": 0.009119083173573017,
        "abs_cosine": 0.009119083173573017,
        "r_squared": 8.315767792654253e-05
      },
      "14": {
        "cosine": 0.0335053950548172,
        "abs_cosine": 0.0335053950548172,
        "r_squared": 0.0011226114977793689
      },
      "15": {
        "cosine": 0.02927912212908268,
        "abs_cosine": 0.02927912212908268,
        "r_squared": 0.0008572669926497391
      },
      "16": {
        "cosine": 0.006620300933718681,
        "abs_cosine": 0.006620300933718681,
        "r_squared": 4.3828384452996444e-05
      },
      "17": {
        "cosine": 0.02019055001437664,
        "abs_cosine": 0.02019055001437664,
        "r_squared": 0.00040765830988304455
      },
      "18": {
        "cosine": 0.019239556044340134,
        "abs_cosine": 0.019239556044340134,
        "r_squared": 0.00037016051678330497
      },
      "19": {
        "cosine": -0.0022037201561033726,
        "abs_cosine": 0.0022037201561033726,
        "r_squared": 4.856382526416273e-06
      },
      "20": {
        "cosine": 0.01036390382796526,
        "abs_cosine": 0.01036390382796526,
        "r_squared": 0.00010741050255531296
      },
      "21": {
        "cosine": 0.01084081083536148,
        "abs_cosine": 0.01084081083536148,
        "r_squared": 0.00011752317956809089
      },
      "22": {
        "cosine": -0.0055602313950657845,
        "abs_cosine": 0.0055602313950657845,
        "r_squared": 3.09161731666752e-05
      },
      "23": {
        "cosine": -0.012753946706652641,
        "abs_cosine": 0.012753946706652641,
        "r_squared": 0.00016266315659613576
      },
      "24": {
        "cosine": -0.0045176912099123,
        "abs_cosine": 0.0045176912099123,
        "r_squared": 2.0409533868118862e-05
      },
      "25": {
        "cosine": -0.014864780940115452,
        "abs_cosine": 0.014864780940115452,
        "r_squared": 0.00022096171239761962
      },
      "26": {
        "cosine": -0.0012165590887889266,
        "abs_cosine": 0.0012165590887889266,
        "r_squared": 1.4800160165149434e-06
      },
      "27": {
        "cosine": 0.0005965695600025356,
        "abs_cosine": 0.0005965695600025356,
        "r_squared": 3.558952399216189e-07
      },
      "28": {
        "cosine": 0.011451944708824158,
        "abs_cosine": 0.011451944708824158,
        "r_squared": 0.00013114703761396562
      },
      "29": {
        "cosine": 0.012612298130989075,
        "abs_cosine": 0.012612298130989075,
        "r_squared": 0.0001590700641449505
      },
      "30": {
        "cosine": 0.00690000643953681,
        "abs_cosine": 0.00690000643953681,
        "r_squared": 4.7610088865649445e-05
      },
      "31": {
        "cosine": 0.013936582952737808,
        "abs_cosine": 0.013936582952737808,
        "r_squared": 0.00019422834439854209
      },
      "32": {
        "cosine": 0.005312210414558649,
        "abs_cosine": 0.005312210414558649,
        "r_squared": 2.8219579488545374e-05
      },
      "33": {
        "cosine": 0.004869726486504078,
        "abs_cosine": 0.004869726486504078,
        "r_squared": 2.371423605335935e-05
      },
      "34": {
        "cosine": 0.009594930335879326,
        "abs_cosine": 0.009594930335879326,
        "r_squared": 9.206268815037735e-05
      },
      "35": {
        "cosine": 0.016709743067622185,
        "abs_cosine": 0.016709743067622185,
        "r_squared": 0.00027921551338594766
      },
      "36": {
        "cosine": -0.011291946284472942,
        "abs_cosine": 0.011291946284472942,
        "r_squared": 0.0001275080508914223
      },
      "37": {
        "cosine": -0.0035852473229169846,
        "abs_cosine": 0.0035852473229169846,
        "r_squared": 1.2853998366483405e-05
      },
      "38": {
        "cosine": 0.004417764954268932,
        "abs_cosine": 0.004417764954268932,
        "r_squared": 1.9516647191166782e-05
      },
      "39": {
        "cosine": -0.016722841188311577,
        "abs_cosine": 0.016722841188311577,
        "r_squared": 0.00027965341740949015
      },
      "40": {
        "cosine": -0.010248650796711445,
        "abs_cosine": 0.010248650796711445,
        "r_squared": 0.00010503484315293413
      }
    }
  },
  "control_profile": {
    "probe_type": "control",
    "n_layers": 35,
    "overall_mean_r2": 0.0037518326635343126,
    "overall_mean_abs_cos": 0.04500417777869318,
    "peak_layer": 8,
    "peak_cosine": 0.17970164120197296,
    "peak_abs_cosine": 0.17970164120197296,
    "peak_r2": 0.032292679850682626,
    "onset_layer": 6,
    "band_stats": {
      "early": {
        "mean_cos": 0.13152886927127838,
        "mean_abs_cos": 0.13152886927127838,
        "mean_r2": 0.019280838205776484,
        "max_r2": 0.032292679850682626,
        "r2_fraction": 0.7341493358004288,
        "n_layers": 5
      },
      "middle": {
        "mean_cos": 0.03493218768077592,
        "mean_abs_cos": 0.03493218768077592,
        "mean_r2": 0.001463794428680091,
        "max_r2": 0.003054034741534553,
        "r2_fraction": 0.1672090750559636,
        "n_layers": 15
      },
      "late": {
        "mean_cos": 0.026234604045748712,
        "mean_abs_cos": 0.026234604045748712,
        "mean_r2": 0.000863535717641144,
        "max_r2": 0.0032980066894981036,
        "r2_fraction": 0.09864158914360766,
        "n_layers": 15
      }
    },
    "normalized_entropy": 0.6835585361634675,