{
  "dim_name": "4_intentions",
  "dim_id": 4,
  "reading_profile": {
    "probe_type": "reading",
    "n_layers": 35,
    "overall_mean_r2": 0.0004962574499306743,
    "overall_mean_abs_cos": 0.02000725324531751,
    "peak_layer": 10,
    "peak_cosine": -0.03412794694304466,
    "peak_abs_cosine": 0.03412794694304466,
    "peak_r2": 0.0011647167625472715,
    "onset_layer": null,
    "band_stats": {
      "early": {
        "mean_cos": 0.005697694793343544,
        "mean_abs_cos": 0.022792865708470344,
        "mean_r2": 0.0005933104227244447,
        "max_r2": 0.0011647167625472715,
        "r2_fraction": 0.1707956864518978,
        "n_layers": 5
      },
      "middle": {
        "mean_cos": 0.018674133283396562,
        "mean_abs_cos": 0.019791627116501332,
        "mean_r2": 0.0004946918661760328,
        "max_r2": 0.0011069259623125577,
        "r2_fraction": 0.4272193794155546,
        "n_layers": 15
      },
      "late": {
        "mean_cos": 0.014422435111676653,
        "mean_abs_cos": 0.01929434188641608,
        "mean_r2": 0.0004654720427540589,
        "max_r2": 0.0011451554755990273,
        "r2_fraction": 0.4019849341325475,
        "n_layers": 15
      }
    },
    "normalized_entropy": 0.9110184042374625,
    "near_peak_layers": [
      7,
      10,
      15,
      16,
      17,
      21,
      27,
      28,
      31
    ],
    "near_peak_fraction": 0.2571428571428571,
    "sign_consistency": 0.8285714285714286,
    "dominant_sign": "positive",
    "profile_type": "negligible",
    "per_layer": {
      "6": {
        "cosine": 0.019702574238181114,
        "abs_cosine": 0.019702574238181114,
        "r_squared": 0.0003881914316110381
      },
      "7": {
        "cosine": 0.028227657079696655,
        "abs_cosine": 0.028227657079696655,
        "r_squared": 0.0007968006242089487
      },
      "8": {
        "cosine": 0.023296169936656952,
        "abs_cosine": 0.023296169936656952,
        "r_squared": 0.0005427115337175992
      },
      "9": {
        "cosine": -0.008609980344772339,
        "abs_cosine": 0.008609980344772339,
        "r_squared": 7.4131761537366e-05
      },
      "10": {
        "cosine": -0.03412794694304466,
        "abs_cosine": 0.03412794694304466,
        "r_squared": 0.0011647167625472715
      },
      "11": {
        "cosine": -0.00838120374828577,
        "abs_cosine": 0.00838120374828577,
        "r_squared": 7.024457627027945e-05
      },
      "12": {
        "cosine": 0.002306882757693529,
        "abs_cosine": 0.002306882757693529,
        "r_squared": 5.321708057743702e-06
      },
      "13": {
        "cosine": 0.005127313546836376,
        "abs_cosine": 0.005127313546836376,
        "r_squared": 2.628934420757182e-05
      },
      "14": {
        "cosine": 0.0236592385917902,
        "abs_cosine": 0.0236592385917902,
        "r_squared": 0.0005597595707432547
      },
      "15": {
        "cosine": 0.033270496875047684,
        "abs_cosine": 0.033270496875047684,
        "r_squared": 0.0011069259623125577
      },
      "16": {
        "cosine": 0.027422916144132614,
        "abs_cosine": 0.027422916144132614,
        "r_squared": 0.0007520163298481292
      },
      "17": {
        "cosine": 0.029601747170090675,
        "abs_cosine": 0.029601747170090675,
        "r_squared": 0.0008762634355219713
      },
      "18": {
        "cosine": 0.025919578969478607,
        "abs_cosine": 0.025919578969478607,
        "r_squared": 0.0006718245739550377
      },
      "19": {
        "cosine": 0.011916250921785831,
        "abs_cosine": 0.011916250921785831,
        "r_squared": 0.00014199703603096168
      },
      "20": {
        "cosine": 0.025298871099948883,
        "abs_cosine": 0.025298871099948883,
        "r_squared": 0.0006400328789318288
      },
      "21": {
        "cosine": 0.03134225308895111,
        "abs_cosine": 0.03134225308895111,
        "r_squared": 0.0009823368286918654
      },
      "22": {
        "cosine": 0.025503063574433327,
        "abs_cosine": 0.025503063574433327,
        "r_squared": 0.000650406251681588
      },
      "23": {
        "cosine": 0.025474222376942635,
        "abs_cosine": 0.025474222376942635,
        "r_squared": 0.0006489360057099249
      },
      "24": {
        "cosine": 0.01600467599928379,
        "abs_cosine": 0.01600467599928379,
        "r_squared": 0.0002561496538420506
      },
      "25": {
        "cosine": 0.005645691882818937,
        "abs_cosine": 0.005645691882818937,
        "r_squared": 3.187383683572764e-05
      },
      "26": {
        "cosine": 0.02248692885041237,
        "abs_cosine": 0.02248692885041237,
        "r_squared": 0.0005056619691235081
      },
      "27": {
        "cosine": 0.03131166100502014,
        "abs_cosine": 0.03131166100502014,
        "r_squared": 0.000980420114893299
      },
      "28": {
        "cosine": 0.03384014591574669,
        "abs_cosine": 0.03384014591574669,
        "r_squared": 0.0011451554755990273
      },
      "29": {
        "cosine": 0.026581740006804466,
        "abs_cosine": 0.026581740006804466,
        "r_squared": 0.0007065889017893491
      },
      "30": {
        "cosine": 0.02229532226920128,
        "abs_cosine": 0.02229532226920128,
        "r_squared": 0.0004970813950875425
      },
      "31": {
        "cosine": 0.028625767678022385,
        "abs_cosine": 0.028625767678022385,
        "r_squared": 0.0008194345751561111
      },
      "32": {
        "cosine": 0.02669597417116165,
        "abs_cosine": 0.02669597417116165,
        "r_squared": 0.00071267503694733
      },
      "33": {
        "cosine": 0.021100321784615517,
        "abs_cosine": 0.021100321784615517,
        "r_squared": 0.00044522357941432014
      },
      "34": {
        "cosine": 0.01081857830286026,
        "abs_cosine": 0.01081857830286026,
        "r_squared": 0.00011704163649511878
      },
      "35": {
        "cosine": 0.021473916247487068,
        "abs_cosine": 0.021473916247487068,
        "r_squared": 0.0004611290790040891
      },
      "36": {
        "cosine": -0.016529250890016556,
        "abs_cosine": 0.016529250890016556,
        "r_squared": 0.0002732161349851131
      },
      "37": {
        "cosine": 0.004552643746137619,
        "abs_cosine": 0.004552643746137619,
        "r_squared": 2.0726565079245973e-05
      },
      "38": {
        "cosine": 0.003092827508226037,
        "abs_cosine": 0.003092827508226037,
        "r_squared": 9.565581995639677e-06
      },
      "39": {
        "cosine": -0.016636749729514122,
        "abs_cosine": 0.016636749729514122,
        "r_squared": 0.0002767814415624882
      },
      "40": {
        "cosine": -0.003373300191015005,
        "abs_cosine": 0.003373300191015005,
        "r_squared": 1.137915417870187e-05
      }
    }
  },
  "control_profile": {
    "probe_type": "control",
    "n_layers": 35,
    "overall_mean_r2": 0.004765023382753351,
    "overall_mean_abs_cos": 0.05459331618621945,
    "peak_layer": 8,
    "peak_cosine": 0.18927723169326782,
    "peak_abs_cosine": 0.18927723169326782,
    "peak_r2": 0.03582587043746699,
    "onset_layer": 6,
    "band_stats": {
      "early": {
        "mean_cos": 0.14146970212459564,
        "mean_abs_cos": 0.14146970212459564,
        "mean_r2": 0.021387529137226236,
        "max_r2": 0.03582587043746699,
        "r2_fraction": 0.6412059416910078,
        "n_layers": 5
      },
      "middle": {
        "mean_cos": 0.050206768698990344,
        "mean_abs_cos": 0.050206768698990344,
        "mean_r2": 0.0028093657175876957,
        "max_r2": 0.005551049620160564,
        "r2_fraction": 0.25267743350934946,
        "n_layers": 15
      },
      "late": {
        "mean_cos": 0.029354893260945876,
        "mean_abs_cos": 0.0300210683606565,
        "mean_r2": 0.0011798457964280465,
        "max_r2": 0.003530945011665454,
        "r2_fraction": 0.10611662479964294,
        "n_layers": 15
      }
    },
    "normalized_entropy": 0.7613605902839974,