{
  "dim_name": "5_prediction",
  "dim_id": 5,
  "reading_profile": {
    "probe_type": "reading",
    "n_layers": 35,
    "overall_mean_r2": 0.0003884575798478591,
    "overall_mean_abs_cos": 0.01631340246115412,
    "peak_layer": 7,
    "peak_cosine": 0.047013506293296814,
    "peak_abs_cosine": 0.047013506293296814,
    "peak_r2": 0.002210269773989859,
    "onset_layer": null,
    "band_stats": {
      "early": {
        "mean_cos": 0.017728643538430334,
        "mean_abs_cos": 0.025884249387308954,
        "mean_r2": 0.0008917010022110917,
        "max_r2": 0.002210269773989859,
        "r2_fraction": 0.3279273312381201,
        "n_layers": 5
      },
      "middle": {
        "mean_cos": 0.016735864508276185,
        "mean_abs_cos": 0.019439645872140924,
        "mean_r2": 0.0004891884879818829,
        "max_r2": 0.001690543159661717,
        "r2_fraction": 0.5397042560405276,
        "n_layers": 15
      },
      "late": {
        "mean_cos": 0.0029330107072989145,
        "mean_abs_cos": 0.009996876741449038,
        "mean_r2": 0.00011997886425942457,
        "max_r2": 0.0003387732245987464,
        "r2_fraction": 0.13236841272135236,
        "n_layers": 15
      }
    },
    "normalized_entropy": 0.8195338023602958,
    "near_peak_layers": [
      7,
      14
    ],
    "near_peak_fraction": 0.05714285714285714,
    "sign_consistency": 0.7428571428571429,
    "dominant_sign": "positive",
    "profile_type": "negligible",
    "per_layer": {
      "6": {
        "cosine": 0.03383614495396614,
        "abs_cosine": 0.03383614495396614,
        "r_squared": 0.0011448847053458083
      },
      "7": {
        "cosine": 0.047013506293296814,
        "abs_cosine": 0.047013506293296814,
        "r_squared": 0.002210269773989859
      },
      "8": {
        "cosine": 0.028182581067085266,
        "abs_cosine": 0.028182581067085266,
        "r_squared": 0.0007942578756028329
      },
      "9": {
        "cosine": -0.0030798499938100576,
        "abs_cosine": 0.0030798499938100576,
        "r_squared": 9.485475984371812e-06
      },
      "10": {
        "cosine": -0.017309164628386497,
        "abs_cosine": 0.017309164628386497,
        "r_squared": 0.0002996071801325863
      },
      "11": {
        "cosine": 0.013885673135519028,
        "abs_cosine": 0.013885673135519028,
        "r_squared": 0.00019281191842647483
      },
      "12": {
        "cosine": 0.01673845946788788,
        "abs_cosine": 0.01673845946788788,
        "r_squared": 0.00028017602535812536
      },
      "13": {
        "cosine": 0.013437093235552311,
        "abs_cosine": 0.013437093235552311,
        "r_squared": 0.00018055547462092567
      },
      "14": {
        "cosine": 0.04111621528863907,
        "abs_cosine": 0.04111621528863907,
        "r_squared": 0.001690543159661717
      },
      "15": {
        "cosine": 0.03473060950636864,
        "abs_cosine": 0.03473060950636864,
        "r_squared": 0.0012062152366838635
      },
      "16": {
        "cosine": 0.01575896330177784,
        "abs_cosine": 0.01575896330177784,
        "r_squared": 0.0002483449243467807
      },
      "17": {
        "cosine": 0.028493013232946396,
        "abs_cosine": 0.028493013232946396,
        "r_squared": 0.0008118518030928584
      },
      "18": {
        "cosine": 0.030207863077521324,
        "abs_cosine": 0.030207863077521324,
        "r_squared": 0.0009125149917102761
      },
      "19": {
        "cosine": 0.012328588403761387,
        "abs_cosine": 0.012328588403761387,
        "r_squared": 0.00015199409202935974
      },
      "20": {
        "cosine": 0.022377479821443558,
        "abs_cosine": 0.022377479821443558,
        "r_squared": 0.0005007516031591136
      },
      "21": {
        "cosine": 0.024388562887907028,
        "abs_cosine": 0.024388562887907028,
        "r_squared": 0.000594801999737396
      },
      "22": {
        "cosine": 0.014434981159865856,
        "abs_cosine": 0.014434981159865856,
        "r_squared": 0.00020836868108568222
      },
      "23": {
        "cosine": 0.0034188253339380026,
        "abs_cosine": 0.0034188253339380026,
        "r_squared": 1.1688366663976295e-05
      },
      "24": {
        "cosine": -0.0017248145304620266,
        "abs_cosine": 0.0017248145304620266,
        "r_squared": 2.9749851644929413e-06
      },
      "25": {
        "cosine": -0.01855354569852352,
        "abs_cosine": 0.01855354569852352,
        "r_squared": 0.00034423405798720066
      },
      "26": {
        "cosine": 0.004154921043664217,
        "abs_cosine": 0.004154921043664217,
        "r_squared": 1.7263368879083746e-05
      },
      "27": {
        "cosine": 0.009989938698709011,
        "abs_cosine": 0.009989938698709011,
        "r_squared": 9.979887520396389e-05
      },
      "28": {
        "cosine": 0.009243487380445004,
        "abs_cosine": 0.009243487380445004,
        "r_squared": 8.544205895244603e-05
      },
      "29": {
        "cosine": 0.006235755514353514,
        "abs_cosine": 0.006235755514353514,
        "r_squared": 3.8884646834790254e-05
      },
      "30": {
        "cosine": 0.001558452844619751,
        "abs_cosine": 0.001558452844619751,
        "r_squared": 2.4287752689033937e-06
      },
      "31": {
        "cosine": 0.010438975878059864,
        "abs_cosine": 0.010438975878059864,
        "r_squared": 0.00010897221738271571
      },
      "32": {
        "cosine": 0.018405793234705925,
        "abs_cosine": 0.018405793234705925,
        "r_squared": 0.0003387732245987464
      },
      "33": {
        "cosine": 0.012425711378455162,
        "abs_cosine": 0.012425711378455162,
        "r_squared": 0.00015439830326067008
      },
      "34": {
        "cosine": 0.012982149608433247,
        "abs_cosine": 0.012982149608433247,
        "r_squared": 0.0001685362084557435
      },
      "35": {
        "cosine": 0.011538970284163952,
        "abs_cosine": 0.011538970284163952,
        "r_squared": 0.0001331478352188187
      },
      "36": {
        "cosine": -0.015306061133742332,
        "abs_cosine": 0.015306061133742332,
        "r_squared": 0.00023427550742985762
      },
      "37": {
        "cosine": -0.01182201225310564,
        "abs_cosine": 0.01182201225310564,
        "r_squared": 0.0001397599737125799
      },
      "38": {
        "cosine": -0.006264908239245415,
        "abs_cosine": 0.006264908239245415,
        "r_squared": 3.924907524616508e-05
      },
      "39": {
        "cosine": -0.004948064684867859,
        "abs_cosine": 0.004948064684867859,
        "r_squared": 2.4483344125636464e-05
      },
      "40": {
        "cosine": -0.01463794894516468,
        "abs_cosine": 0.01463794894516468,
        "r_squared": 0.00021426954932124778
      }
    }
  },
  "control_profile": {
    "probe_type": "control",
    "n_layers": 35,
    "overall_mean_r2": 0.005489569522918093,
    "overall_mean_abs_cos": 0.05514737688104755,
    "peak_layer": 8,
    "peak_cosine": 0.20052796602249146,
    "peak_abs_cosine": 0.20052796602249146,
    "peak_r2": 0.04021146515711749,
    "onset_layer": 6,
    "band_stats": {
      "early": {
        "mean_cos": 0.16075345128774643,
        "mean_abs_cos": 0.16075345128774643,
        "mean_r2": 0.027439839166199687,
        "max_r2": 0.04021146515711749,
        "r2_fraction": 0.7140773074058944,
        "n_layers": 5
      },
      "middle": {
        "mean_cos": 0.048097124819954234,
        "mean_abs_cos": 0.048097124819954234,
        "mean_r2": 0.002692543158255051,
        "max_r2": 0.0068667699448182185,
        "r2_fraction": 0.21020720532020676,
        "n_layers": 15
      },
      "late": {
        "mean_cos": 0.026995604139907908,
        "mean_abs_cos": 0.026995604139907908,
        "mean_r2": 0.0009698393398206044,
        "max_r2": 0.0031298035995626222,
        "r2_fraction": 0.0757154872738988,
        "n_layers": 15
      }
    },
    "normalized_entropy": 0.7090653027267755,
    "near_peak_layers": [
      6,
      7,
      8
    ],