{
  "dim_name": "6_cognitive",
  "dim_id": 6,
  "reading_profile": {
    "probe_type": "reading",
    "n_layers": 35,
    "overall_mean_r2": 0.0007842829753445395,
    "overall_mean_abs_cos": 0.02535672421633665,
    "peak_layer": 15,
    "peak_cosine": 0.04887824133038521,
    "peak_abs_cosine": 0.04887824133038521,
    "peak_r2": 0.0023890824755513768,
    "onset_layer": null,
    "band_stats": {
      "early": {
        "mean_cos": 0.01822955422103405,
        "mean_abs_cos": 0.023132633417844772,
        "mean_r2": 0.0006747016336516271,
        "max_r2": 0.0014950041459195346,
        "r2_fraction": 0.1228969016217333,
        "n_layers": 5
      },
      "middle": {
        "mean_cos": 0.02952805906534195,
        "mean_abs_cos": 0.02952805906534195,
        "mean_r2": 0.0009363759184995351,
        "max_r2": 0.0023890824755513768,
        "r2_fraction": 0.5116826167174348,
        "n_layers": 15
      },
      "late": {
        "mean_cos": 0.01692639911392083,
        "mean_abs_cos": 0.021926752966828646,
        "mean_r2": 0.0006687171460871812,
        "max_r2": 0.0017150570755610772,
        "r2_fraction": 0.36542048166083185,
        "n_layers": 15
      }
    },
    "normalized_entropy": 0.919027169733789,
    "near_peak_layers": [
      15,
      20,
      27
    ],
    "near_peak_fraction": 0.08571428571428572,
    "sign_consistency": 0.8571428571428571,
    "dominant_sign": "positive",
    "profile_type": "negligible",
    "per_layer": {
      "6": {
        "cosine": 0.02549290657043457,
        "abs_cosine": 0.02549290657043457,
        "r_squared": 0.0006498882854089061
      },
      "7": {
        "cosine": 0.0386652834713459,
        "abs_cosine": 0.0386652834713459,
        "r_squared": 0.0014950041459195346
      },
      "8": {
        "cosine": 0.03203714266419411,
        "abs_cosine": 0.03203714266419411,
        "r_squared": 0.0010263785100859263
      },
      "9": {
        "cosine": 0.007210136391222477,
        "abs_cosine": 0.007210136391222477,
        "r_squared": 5.198606678003068e-05
      },
      "10": {
        "cosine": -0.012257697992026806,
        "abs_cosine": 0.012257697992026806,
        "r_squared": 0.000150251160063738
      },
      "11": {
        "cosine": 0.020695596933364868,
        "abs_cosine": 0.020695596933364868,
        "r_squared": 0.00042830773242830134
      },
      "12": {
        "cosine": 0.01773952879011631,
        "abs_cosine": 0.01773952879011631,
        "r_squared": 0.00031469088169536544
      },
      "13": {
        "cosine": 0.025531979277729988,
        "abs_cosine": 0.025531979277729988,
        "r_squared": 0.0006518819658384335
      },
      "14": {
        "cosine": 0.029223252087831497,
        "abs_cosine": 0.029223252087831497,
        "r_squared": 0.000853998462588948
      },
      "15": {
        "cosine": 0.04887824133038521,
        "abs_cosine": 0.04887824133038521,
        "r_squared": 0.0023890824755513768
      },
      "16": {
        "cosine": 0.03363819792866707,
        "abs_cosine": 0.03363819792866707,
        "r_squared": 0.0011315283598881815
      },
      "17": {
        "cosine": 0.024164311587810516,
        "abs_cosine": 0.024164311587810516,
        "r_squared": 0.0005839139545127936
      },
      "18": {
        "cosine": 0.02814791537821293,
        "abs_cosine": 0.02814791537821293,
        "r_squared": 0.0007923051401390359
      },
      "19": {
        "cosine": 0.029415830969810486,
        "abs_cosine": 0.029415830969810486,
        "r_squared": 0.0008652911116444617
      },
      "20": {
        "cosine": 0.03977758437395096,
        "abs_cosine": 0.03977758437395096,
        "r_squared": 0.0015822562186267874
      },
      "21": {
        "cosine": 0.03795784339308739,
        "abs_cosine": 0.03795784339308739,
        "r_squared": 0.0014407978750541478
      },
      "22": {
        "cosine": 0.03166233003139496,
        "abs_cosine": 0.03166233003139496,
        "r_squared": 0.001002503143016975
      },
      "23": {
        "cosine": 0.032619718462228775,
        "abs_cosine": 0.032619718462228775,
        "r_squared": 0.0010640460325550688
      },
      "24": {
        "cosine": 0.022106949239969254,
        "abs_cosine": 0.022106949239969254,
        "r_squared": 0.0004887172046985772
      },
      "25": {
        "cosine": 0.02136160619556904,
        "abs_cosine": 0.02136160619556904,
        "r_squared": 0.0004563182192545735
      },
      "26": {
        "cosine": 0.0321735143661499,
        "abs_cosine": 0.0321735143661499,
        "r_squared": 0.0010351350266688542
      },
      "27": {
        "cosine": 0.04141324758529663,
        "abs_cosine": 0.04141324758529663,
        "r_squared": 0.0017150570755610772
      },
      "28": {
        "cosine": 0.03170929476618767,
        "abs_cosine": 0.03170929476618767,
        "r_squared": 0.0010054793745689766
      },
      "29": {
        "cosine": 0.036327943205833435,
        "abs_cosine": 0.036327943205833435,
        "r_squared": 0.0013197194575662596
      },
      "30": {
        "cosine": 0.02625187113881111,
        "abs_cosine": 0.02625187113881111,
        "r_squared": 0.0006891607382887438
      },
      "31": {
        "cosine": 0.03690757602453232,
        "abs_cosine": 0.03690757602453232,
        "r_squared": 0.0013621691680066328
      },
      "32": {
        "cosine": 0.02981136180460453,
        "abs_cosine": 0.02981136180460453,
        "r_squared": 0.0008887172926450339
      },
      "33": {
        "cosine": 0.028209222480654716,
        "abs_cosine": 0.028209222480654716,
        "r_squared": 0.0007957602329630754
      },
      "34": {
        "cosine": 0.0007935658795759082,
        "abs_cosine": 0.0007935658795759082,
        "r_squared": 6.297468052270848e-07
      },
      "35": {
        "cosine": 0.021854281425476074,
        "abs_cosine": 0.021854281425476074,
        "r_squared": 0.00047760961662390855
      },
      "36": {
        "cosine": -0.025569729506969452,
        "abs_cosine": 0.025569729506969452,
        "r_squared": 0.0006538110670595842
      },
      "37": {
        "cosine": 0.005946761928498745,
        "abs_cosine": 0.005946761928498745,
        "r_squared": 3.536397743424211e-05
      },
      "38": {
        "cosine": -0.0024181492626667023,
        "abs_cosine": 0.0024181492626667023,
        "r_squared": 5.847445856535516e-06
      },
      "39": {
        "cosine": -0.00547554437071085,
        "abs_cosine": 0.00547554437071085,
        "r_squared": 2.9981586155623276e-05
      },
      "40": {
        "cosine": -0.00403923075646162,
        "abs_cosine": 0.00403923075646162,
        "r_squared": 1.6315385103945514e-05
      }
    }
  },
  "control_profile": {
    "probe_type": "control",
    "n_layers": 35,
    "overall_mean_r2": 0.0052697267821001665,
    "overall_mean_abs_cos": 0.057347220075981954,
    "peak_layer": 8,
    "peak_cosine": 0.2024673968553543,
    "peak_abs_cosine": 0.2024673968553543,
    "peak_r2": 0.040993046789383536,
    "onset_layer": 6,
    "band_stats": {
      "early": {
        "mean_cos": 0.15194837301969527,
        "mean_abs_cos": 0.15194837301969527,
        "mean_r2": 0.02457032788944439,
        "max_r2": 0.040993046789383536,
        "r2_fraction": 0.666077576027637,
        "n_layers": 5
      },
      "middle": {
        "mean_cos": 0.05224820425113042,
        "mean_abs_cos": 0.05224820425113042,
        "mean_r2": 0.0029211347621892147,
        "max_r2": 0.00567535600717145,
        "r2_fraction": 0.23756732556486754,
        "n_layers": 15
      },
      "late": {
        "mean_cos": 0.030346170688668888,
        "mean_abs_cos": 0.030912518252929053,
        "mean_r2": 0.0011847850995630456,
        "max_r2": 0.002941825194999803,
        "r2_fraction": 0.0963550984074956,
        "n_layers": 15
      }
    },
    "normalized_entropy": 0.7517859283238576,
    "near_peak_layers": [
      6,
      7,
      8
    ],
    "near_peak_fraction": 0.08571428571428572,