{
  "dim_name": "10_animacy",
  "dim_id": 10,
  "reading_profile": {
    "probe_type": "reading",
    "n_layers": 35,
    "overall_mean_r2": 0.0004247200953167381,
    "overall_mean_abs_cos": 0.015603866580308282,
    "peak_layer": 7,
    "peak_cosine": 0.06167006492614746,
    "peak_abs_cosine": 0.06167006492614746,
    "peak_r2": 0.0038031969079952432,
    "onset_layer": 6,
    "band_stats": {
      "early": {
        "mean_cos": 0.0230073525570333,
        "mean_abs_cos": 0.03594212764874101,
        "mean_r2": 0.0017042834755067533,
        "max_r2": 0.0038031969079952432,
        "r2_fraction": 0.5732459344735439,
        "n_layers": 5
      },
      "middle": {
        "mean_cos": -0.004835327652593454,
        "mean_abs_cos": 0.010422083921730519,
        "mean_r2": 0.0001644092491622733,
        "max_r2": 0.0005535426092347397,
        "r2_fraction": 0.16590010117436174,
        "n_layers": 15
      },
      "late": {
        "mean_cos": -0.010257186230349664,
        "mean_abs_cos": 0.014006228882741804,
        "mean_r2": 0.0002585098147411978,
        "max_r2": 0.0010235082987861688,
        "r2_fraction": 0.2608539643520943,
        "n_layers": 15
      }
    },
    "normalized_entropy": 0.7263507155891926,
    "near_peak_layers": [
      6,
      7
    ],
    "near_peak_fraction": 0.05714285714285714,
    "sign_consistency": 0.7142857142857143,
    "dominant_sign": "negative",
    "profile_type": "early-concentrated",
    "per_layer": {
      "6": {
        "cosine": 0.05463040992617607,
        "abs_cosine": 0.05463040992617607,
        "r_squared": 0.002984481688702037
      },
      "7": {
        "cosine": 0.06167006492614746,
        "abs_cosine": 0.06167006492614746,
        "r_squared": 0.0038031969079952432
      },
      "8": {
        "cosine": 0.031073225662112236,
        "abs_cosine": 0.031073225662112236,
        "r_squared": 0.0009655453530485504
      },
      "9": {
        "cosine": -0.0272444486618042,
        "abs_cosine": 0.0272444486618042,
        "r_squared": 0.0007422599828856846
      },
      "10": {
        "cosine": -0.005092489067465067,
        "abs_cosine": 0.005092489067465067,
        "r_squared": 2.5933444902251227e-05
      },
      "11": {
        "cosine": -0.022411713376641273,
        "abs_cosine": 0.022411713376641273,
        "r_squared": 0.0005022848964767214
      },
      "12": {
        "cosine": -0.011650366708636284,
        "abs_cosine": 0.011650366708636284,
        "r_squared": 0.00013573104444570064
      },
      "13": {
        "cosine": -0.0053664203733205795,
        "abs_cosine": 0.0053664203733205795,
        "r_squared": 2.8798467623190188e-05
      },
      "14": {
        "cosine": 0.017383916303515434,
        "abs_cosine": 0.017383916303515434,
        "r_squared": 0.0003022005460476297
      },
      "15": {
        "cosine": 0.01343527901917696,
        "abs_cosine": 0.01343527901917696,
        "r_squared": 0.00018050672232313662
      },
      "16": {
        "cosine": -0.005805999040603638,
        "abs_cosine": 0.005805999040603638,
        "r_squared": 3.370962485949036e-05
      },
      "17": {
        "cosine": 0.0062509081326425076,
        "abs_cosine": 0.0062509081326425076,
        "r_squared": 3.907385248273624e-05
      },
      "18": {
        "cosine": 0.0019223359413444996,
        "abs_cosine": 0.0019223359413444996,
        "r_squared": 3.6953754713848434e-06
      },
      "19": {
        "cosine": -0.003168470226228237,
        "abs_cosine": 0.003168470226228237,
        "r_squared": 1.0039203574494816e-05
      },
      "20": {
        "cosine": -0.005621054675430059,
        "abs_cosine": 0.005621054675430059,
        "r_squared": 3.159625566417413e-05
      },
      "21": {
        "cosine": -0.007629746571183205,
        "abs_cosine": 0.007629746571183205,
        "r_squared": 5.821303274048187e-05
      },
      "22": {
        "cosine": -0.005949192214757204,
        "abs_cosine": 0.005949192214757204,
        "r_squared": 3.539288800812773e-05
      },
      "23": {
        "cosine": -0.023527486249804497,
        "abs_cosine": 0.023527486249804497,
        "r_squared": 0.0005535426092347397
      },
      "24": {
        "cosine": 0.0029082326218485832,
        "abs_cosine": 0.0029082326218485832,
        "r_squared": 8.457816982784284e-06
      },
      "25": {
        "cosine": -0.023300137370824814,
        "abs_cosine": 0.023300137370824814,
        "r_squared": 0.0005428964014993071
      },
      "26": {
        "cosine": -0.014370165765285492,
        "abs_cosine": 0.014370165765285492,
        "r_squared": 0.00020650166412178317
      },
      "27": {
        "cosine": -0.011927679181098938,
        "abs_cosine": 0.011927679181098938,
        "r_squared": 0.00014226953064722103
      },
      "28": {
        "cosine": 0.0004327643837314099,
        "abs_cosine": 0.0004327643837314099,
        "r_squared": 1.87285011826427e-07
      },
      "29": {
        "cosine": -0.01597622223198414,
        "abs_cosine": 0.01597622223198414,
        "r_squared": 0.00025523967680574425
      },
      "30": {
        "cosine": -0.0053490642458200455,
        "abs_cosine": 0.0053490642458200455,
        "r_squared": 2.8612488305910372e-05
      },
      "31": {
        "cosine": -0.012283861637115479,
        "abs_cosine": 0.012283861637115479,
        "r_squared": 0.00015089325671979736
      },
      "32": {
        "cosine": -0.01192021556198597,
        "abs_cosine": 0.01192021556198597,
        "r_squared": 0.00014209153904421248
      },
      "33": {
        "cosine": -0.010366655886173248,
        "abs_cosine": 0.010366655886173248,
        "r_squared": 0.00010746755426233046
      },
      "34": {
        "cosine": 0.027685055509209633,
        "abs_cosine": 0.027685055509209633,
        "r_squared": 0.0007664622985480186
      },
      "35": {
        "cosine": -0.017770012840628624,
        "abs_cosine": 0.017770012840628624,
        "r_squared": 0.0003157733563561062
      },
      "36": {
        "cosine": -0.0036804527044296265,
        "abs_cosine": 0.0036804527044296265,
        "r_squared": 1.3545732109543351e-05
      },
      "37": {
        "cosine": -0.031992316246032715,
        "abs_cosine": 0.031992316246032715,
        "r_squared": 0.0010235082987861688
      },
      "38": {
        "cosine": -0.015544120222330093,
        "abs_cosine": 0.015544120222330093,
        "r_squared": 0.00024161967348625135
      },
      "39": {
        "cosine": -0.01755538210272789,
        "abs_cosine": 0.01755538210272789,
        "r_squared": 0.0003081914407727787
      },
      "40": {
        "cosine": -0.013239464722573757,
        "abs_cosine": 0.013239464722573757,
        "r_squared": 0.000175283426140275
      }
    }
  },
  "control_profile": {
    "probe_type": "control",
    "n_layers": 35,
    "overall_mean_r2": 0.0014011578510900202,
    "overall_mean_abs_cos": 0.019319013562302905,
    "peak_layer": 7,
    "peak_cosine": 0.14003445208072662,
    "peak_abs_cosine": 0.14003445208072662,
    "peak_r2": 0.01960964776954932,
    "onset_layer": 6,
    "band_stats": {
      "early": {
        "mean_cos": 0.08430815376341343,
        "mean_abs_cos": 0.08430815376341343,
        "mean_r2": 0.009133645847742284,
        "max_r2": 0.01960964776954932,
        "r2_fraction": 0.9312345134150336,
        "n_layers": 5
      },
      "middle": {
        "mean_cos": 0.0030179365499255558,
        "mean_abs_cos": 0.009754190031283845,
        "mean_r2": 0.0001394132593624041,
        "max_r2": 0.0005516826456783974,
        "r2_fraction": 0.04264226166970673,
        "n_layers": 15
      },
      "late": {
        "mean_cos": 0.00201193873945158,
        "mean_abs_cos": 0.007220790359618453,
        "mean_r2": 8.540644393354824e-05,
        "max_r2": 0.00039513347786027456,
        "r2_fraction": 0.02612322491525958,
        "n_layers": 15
      }
    },
    "normalized_entropy": 0.4456060678366622,