{
  "dim_name": "14_biological",
  "dim_id": 14,
  "reading_profile": {
    "probe_type": "reading",
    "n_layers": 35,
    "overall_mean_r2": 0.00032749477629994886,
    "overall_mean_abs_cos": 0.014273947598745248,
    "peak_layer": 7,
    "peak_cosine": 0.046663880348205566,
    "peak_abs_cosine": 0.046663880348205566,
    "peak_r2": 0.0021775177291516457,
    "onset_layer": null,
    "band_stats": {
      "early": {
        "mean_cos": 0.010529258102178574,
        "mean_abs_cos": 0.03147913068532944,
        "mean_r2": 0.001095024700959539,
        "max_r2": 0.0021775177291516457,
        "r2_fraction": 0.4776628864266298,
        "n_layers": 5
      },
      "middle": {
        "mean_cos": 0.00656577815922598,
        "mean_abs_cos": 0.014650042060141762,
        "mean_r2": 0.0002721964775516995,
        "max_r2": 0.0008476858711582748,
        "r2_fraction": 0.356206088397572,
        "n_layers": 15
      },
      "late": {
        "mean_cos": 0.00212859909903879,
        "mean_abs_cos": 0.008162792108487337,
        "mean_r2": 0.0001269497668283349,
        "max_r2": 0.0008477972652878307,
        "r2_fraction": 0.16613102517579828,
        "n_layers": 15
      }
    },
    "normalized_entropy": 0.7888415315289735,
    "near_peak_layers": [
      6,
      7
    ],
    "near_peak_fraction": 0.05714285714285714,
    "sign_consistency": 0.5428571428571428,
    "dominant_sign": "positive",
    "profile_type": "negligible",
    "per_layer": {
      "6": {
        "cosine": 0.038705918937921524,
        "abs_cosine": 0.038705918937921524,
        "r_squared": 0.001498148160828952
      },
      "7": {
        "cosine": 0.046663880348205566,
        "abs_cosine": 0.046663880348205566,
        "r_squared": 0.0021775177291516457
      },
      "8": {
        "cosine": 0.019651172682642937,
        "abs_cosine": 0.019651172682642937,
        "r_squared": 0.000386168587803052
      },
      "9": {
        "cosine": -0.030755458399653435,
        "abs_cosine": 0.030755458399653435,
        "r_squared": 0.000945898221372813
      },
      "10": {
        "cosine": -0.021619223058223724,
        "abs_cosine": 0.021619223058223724,
        "r_squared": 0.00046739080564123237
      },
      "11": {
        "cosine": -0.022664852440357208,
        "abs_cosine": 0.022664852440357208,
        "r_squared": 0.0005136955361431661
      },
      "12": {
        "cosine": -0.013715422712266445,
        "abs_cosine": 0.013715422712266445,
        "r_squared": 0.00018811282017615425
      },
      "13": {
        "cosine": -0.00908042211085558,
        "abs_cosine": 0.00908042211085558,
        "r_squared": 8.24540657113149e-05
      },
      "14": {
        "cosine": 0.011292163282632828,
        "abs_cosine": 0.011292163282632828,
        "r_squared": 0.000127512951601641
      },
      "15": {
        "cosine": 0.02753256820142269,
        "abs_cosine": 0.02753256820142269,
        "r_squared": 0.0007580423117659919
      },
      "16": {
        "cosine": 0.01505756750702858,
        "abs_cosine": 0.01505756750702858,
        "r_squared": 0.00022673033922872288
      },
      "17": {
        "cosine": 0.02254818193614483,
        "abs_cosine": 0.02254818193614483,
        "r_squared": 0.000508420508625488
      },
      "18": {
        "cosine": 0.029115045443177223,
        "abs_cosine": 0.029115045443177223,
        "r_squared": 0.0008476858711582748
      },
      "19": {
        "cosine": 0.001647137338295579,
        "abs_cosine": 0.001647137338295579,
        "r_squared": 2.7130614112074445e-06
      },
      "20": {
        "cosine": 0.0152322668582201,
        "abs_cosine": 0.0152322668582201,
        "r_squared": 0.00023202195364003045
      },
      "21": {
        "cosine": 0.00861145369708538,
        "abs_cosine": 0.00861145369708538,
        "r_squared": 7.415713477704547e-05
      },
      "22": {
        "cosine": 0.013387827202677727,
        "abs_cosine": 0.013387827202677727,
        "r_squared": 0.00017923391720875773
      },
      "23": {
        "cosine": -0.005223838612437248,
        "abs_cosine": 0.005223838612437248,
        "r_squared": 2.7288489848790315e-05
      },
      "24": {
        "cosine": 0.014694440178573132,
        "abs_cosine": 0.014694440178573132,
        "r_squared": 0.00021592657216166437
      },
      "25": {
        "cosine": -0.009947443380951881,
        "abs_cosine": 0.009947443380951881,
        "r_squared": 9.89516298172434e-05
      },
      "26": {
        "cosine": -0.004437363240867853,
        "abs_cosine": 0.004437363240867853,
        "r_squared": 1.9690192531405257e-05
      },
      "27": {
        "cosine": 0.017934676259756088,
        "abs_cosine": 0.017934676259756088,
        "r_squared": 0.00032165261254225863
      },
      "28": {
        "cosine": 0.014091855846345425,
        "abs_cosine": 0.014091855846345425,
        "r_squared": 0.00019858040119417972
      },
      "29": {
        "cosine": -0.0003974813153035939,
        "abs_cosine": 0.0003974813153035939,
        "r_squared": 1.57991396015475e-07
      },
      "30": {
        "cosine": -0.0047964355908334255,
        "abs_cosine": 0.0047964355908334255,
        "r_squared": 2.3005794377013592e-05
      },
      "31": {
        "cosine": 0.004604106768965721,
        "abs_cosine": 0.004604106768965721,
        "r_squared": 2.1197799140035972e-05
      },
      "32": {
        "cosine": -0.001903095981106162,
        "abs_cosine": 0.001903095981106162,
        "r_squared": 3.6217743133024256e-06
      },
      "33": {
        "cosine": 0.00811160821467638,
        "abs_cosine": 0.00811160821467638,
        "r_squared": 6.579818782840533e-05
      },
      "34": {
        "cosine": 0.029116958379745483,
        "abs_cosine": 0.029116958379745483,
        "r_squared": 0.0008477972652878307
      },
      "35": {
        "cosine": -0.01218679454177618,
        "abs_cosine": 0.01218679454177618,
        "r_squared": 0.0001485179612034657
      },
      "36": {
        "cosine": -0.0004184864228591323,
        "abs_cosine": 0.0004184864228591323,
        "r_squared": 1.7513088611743248e-07
      },
      "37": {
        "cosine": -0.01464373990893364,
        "abs_cosine": 0.01464373990893364,
        "r_squared": 0.0002144391185204958
      },
      "38": {
        "cosine": -0.0012873864034190774,
        "abs_cosine": 0.0012873864034190774,
        "r_squared": 1.6573637517083075e-06
      },
      "39": {
        "cosine": 0.0033262285869568586,
        "abs_cosine": 0.0033262285869568586,
        "r_squared": 1.106379661268902e-05
      },
      "40": {
        "cosine": -0.005185664165765047,
        "abs_cosine": 0.005185664165765047,
        "r_squared": 2.68911128400997e-05
      }
    }
  },
  "control_profile": {
    "probe_type": "control",
    "n_layers": 35,
    "overall_mean_r2": 0.001038681225646167,
    "overall_mean_abs_cos": 0.022559664028813133,
    "peak_layer": 7,
    "peak_cosine": 0.10507355630397797,
    "peak_abs_cosine": 0.10507355630397797,
    "peak_r2": 0.011040452234365228,
    "onset_layer": 6,
    "band_stats": {
      "early": {
        "mean_cos": 0.055664101522415875,
        "mean_abs_cos": 0.055664101522415875,
        "mean_r2": 0.004839366569000123,
        "max_r2": 0.011040452234365228,
        "r2_fraction": 0.6655921607282814,
        "n_layers": 5
      },
      "middle": {
        "mean_cos": 0.01364038914810711,
        "mean_abs_cos": 0.01913587330588295,
        "mean_r2": 0.0005153355927827234,
        "max_r2": 0.0016109420174637151,
        "r2_fraction": 0.21263319846298295,
        "n_layers": 15
      },
      "late": {
        "mean_cos": 0.014783389928440253,
        "mean_abs_cos": 0.014948642253875733,
        "mean_r2": 0.00029513174405829226,
        "max_r2": 0.0009702439512020988,
        "r2_fraction": 0.12177464080873592,
        "n_layers": 15
      }
    },
    "normalized_entropy": 0.6502109291280467,
    "near_peak_layers": [
      7,
      8
    ],