{
  "dim_name": "8_embodiment",
  "dim_id": 8,
  "reading_profile": {
    "probe_type": "reading",
    "n_layers": 35,
    "overall_mean_r2": 0.0003080001968562279,
    "overall_mean_abs_cos": 0.012396557663617256,
    "peak_layer": 7,
    "peak_cosine": 0.053727731108665466,
    "peak_abs_cosine": 0.053727731108665466,
    "peak_r2": 0.002886669090085059,
    "onset_layer": 7,
    "band_stats": {
      "early": {
        "mean_cos": 0.022192280739545822,
        "mean_abs_cos": 0.03360663875937462,
        "mean_r2": 0.0014046669562634312,
        "max_r2": 0.002886669090085059,
        "r2_fraction": 0.6515148694249137,
        "n_layers": 5
      },
      "middle": {
        "mean_cos": -0.002259328332729638,
        "mean_abs_cos": 0.008353899349458516,
        "mean_r2": 9.8877736615048e-05,
        "max_r2": 0.00043775485222261393,
        "r2_fraction": 0.13758488880057906,
        "n_layers": 15
      },
      "late": {
        "mean_cos": 0.0026362438269037134,
        "mean_abs_cos": 0.009369188945856876,
        "mean_r2": 0.00015156707062833995,
        "max_r2": 0.0006230514434086981,
        "r2_fraction": 0.21090024177450717,
        "n_layers": 15
      }
    },
    "normalized_entropy": 0.6759601914094698,
    "near_peak_layers": [
      6,
      7
    ],
    "near_peak_fraction": 0.05714285714285714,
    "sign_consistency": 0.5142857142857142,
    "dominant_sign": "negative",
    "profile_type": "early-concentrated",
    "per_layer": {
      "6": {
        "cosine": 0.04786910116672516,
        "abs_cosine": 0.04786910116672516,
        "r_squared": 0.002291450846510168
      },
      "7": {
        "cosine": 0.053727731108665466,
        "abs_cosine": 0.053727731108665466,
        "r_squared": 0.002886669090085059
      },
      "8": {
        "cosine": 0.03790046647191048,
        "abs_cosine": 0.03790046647191048,
        "r_squared": 0.0014364453587884102
      },
      "9": {
        "cosine": -0.01336771622300148,
        "abs_cosine": 0.01336771622300148,
        "r_squared": 0.00017869583701869696
      },
      "10": {
        "cosine": -0.01516817882657051,
        "abs_cosine": 0.01516817882657051,
        "r_squared": 0.00023007364891482196
      },
      "11": {
        "cosine": -0.013121839612722397,
        "abs_cosine": 0.013121839612722397,
        "r_squared": 0.00017218267482201066
      },
      "12": {
        "cosine": -0.020922591909766197,
        "abs_cosine": 0.020922591909766197,
        "r_squared": 0.00043775485222261393
      },
      "13": {
        "cosine": -0.00797263253480196,
        "abs_cosine": 0.00797263253480196,
        "r_squared": 6.356286953498273e-05
      },
      "14": {
        "cosine": -0.004158372059464455,
        "abs_cosine": 0.004158372059464455,
        "r_squared": 1.729205818493465e-05
      },
      "15": {
        "cosine": 0.014030242338776588,
        "abs_cosine": 0.014030242338776588,
        "r_squared": 0.00019684770008479915
      },
      "16": {
        "cosine": -0.0011133720399811864,
        "abs_cosine": 0.0011133720399811864,
        "r_squared": 1.2395972994118685e-06
      },
      "17": {
        "cosine": 0.01259034126996994,
        "abs_cosine": 0.01259034126996994,
        "r_squared": 0.00015851669329430829
      },
      "18": {
        "cosine": 0.006392688024789095,
        "abs_cosine": 0.006392688024789095,
        "r_squared": 4.08664601822819e-05
      },
      "19": {
        "cosine": -0.0021996439900249243,
        "abs_cosine": 0.0021996439900249243,
        "r_squared": 4.838433682852769e-06
      },
      "20": {
        "cosine": 0.004915271885693073,
        "abs_cosine": 0.004915271885693073,
        "r_squared": 2.415989771028474e-05
      },
      "21": {
        "cosine": -0.003935603890568018,
        "abs_cosine": 0.003935603890568018,
        "r_squared": 1.548897798345412e-05
      },
      "22": {
        "cosine": -0.002690032124519348,
        "abs_cosine": 0.002690032124519348,
        "r_squared": 7.236272830946078e-06
      },
      "23": {
        "cosine": -0.00988996122032404,
        "abs_cosine": 0.00988996122032404,
        "r_squared": 9.781133293951336e-05
      },
      "24": {
        "cosine": 0.007780739106237888,
        "abs_cosine": 0.007780739106237888,
        "r_squared": 6.0539901039339573e-05
      },
      "25": {
        "cosine": -0.013595158234238625,
        "abs_cosine": 0.013595158234238625,
        "r_squared": 0.00018482832741398628
      },
      "26": {
        "cosine": -2.89720919681713e-05,
        "abs_cosine": 2.89720919681713e-05,
        "r_squared": 8.393821130121759e-10
      },
      "27": {
        "cosine": 0.01105330791324377,
        "abs_cosine": 0.01105330791324377,
        "r_squared": 0.00012217561582497736
      },
      "28": {
        "cosine": 0.01668672077357769,
        "abs_cosine": 0.01668672077357769,
        "r_squared": 0.0002784466501753492
      },
      "29": {
        "cosine": 0.004314005374908447,
        "abs_cosine": 0.004314005374908447,
        "r_squared": 1.8610642374738973e-05
      },
      "30": {
        "cosine": 0.0015956616261973977,
        "abs_cosine": 0.0015956616261973977,
        "r_squared": 2.5461360253189238e-06
      },
      "31": {
        "cosine": 0.021848520264029503,
        "abs_cosine": 0.021848520264029503,
        "r_squared": 0.0004773578377277078
      },
      "32": {
        "cosine": 0.003011399181559682,
        "abs_cosine": 0.003011399181559682,
        "r_squared": 9.068525030698322e-06
      },
      "33": {
        "cosine": 0.0029876537155359983,
        "abs_cosine": 0.0029876537155359983,
        "r_squared": 8.926074723956056e-06
      },
      "34": {
        "cosine": 0.024960998445749283,
        "abs_cosine": 0.024960998445749283,
        "r_squared": 0.0006230514434086981
      },
      "35": {
        "cosine": -0.0013503402005881071,
        "abs_cosine": 0.0013503402005881071,
        "r_squared": 1.8234186573243293e-06
      },
      "36": {
        "cosine": 0.0035824785009026527,
        "abs_cosine": 0.0035824785009026527,
        "r_squared": 1.2834152209429718e-05
      },
      "37": {
        "cosine": -0.01767393946647644,
        "abs_cosine": 0.01767393946647644,
        "r_squared": 0.0003123681362646735
      },
      "38": {
        "cosine": -0.017388544976711273,
        "abs_cosine": 0.017388544976711273,
        "r_squared": 0.00030236149640711085
      },
      "39": {
        "cosine": -0.0054214890114963055,
        "abs_cosine": 0.0054214890114963055,
        "r_squared": 2.9392543101775187e-05
      },
      "40": {
        "cosine": -0.008633802644908428,
        "abs_cosine": 0.008633802644908428,
        "r_squared": 7.454254811122777e-05
      }
    }
  },
  "control_profile": {
    "probe_type": "control",
    "n_layers": 35,
    "overall_mean_r2": 0.0017707397259972832,
    "overall_mean_abs_cos": 0.02665674521038974,
    "peak_layer": 8,
    "peak_cosine": 0.13438259065151215,
    "peak_abs_cosine": 0.13438259065151215,
    "peak_r2": 0.01805868067021188,
    "onset_layer": 6,
    "band_stats": {
      "early": {
        "mean_cos": 0.09314156025648117,
        "mean_abs_cos": 0.09314156025648117,
        "mean_r2": 0.010138237751813472,
        "max_r2": 0.01805868067021188,
        "r2_fraction": 0.8179178778037525,
        "n_layers": 5
      },
      "middle": {
        "mean_cos": 0.013725625562559192,
        "mean_abs_cos": 0.015010141043846185,
        "mean_r2": 0.0003694432591436455,
        "max_r2": 0.001355084121843056,
        "r2_fraction": 0.08941620443857347,
        "n_layers": 15
      },
      "late": {
        "mean_cos": 0.016141744361569486,
        "mean_abs_cos": 0.016141744361569486,
        "mean_r2": 0.0003828701842455243,
        "max_r2": 0.001757448403595499,
        "r2_fraction": 0.09266591775767398,
        "n_layers": 15
      }
    },
    "normalized_entropy": 0.5832447492763922,
    "near_peak_layers": [
      7,
      8
    ],