{
  "dim_name": "9_roles",
  "dim_id": 9,
  "reading_profile": {
    "probe_type": "reading",
    "n_layers": 35,
    "overall_mean_r2": 0.0005811844412200295,
    "overall_mean_abs_cos": 0.015664404349601164,
    "peak_layer": 7,
    "peak_cosine": 0.07779005169868469,
    "peak_abs_cosine": 0.07779005169868469,
    "peak_r2": 0.006051292143284037,
    "onset_layer": 6,
    "band_stats": {
      "early": {
        "mean_cos": 0.03412108044140041,
        "mean_abs_cos": 0.039785417215898636,
        "mean_r2": 0.0023841836893100806,
        "max_r2": 0.006051292143284037,
        "r2_fraction": 0.5860405849586292,
        "n_layers": 5
      },
      "middle": {
        "mean_cos": 0.009686900783951085,
        "mean_abs_cos": 0.015711364786451062,
        "mean_r2": 0.00044203357871732925,
        "max_r2": 0.0021359627193612424,
        "r2_fraction": 0.3259601408285223,
        "n_layers": 15
      },
      "late": {
        "mean_cos": 0.0017821117032629748,
        "mean_abs_cos": 0.007577106290652106,
        "mean_r2": 0.00011933555435937928,
        "max_r2": 0.000671106953846326,
        "r2_fraction": 0.08799927421284857,
        "n_layers": 15
      }
    },
    "normalized_entropy": 0.6373200152501058,
    "near_peak_layers": [
      7
    ],
    "near_peak_fraction": 0.02857142857142857,
    "sign_consistency": 0.6,
    "dominant_sign": "positive",
    "profile_type": "early-concentrated",
    "per_layer": {
      "6": {
        "cosine": 0.05380264297127724,
        "abs_cosine": 0.05380264297127724,
        "r_squared": 0.002894724390694728
      },
      "7": {
        "cosine": 0.07779005169868469,
        "abs_cosine": 0.07779005169868469,
        "r_squared": 0.006051292143284037
      },
      "8": {
        "cosine": 0.053173549473285675,
        "abs_cosine": 0.053173549473285675,
        "r_squared": 0.0028274263635879593
      },
      "9": {
        "cosine": -0.0022218807134777308,
        "abs_cosine": 0.0022218807134777308,
        "r_squared": 4.93675390492431e-06
      },
      "10": {
        "cosine": -0.01193896122276783,
        "abs_cosine": 0.01193896122276783,
        "r_squared": 0.00014253879507875392
      },
      "11": {
        "cosine": -0.016102608293294907,
        "abs_cosine": 0.016102608293294907,
        "r_squared": 0.0002592939938472899
      },
      "12": {
        "cosine": -0.009639057330787182,
        "abs_cosine": 0.009639057330787182,
        "r_squared": 9.291142622620211e-05
      },
      "13": {
        "cosine": -0.010756838135421276,
        "abs_cosine": 0.010756838135421276,
        "r_squared": 0.00011570956667165348
      },
      "14": {
        "cosine": 0.04036989063024521,
        "abs_cosine": 0.04036989063024521,
        "r_squared": 0.00162972806949796
      },
      "15": {
        "cosine": 0.04621647670865059,
        "abs_cosine": 0.04621647670865059,
        "r_squared": 0.0021359627193612424
      },
      "16": {
        "cosine": 0.025452403351664543,
        "abs_cosine": 0.025452403351664543,
        "r_squared": 0.0006478248363758245
      },
      "17": {
        "cosine": 0.03475988656282425,
        "abs_cosine": 0.03475988656282425,
        "r_squared": 0.0012082497138604098
      },
      "18": {
        "cosine": 0.01853283867239952,
        "abs_cosine": 0.01853283867239952,
        "r_squared": 0.00034346610925718724
      },
      "19": {
        "cosine": 0.008801407180726528,
        "abs_cosine": 0.008801407180726528,
        "r_squared": 7.746476836094449e-05
      },
      "20": {
        "cosine": 0.005504447501152754,
        "abs_cosine": 0.005504447501152754,
        "r_squared": 3.0298942292946796e-05
      },
      "21": {
        "cosine": 0.0041991472244262695,
        "abs_cosine": 0.0041991472244262695,
        "r_squared": 1.7632837412406843e-05
      },
      "22": {
        "cosine": 0.0051546222530305386,
        "abs_cosine": 0.0051546222530305386,
        "r_squared": 2.6570130571437625e-05
      },
      "23": {
        "cosine": -0.002693468937650323,
        "abs_cosine": 0.002693468937650323,
        "r_squared": 7.254774918087159e-06
      },
      "24": {
        "cosine": 0.0014958716928958893,
        "abs_cosine": 0.0014958716928958893,
        "r_squared": 2.2376321216072137e-06
      },
      "25": {
        "cosine": -0.005991507321596146,
        "abs_cosine": 0.005991507321596146,
        "r_squared": 3.589815998474022e-05
      },
      "26": {
        "cosine": -0.0016599048394709826,
        "abs_cosine": 0.0016599048394709826,
        "r_squared": 2.7552840760991884e-06
      },
      "27": {
        "cosine": 0.008445273153483868,
        "abs_cosine": 0.008445273153483868,
        "r_squared": 7.132263863695535e-05
      },
      "28": {
        "cosine": 0.016991987824440002,
        "abs_cosine": 0.016991987824440002,
        "r_squared": 0.0002887276502259173
      },
      "29": {
        "cosine": -0.001407732255756855,
        "abs_cosine": 0.001407732255756855,
        "r_squared": 1.9817101038982834e-06
      },
      "30": {
        "cosine": 0.007022518664598465,
        "abs_cosine": 0.007022518664598465,
        "r_squared": 4.931576839463381e-05
      },
      "31": {
        "cosine": 0.0017141932621598244,
        "abs_cosine": 0.0017141932621598244,
        "r_squared": 2.9384585400341404e-06
      },
      "32": {
        "cosine": 0.0022878688760101795,
        "abs_cosine": 0.0022878688760101795,
        "r_squared": 5.234343993816082e-06
      },
      "33": {
        "cosine": 0.007021088153123856,
        "abs_cosine": 0.007021088153123856,
        "r_squared": 4.9295678853936153e-05
      },
      "34": {
        "cosine": 0.025905732065439224,
        "abs_cosine": 0.025905732065439224,
        "r_squared": 0.000671106953846326
      },
      "35": {
        "cosine": -0.0007659490802325308,
        "abs_cosine": 0.0007659490802325308,
        "r_squared": 5.8667799350906e-07
      },
      "36": {
        "cosine": 0.0008054729551076889,
        "abs_cosine": 0.0008054729551076889,
        "r_squared": 6.48786681409913e-07
      },
      "37": {
        "cosine": -0.020667357370257378,
        "abs_cosine": 0.020667357370257378,
        "r_squared": 0.00042713966066993195
      },
      "38": {
        "cosine": -0.014210466295480728,
        "abs_cosine": 0.014210466295480728,
        "r_squared": 0.00020193735233499377
      },
      "39": {
        "cosine": -0.004072008654475212,
        "abs_cosine": 0.004072008654475212,
        "r_squared": 1.6581254482121027e-05
      },
      "40": {
        "cosine": -0.0006790409097447991,
        "abs_cosine": 0.0006790409097447991,
        "r_squared": 4.6109655710704445e-07
      }
    }
  },
  "control_profile": {
    "probe_type": "control",
    "n_layers": 35,
    "overall_mean_r2": 0.00252088664332014,
    "overall_mean_abs_cos": 0.033689168082284074,
    "peak_layer": 8,
    "peak_cosine": 0.158639058470726,
    "peak_abs_cosine": 0.158639058470726,
    "peak_r2": 0.025166350872478427,
    "onset_layer": 6,
    "band_stats": {
      "early": {
        "mean_cos": 0.11133475452661515,
        "mean_abs_cos": 0.11133475452661515,
        "mean_r2": 0.01387225641985027,
        "max_r2": 0.025166350872478427,
        "r2_fraction": 0.7861324992032951,
        "n_layers": 5
      },
      "middle": {
        "mean_cos": 0.02790981357296308,
        "mean_abs_cos": 0.02790981357296308,
        "mean_r2": 0.0010237281004656091,
        "max_r2": 0.0038451663512063666,
        "r2_fraction": 0.17404218299455806,
        "n_layers": 15
      },
      "late": {
        "mean_cos": 0.012006484375645717,
        "mean_abs_cos": 0.013586660443494717,
        "mean_r2": 0.0002342552606646271,
        "max_r2": 0.0009118882902094429,
        "r2_fraction": 0.03982531780214678,
        "n_layers": 15
      }
    },
    "normalized_entropy": 0.6205456996628403,
    "near_peak_layers": [
      7,
      8
    ],