{
  "0_baseline": {
    "dim_id": 0,
    "reading_mean_r2": 0.0005887616034951389,
    "control_mean_r2": 0.005163628607694949,
    "reading_boot_ci95": [
      0.00045092422506422627,
      0.0007072489804310569
    ],
    "control_boot_ci95": [
      0.004097801755983672,
      0.005547892898638586
    ]
  },
  "1_phenomenology": {
    "dim_id": 1,
    "reading_mean_r2": 0.0002458815191463592,
    "control_mean_r2": 0.004272941210006985,
    "reading_boot_ci95": [
      0.0001872678668252747,
      0.00034339040047667575
    ],
    "control_boot_ci95": [
      0.0036067184933179504,
      0.004491725404872977
    ]
  },
  "2_emotions": {
    "dim_id": 2,
    "reading_mean_r2": 0.00030151286308090073,
    "control_mean_r2": 0.004734895668379703,
    "reading_boot_ci95": [
      0.000207083303549675,
      0.00043551142549891315
    ],
    "control_boot_ci95": [
      0.004168181222748037,
      0.00507265695376358
    ]
  },
  "3_agency": {
    "dim_id": 3,
    "reading_mean_r2": 0.00029383030921437266,
    "control_mean_r2": 0.005455757687961412,
    "reading_boot_ci95": [
      0.0002211307987272873,
      0.0004361121147488534
    ],
    "control_boot_ci95": [
      0.004722245186244527,
      0.005744940564614129
    ]
  },
  "4_intentions": {
    "dim_id": 4,
    "reading_mean_r2": 0.0004373428300336222,
    "control_mean_r2": 0.005194405441850502,
    "reading_boot_ci95": [
      0.00026929990402533487,
      0.000615499069865143
    ],
    "control_boot_ci95": [
      0.004400274090655235,
      0.005583222294868215
    ]
  },
  "5_prediction": {
    "dim_id": 5,
    "reading_mean_r2": 0.0003112376505451339,
    "control_mean_r2": 0.006145287807213893,
    "reading_boot_ci95": [
      0.00021752696331242528,
      0.0005563839642893959
    ],
    "control_boot_ci95": [
      0.005291378806764886,
      0.006507609893116123
    ]
  },
  "6_cognitive": {
    "dim_id": 6,
    "reading_mean_r2": 0.0004346342980119553,
    "control_mean_r2": 0.005529679375732011,
    "reading_boot_ci95": [
      0.0003157049256295343,
      0.0005756751687234358
    ],
    "control_boot_ci95": [
      0.004698109652958383,
      0.005915476061391525
    ]
  },
  "7_social": {
    "dim_id": 7,
    "reading_mean_r2": 0.0005028084682163551,
    "control_mean_r2": 0.006590865143335409,
    "reading_boot_ci95": [
      0.00034219772021464425,
      0.0007572838453834522
    ],
    "control_boot_ci95": [
      0.005735938484591643,
      0.006989911313934436
    ]
  },
  "8_embodiment": {
    "dim_id": 8,
    "reading_mean_r2": 0.00027802919683029046,
    "control_mean_r2": 0.0041075351140586434,
    "reading_boot_ci95": [
      0.00019757062168783714,
      0.0003827503942110961
    ],
    "control_boot_ci95": [
      0.0035182517611538973,
      0.0043719674344150335
    ]
  },
  "9_roles": {
    "dim_id": 9,
    "reading_mean_r2": 0.00027250149269203585,
    "control_mean_r2": 0.005204142546739963,
    "reading_boot_ci95": [
      0.000206366266471195,
      0.0003908057474883228
    ],
    "control_boot_ci95": [
      0.004259375441855245,
      0.005722576158335268
    ]
  },
  "10_animacy": {
    "dim_id": 10,
    "reading_mean_r2": 0.0003761405260709636,
    "control_mean_r2": 0.0035645279406478526,
    "reading_boot_ci95": [
      0.00026819780356744866,
      0.0005005006935424876
    ],
    "control_boot_ci95": [
      0.0028211095447321626,
      0.003993086344216482
    ]
  },
  "11_formality": {
    "dim_id": 11,
    "reading_mean_r2": 0.0004565846293021289,
    "control_mean_r2": 0.0012800995202572893,
    "reading_boot_ci95": [
      0.0002786697491328633,
      0.000572943411100104
    ],
    "control_boot_ci95": [
      0.0006643285276326557,
      0.0015869965531445575
    ]
  },
  "12_expertise": {
    "dim_id": 12,
    "reading_mean_r2": 0.00048329990334230246,
    "control_mean_r2": 0.0023509781502666755,
    "reading_boot_ci95": [
      0.00038533295252344684,
      0.0005947468579428605
    ],
    "control_boot_ci95": [
      0.0018940490848595045,
      0.00270283213632082
    ]
  },
  "13_helpfulness": {
    "dim_id": 13,
    "reading_mean_r2": 0.00039897105443258455,
    "control_mean_r2": 0.0005695784608580288,
    "reading_boot_ci95": [
      0.00018156803867224665,
      0.0006429158546188494
    ],
    "control_boot_ci95": [
      0.0002384152260260658,
      0.0008783689184286871
    ]
  },
  "14_biological": {
    "dim_id": 14,
    "reading_mean_r2": 0.0002453003689361989,
    "control_mean_r2": 0.0024937319813466024,
    "reading_boot_ci95": [
      0.0001862554621231875,
      0.0003304297428003597
    ],
    "control_boot_ci95": [
      0.002155318035503409,
      0.0027273225842559612
    ]
  },
  "15_shapes": {
    "dim_id": 15,
    "reading_mean_r2": 0.00046423740393451967,
    "control_mean_r2": 0.000517002474106403,
    "reading_boot_ci95": [
      0.00028754821811881575,
      0.0006635869961957436
    ],
    "control_boot_ci95": [
      0.0002654957670364149,
      0.0007580878557164767
    ]
  },
  "16_mind": {
    "dim_id": 16,
    "reading_mean_r2": 0.00024849671895392603,
    "control_mean_r2": 0.005581262714818875,
    "reading_boot_ci95": [
      0.0002169125266182787,
      0.0002887465476941464
    ],
    "control_boot_ci95": [
      0.005309496443641445,
      0.005786688246060074
    ]
  },
  "17_attention": {
    "dim_id": 17,
    "reading_mean_r2": 0.0004962243799054277,
    "control_mean_r2": 0.006424166427003273,
    "reading_boot_ci95": [
      0.0003410490254179581,
      0.0006503799872971598
    ],
    "control_boot_ci95": [
      0.0055018439773653945,
      0.006751694111114685
    ]
  },
  "18_sysprompt_labeled": {
    "dim_id": 18,
    "reading_mean_r2": 0.0006291342812727225,
    "control_mean_r2": 0.004982317839267698,
    "reading_boot_ci95": [
      0.0004861703499418887,
      0.000857147893419392
    ],
    "control_boot_ci95": [
      0.003725856193587042,
      0.006775580892842813
    ]
  }
}