{
  "dim_name": "10_animacy",
  "dim_id": 10,
  "reading_profile": {
    "probe_type": "reading",
    "n_layers": 35,
    "overall_mean_r2": 0.0003131054745978424,
    "overall_mean_abs_cos": 0.01469298585517598,
    "peak_layer": 40,
    "peak_cosine": -0.036993082612752914,
    "peak_abs_cosine": 0.036993082612752914,
    "peak_r2": 0.001368488161193962,
    "onset_layer": null,
    "band_stats": {
      "early": {
        "mean_cos": -0.0005313049536198377,
        "mean_abs_cos": 0.017782476870343088,
        "mean_r2": 0.00042355952826104325,
        "max_r2": 0.0010509521786788434,
        "r2_fraction": 0.19325278203777804,
        "n_layers": 5
      },
      "middle": {
        "mean_cos": -0.005298871702204148,
        "mean_abs_cos": 0.014539842711140711,
        "mean_r2": 0.00027543939334952086,
        "max_r2": 0.0010572465794956992,
        "r2_fraction": 0.37701498015731355,
        "n_layers": 15
      },
      "late": {
        "mean_cos": -0.011201510306758184,
        "mean_abs_cos": 0.013816298660822212,
        "mean_r2": 0.0003139535379584305,
        "max_r2": 0.001368488161193962,
        "r2_fraction": 0.4297322378049086,
        "n_layers": 15
      }
    },
    "normalized_entropy": 0.8346843429078485,
    "near_peak_layers": [
      10,
      16,
      33,
      40
    ],
    "near_peak_fraction": 0.11428571428571428,
    "sign_consistency": 0.6285714285714286,
    "dominant_sign": "negative",
    "profile_type": "negligible",
    "per_layer": {
      "6": {
        "cosine": 0.02267720364034176,
        "abs_cosine": 0.02267720364034176,
        "r_squared": 0.0005142555649455295
      },
      "7": {
        "cosine": -0.011428127996623516,
        "abs_cosine": 0.011428127996623516,
        "r_squared": 0.00013060210950721022
      },
      "8": {
        "cosine": -0.0019379339646548033,
        "abs_cosine": 0.0019379339646548033,
        "r_squared": 3.7555880513626843e-06
      },
      "9": {
        "cosine": 0.02045072615146637,
        "abs_cosine": 0.02045072615146637,
        "r_squared": 0.00041823220012227047
      },
      "10": {
        "cosine": -0.032418392598629,
        "abs_cosine": 0.032418392598629,
        "r_squared": 0.0010509521786788434
      },
      "11": {
        "cosine": 0.012732922099530697,
        "abs_cosine": 0.012732922099530697,
        "r_squared": 0.0001621273051927172
      },
      "12": {
        "cosine": -0.02674141526222229,
        "abs_cosine": 0.02674141526222229,
        "r_squared": 0.0007151032902266152
      },
      "13": {
        "cosine": -0.01099857222288847,
        "abs_cosine": 0.01099857222288847,
        "r_squared": 0.00012096859094209381
      },
      "14": {
        "cosine": -0.01389184221625328,
        "abs_cosine": 0.01389184221625328,
        "r_squared": 0.00019298328016127686
      },
      "15": {
        "cosine": -0.019291911274194717,
        "abs_cosine": 0.019291911274194717,
        "r_squared": 0.00037217784061140124
      },
      "16": {
        "cosine": -0.032515328377485275,
        "abs_cosine": 0.032515328377485275,
        "r_squared": 0.0010572465794956992
      },
      "17": {
        "cosine": -0.019900329411029816,
        "abs_cosine": 0.019900329411029816,
        "r_squared": 0.0003960231106674983
      },
      "18": {
        "cosine": 0.01275589969009161,
        "abs_cosine": 0.01275589969009161,
        "r_squared": 0.00016271297690367923
      },
      "19": {
        "cosine": -0.01316841971129179,
        "abs_cosine": 0.01316841971129179,
        "r_squared": 0.00017340727769273815
      },
      "20": {
        "cosine": -0.005451173521578312,
        "abs_cosine": 0.005451173521578312,
        "r_squared": 2.9715292762356495e-05
      },
      "21": {
        "cosine": 0.01648790016770363,
        "abs_cosine": 0.01648790016770363,
        "r_squared": 0.00027185085194016134
      },
      "22": {
        "cosine": 0.0036056730896234512,
        "abs_cosine": 0.0036056730896234512,
        "r_squared": 1.3000878429234725e-05
      },
      "23": {
        "cosine": 0.020113835111260414,
        "abs_cosine": 0.020113835111260414,
        "r_squared": 0.00040456636288297224
      },
      "24": {
        "cosine": -0.0068313661031425,
        "abs_cosine": 0.0068313661031425,
        "r_squared": 4.6667562835164345e-05
      },
      "25": {
        "cosine": 0.0036110524088144302,
        "abs_cosine": 0.0036110524088144302,
        "r_squared": 1.3039699499204499e-05
      },
      "26": {
        "cosine": 0.005788176786154509,
        "abs_cosine": 0.005788176786154509,
        "r_squared": 3.3502990507777936e-05
      },
      "27": {
        "cosine": 0.00299044419080019,
        "abs_cosine": 0.00299044419080019,
        "r_squared": 8.942756458290603e-06
      },
      "28": {
        "cosine": 0.0017305432120338082,
        "abs_cosine": 0.0017305432120338082,
        "r_squared": 2.99477980871629e-06
      },
      "29": {
        "cosine": -0.020206082612276077,
        "abs_cosine": 0.020206082612276077,
        "r_squared": 0.0004082857745341256
      },
      "30": {
        "cosine": -0.014856872148811817,
        "abs_cosine": 0.014856872148811817,
        "r_squared": 0.00022072665004614026
      },
      "31": {
        "cosine": -0.008107618428766727,
        "abs_cosine": 0.008107618428766727,
        "r_squared": 6.573347658647786e-05
      },
      "32": {
        "cosine": -0.006159392651170492,
        "abs_cosine": 0.006159392651170492,
        "r_squared": 3.7938117831293064e-05
      },
      "33": {
        "cosine": -0.033274631947278976,
        "abs_cosine": 0.033274631947278976,
        "r_squared": 0.0011072011312268787
      },
      "34": {
        "cosine": 0.0037122806534171104,
        "abs_cosine": 0.0037122806534171104,
        "r_squared": 1.3781027649734968e-05
      },
      "35": {
        "cosine": -0.019995376467704773,
        "abs_cosine": 0.019995376467704773,
        "r_squared": 0.0003998150800852418
      },
      "36": {
        "cosine": -0.025150757282972336,
        "abs_cosine": 0.025150757282972336,
        "r_squared": 0.000632560591906986
      },
      "37": {
        "cosine": -0.003753460245206952,
        "abs_cosine": 0.003753460245206952,
        "r_squared": 1.4088463812349033e-05
      },
      "38": {
        "cosine": -0.01913629285991192,
        "abs_cosine": 0.01913629285991192,
        "r_squared": 0.0003661977044203159
      },
      "39": {
        "cosine": 0.005389467813074589,
        "abs_cosine": 0.005389467813074589,
        "r_squared": 2.904636330816699e-05
      },
      "40": {
        "cosine": -0.036993082612752914,
        "abs_cosine": 0.036993082612752914,
        "r_squared": 0.001368488161193962
      }
    }
  },
  "control_profile": {
    "probe_type": "control",
    "n_layers": 35,
    "overall_mean_r2": 0.00032575973348173017,
    "overall_mean_abs_cos": 0.01519965699158742,
    "peak_layer": 29,
    "peak_cosine": -0.036743056029081345,
    "peak_abs_cosine": 0.036743056029081345,
    "peak_r2": 0.001350052166356211,
    "onset_layer": null,
    "band_stats": {
      "early": {
        "mean_cos": -0.012235460989177226,
        "mean_abs_cos": 0.012235460989177226,
        "mean_r2": 0.00016952363425402748,
        "max_r2": 0.0003386078613648903,
        "r2_fraction": 0.07434209801638317,
        "n_layers": 5
      },
      "middle": {
        "mean_cos": -0.011226220912067219,
        "mean_abs_cos": 0.014667045870252575,
        "mean_r2": 0.000311487750600142,
        "max_r2": 0.001002966273575337,
        "r2_fraction": 0.40979512363424314,
        "n_layers": 15
      },
      "late": {
        "mean_cos": -0.016720333447058994,
        "mean_abs_cos": 0.016720333447058994,
        "mean_r2": 0.0003921104161058861,
        "max_r2": 0.001350052166356211,
        "r2_fraction": 0.515862778349374,
        "n_layers": 15
      }
    },
    "normalized_entropy": 0.8484578991995786,