{
  "dim_name": "14_biological",
  "dim_id": 14,
  "reading_profile": {
    "probe_type": "reading",
    "n_layers": 35,
    "overall_mean_r2": 0.0003111957390147392,
    "overall_mean_abs_cos": 0.014688923782003777,
    "peak_layer": 40,
    "peak_cosine": -0.03527633473277092,
    "peak_abs_cosine": 0.03527633473277092,
    "peak_r2": 0.0012444197921785,
    "onset_layer": null,
    "band_stats": {
      "early": {
        "mean_cos": -0.00035860438365489247,
        "mean_abs_cos": 0.017496758443303406,
        "mean_r2": 0.00041085389238648044,
        "max_r2": 0.0009840307972370926,
        "r2_fraction": 0.18860609526304833,
        "n_layers": 5
      },
      "middle": {
        "mean_cos": -0.00539865264048179,
        "mean_abs_cos": 0.01410159959147374,
        "mean_r2": 0.0002613111110999463,
        "max_r2": 0.0009343134579286073,
        "r2_fraction": 0.35987149612092556,
        "n_layers": 15
      },
      "late": {
        "mean_cos": -0.011193518798487881,
        "mean_abs_cos": 0.01434030308543394,
        "mean_r2": 0.0003278609824722851,
        "max_r2": 0.0012444197921785,
        "r2_fraction": 0.4515224086160262,
        "n_layers": 15
      }
    },
    "normalized_entropy": 0.8416515321144777,
    "near_peak_layers": [
      10,
      16,
      33,
      40
    ],
    "near_peak_fraction": 0.11428571428571428,
    "sign_consistency": 0.6285714285714286,
    "dominant_sign": "negative",
    "profile_type": "negligible",
    "per_layer": {
      "6": {
        "cosine": 0.024037819355726242,
        "abs_cosine": 0.024037819355726242,
        "r_squared": 0.0005778167593785272
      },
      "7": {
        "cosine": -0.011667577549815178,
        "abs_cosine": 0.011667577549815178,
        "r_squared": 0.00013613236588095115
      },
      "8": {
        "cosine": -0.0016015643486753106,
        "abs_cosine": 0.0016015643486753106,
        "r_squared": 2.565008362947772e-06
      },
      "9": {
        "cosine": 0.018807565793395042,
        "abs_cosine": 0.018807565793395042,
        "r_squared": 0.0003537245310728833
      },
      "10": {
        "cosine": -0.03136926516890526,
        "abs_cosine": 0.03136926516890526,
        "r_squared": 0.0009840307972370926
      },
      "11": {
        "cosine": 0.011041616089642048,
        "abs_cosine": 0.011041616089642048,
        "r_squared": 0.00012191728587104215
      },
      "12": {
        "cosine": -0.026905467733740807,
        "abs_cosine": 0.026905467733740807,
        "r_squared": 0.0007239041939713677
      },
      "13": {
        "cosine": -0.008395163342356682,
        "abs_cosine": 0.008395163342356682,
        "r_squared": 7.047876754484941e-05
      },
      "14": {
        "cosine": -0.01342666707932949,
        "abs_cosine": 0.01342666707932949,
        "r_squared": 0.00018027538885915032
      },
      "15": {
        "cosine": -0.019430166110396385,
        "abs_cosine": 0.019430166110396385,
        "r_squared": 0.0003775313550775962
      },
      "16": {
        "cosine": -0.030566541478037834,
        "abs_cosine": 0.030566541478037834,
        "r_squared": 0.0009343134579286073
      },
      "17": {
        "cosine": -0.021189646795392036,
        "abs_cosine": 0.021189646795392036,
        "r_squared": 0.000449001131313468
      },
      "18": {
        "cosine": 0.012573353946208954,
        "abs_cosine": 0.012573353946208954,
        "r_squared": 0.00015808922945664827
      },
      "19": {
        "cosine": -0.014711553230881691,
        "abs_cosine": 0.014711553230881691,
        "r_squared": 0.00021642979846506552
      },
      "20": {
        "cosine": -0.0050642541609704494,
        "abs_cosine": 0.0050642541609704494,
        "r_squared": 2.564667020690651e-05
      },
      "21": {
        "cosine": 0.01381895411759615,
        "abs_cosine": 0.01381895411759615,
        "r_squared": 0.00019096349290422757
      },
      "22": {
        "cosine": 0.004494416993111372,
        "abs_cosine": 0.004494416993111372,
        "r_squared": 2.0199784107968266e-05
      },
      "23": {
        "cosine": 0.01989942602813244,
        "abs_cosine": 0.01989942602813244,
        "r_squared": 0.00039598715624911476
      },
      "24": {
        "cosine": -0.006562431808561087,
        "abs_cosine": 0.006562431808561087,
        "r_squared": 4.3065511242014335e-05
      },
      "25": {
        "cosine": 0.0034443349577486515,
        "abs_cosine": 0.0034443349577486515,
        "r_squared": 1.1863443301169405e-05
      },
      "26": {
        "cosine": 0.00637854402884841,
        "abs_cosine": 0.00637854402884841,
        "r_squared": 4.06858239279577e-05
      },
      "27": {
        "cosine": 0.004949984606355429,
        "abs_cosine": 0.004949984606355429,
        "r_squared": 2.450234760315571e-05
      },
      "28": {
        "cosine": 0.0016374968690797687,
        "abs_cosine": 0.0016374968690797687,
        "r_squared": 2.681395996246045e-06
      },
      "29": {
        "cosine": -0.02238035760819912,
        "abs_cosine": 0.02238035760819912,
        "r_squared": 0.0005008804066708762
      },
      "30": {
        "cosine": -0.017047611996531487,
        "abs_cosine": 0.017047611996531487,
        "r_squared": 0.00029062107478428426
      },
      "31": {
        "cosine": -0.007075464352965355,
        "abs_cosine": 0.007075464352965355,
        "r_squared": 5.006219581008345e-05
      },
      "32": {
        "cosine": -0.006897592451423407,
        "abs_cosine": 0.006897592451423407,
        "r_squared": 4.757678162593316e-05
      },
      "33": {
        "cosine": -0.032171402126550674,
        "abs_cosine": 0.032171402126550674,
        "r_squared": 0.0010349991147882293
      },
      "34": {
        "cosine": 0.0018720378866419196,
        "abs_cosine": 0.0018720378866419196,
        "r_squared": 3.5045258490227447e-06
      },
      "35": {
        "cosine": -0.02367701567709446,
        "abs_cosine": 0.02367701567709446,
        "r_squared": 0.0005606010713733768
      },
      "36": {
        "cosine": -0.02463276870548725,
        "abs_cosine": 0.02463276870548725,
        "r_squared": 0.0006067732940980321
      },
      "37": {
        "cosine": -0.0015765224816277623,
        "abs_cosine": 0.0015765224816277623,
        "r_squared": 2.485423135077758e-06
      },
      "38": {
        "cosine": -0.02076859399676323,
        "abs_cosine": 0.02076859399676323,
        "r_squared": 0.00043133449660238965
      },
      "39": {
        "cosine": 0.00876281876116991,
        "abs_cosine": 0.00876281876116991,
        "r_squared": 7.678699264111136e-05
      },
      "40": {
        "cosine": -0.03527633473277092,
        "abs_cosine": 0.03527633473277092,
        "r_squared": 0.0012444197921785
      }
    }
  },
  "control_profile": {
    "probe_type": "control",
    "n_layers": 35,
    "overall_mean_r2": 0.00030394841425484447,
    "overall_mean_abs_cos": 0.014479677939587939,
    "peak_layer": 29,
    "peak_cosine": -0.033538151532411575,
    "peak_abs_cosine": 0.033538151532411575,
    "peak_r2": 0.001124807608211001,
    "onset_layer": null,
    "band_stats": {
      "early": {
        "mean_cos": -0.011577981617301702,
        "mean_abs_cos": 0.011577981617301702,
        "mean_r2": 0.0001605867063111052,
        "max_r2": 0.00034718169888365083,
        "r2_fraction": 0.07547648537889338,
        "n_layers": 5
      },
      "middle": {
        "mean_cos": -0.010587688554854443,
        "mean_abs_cos": 0.014414784323889762,
        "mean_r2": 0.0003056613212502962,
        "max_r2": 0.0010836017529626402,
        "r2_fraction": 0.43098665090397625,
        "n_layers": 15
      },
      "late": {
        "mean_cos": -0.0152280359606569,
        "mean_abs_cos": 0.015511803662714858,
        "mean_r2": 0.00035002274324063914,
        "max_r2": 0.001124807608211001,
        "r2_fraction": 0.49353686371713035,
        "n_layers": 15
      }
    },
    "normalized_entropy": 0.8387590772926666,