{
  "dim_name": "15_shapes",
  "dim_id": 15,
  "reading_profile": {
    "probe_type": "reading",
    "n_layers": 35,
    "overall_mean_r2": 0.00031069332291961256,
    "overall_mean_abs_cos": 0.014663004134282736,
    "peak_layer": 33,
    "peak_cosine": -0.034933485090732574,
    "peak_abs_cosine": 0.034933485090732574,
    "peak_r2": 0.001220348380584435,
    "onset_layer": null,
    "band_stats": {
      "early": {
        "mean_cos": -0.00043071607360616325,
        "mean_abs_cos": 0.01728371480712667,
        "mean_r2": 0.0004298530982501901,
        "max_r2": 0.001158911079936209,
        "r2_fraction": 0.19764694293157115,
        "n_layers": 5
      },
      "middle": {
        "mean_cos": -0.005967327362547318,
        "mean_abs_cos": 0.014408221002668142,
        "mean_r2": 0.00025495973952483684,
        "max_r2": 0.0008354469400066039,
        "r2_fraction": 0.35169233367989144,
        "n_layers": 15
      },
      "late": {
        "mean_cos": -0.010775643980984266,
        "mean_abs_cos": 0.014044217041616017,
        "mean_r2": 0.00032670698120419565,
        "max_r2": 0.001220348380584435,
        "r2_fraction": 0.45066072338853724,
        "n_layers": 15
      }
    },
    "normalized_entropy": 0.8422256524297344,
    "near_peak_layers": [
      10,
      16,
      33,
      40
    ],
    "near_peak_fraction": 0.11428571428571428,
    "sign_consistency": 0.6571428571428571,
    "dominant_sign": "negative",
    "profile_type": "negligible",
    "per_layer": {
      "6": {
        "cosine": 0.022769909352064133,
        "abs_cosine": 0.022769909352064133,
        "r_squared": 0.0005184687719012177
      },
      "7": {
        "cosine": -0.009839342907071114,
        "abs_cosine": 0.009839342907071114,
        "r_squared": 9.681266884293063e-05
      },
      "8": {
        "cosine": -0.0004039512132294476,
        "abs_cosine": 0.0004039512132294476,
        "r_squared": 1.6317658266954264e-07
      },
      "9": {
        "cosine": 0.019362587481737137,
        "abs_cosine": 0.019362587481737137,
        "r_squared": 0.0003749097939879237
      },
      "10": {
        "cosine": -0.034042783081531525,
        "abs_cosine": 0.034042783081531525,
        "r_squared": 0.001158911079936209
      },
      "11": {
        "cosine": 0.010782834142446518,
        "abs_cosine": 0.010782834142446518,
        "r_squared": 0.00011626951214351033
      },
      "12": {
        "cosine": -0.02595699578523636,
        "abs_cosine": 0.02595699578523636,
        "r_squared": 0.0006737656301947781
      },
      "13": {
        "cosine": -0.010620125569403172,
        "abs_cosine": 0.010620125569403172,
        "r_squared": 0.00011278706710989104
      },
      "14": {
        "cosine": -0.014316164888441563,
        "abs_cosine": 0.014316164888441563,
        "r_squared": 0.00020495257711304702
      },
      "15": {
        "cosine": -0.018738022074103355,
        "abs_cosine": 0.018738022074103355,
        "r_squared": 0.0003511134712495846
      },
      "16": {
        "cosine": -0.028904099017381668,
        "abs_cosine": 0.028904099017381668,
        "r_squared": 0.0008354469400066039
      },
      "17": {
        "cosine": -0.018874965608119965,
        "abs_cosine": 0.018874965608119965,
        "r_squared": 0.00035626432670771147
      },
      "18": {
        "cosine": 0.010415849275887012,
        "abs_cosine": 0.010415849275887012,
        "r_squared": 0.000108489916137996
      },
      "19": {
        "cosine": -0.019161494448781013,
        "abs_cosine": 0.019161494448781013,
        "r_squared": 0.0003671628695106656
      },
      "20": {
        "cosine": -0.007164596114307642,
        "abs_cosine": 0.007164596114307642,
        "r_squared": 5.133143748115216e-05
      },
      "21": {
        "cosine": 0.014684139750897884,
        "abs_cosine": 0.014684139750897884,
        "r_squared": 0.00021562396022389938
      },
      "22": {
        "cosine": 0.005452876910567284,
        "abs_cosine": 0.005452876910567284,
        "r_squared": 2.9733866601797804e-05
      },
      "23": {
        "cosine": 0.017216188833117485,
        "abs_cosine": 0.017216188833117485,
        "r_squared": 0.0002963971579375592
      },
      "24": {
        "cosine": -0.009080149233341217,
        "abs_cosine": 0.009080149233341217,
        "r_squared": 8.244911009974709e-05
      },
      "25": {
        "cosine": 0.004754813387989998,
        "abs_cosine": 0.004754813387989998,
        "r_squared": 2.2608250354608922e-05
      },
      "26": {
        "cosine": 0.005637559108436108,
        "abs_cosine": 0.005637559108436108,
        "r_squared": 3.178207270111092e-05
      },
      "27": {
        "cosine": 0.003746254602447152,
        "abs_cosine": 0.003746254602447152,
        "r_squared": 1.403442354635647e-05
      },
      "28": {
        "cosine": -0.0003229887515772134,
        "abs_cosine": 0.0003229887515772134,
        "r_squared": 1.0432173364540688e-07
      },
      "29": {
        "cosine": -0.021961752325296402,
        "abs_cosine": 0.021961752325296402,
        "r_squared": 0.0004823185651976619
      },
      "30": {
        "cosine": -0.018403172492980957,
        "abs_cosine": 0.018403172492980957,
        "r_squared": 0.00033867675780641093
      },
      "31": {
        "cosine": -0.006643200293183327,
        "abs_cosine": 0.006643200293183327,
        "r_squared": 4.413211013535104e-05
      },
      "32": {
        "cosine": -0.004641704726964235,
        "abs_cosine": 0.004641704726964235,
        "r_squared": 2.1545422772322126e-05
      },
      "33": {
        "cosine": -0.034933485090732574,
        "abs_cosine": 0.034933485090732574,
        "r_squared": 0.001220348380584435
      },
      "34": {
        "cosine": 0.0020738893654197454,
        "abs_cosine": 0.0020738893654197454,
        "r_squared": 4.3010171000011145e-06
      },
      "35": {
        "cosine": -0.020596804097294807,
        "abs_cosine": 0.020596804097294807,
        "r_squared": 0.00042422833902234017
      },
      "36": {
        "cosine": -0.024542583152651787,
        "abs_cosine": 0.024542583152651787,
        "r_squared": 0.0006023383878048273
      },
      "37": {
        "cosine": -0.0007405004580505192,
        "abs_cosine": 0.0007405004580505192,
        "r_squared": 5.483409283730288e-07
      },
      "38": {
        "cosine": -0.018871789798140526,
        "abs_cosine": 0.018871789798140526,
        "r_squared": 0.00035614445018520083
      },
      "39": {
        "cosine": 0.013056594878435135,
        "abs_cosine": 0.013056594878435135,
        "r_squared": 0.0001704746698195786
      },
      "40": {
        "cosine": -0.034490976482629776,
        "abs_cosine": 0.034490976482629776,
        "r_squared": 0.0011896274587253203
      }
    }
  },
  "control_profile": {
    "probe_type": "control",
    "n_layers": 35,
    "overall_mean_r2": 0.0003133913921021362,
    "overall_mean_abs_cos": 0.014886076792442639,
    "peak_layer": 29,
    "peak_cosine": -0.03621211275458336,
    "peak_abs_cosine": 0.03621211275458336,
    "peak_r2": 0.0013113171101506588,
    "onset_layer": null,
    "band_stats": {
      "early": {
        "mean_cos": -0.01036969623528421,
        "mean_abs_cos": 0.01036969623528421,
        "mean_r2": 0.0001346349178199311,
        "max_r2": 0.00027213469662458467,
        "r2_fraction": 0.06137232921283699,
        "n_layers": 5
      },
      "middle": {
        "mean_cos": -0.01043377235570612,
        "mean_abs_cos": 0.014648668446655695,
        "mean_r2": 0.0003062772277603038,
        "max_r2": 0.001051362104976375,
        "r2_fraction": 0.41884261134189427,
        "n_layers": 15
      },
      "late": {
        "mean_cos": -0.01643171557225287,
        "mean_abs_cos": 0.016628945323949058,
        "mean_r2": 0.00038009104787137016,
        "max_r2": 0.0013113171101506588,
        "r2_fraction": 0.5197850594452686,
        "n_layers": 15
      }
    },
    "normalized_entropy": 0.847587010583631,