{
  "dim_name": "22_sysprompt_bare_human",
  "dim_id": 22,
  "reading_profile": {
    "probe_type": "reading",
    "n_layers": 35,
    "overall_mean_r2": 0.00034159956282134047,
    "overall_mean_abs_cos": 0.015461950025720789,
    "peak_layer": 10,
    "peak_cosine": -0.04206409677863121,
    "peak_abs_cosine": 0.04206409677863121,
    "peak_r2": 0.0017693882378020526,
    "onset_layer": null,
    "band_stats": {
      "early": {
        "mean_cos": -0.0009588248562067747,
        "mean_abs_cos": 0.019886862440034746,
        "mean_r2": 0.0005979144174003065,
        "max_r2": 0.0017693882378020526,
        "r2_fraction": 0.2500481693753643,
        "n_layers": 5
      },
      "middle": {
        "mean_cos": -0.00659847566857934,
        "mean_abs_cos": 0.013382445182651281,
        "mean_r2": 0.0002628770773915543,
        "max_r2": 0.00103167888141803,
        "r2_fraction": 0.3298060561491509,
        "n_layers": 15
      },
      "late": {
        "mean_cos": -0.009130270371679216,
        "mean_abs_cos": 0.016066484064018973,
        "mean_r2": 0.00033488376339147125,
        "max_r2": 0.0011129018257385326,
        "r2_fraction": 0.4201457744754848,
        "n_layers": 15
      }
    },
    "normalized_entropy": 0.8414704060928665,
    "near_peak_layers": [
      10
    ],
    "near_peak_fraction": 0.02857142857142857,
    "sign_consistency": 0.6571428571428571,
    "dominant_sign": "negative",
    "profile_type": "negligible",
    "per_layer": {
      "6": {
        "cosine": 0.028390582650899887,
        "abs_cosine": 0.028390582650899887,
        "r_squared": 0.0008060251832575777
      },
      "7": {
        "cosine": -0.00665751239284873,
        "abs_cosine": 0.00665751239284873,
        "r_squared": 4.4322471260934424e-05
      },
      "8": {
        "cosine": -0.003392609069123864,
        "abs_cosine": 0.003392609069123864,
        "r_squared": 1.1509796295901492e-05
      },
      "9": {
        "cosine": 0.018929511308670044,
        "abs_cosine": 0.018929511308670044,
        "r_squared": 0.0003583263983850671
      },
      "10": {
        "cosine": -0.04206409677863121,
        "abs_cosine": 0.04206409677863121,
        "r_squared": 0.0017693882378020526
      },
      "11": {
        "cosine": 0.011174635961651802,
        "abs_cosine": 0.011174635961651802,
        "r_squared": 0.0001248724888754417
      },
      "12": {
        "cosine": -0.0321197584271431,
        "abs_cosine": 0.0321197584271431,
        "r_squared": 0.00103167888141803
      },
      "13": {
        "cosine": -0.01572665199637413,
        "abs_cosine": 0.01572665199637413,
        "r_squared": 0.0002473275830150584
      },
      "14": {
        "cosine": -0.023430416360497475,
        "abs_cosine": 0.023430416360497475,
        "r_squared": 0.0005489844108262677
      },
      "15": {
        "cosine": -0.0038044126704335213,
        "abs_cosine": 0.0038044126704335213,
        "r_squared": 1.4473555766955117e-05
      },
      "16": {
        "cosine": -0.024920525029301643,
        "abs_cosine": 0.024920525029301643,
        "r_squared": 0.0006210325677360497
      },
      "17": {
        "cosine": -0.012926338240504265,
        "abs_cosine": 0.012926338240504265,
        "r_squared": 0.0001670902203079229
      },
      "18": {
        "cosine": -0.005526321940124035,
        "abs_cosine": 0.005526321940124035,
        "r_squared": 3.054023418589628e-05
      },
      "19": {
        "cosine": -0.01981249265372753,
        "abs_cosine": 0.01981249265372753,
        "r_squared": 0.0003925348651540074
      },
      "20": {
        "cosine": -0.0054306103847920895,
        "abs_cosine": 0.0054306103847920895,
        "r_squared": 2.9491529151411686e-05
      },
      "21": {
        "cosine": 0.015680843964219093,
        "abs_cosine": 0.015680843964219093,
        "r_squared": 0.00024588886743018637
      },
      "22": {
        "cosine": -0.003341159550473094,
        "abs_cosine": 0.003341159550473094,
        "r_squared": 1.1163347141717567e-05
      },
      "23": {
        "cosine": 0.02153978869318962,
        "abs_cosine": 0.02153978869318962,
        "r_squared": 0.00046396249694725944
      },
      "24": {
        "cosine": 0.002484502736479044,
        "abs_cosine": 0.002484502736479044,
        "r_squared": 6.172753847571858e-06
      },
      "25": {
        "cosine": -0.002818219130858779,
        "abs_cosine": 0.002818219130858779,
        "r_squared": 7.942359069538411e-06
      },
      "26": {
        "cosine": 0.01264635007828474,
        "abs_cosine": 0.01264635007828474,
        "r_squared": 0.00015993017030253246
      },
      "27": {
        "cosine": 0.014275975525379181,
        "abs_cosine": 0.014275975525379181,
        "r_squared": 0.00020380347720122538
      },
      "28": {
        "cosine": 0.0018657788168638945,
        "abs_cosine": 0.0018657788168638945,
        "r_squared": 3.481130593458034e-06
      },
      "29": {
        "cosine": -0.016438854858279228,
        "abs_cosine": 0.016438854858279228,
        "r_squared": 0.0002702359490515706
      },
      "30": {
        "cosine": -0.015293443575501442,
        "abs_cosine": 0.015293443575501442,
        "r_squared": 0.00023388941639704633
      },
      "31": {
        "cosine": 0.009803899563848972,
        "abs_cosine": 0.009803899563848972,
        "r_squared": 9.611644665803807e-05
      },
      "32": {
        "cosine": 0.00072916952194646,
        "abs_cosine": 0.00072916952194646,
        "r_squared": 5.31688191735629e-07
      },
      "33": {
        "cosine": -0.029929431155323982,
        "abs_cosine": 0.029929431155323982,
        "r_squared": 0.0008957708492812778
      },
      "34": {
        "cosine": -0.018205102533102036,
        "abs_cosine": 0.018205102533102036,
        "r_squared": 0.00033142575824075815
      },
      "35": {
        "cosine": -0.014994955621659756,
        "abs_cosine": 0.014994955621659756,
        "r_squared": 0.0002248486940955455
      },
      "36": {
        "cosine": -0.020091313868761063,
        "abs_cosine": 0.020091313868761063,
        "r_squared": 0.0004036608929730706
      },
      "37": {
        "cosine": -0.013308190740644932,
        "abs_cosine": 0.013308190740644932,
        "r_squared": 0.0001771079407893875
      },
      "38": {
        "cosine": -0.027354182675480843,
        "abs_cosine": 0.027354182675480843,
        "r_squared": 0.0007482513098435763
      },
      "39": {
        "cosine": 0.012700429186224937,
        "abs_cosine": 0.012700429186224937,
        "r_squared": 0.00016130090151431423
      },
      "40": {
        "cosine": -0.033360183238983154,
        "abs_cosine": 0.033360183238983154,
        "r_squared": 0.0011129018257385326
      }
    }
  },
  "control_profile": {
    "probe_type": "control",
    "n_layers": 35,
    "overall_mean_r2": 0.00026064682861461373,
    "overall_mean_abs_cos": 0.013567370661933507,
    "peak_layer": 29,
    "peak_cosine": -0.03348694369196892,
    "peak_abs_cosine": 0.03348694369196892,
    "peak_r2": 0.001121375397829097,
    "onset_layer": null,
    "band_stats": {
      "early": {
        "mean_cos": -0.011293533956632018,
        "mean_abs_cos": 0.012046455824747681,
        "mean_r2": 0.00019263393828316606,
        "max_r2": 0.0004439886119531368,
        "r2_fraction": 0.10558016065923993,
        "n_layers": 5
      },
      "middle": {
        "mean_cos": -0.009356432136458655,
        "mean_abs_cos": 0.012920492305420339,
        "mean_r2": 0.0002237592036418476,
        "max_r2": 0.0005960961071989207,
        "r2_fraction": 0.3679185435345641,
        "n_layers": 15
      },
      "late": {
        "mean_cos": -0.014171415901121994,
        "mean_abs_cos": 0.01472122063084195,
        "mean_r2": 0.00032020541703119566,
        "max_r2": 0.001121375397829097,
        "r2_fraction": 0.5265012958061959,
        "n_layers": 15
      }
    },
    "normalized_entropy": 0.8543556049039437,