{
  "dim_name": "0_baseline",
  "dim_id": 0,
  "reading_profile": {
    "probe_type": "reading",
    "n_layers": 35,
    "overall_mean_r2": 0.00020986229812116784,
    "overall_mean_abs_cos": 0.011561049783735403,
    "peak_layer": 27,
    "peak_cosine": -0.03560882434248924,
    "peak_abs_cosine": 0.03560882434248924,
    "peak_r2": 0.0012679883710542544,
    "onset_layer": null,
    "band_stats": {
      "early": {
        "mean_cos": 0.006322207301855088,
        "mean_abs_cos": 0.014220012724399567,
        "mean_r2": 0.00026959449973612174,
        "max_r2": 0.0007194877707529836,
        "r2_fraction": 0.18351795585535155,
        "n_layers": 5
      },
      "middle": {
        "mean_cos": 0.00910724150793006,
        "mean_abs_cos": 0.011547669698484243,
        "mean_r2": 0.00019318966501543443,
        "max_r2": 0.0011911618536655788,
        "r2_fraction": 0.3945233205875642,
        "n_layers": 15
      },
      "late": {
        "mean_cos": -0.0018873508864392836,
        "mean_abs_cos": 0.010688108888765176,
        "mean_r2": 0.00020662419735524996,
        "max_r2": 0.0012679883710542544,
        "r2_fraction": 0.42195872355708425,
        "n_layers": 15
      }
    },
    "normalized_entropy": 0.7790437812504349,
    "near_peak_layers": [
      20,
      27,
      28
    ],
    "near_peak_fraction": 0.08571428571428572,
    "sign_consistency": 0.6285714285714286,
    "dominant_sign": "positive",
    "profile_type": "negligible",
    "per_layer": {
      "6": {
        "cosine": 0.013055386021733284,
        "abs_cosine": 0.013055386021733284,
        "r_squared": 0.00017044310417646882
      },
      "7": {
        "cosine": 0.006819245871156454,
        "abs_cosine": 0.006819245871156454,
        "r_squared": 4.6502114251284346e-05
      },
      "8": {
        "cosine": 0.026823269203305244,
        "abs_cosine": 0.026823269203305244,
        "r_squared": 0.0007194877707529836
      },
      "9": {
        "cosine": -0.0197445135563612,
        "abs_cosine": 0.0197445135563612,
        "r_squared": 0.00038984581557733114
      },
      "10": {
        "cosine": 0.004657648969441652,
        "abs_cosine": 0.004657648969441652,
        "r_squared": 2.1693693922540886e-05
      },
      "11": {
        "cosine": 0.006092078983783722,
        "abs_cosine": 0.006092078983783722,
        "r_squared": 3.7113426344659306e-05
      },
      "12": {
        "cosine": 0.013375272043049335,
        "abs_cosine": 0.013375272043049335,
        "r_squared": 0.00017889790222557714
      },
      "13": {
        "cosine": -0.0013879119651392102,
        "abs_cosine": 0.0013879119651392102,
        "r_squared": 1.9262996229765843e-06
      },
      "14": {
        "cosine": 0.01620032824575901,
        "abs_cosine": 0.01620032824575901,
        "r_squared": 0.0002624506352703372
      },
      "15": {
        "cosine": -0.013602733612060547,
        "abs_cosine": 0.013602733612060547,
        "r_squared": 0.00018503436172068177
      },
      "16": {
        "cosine": 0.0030375055503100157,
        "abs_cosine": 0.0030375055503100157,
        "r_squared": 9.226439968164151e-06
      },
      "17": {
        "cosine": 0.014039314351975918,
        "abs_cosine": 0.014039314351975918,
        "r_squared": 0.00019710234747359699
      },
      "18": {
        "cosine": 0.01211024634540081,
        "abs_cosine": 0.01211024634540081,
        "r_squared": 0.00014665806654629368
      },
      "19": {
        "cosine": 0.010996567085385323,
        "abs_cosine": 0.010996567085385323,
        "r_squared": 0.00012092448766337985
      },
      "20": {
        "cosine": 0.034513212740421295,
        "abs_cosine": 0.034513212740421295,
        "r_squared": 0.0011911618536655788
      },
      "21": {
        "cosine": 0.004762896802276373,
        "abs_cosine": 0.004762896802276373,
        "r_squared": 2.26851859491345e-05
      },
      "22": {
        "cosine": 0.013986093923449516,
        "abs_cosine": 0.013986093923449516,
        "r_squared": 0.00019561082323555148
      },
      "23": {
        "cosine": -0.003312565851956606,
        "abs_cosine": 0.003312565851956606,
        "r_squared": 1.0973092523548994e-05
      },
      "24": {
        "cosine": 0.011270747520029545,
        "abs_cosine": 0.011270747520029545,
        "r_squared": 0.00012702974966025214
      },
      "25": {
        "cosine": 0.014527570456266403,
        "abs_cosine": 0.014527570456266403,
        "r_squared": 0.00021105030336178443
      },
      "26": {
        "cosine": -0.003972939215600491,
        "abs_cosine": 0.003972939215600491,
        "r_squared": 1.578424601085624e-05
      },
      "27": {
        "cosine": -0.03560882434248924,
        "abs_cosine": 0.03560882434248924,
        "r_squared": 0.0012679883710542544
      },
      "28": {
        "cosine": 0.03139550983905792,
        "abs_cosine": 0.03139550983905792,
        "r_squared": 0.0009856780380543828
      },
      "29": {
        "cosine": 0.0011513932840898633,
        "abs_cosine": 0.0011513932840898633,
        "r_squared": 1.3257064946472407e-06
      },
      "30": {
        "cosine": 0.010916105471551418,
        "abs_cosine": 0.010916105471551418,
        "r_squared": 0.00011916135866603481
      },
      "31": {
        "cosine": 0.006060186307877302,
        "abs_cosine": 0.006060186307877302,
        "r_squared": 3.672585808618353e-05
      },
      "32": {
        "cosine": -0.011688684113323689,
        "abs_cosine": 0.011688684113323689,
        "r_squared": 0.00013662533630106558
      },
      "33": {
        "cosine": -0.008458226919174194,
        "abs_cosine": 0.008458226919174194,
        "r_squared": 7.154160261624298e-05
      },
      "34": {
        "cosine": -0.007896630093455315,
        "abs_cosine": 0.007896630093455315,
        "r_squared": 6.235676683286409e-05
      },
      "35": {
        "cosine": -0.009315921925008297,
        "abs_cosine": 0.009315921925008297,
        "r_squared": 8.67864013128503e-05
      },
      "36": {
        "cosine": -0.003677019150927663,
        "abs_cosine": 0.003677019150927663,
        "r_squared": 1.352046983628879e-05
      },
      "37": {
        "cosine": 0.0054431091994047165,
        "abs_cosine": 0.0054431091994047165,
        "r_squared": 2.9627437756644254e-05
      },
      "38": {
        "cosine": -0.01216674130409956,
        "abs_cosine": 0.01216674130409956,
        "r_squared": 0.00014802959396088226
      },
      "39": {
        "cosine": 0.01103938091546297,
        "abs_cosine": 0.01103938091546297,
        "r_squared": 0.00012186793099668806
      },
      "40": {
        "cosine": -0.0015309612499549985,
        "abs_cosine": 0.0015309612499549985,
        "r_squared": 2.3438423488637714e-06
      }
    }
  },
  "control_profile": {
    "probe_type": "control",
    "n_layers": 35,
    "overall_mean_r2": 0.0001507833867015367,
    "overall_mean_abs_cos": 0.00916784354651879,
    "peak_layer": 9,
    "peak_cosine": -0.03049592114984989,
    "peak_abs_cosine": 0.03049592114984989,
    "peak_r2": 0.0009300012067778619,
    "onset_layer": null,
    "band_stats": {
      "early": {
        "mean_cos": -0.008378788837580942,
        "mean_abs_cos": 0.009637181097059511,
        "mean_r2": 0.0002129411618960065,
        "max_r2": 0.0009300012067778619,
        "r2_fraction": 0.20174746469488714,
        "n_layers": 5
      },
      "middle": {
        "mean_cos": 0.0018244770277912419,
        "mean_abs_cos": 0.008719802733200293,
        "mean_r2": 0.00012107640834693091,
        "max_r2": 0.0006473981326850092,
        "r2_fraction": 0.3441353217132176,
        "n_layers": 15
      },
      "late": {
        "mean_cos": -0.004056515085782545,
        "mean_abs_cos": 0.009459438509657048,
        "mean_r2": 0.00015977110665798584,
        "max_r2": 0.0006491307528071234,
        "r2_fraction": 0.4541172135918953,
        "n_layers": 15
      }
    },
    "normalized_entropy": 0.7466879668136123,