{
  "dim_name": "10_animacy",
  "dim_id": 10,
  "reading_profile": {
    "probe_type": "reading",
    "n_layers": 35,
    "overall_mean_r2": 0.00022324947876134704,
    "overall_mean_abs_cos": 0.012559419411367604,
    "peak_layer": 39,
    "peak_cosine": -0.02992844581604004,
    "peak_abs_cosine": 0.02992844581604004,
    "peak_r2": 0.0008957118689636445,
    "onset_layer": null,
    "band_stats": {
      "early": {
        "mean_cos": -0.0010950294323265552,
        "mean_abs_cos": 0.016608251351863147,
        "mean_r2": 0.0003538506233080693,
        "max_r2": 0.0007829820188047822,
        "r2_fraction": 0.22642869907010071,
        "n_layers": 5
      },
      "middle": {
        "mean_cos": 0.0002048346990098556,
        "mean_abs_cos": 0.011535567495351036,
        "mean_r2": 0.00016332895479995166,
        "max_r2": 0.000454829413678446,
        "r2_fraction": 0.3135421586382351,
        "n_layers": 15
      },
      "late": {
        "mean_cos": -0.00868288882387181,
        "mean_abs_cos": 0.012233660680552323,
        "mean_r2": 0.00023963628787383503,
        "max_r2": 0.0008957118689636445,
        "r2_fraction": 0.4600291422916642,
        "n_layers": 15
      }
    },
    "normalized_entropy": 0.8481142918674878,
    "near_peak_layers": [
      6,
      10,
      37,
      39
    ],
    "near_peak_fraction": 0.11428571428571428,
    "sign_consistency": 0.6285714285714286,
    "dominant_sign": "negative",
    "profile_type": "negligible",
    "per_layer": {
      "6": {
        "cosine": -0.027981815859675407,
        "abs_cosine": 0.027981815859675407,
        "r_squared": 0.0007829820188047822
      },
      "7": {
        "cosine": -0.006861481349915266,
        "abs_cosine": 0.006861481349915266,
        "r_squared": 4.707992631523502e-05
      },
      "8": {
        "cosine": 0.012374117970466614,
        "abs_cosine": 0.012374117970466614,
        "r_squared": 0.0001531187955470248
      },
      "9": {
        "cosine": -0.00941490475088358,
        "abs_cosine": 0.00941490475088358,
        "r_squared": 8.864043146821019e-05
      },
      "10": {
        "cosine": 0.026408936828374863,
        "abs_cosine": 0.026408936828374863,
        "r_squared": 0.0006974319444050942
      },
      "11": {
        "cosine": -0.007697107270359993,
        "abs_cosine": 0.007697107270359993,
        "r_squared": 5.924546033142866e-05
      },
      "12": {
        "cosine": 0.006622964050620794,
        "abs_cosine": 0.006622964050620794,
        "r_squared": 4.38636528158154e-05
      },
      "13": {
        "cosine": 0.00794085580855608,
        "abs_cosine": 0.00794085580855608,
        "r_squared": 6.305719097227883e-05
      },
      "14": {
        "cosine": 0.01518835499882698,
        "abs_cosine": 0.01518835499882698,
        "r_squared": 0.00023068612757039253
      },
      "15": {
        "cosine": 0.013620585203170776,
        "abs_cosine": 0.013620585203170776,
        "r_squared": 0.0001855203412768347
      },
      "16": {
        "cosine": -0.00982679147273302,
        "abs_cosine": 0.00982679147273302,
        "r_squared": 9.656583064857841e-05
      },
      "17": {
        "cosine": -0.010599873028695583,
        "abs_cosine": 0.010599873028695583,
        "r_squared": 0.00011235730822446808
      },
      "18": {
        "cosine": -0.02004002220928669,
        "abs_cosine": 0.02004002220928669,
        "r_squared": 0.0004016024901487038
      },
      "19": {
        "cosine": 0.01364856120198965,
        "abs_cosine": 0.01364856120198965,
        "r_squared": 0.00018628322288445718
      },
      "20": {
        "cosine": -0.007394672837108374,
        "abs_cosine": 0.007394672837108374,
        "r_squared": 5.4681186367868404e-05
      },
      "21": {
        "cosine": 0.011419852264225483,
        "abs_cosine": 0.011419852264225483,
        "r_squared": 0.0001304130257367359
      },
      "22": {
        "cosine": -0.0014555698726326227,
        "abs_cosine": 0.0014555698726326227,
        "r_squared": 2.1186836541157495e-06
      },
      "23": {
        "cosine": -0.006639729253947735,
        "abs_cosine": 0.006639729253947735,
        "r_squared": 4.4086004565729343e-05
      },
      "24": {
        "cosine": 0.019611842930316925,
        "abs_cosine": 0.019611842930316925,
        "r_squared": 0.00038462438312342195
      },
      "25": {
        "cosine": -0.021326730027794838,
        "abs_cosine": 0.021326730027794838,
        "r_squared": 0.000454829413678446
      },
      "26": {
        "cosine": -0.017253326252102852,
        "abs_cosine": 0.017253326252102852,
        "r_squared": 0.00029767726676150144
      },
      "27": {
        "cosine": -0.02152073010802269,
        "abs_cosine": 0.02152073010802269,
        "r_squared": 0.0004631418243823543
      },
      "28": {
        "cosine": 0.005530155263841152,
        "abs_cosine": 0.005530155263841152,
        "r_squared": 3.0582617242190004e-05
      },
      "29": {
        "cosine": -0.005910380277782679,
        "abs_cosine": 0.005910380277782679,
        "r_squared": 3.493259502800245e-05
      },
      "30": {
        "cosine": -0.0009313594782724977,
        "abs_cosine": 0.0009313594782724977,
        "r_squared": 8.67430477768019e-07
      },
      "31": {
        "cosine": -0.008562274277210236,
        "abs_cosine": 0.008562274277210236,
        "r_squared": 7.331254079817606e-05
      },
      "32": {
        "cosine": -0.001982421614229679,
        "abs_cosine": 0.001982421614229679,
        "r_squared": 3.929995456565007e-06
      },
      "33": {
        "cosine": -0.013900473713874817,
        "abs_cosine": 0.013900473713874817,
        "r_squared": 0.00019322316947012474
      },
      "34": {
        "cosine": 0.020172715187072754,
        "abs_cosine": 0.020172715187072754,
        "r_squared": 0.00040693843801875573
      },
      "35": {
        "cosine": 0.0008015715284273028,
        "abs_cosine": 0.0008015715284273028,
        "r_squared": 6.425169151852824e-07
      },
      "36": {
        "cosine": -0.011404022574424744,
        "abs_cosine": 0.011404022574424744,
        "r_squared": 0.00013005173087798916
      },
      "37": {
        "cosine": -0.026565909385681152,
        "abs_cosine": 0.026565909385681152,
        "r_squared": 0.0007057475414882219
      },
      "38": {
        "cosine": -0.018914777785539627,
        "abs_cosine": 0.018914777785539627,
        "r_squared": 0.00035776881867634336
      },
      "39": {
        "cosine": -0.02992844581604004,
        "abs_cosine": 0.02992844581604004,
        "r_squared": 0.0008957118689636445
      },
      "40": {
        "cosine": 0.00012634694576263428,
        "abs_cosine": 0.00012634694576263428,
        "r_squared": 1.5963550703546048e-08
      }
    }
  },
  "control_profile": {
    "probe_type": "control",
    "n_layers": 35,
    "overall_mean_r2": 0.00019750886598914858,
    "overall_mean_abs_cos": 0.012257371837871947,
    "peak_layer": 31,
    "peak_cosine": 0.024720726534724236,
    "peak_abs_cosine": 0.024720726534724236,
    "peak_r2": 0.0006111143204046189,
    "onset_layer": null,
    "band_stats": {
      "early": {
        "mean_cos": 0.0008625177666544914,
        "mean_abs_cos": 0.0064103596843779085,
        "mean_r2": 5.5058553034209655e-05,
        "max_r2": 0.00013017098757135085,
        "r2_fraction": 0.03982356709368078,
        "n_layers": 5
      },
      "middle": {
        "mean_cos": -0.004094497320087005,
        "mean_abs_cos": 0.013974311656784266,
        "mean_r2": 0.0002441948139157203,
        "max_r2": 0.000544919937148395,
        "r2_fraction": 0.5298745437348839,
        "n_layers": 15
      },
      "late": {
        "mean_cos": -0.0016981184482574463,
        "mean_abs_cos": 0.012489436070124309,
        "mean_r2": 0.0001983063557142232,
        "max_r2": 0.0006111143204046189,
        "r2_fraction": 0.43030188917143547,
        "n_layers": 15
      }
    },
    "normalized_entropy": 0.8790152640403852,