{
  "dim_name": "4_intentions",
  "dim_id": 4,
  "reading_profile": {
    "probe_type": "reading",
    "n_layers": 35,
    "overall_mean_r2": 0.0006395567764877451,
    "overall_mean_abs_cos": 0.020720258125714153,
    "peak_layer": 7,
    "peak_cosine": -0.05959422513842583,
    "peak_abs_cosine": 0.05959422513842583,
    "peak_r2": 0.0035514716698493848,
    "onset_layer": 7,
    "band_stats": {
      "early": {
        "mean_cos": -0.030182789824903012,
        "mean_abs_cos": 0.030182789824903012,
        "mean_r2": 0.0011907078789840065,
        "max_r2": 0.0035514716698493848,
        "r2_fraction": 0.265967200759389,
        "n_layers": 5
      },
      "middle": {
        "mean_cos": 0.020890736052145562,
        "mean_abs_cos": 0.025612086585412423,
        "mean_r2": 0.0008255580083492475,
        "max_r2": 0.0019997665855698288,
        "r2_fraction": 0.5532121431811612,
        "n_layers": 15
      },
      "late": {
        "mean_cos": 0.009467889624465898,
        "mean_abs_cos": 0.012674252432952926,
        "mean_r2": 0.000269838510460822,
        "max_r2": 0.001233320408089933,
        "r2_fraction": 0.18082065605944964,
        "n_layers": 15
      }
    },
    "normalized_entropy": 0.8247889765490811,
    "near_peak_layers": [
      7
    ],
    "near_peak_fraction": 0.02857142857142857,
    "sign_consistency": 0.6285714285714286,
    "dominant_sign": "positive",
    "profile_type": "middle-concentrated",
    "per_layer": {
      "6": {
        "cosine": -0.01628253236413002,
        "abs_cosine": 0.01628253236413002,
        "r_squared": 0.00026512086018894154
      },
      "7": {
        "cosine": -0.05959422513842583,
        "abs_cosine": 0.05959422513842583,
        "r_squared": 0.0035514716698493848
      },
      "8": {
        "cosine": -0.033960141241550446,
        "abs_cosine": 0.033960141241550446,
        "r_squared": 0.0011532911931460554
      },
      "9": {
        "cosine": -0.012172115035355091,
        "abs_cosine": 0.012172115035355091,
        "r_squared": 0.00014816038443391747
      },
      "10": {
        "cosine": -0.028904935345053673,
        "abs_cosine": 0.028904935345053673,
        "r_squared": 0.0008354952873017331
      },
      "11": {
        "cosine": -0.0060058399103581905,
        "abs_cosine": 0.0060058399103581905,
        "r_squared": 3.607011302885128e-05
      },
      "12": {
        "cosine": -0.010683814994990826,
        "abs_cosine": 0.010683814994990826,
        "r_squared": 0.00011414390284719082
      },
      "13": {
        "cosine": -0.01872047409415245,
        "abs_cosine": 0.01872047409415245,
        "r_squared": 0.000350456150309833
      },
      "14": {
        "cosine": 0.025538619607686996,
        "abs_cosine": 0.025538619607686996,
        "r_squared": 0.0006522210914661347
      },
      "15": {
        "cosine": 0.042449478060007095,
        "abs_cosine": 0.042449478060007095,
        "r_squared": 0.0018019581875670238
      },
      "16": {
        "cosine": 0.04004450514912605,
        "abs_cosine": 0.04004450514912605,
        "r_squared": 0.001603562392638383
      },
      "17": {
        "cosine": 0.041532061994075775,
        "abs_cosine": 0.041532061994075775,
        "r_squared": 0.0017249121734797535
      },
      "18": {
        "cosine": 0.041310861706733704,
        "abs_cosine": 0.041310861706733704,
        "r_squared": 0.001706587294952877
      },
      "19": {
        "cosine": 0.015527627430856228,
        "abs_cosine": 0.015527627430856228,
        "r_squared": 0.00024110721363147878
      },
      "20": {
        "cosine": 0.024191416800022125,
        "abs_cosine": 0.024191416800022125,
        "r_squared": 0.0005852246467923927
      },
      "21": {
        "cosine": 0.044718749821186066,
        "abs_cosine": 0.044718749821186066,
        "r_squared": 0.0019997665855698288
      },
      "22": {
        "cosine": 0.02711447887122631,
        "abs_cosine": 0.02711447887122631,
        "r_squared": 0.000735194964458178
      },
      "23": {
        "cosine": 0.024064170196652412,
        "abs_cosine": 0.024064170196652412,
        "r_squared": 0.0005790842872534542
      },
      "24": {
        "cosine": 0.00957439374178648,
        "abs_cosine": 0.00957439374178648,
        "r_squared": 9.166901552276011e-05
      },
      "25": {
        "cosine": 0.01270480640232563,
        "abs_cosine": 0.01270480640232563,
        "r_squared": 0.00016141210572057432
      },
      "26": {
        "cosine": 0.008478001691401005,
        "abs_cosine": 0.008478001691401005,
        "r_squared": 7.18765126793983e-05
      },
      "27": {
        "cosine": 0.03511866182088852,
        "abs_cosine": 0.03511866182088852,
        "r_squared": 0.001233320408089933
      },
      "28": {
        "cosine": 0.030009683221578598,
        "abs_cosine": 0.030009683221578598,
        "r_squared": 0.000900581087059496
      },
      "29": {
        "cosine": 0.011474234983325005,
        "abs_cosine": 0.011474234983325005,
        "r_squared": 0.00013165806845255937
      },
      "30": {
        "cosine": -8.217803951993119e-06,
        "abs_cosine": 8.217803951993119e-06,
        "r_squared": 6.753230179339372e-11
      },
      "31": {
        "cosine": 0.02431083284318447,
        "abs_cosine": 0.02431083284318447,
        "r_squared": 0.0005910165935292568
      },
      "32": {
        "cosine": 0.013471326790750027,
        "abs_cosine": 0.013471326790750027,
        "r_squared": 0.00018147664550317941
      },
      "33": {
        "cosine": 0.015895310789346695,
        "abs_cosine": 0.015895310789346695,
        "r_squared": 0.00025266090508992145
      },
      "34": {
        "cosine": 0.0072219595313072205,
        "abs_cosine": 0.0072219595313072205,
        "r_squared": 5.215669947183921e-05
      },
      "35": {
        "cosine": 0.01225938368588686,
        "abs_cosine": 0.01225938368588686,
        "r_squared": 0.0001502924883577889
      },
      "36": {
        "cosine": -0.02035932056605816,
        "abs_cosine": 0.02035932056605816,
        "r_squared": 0.0004145019339115187
      },
      "37": {
        "cosine": -0.0002190299128415063,
        "abs_cosine": 0.0002190299128415063,
        "r_squared": 4.797410271935785e-08
      },
      "38": {
        "cosine": -0.002339558908715844,
        "abs_cosine": 0.002339558908715844,
        "r_squared": 5.473535887351672e-06
      },
      "39": {
        "cosine": -0.0011215938720852137,
        "abs_cosine": 0.0011215938720852137,
        "r_squared": 1.2579728138991026e-06
      },
      "40": {
        "cosine": 0.007826670072972775,
        "abs_cosine": 0.007826670072972775,
        "r_squared": 6.125676443116766e-05
      }
    }
  },
  "control_profile": {
    "probe_type": "control",
    "n_layers": 35,
    "overall_mean_r2": 0.0023556962906556233,
    "overall_mean_abs_cos": 0.037115666549652815,
    "peak_layer": 6,
    "peak_cosine": 0.13300928473472595,
    "peak_abs_cosine": 0.13300928473472595,
    "peak_r2": 0.017691469825643402,
    "onset_layer": 6,
    "band_stats": {
      "early": {
        "mean_cos": 0.07630741745233535,
        "mean_abs_cos": 0.07630741745233535,
        "mean_r2": 0.006692655491285454,
        "max_r2": 0.017691469825643402,
        "r2_fraction": 0.40586456132089654,
        "n_layers": 5
      },
      "middle": {
        "mean_cos": 0.044234535408516726,
        "mean_abs_cos": 0.04519515670835972,
        "mean_r2": 0.002908448561486177,
        "max_r2": 0.009687608402036363,
        "r2_fraction": 0.5291335559117152,
        "n_layers": 15
      },
      "late": {
        "mean_cos": 0.009853810320297878,
        "mean_abs_cos": 0.015972259423385062,
        "mean_r2": 0.00035729095294845915,
        "max_r2": 0.0012652696432625121,
        "r2_fraction": 0.06500188276738826,
        "n_layers": 15
      }
    },
    "normalized_entropy": 0.7654219321825609,
    "near_peak_layers": [
      6
    ],