{
  "dim_name": "6_cognitive",
  "dim_id": 6,
  "reading_profile": {
    "probe_type": "reading",
    "n_layers": 35,
    "overall_mean_r2": 0.000556383172368591,
    "overall_mean_abs_cos": 0.019491617095523647,
    "peak_layer": 21,
    "peak_cosine": 0.04933525621891022,
    "peak_abs_cosine": 0.04933525621891022,
    "peak_r2": 0.0024339675061855193,
    "onset_layer": null,
    "band_stats": {
      "early": {
        "mean_cos": -0.014995122328400612,
        "mean_abs_cos": 0.018674466013908386,
        "mean_r2": 0.000503002988242102,
        "max_r2": 0.0018425703529479365,
        "r2_fraction": 0.1291512276386169,
        "n_layers": 5
      },
      "middle": {
        "mean_cos": 0.021283798043926556,
        "mean_abs_cos": 0.023434638356169064,
        "mean_r2": 0.0006918526305793299,
        "max_r2": 0.0024339675061855193,
        "r2_fraction": 0.5329209885806079,
        "n_layers": 15
      },
      "late": {
        "mean_cos": 0.010491981341814002,
        "mean_abs_cos": 0.015820979528749984,
        "mean_r2": 0.00043870710886668155,
        "max_r2": 0.0021400902440028013,
        "r2_fraction": 0.33792778378077515,
        "n_layers": 15
      }
    },
    "normalized_entropy": 0.827999083666556,
    "near_peak_layers": [
      7,
      15,
      21,
      27,
      31
    ],
    "near_peak_fraction": 0.14285714285714285,
    "sign_consistency": 0.7142857142857143,
    "dominant_sign": "positive",
    "profile_type": "negligible",
    "per_layer": {
      "6": {
        "cosine": -0.010096111334860325,
        "abs_cosine": 0.010096111334860325,
        "r_squared": 0.00010193146408589513
      },
      "7": {
        "cosine": -0.04292517155408859,
        "abs_cosine": 0.04292517155408859,
        "r_squared": 0.0018425703529479365
      },
      "8": {
        "cosine": -0.015002615749835968,
        "abs_cosine": 0.015002615749835968,
        "r_squared": 0.00022507847933722624
      },
      "9": {
        "cosine": 0.009198359213769436,
        "abs_cosine": 0.009198359213769436,
        "r_squared": 8.460981222553707e-05
      },
      "10": {
        "cosine": -0.01615007221698761,
        "abs_cosine": 0.01615007221698761,
        "r_squared": 0.0002608248326139151
      },
      "11": {
        "cosine": 0.009625818580389023,
        "abs_cosine": 0.009625818580389023,
        "r_squared": 9.265638334256254e-05
      },
      "12": {
        "cosine": -0.008494092151522636,
        "abs_cosine": 0.008494092151522636,
        "r_squared": 7.214960147855845e-05
      },
      "13": {
        "cosine": -0.007637210190296173,
        "abs_cosine": 0.007637210190296173,
        "r_squared": 5.832697949076371e-05
      },
      "14": {
        "cosine": 0.018216270953416824,
        "abs_cosine": 0.018216270953416824,
        "r_squared": 0.0003318325274482975
      },
      "15": {
        "cosine": 0.0408715158700943,
        "abs_cosine": 0.0408715158700943,
        "r_squared": 0.0016704808095193702
      },
      "16": {
        "cosine": 0.022143475711345673,
        "abs_cosine": 0.022143475711345673,
        "r_squared": 0.0004903335165789557
      },
      "17": {
        "cosine": 0.027051080018281937,
        "abs_cosine": 0.027051080018281937,
        "r_squared": 0.0007317609301554923
      },
      "18": {
        "cosine": 0.033056024461984634,
        "abs_cosine": 0.033056024461984634,
        "r_squared": 0.0010927007532313265
      },
      "19": {
        "cosine": 0.017144329845905304,
        "abs_cosine": 0.017144329845905304,
        "r_squared": 0.0002939280458651994
      },
      "20": {
        "cosine": 0.03599592670798302,
        "abs_cosine": 0.03599592670798302,
        "r_squared": 0.001295706739566485
      },
      "21": {
        "cosine": 0.04933525621891022,
        "abs_cosine": 0.04933525621891022,
        "r_squared": 0.0024339675061855193
      },
      "22": {
        "cosine": 0.028107985854148865,
        "abs_cosine": 0.028107985854148865,
        "r_squared": 0.0007900588687770327
      },
      "23": {
        "cosine": 0.02222375199198723,
        "abs_cosine": 0.02222375199198723,
        "r_squared": 0.0004938951526013563
      },
      "24": {
        "cosine": 0.011923868209123611,
        "abs_cosine": 0.011923868209123611,
        "r_squared": 0.00014217863306854872
      },
      "25": {
        "cosine": 0.01969296857714653,
        "abs_cosine": 0.01969296857714653,
        "r_squared": 0.00038781301138048063
      },
      "26": {
        "cosine": 0.022537190467119217,
        "abs_cosine": 0.022537190467119217,
        "r_squared": 0.0005079249541512093
      },
      "27": {
        "cosine": 0.04626110941171646,
        "abs_cosine": 0.04626110941171646,
        "r_squared": 0.0021400902440028013
      },
      "28": {
        "cosine": 0.02172958478331566,
        "abs_cosine": 0.02172958478331566,
        "r_squared": 0.0004721748548553034
      },
      "29": {
        "cosine": 0.010060474276542664,
        "abs_cosine": 0.010060474276542664,
        "r_squared": 0.00010121314266897663
      },
      "30": {
        "cosine": 0.0016336727421730757,
        "abs_cosine": 0.0016336727421730757,
        "r_squared": 2.6688866285192966e-06
      },
      "31": {
        "cosine": 0.04013285040855408,
        "abs_cosine": 0.04013285040855408,
        "r_squared": 0.0016106456819153792
      },
      "32": {
        "cosine": 0.013101971708238125,
        "abs_cosine": 0.013101971708238125,
        "r_squared": 0.00017166166264347225
      },
      "33": {
        "cosine": 0.02654292993247509,
        "abs_cosine": 0.02654292993247509,
        "r_squared": 0.0007045271294002821
      },
      "34": {
        "cosine": -0.002183059696108103,
        "abs_cosine": 0.002183059696108103,
        "r_squared": 4.765749636771602e-06
      },
      "35": {
        "cosine": 0.005258196033537388,
        "abs_cosine": 0.005258196033537388,
        "r_squared": 2.764862552710832e-05
      },
      "36": {
        "cosine": -0.026364687830209732,
        "abs_cosine": 0.026364687830209732,
        "r_squared": 0.0006950967643844091
      },
      "37": {
        "cosine": -0.008091755211353302,
        "abs_cosine": 0.008091755211353302,
        "r_squared": 6.547650240046332e-05
      },
      "38": {
        "cosine": -0.0033279836643487215,
        "abs_cosine": 0.0033279836643487215,
        "r_squared": 1.1075475270171944e-05
      },
      "39": {
        "cosine": 0.0023297735024243593,
        "abs_cosine": 0.0023297735024243593,
        "r_squared": 5.427844572598666e-06
      },
      "40": {
        "cosine": 0.007759453263133764,
        "abs_cosine": 0.007759453263133764,
        "r_squared": 6.020911494275722e-05
      }
    }
  },
  "control_profile": {
    "probe_type": "control",
    "n_layers": 35,
    "overall_mean_r2": 0.0023548962774804583,
    "overall_mean_abs_cos": 0.036972991270678386,
    "peak_layer": 6,
    "peak_cosine": 0.13208697736263275,
    "peak_abs_cosine": 0.13208697736263275,
    "peak_r2": 0.017446969588796657,
    "onset_layer": 6,
    "band_stats": {
      "early": {
        "mean_cos": 0.08301125988364219,
        "mean_abs_cos": 0.08301125988364219,
        "mean_r2": 0.007751558196849276,
        "max_r2": 0.017446969588796657,
        "r2_fraction": 0.4702395885892443,
        "n_layers": 5
      },
      "middle": {
        "mean_cos": 0.042903269004697604,
        "mean_abs_cos": 0.042903269004697604,
        "mean_r2": 0.002494402767747542,
        "max_r2": 0.009111402097110366,
        "r2_fraction": 0.45396044311126166,
        "n_layers": 15
      },
      "late": {
        "mean_cos": 0.010527937874818842,
        "mean_abs_cos": 0.015696623999004563,
        "mean_r2": 0.0004165024807571023,
        "max_r2": 0.0014863107908844597,
        "r2_fraction": 0.07579996829949404,
        "n_layers": 15
      }
    },
    "normalized_entropy": 0.7637163368209956,
    "near_peak_layers": [
      6
    ],