{
  "0_baseline": {
    "dim_id": 0,
    "reading_mean_r2": 0.0002393358038125546,
    "control_mean_r2": 0.00017755361889253048,
    "reading_boot_ci95": [
      0.0001954842048847923,
      0.00028979181555412306
    ],
    "control_boot_ci95": [
      0.00013679121937258914,
      0.0002456210967312064
    ]
  },
  "1_phenomenology": {
    "dim_id": 1,
    "reading_mean_r2": 0.00019683913221233229,
    "control_mean_r2": 0.00032978183857732864,
    "reading_boot_ci95": [
      0.00016905639622143387,
      0.00022819151964231427
    ],
    "control_boot_ci95": [
      0.00025489901517745467,
      0.00039951131543958614
    ]
  },
  "2_emotions": {
    "dim_id": 2,
    "reading_mean_r2": 0.000151137772171021,
    "control_mean_r2": 0.0002892500419660852,
    "reading_boot_ci95": [
      0.00013619830735621836,
      0.00017346052206561023
    ],
    "control_boot_ci95": [
      0.00024228817647347896,
      0.0003312627124362939
    ]
  },
  "3_agency": {
    "dim_id": 3,
    "reading_mean_r2": 0.00017712656249677913,
    "control_mean_r2": 0.0004253883131345381,
    "reading_boot_ci95": [
      0.0001496797301658264,
      0.00022053387837281895
    ],
    "control_boot_ci95": [
      0.0003269740452597524,
      0.0004981567315270421
    ]
  },
  "4_intentions": {
    "dim_id": 4,
    "reading_mean_r2": 0.0001936325695440555,
    "control_mean_r2": 0.00045356970317722627,
    "reading_boot_ci95": [
      0.0001723000625035787,
      0.0002190273806743912
    ],
    "control_boot_ci95": [
      0.0003712716871738433,
      0.0005078360431743079
    ]
  },
  "5_prediction": {
    "dim_id": 5,
    "reading_mean_r2": 0.0002266587449681418,
    "control_mean_r2": 0.0003541410721233198,
    "reading_boot_ci95": [
      0.00019741627122475642,
      0.0002593044317020843
    ],
    "control_boot_ci95": [
      0.00026748107803980245,
      0.0004269600444033677
    ]
  },
  "6_cognitive": {
    "dim_id": 6,
    "reading_mean_r2": 0.0002224897691334235,
    "control_mean_r2": 0.00033716678042976234,
    "reading_boot_ci95": [
      0.00019206749431716812,
      0.0002486590605209597
    ],
    "control_boot_ci95": [
      0.0002690820687525214,
      0.0004107044256124977
    ]
  },
  "7_social": {
    "dim_id": 7,
    "reading_mean_r2": 0.000211033757224827,
    "control_mean_r2": 0.00035363492969088376,
    "reading_boot_ci95": [
      0.00018222510609893663,
      0.0002523962753139771
    ],
    "control_boot_ci95": [
      0.00026743261324614593,
      0.0004221095452330889
    ]
  },
  "8_embodiment": {
    "dim_id": 8,
    "reading_mean_r2": 0.00023784841138153352,
    "control_mean_r2": 0.00033786804764214816,
    "reading_boot_ci95": [
      0.00020332364303883715,
      0.00027132140056346894
    ],
    "control_boot_ci95": [
      0.0002610115474781946,
      0.0004042882825284832
    ]
  },
  "9_roles": {
    "dim_id": 9,
    "reading_mean_r2": 0.00019389013956658065,
    "control_mean_r2": 0.0002639576225305491,
    "reading_boot_ci95": [
      0.000168625786142231,
      0.00021874739941602913
    ],
    "control_boot_ci95": [
      0.00019881312704840003,
      0.0003599062380787879
    ]
  },
  "10_animacy": {
    "dim_id": 10,
    "reading_mean_r2": 0.00024354485501279727,
    "control_mean_r2": 0.00017361499933607314,
    "reading_boot_ci95": [
      0.00021102226758432617,
      0.00027073940024295237
    ],
    "control_boot_ci95": [
      0.00014263634645039511,
      0.00022030756323049977
    ]
  },
  "11_formality": {
    "dim_id": 11,
    "reading_mean_r2": 0.0002699307685032074,
    "control_mean_r2": 0.00020698802438239318,
    "reading_boot_ci95": [
      0.00019588267747243528,
      0.0003261304242101807
    ],
    "control_boot_ci95": [
      0.00013191541168643576,
      0.00029451384770512424
    ]
  },
  "12_expertise": {
    "dim_id": 12,
    "reading_mean_r2": 0.00021034067468663305,
    "control_mean_r2": 0.0002560911625602966,
    "reading_boot_ci95": [
      0.00019014983599953766,
      0.00023597027721763367
    ],
    "control_boot_ci95": [
      0.00022293422613292555,
      0.00028899886456721383
    ]
  },
  "13_helpfulness": {
    "dim_id": 13,
    "reading_mean_r2": 0.0002702595397529689,
    "control_mean_r2": 0.00017506013384426485,
    "reading_boot_ci95": [
      0.00018506959277672771,
      0.0002965957919143566
    ],
    "control_boot_ci95": [
      0.00013236948738030565,
      0.0003078044640794099
    ]
  },
  "14_biological": {
    "dim_id": 14,
    "reading_mean_r2": 0.00025252698118082825,
    "control_mean_r2": 0.0002424554175965368,
    "reading_boot_ci95": [
      0.00022613483345771117,
      0.00027625384375242384
    ],
    "control_boot_ci95": [
      0.00020509400483324677,
      0.0002852130174402127
    ]
  },
  "15_shapes": {
    "dim_id": 15,
    "reading_mean_r2": 0.0002362284883368236,
    "control_mean_r2": 0.0002293277908025943,
    "reading_boot_ci95": [
      0.00017288125394034442,
      0.00028386972107885463
    ],
    "control_boot_ci95": [
      0.0001401345732170469,
      0.0003285890870340332
    ]
  },
  "16_mind": {
    "dim_id": 16,
    "reading_mean_r2": 0.0001961590036149872,
    "control_mean_r2": 0.00036317780200630827,
    "reading_boot_ci95": [
      0.00018607149152201065,
      0.00020818979056850176
    ],
    "control_boot_ci95": [
      0.0003320521942068289,
      0.00039602689189974536
    ]
  },
  "17_attention": {
    "dim_id": 17,
    "reading_mean_r2": 0.00023786544256746347,
    "control_mean_r2": 0.00030438434211037436,
    "reading_boot_ci95": [
      0.00020594513966231033,
      0.00026388695063906477
    ],
    "control_boot_ci95": [
      0.00024190663198817453,
      0.00035713067526260705
    ]
  },
  "18_sysprompt_labeled": {
    "dim_id": 18,
    "reading_mean_r2": 0.00018916373538315916,
    "control_mean_r2": 0.0001703111746701641,
    "reading_boot_ci95": [
      0.0001691141509804421,
      0.00021258192655640226
    ],
    "control_boot_ci95": [
      0.0001437422729696905,
      0.00019562999933983306
    ]
  }
}