{
  "0": {
    "mean": 1.0,
    "std": 0.0
  },
  "1": {
    "mean": 0.9999102163314819,
    "std": 3.594880984650147e-05
  },
  "2": {
    "mean": 0.9998072689771652,
    "std": 9.828682285337116e-05
  },
  "3": {
    "mean": 0.9997814297676086,
    "std": 6.99165770863627e-05
  },
  "4": {
    "mean": 0.9997583252191543,
    "std": 6.967478349353678e-05
  },
  "5": {
    "mean": 0.9996957153081893,
    "std": 8.419501157246094e-05
  },
  "6": {
    "mean": 0.9996344780921936,
    "std": 0.00010058261264493197
  },
  "7": {
    "mean": 0.999559445977211,
    "std": 7.85977130763615e-05
  },
  "8": {
    "mean": 0.9993769741058349,
    "std": 0.00014800545380146588
  },
  "9": {
    "mean": 0.9994376307725906,
    "std": 0.0001284423463703147
  },
  "10": {
    "mean": 0.9994549292325974,
    "std": 0.0001167188478239389
  },
  "11": {
    "mean": 0.9984962159395218,
    "std": 0.00048084364546245904
  },
  "12": {
    "mean": 0.9982066076993942,
    "std": 0.0008362743759496791
  },
  "13": {
    "mean": 0.9980244481563568,
    "std": 0.0013264899000152157
  },
  "14": {
    "mean": 0.9970769423246384,
    "std": 0.002102358330299378
  },
  "15": {
    "mean": 0.9969308829307556,
    "std": 0.0020338405107305905
  },
  "16": {
    "mean": 0.9957709389925004,
    "std": 0.0030796742118935354
  },
  "17": {
    "mean": 0.9964375877380371,
    "std": 0.00267295428565802
  },
  "18": {
    "mean": 0.9962646794319153,
    "std": 0.0033132777937002968
  },
  "19": {
    "mean": 0.9956810539960861,
    "std": 0.004072597926655103
  },
  "20": {
    "mean": 0.9955503934621811,
    "std": 0.003640874144674216
  },
  "21": {
    "mean": 0.9957763636112213,
    "std": 0.0030945685486467142
  },
  "22": {
    "mean": 0.996059217453003,
    "std": 0.003233342406369474
  },
  "23": {
    "mean": 0.9952886712551117,
    "std": 0.003071829681796199
  },
  "24": {
    "mean": 0.995343331694603,
    "std": 0.0032533491252221473
  },
  "25": {
    "mean": 0.9944811451435089,
    "std": 0.004568361887755352
  },
  "26": {
    "mean": 0.9943361759185791,
    "std": 0.0039229387775293195
  },
  "27": {
    "mean": 0.9943304407596588,
    "std": 0.003802626745876904
  },
  "28": {
    "mean": 0.9948142725229263,
    "std": 0.0038737747340197746
  },
  "29": {
    "mean": 0.9937202841043472,
    "std": 0.004240421986752028
  },
  "30": {
    "mean": 0.9934442049264908,
    "std": 0.004922554890060496
  },
  "31": {
    "mean": 0.9939509803056716,
    "std": 0.005050924015922094
  },
  "32": {
    "mean": 0.9928603309392929,
    "std": 0.005608937696477866
  },
  "33": {
    "mean": 0.9930052393674851,
    "std": 0.004916729938593972
  },
  "34": {
    "mean": 0.992842088341713,
    "std": 0.004866506480703089
  },
  "35": {
    "mean": 0.9916314595937729,
    "std": 0.005815549296884321
  },
  "36": {
    "mean": 0.9919576925039292,
    "std": 0.005797584983900364
  },
  "37": {
    "mean": 0.9909172618389129,
    "std": 0.007199513278984734
  },
  "38": {
    "mean": 0.9933834749460221,
    "std": 0.004663952408142441
  },
  "39": {
    "mean": 0.9926765328645706,
    "std": 0.0041163841957249266
  },
  "40": {
    "mean": 0.9946667683124543,
    "std": 0.003769896080401928
  }
}