{
  "0_baseline": {
    "dim_id": 0,
    "entity_overlap": 0.9756097590051046,
    "reading_mean_r2": 0.00043672777756847514,
    "control_mean_r2": 0.0008254565966466458,
    "reading_boot_ci95": [
      0.00014416492240956798,
      0.0006320252934905018
    ],
    "control_boot_ci95": [
      0.0001702449088729283,
      0.0008399676988178818
    ]
  },
  "1_phenomenology": {
    "dim_id": 1,
    "entity_overlap": 0.5669274381021174,
    "reading_mean_r2": 0.0002870950681931436,
    "control_mean_r2": 0.0005927425364008165,
    "reading_boot_ci95": [
      0.00018461707587856925,
      0.0004906417826518127
    ],
    "control_boot_ci95": [
      0.0003683204941681053,
      0.0008600329470541952
    ]
  },
  "2_emotions": {
    "dim_id": 2,
    "entity_overlap": 0.49406216984115,
    "reading_mean_r2": 0.00027928101749378337,
    "control_mean_r2": 0.00042070631954334526,
    "reading_boot_ci95": [
      0.00020703976439657195,
      0.00039131786485924327
    ],
    "control_boot_ci95": [
      0.0003041869923209054,
      0.0004961594508445139
    ]
  },
  "3_agency": {
    "dim_id": 3,
    "entity_overlap": 0.5390474730875434,
    "reading_mean_r2": 0.00027736556487512705,
    "control_mean_r2": 0.00047217455184370475,
    "reading_boot_ci95": [
      0.00018801165926974733,
      0.0004890232327978572
    ],
    "control_boot_ci95": [
      0.00033572680107213083,
      0.0006622546727509288
    ]
  },
  "4_intentions": {
    "dim_id": 4,
    "entity_overlap": 0.4166012366370457,
    "reading_mean_r2": 0.00034268583839021876,
    "control_mean_r2": 0.0003954725829200508,
    "reading_boot_ci95": [
      0.00023953023050111898,
      0.0005175732839513328
    ],
    "control_boot_ci95": [
      0.0002821995019601026,
      0.0005616669785648916
    ]
  },
  "5_prediction": {
    "dim_id": 5,
    "entity_overlap": 0.5677882560142656,
    "reading_mean_r2": 0.0003823586941004668,
    "control_mean_r2": 0.00033933964364905113,
    "reading_boot_ci95": [
      0.00024152111999160847,
      0.0006208863648189492
    ],
    "control_boot_ci95": [
      0.00021568056538276098,
      0.000580846924347795
    ]
  },
  "6_cognitive": {
    "dim_id": 6,
    "entity_overlap": 0.2395757762033765,
    "reading_mean_r2": 0.0005287823017526002,
    "control_mean_r2": 0.0005268717238671081,
    "reading_boot_ci95": [
      0.00030443023847327044,
      0.0006912562104487516
    ],
    "control_boot_ci95": [
      0.00032972349856433253,
      0.0006897394578414805
    ]
  },
  "7_social": {
    "dim_id": 7,
    "entity_overlap": 0.5568320940180522,
    "reading_mean_r2": 0.00022324199762472317,
    "control_mean_r2": 0.00035251180750723107,
    "reading_boot_ci95": [
      0.00015478625803267194,
      0.0003841026967974382
    ],
    "control_boot_ci95": [
      0.0002717670138355258,
      0.000583869886020928
    ]
  },
  "8_embodiment": {
    "dim_id": 8,
    "entity_overlap": 0.6324034182400238,
    "reading_mean_r2": 0.0002479813837059766,
    "control_mean_r2": 0.00030025653461934363,
    "reading_boot_ci95": [
      0.00018355334217909228,
      0.0004122730035774531
    ],
    "control_boot_ci95": [
      0.00018342390807862845,
      0.0004596050617802638
    ]
  },
  "9_roles": {
    "dim_id": 9,
    "entity_overlap": 0.683411560407499,
    "reading_mean_r2": 0.00014722880497526205,
    "control_mean_r2": 0.00025023236110400485,
    "reading_boot_ci95": [
      0.00012162487788188452,
      0.0003440434077604881
    ],
    "control_boot_ci95": [
      0.000176164693696615,
      0.000405706196278125
    ]
  },
  "10_animacy": {
    "dim_id": 10,
    "entity_overlap": 0.7429141413147856,
    "reading_mean_r2": 0.0004436639889540948,
    "control_mean_r2": 0.000287148030550504,
    "reading_boot_ci95": [
      0.00024312246222803386,
      0.0005226284743505808
    ],
    "control_boot_ci95": [
      0.00016347283719070796,
      0.000368841825563717
    ]
  },
  "11_formality": {
    "dim_id": 11,
    "entity_overlap": 0.23351308903316173,
    "reading_mean_r2": 0.00034566993838149664,
    "control_mean_r2": 0.000218036373438935,
    "reading_boot_ci95": [
      0.00020500246476155755,
      0.0005007106149948133
    ],
    "control_boot_ci95": [
      0.00013171901158466363,
      0.0004073578347259224
    ]
  },
  "12_expertise": {
    "dim_id": 12,
    "entity_overlap": 0.17305628823616157,
    "reading_mean_r2": 0.0005703475970346944,
    "control_mean_r2": 0.0002971833698692109,
    "reading_boot_ci95": [
      0.0003436454458294015,
      0.0006977680608846644
    ],
    "control_boot_ci95": [
      0.00017722314527956714,
      0.000421215311501681
    ]
  },
  "13_helpfulness": {
    "dim_id": 13,
    "entity_overlap": 0.19644393165391394,
    "reading_mean_r2": 0.00040644147407515387,
    "control_mean_r2": 0.00029141549074803195,
    "reading_boot_ci95": [
      0.00018540294713210924,
      0.0005808069988029443
    ],
    "control_boot_ci95": [
      0.00015190972681785255,
      0.00046107862635955056
    ]
  },
  "14_biological": {
    "dim_id": 14,
    "entity_overlap": 0.5145828683928746,
    "reading_mean_r2": 0.0003273172737351222,
    "control_mean_r2": 0.0002696001594878083,
    "reading_boot_ci95": [
      0.000259541524668561,
      0.0004360385311859883
    ],
    "control_boot_ci95": [
      0.00018132648245761365,
      0.00040076578806318413
    ]
  },
  "15_shapes": {
    "dim_id": 15,
    "entity_overlap": 0.1273111758708227,
    "reading_mean_r2": 0.00035298466340167987,
    "control_mean_r2": 0.0003009036812306988,
    "reading_boot_ci95": [
      0.00019898025999726525,
      0.0004577157201754834
    ],
    "control_boot_ci95": [
      0.0001479436141820088,
      0.000443483013044171
    ]
  },
  "16_mind": {
    "dim_id": 16,
    "entity_overlap": 0.6316027059787657,
    "reading_mean_r2": 0.000266769324097822,
    "control_mean_r2": 0.0003720313442523459,
    "reading_boot_ci95": [
      0.00021883770713781647,
      0.00044070067529299403
    ],
    "control_boot_ci95": [
      0.0002911636245358085,
      0.0005485551968124514
    ]
  },
  "17_attention": {
    "dim_id": 17,
    "entity_overlap": 0.4182856680779922,
    "reading_mean_r2": 0.0005521796446338456,
    "control_mean_r2": 0.0006200675524008854,
    "reading_boot_ci95": [
      0.00037134900269852254,
      0.0007338625659558527
    ],
    "control_boot_ci95": [
      0.00041710714536784206,
      0.0007893581691914983
    ]
  },
  "18_sysprompt_labeled": {
    "dim_id": 18,
    "entity_overlap": 0.28293701388487,
    "reading_mean_r2": 0.00025709589067763705,
    "control_mean_r2": 0.00021907869591295776,
    "reading_boot_ci95": [
      0.00021836932079290013,
      0.00032620257976373777
    ],
    "control_boot_ci95": [
      0.00017628044541491826,
      0.00032658220435001473
    ]
  }
}